Fecha,Ambito,Clave,Producto,Promedio,Estaciones
2026-08-19,estado,Aguascalientes,Diesel,27.3191,141
2026-08-19,estado,Aguascalientes,Premium,28.4763,194
2026-08-19,estado,Aguascalientes,Regular,23.5248,221
2026-08-19,estado,Baja California,Diesel,27.2272,428
2026-08-19,estado,Baja California,Premium,28.4561,561
2026-08-19,estado,Baja California,Regular,23.4982,628
2026-08-19,estado,Baja California Sur,Diesel,27.2959,133
2026-08-19,estado,Baja California Sur,Premium,28.5623,183
2026-08-19,estado,Baja California Sur,Regular,23.5313,198
2026-08-19,estado,Campeche,Diesel,27.2838,98
2026-08-19,estado,Campeche,Premium,28.4458,125
2026-08-19,estado,Campeche,Regular,23.5367,139
2026-08-19,estado,Chiapas,Diesel,27.2504,244
2026-08-19,estado,Chiapas,Premium,28.5096,336
2026-08-19,estado,Chiapas,Regular,23.5098,377
2026-08-19,estado,Chihuahua,Diesel,27.2497,438
2026-08-19,estado,Chihuahua,Premium,28.4901,595
2026-08-19,estado,Chihuahua,Regular,23.4896,648
2026-08-19,estado,Ciudad de México,Diesel,27.2652,282
2026-08-19,estado,Ciudad de México,Premium,28.4821,373
2026-08-19,estado,Ciudad de México,Regular,23.4850,409
2026-08-19,estado,Coahuila,Diesel,27.2330,340
2026-08-19,estado,Coahuila,Premium,28.4720,468
2026-08-19,estado,Coahuila,Regular,23.4828,521
2026-08-19,estado,Colima,Diesel,27.1805,97
2026-08-19,estado,Colima,Premium,28.4946,117
2026-08-19,estado,Colima,Regular,23.5793,136
2026-08-19,estado,Durango,Diesel,27.2436,168
2026-08-19,estado,Durango,Premium,28.4476,213
2026-08-19,estado,Durango,Regular,23.4702,243
2026-08-19,estado,Guanajuato,Diesel,27.2628,505
2026-08-19,estado,Guanajuato,Premium,28.5086,702
2026-08-19,estado,Guanajuato,Regular,23.5059,778
2026-08-19,estado,Guerrero,Diesel,27.2691,174
2026-08-19,estado,Guerrero,Premium,28.5239,248
2026-08-19,estado,Guerrero,Regular,23.4713,277
2026-08-19,estado,Hidalgo,Diesel,27.2507,231
2026-08-19,estado,Hidalgo,Premium,28.5095,295
2026-08-19,estado,Hidalgo,Regular,23.4890,337
2026-08-19,estado,Jalisco,Diesel,27.2479,716
2026-08-19,estado,Jalisco,Premium,28.5312,958
2026-08-19,estado,Jalisco,Regular,23.5077,1060
2026-08-19,estado,Michoacán,Diesel,27.2551,380
2026-08-19,estado,Michoacán,Premium,28.5040,535
2026-08-19,estado,Michoacán,Regular,23.5124,605
2026-08-19,estado,Morelos,Diesel,27.1458,132
2026-08-19,estado,Morelos,Premium,28.4936,181
2026-08-19,estado,Morelos,Regular,23.5203,200
2026-08-19,estado,México,Diesel,27.2514,948
2026-08-19,estado,México,Premium,28.5027,1245
2026-08-19,estado,México,Regular,23.5023,1384
2026-08-19,estado,Nayarit,Diesel,27.2279,116
2026-08-19,estado,Nayarit,Premium,28.5167,158
2026-08-19,estado,Nayarit,Regular,23.4739,175
2026-08-19,estado,Nuevo León,Diesel,27.2328,539
2026-08-19,estado,Nuevo León,Premium,28.4936,741
2026-08-19,estado,Nuevo León,Regular,23.4886,817
2026-08-19,estado,Oaxaca,Diesel,27.1816,203
2026-08-19,estado,Oaxaca,Premium,28.5130,290
2026-08-19,estado,Oaxaca,Regular,23.4927,318
2026-08-19,estado,Puebla,Diesel,27.2969,419
2026-08-19,estado,Puebla,Premium,28.4941,607
2026-08-19,estado,Puebla,Regular,23.5158,675
2026-08-19,estado,Querétaro,Diesel,27.2439,258
2026-08-19,estado,Querétaro,Premium,28.4784,363
2026-08-19,estado,Querétaro,Regular,23.4908,401
2026-08-19,estado,Quintana Roo,Diesel,27.2457,189
2026-08-19,estado,Quintana Roo,Premium,28.4723,256
2026-08-19,estado,Quintana Roo,Regular,23.4754,283
2026-08-19,estado,San Luis Potosí,Diesel,27.2865,221
2026-08-19,estado,San Luis Potosí,Premium,28.4843,292
2026-08-19,estado,San Luis Potosí,Regular,23.4968,327
2026-08-19,estado,Sinaloa,Diesel,27.3239,415
2026-08-19,estado,Sinaloa,Premium,28.4777,532
2026-08-19,estado,Sinaloa,Regular,23.5248,582
2026-08-19,estado,Sonora,Diesel,27.2591,413
2026-08-19,estado,Sonora,Premium,28.5306,538
2026-08-19,estado,Sonora,Regular,23.5128,587
2026-08-19,estado,Tabasco,Diesel,27.2402,160
2026-08-19,estado,Tabasco,Premium,28.4939,240
2026-08-19,estado,Tabasco,Regular,23.5168,264
2026-08-19,estado,Tamaulipas,Diesel,27.2409,449
2026-08-19,estado,Tamaulipas,Premium,28.5365,614
2026-08-19,estado,Tamaulipas,Regular,23.5299,686
2026-08-19,estado,Tlaxcala,Diesel,27.2029,110
2026-08-19,estado,Tlaxcala,Premium,28.5616,142
2026-08-19,estado,Tlaxcala,Regular,23.5301,154
2026-08-19,estado,Veracruz,Diesel,27.2704,597
2026-08-19,estado,Veracruz,Premium,28.5091,804
2026-08-19,estado,Veracruz,Regular,23.4717,893
2026-08-19,estado,Yucatán,Diesel,27.2197,249
2026-08-19,estado,Yucatán,Premium,28.5086,322
2026-08-19,estado,Yucatán,Regular,23.5191,367
2026-08-19,estado,Zacatecas,Diesel,27.2922,162
2026-08-19,estado,Zacatecas,Premium,28.4683,218
2026-08-19,estado,Zacatecas,Regular,23.4788,246
2026-08-19,nacional,MX,Diesel,27.2537,10022
2026-08-19,nacional,MX,Premium,28.5002,13530
2026-08-19,nacional,MX,Regular,23.5020,15034
2026-08-19,region,Centro,Diesel,27.2521,2380
2026-08-19,region,Centro,Premium,28.4987,3206
2026-08-19,region,Centro,Regular,23.5025,3560
2026-08-19,region,Golfo,Diesel,27.2640,757
2026-08-19,region,Golfo,Premium,28.5056,1044
2026-08-19,region,Golfo,Regular,23.4820,1157
2026-08-19,region,Noreste,Diesel,27.2428,1549
2026-08-19,region,Noreste,Premium,28.5000,2115
2026-08-19,region,Noreste,Regular,23.5005,2351
2026-08-19,region,Noroeste,Diesel,27.2687,1505
2026-08-19,region,Noroeste,Premium,28.4970,1972
2026-08-19,region,Noroeste,Regular,23.5103,2170
2026-08-19,region,Norte,Diesel,27.2480,606
2026-08-19,region,Norte,Premium,28.4789,808
2026-08-19,region,Norte,Regular,23.4843,891
2026-08-19,region,Occidente,Diesel,27.2583,2001
2026-08-19,region,Occidente,Premium,28.5095,2724
2026-08-19,region,Occidente,Regular,23.5103,3046
2026-08-19,region,Sur,Diesel,27.2331,621
2026-08-19,region,Sur,Premium,28.5148,874
2026-08-19,region,Sur,Regular,23.4932,972
2026-08-19,region,Sureste,Diesel,27.2406,536
2026-08-19,region,Sureste,Premium,28.4842,703
2026-08-19,region,Sureste,Regular,23.5065,789
2026-08-20,estado,Aguascalientes,Diesel,27.0104,158
2026-08-20,estado,Aguascalientes,Premium,29.0936,202
2026-08-20,estado,Aguascalientes,Regular,23.9245,205
2026-08-20,estado,Baja California,Diesel,26.2027,368
2026-08-20,estado,Baja California,Premium,28.1863,574
2026-08-20,estado,Baja California,Regular,22.8595,601
2026-08-20,estado,Baja California Sur,Diesel,27.6772,137
2026-08-20,estado,Baja California Sur,Premium,29.6305,170
2026-08-20,estado,Baja California Sur,Regular,24.3938,182
2026-08-20,estado,Campeche,Diesel,27.0458,118
2026-08-20,estado,Campeche,Premium,28.5597,116
2026-08-20,estado,Campeche,Regular,24.0292,126
2026-08-20,estado,Chiapas,Diesel,26.7745,304
2026-08-20,estado,Chiapas,Premium,28.2852,340
2026-08-20,estado,Chiapas,Regular,23.7818,352
2026-08-20,estado,Chihuahua,Diesel,26.8149,396
2026-08-20,estado,Chihuahua,Premium,26.9084,477
2026-08-20,estado,Chihuahua,Regular,22.4469,598
2026-08-20,estado,Ciudad de México,Diesel,26.9781,167
2026-08-20,estado,Ciudad de México,Premium,28.6582,351
2026-08-20,estado,Ciudad de México,Regular,23.7817,353
2026-08-20,estado,Coahuila,Diesel,27.0584,290
2026-08-20,estado,Coahuila,Premium,28.6830,470
2026-08-20,estado,Coahuila,Regular,23.8283,486
2026-08-20,estado,Colima,Diesel,26.9964,107
2026-08-20,estado,Colima,Premium,28.8391,126
2026-08-20,estado,Colima,Regular,23.8478,130
2026-08-20,estado,Durango,Diesel,27.2645,188
2026-08-20,estado,Durango,Premium,29.1815,196
2026-08-20,estado,Durango,Regular,24.1538,222
2026-08-20,estado,Guanajuato,Diesel,27.0607,609
2026-08-20,estado,Guanajuato,Premium,29.0864,696
2026-08-20,estado,Guanajuato,Regular,23.8593,724
2026-08-20,estado,Guerrero,Diesel,27.0813,201
2026-08-20,estado,Guerrero,Premium,28.8922,253
2026-08-20,estado,Guerrero,Regular,23.8828,252
2026-08-20,estado,Hidalgo,Diesel,26.9877,271
2026-08-20,estado,Hidalgo,Premium,28.0490,286
2026-08-20,estado,Hidalgo,Regular,23.6750,310
2026-08-20,estado,Jalisco,Diesel,27.1267,775
2026-08-20,estado,Jalisco,Premium,29.2826,938
2026-08-20,estado,Jalisco,Regular,23.9745,976
2026-08-20,estado,Michoacán,Diesel,27.0303,509
2026-08-20,estado,Michoacán,Premium,28.9319,539
2026-08-20,estado,Michoacán,Regular,23.9404,556
2026-08-20,estado,Morelos,Diesel,26.9805,158
2026-08-20,estado,Morelos,Premium,28.2879,188
2026-08-20,estado,Morelos,Regular,23.8059,189
2026-08-20,estado,México,Diesel,26.9799,1016
2026-08-20,estado,México,Premium,28.3658,1255
2026-08-20,estado,México,Regular,23.6910,1276
2026-08-20,estado,Nayarit,Diesel,27.3135,138
2026-08-20,estado,Nayarit,Premium,29.3371,148
2026-08-20,estado,Nayarit,Regular,23.9468,164
2026-08-20,estado,Nuevo León,Diesel,27.0236,369
2026-08-20,estado,Nuevo León,Premium,29.5342,710
2026-08-20,estado,Nuevo León,Regular,24.0921,732
2026-08-20,estado,Oaxaca,Diesel,27.4796,279
2026-08-20,estado,Oaxaca,Premium,29.1469,277
2026-08-20,estado,Oaxaca,Regular,24.0625,293
2026-08-20,estado,Puebla,Diesel,26.9943,533
2026-08-20,estado,Puebla,Premium,27.9993,595
2026-08-20,estado,Puebla,Regular,23.7203,627
2026-08-20,estado,Querétaro,Diesel,26.9015,314
2026-08-20,estado,Querétaro,Premium,28.4531,366
2026-08-20,estado,Querétaro,Regular,23.7097,369
2026-08-20,estado,Quintana Roo,Diesel,28.1067,211
2026-08-20,estado,Quintana Roo,Premium,28.8109,243
2026-08-20,estado,Quintana Roo,Regular,25.1106,258
2026-08-20,estado,San Luis Potosí,Diesel,27.1320,250
2026-08-20,estado,San Luis Potosí,Premium,28.4241,276
2026-08-20,estado,San Luis Potosí,Regular,23.9415,304
2026-08-20,estado,Sinaloa,Diesel,27.0338,442
2026-08-20,estado,Sinaloa,Premium,29.1863,528
2026-08-20,estado,Sinaloa,Regular,23.9173,556
2026-08-20,estado,Sonora,Diesel,26.9867,361
2026-08-20,estado,Sonora,Premium,28.5579,514
2026-08-20,estado,Sonora,Regular,23.2327,549
2026-08-20,estado,Tabasco,Diesel,26.9831,197
2026-08-20,estado,Tabasco,Premium,28.3066,240
2026-08-20,estado,Tabasco,Regular,23.8100,244
2026-08-20,estado,Tamaulipas,Diesel,26.5179,341
2026-08-20,estado,Tamaulipas,Premium,26.1737,514
2026-08-20,estado,Tamaulipas,Regular,21.9574,600
2026-08-20,estado,Tlaxcala,Diesel,26.8621,129
2026-08-20,estado,Tlaxcala,Premium,27.8247,128
2026-08-20,estado,Tlaxcala,Regular,23.5945,139
2026-08-20,estado,Veracruz,Diesel,26.9946,682
2026-08-20,estado,Veracruz,Premium,27.9955,753
2026-08-20,estado,Veracruz,Regular,23.8095,820
2026-08-20,estado,Yucatán,Diesel,27.1084,251
2026-08-20,estado,Yucatán,Premium,27.9068,323
2026-08-20,estado,Yucatán,Regular,24.1536,342
2026-08-20,estado,Zacatecas,Diesel,27.1095,215
2026-08-20,estado,Zacatecas,Premium,28.7971,189
2026-08-20,estado,Zacatecas,Regular,23.9993,229
2026-08-20,nacional,MX,Diesel,27.0148,10489
2026-08-20,nacional,MX,Premium,28.5063,12988
2026-08-20,nacional,MX,Regular,23.6847,13771
2026-08-20,region,Centro,Diesel,26.9682,2588
2026-08-20,region,Centro,Premium,28.2844,3169
2026-08-20,region,Centro,Regular,23.7096,3263
2026-08-20,region,Golfo,Diesel,26.9920,879
2026-08-20,region,Golfo,Premium,28.0707,993
2026-08-20,region,Golfo,Regular,23.8096,1064
2026-08-20,region,Noreste,Diesel,26.9154,1250
2026-08-20,region,Noreste,Premium,28.2988,1970
2026-08-20,region,Noreste,Regular,23.4065,2122
2026-08-20,region,Noroeste,Diesel,26.8982,1446
2026-08-20,region,Noroeste,Premium,28.7731,1934
2026-08-20,region,Noroeste,Regular,23.4689,2052
2026-08-20,region,Norte,Diesel,26.9596,584
2026-08-20,region,Norte,Premium,27.5704,673
2026-08-20,region,Norte,Regular,22.9090,820
2026-08-20,region,Occidente,Diesel,27.0739,2373
2026-08-20,region,Occidente,Premium,29.0925,2690
2026-08-20,region,Occidente,Regular,23.9307,2820
2026-08-20,region,Sur,Diesel,27.1041,784
2026-08-20,region,Sur,Premium,28.7361,870
2026-08-20,region,Sur,Regular,23.9018,897
2026-08-20,region,Sureste,Diesel,27.4588,580
2026-08-20,region,Sureste,Premium,28.3400,682
2026-08-20,region,Sureste,Regular,24.4721,726
2026-08-21,estado,Aguascalientes,Diesel,27.0104,158
2026-08-21,estado,Aguascalientes,Premium,29.0936,202
2026-08-21,estado,Aguascalientes,Regular,23.9236,205
2026-08-21,estado,Baja California,Diesel,26.2058,368
2026-08-21,estado,Baja California,Premium,28.1843,574
2026-08-21,estado,Baja California,Regular,22.8647,601
2026-08-21,estado,Baja California Sur,Diesel,27.6700,137
2026-08-21,estado,Baja California Sur,Premium,29.6305,170
2026-08-21,estado,Baja California Sur,Regular,24.3938,182
2026-08-21,estado,Campeche,Diesel,27.0582,118
2026-08-21,estado,Campeche,Premium,28.5597,116
2026-08-21,estado,Campeche,Regular,24.0324,126
2026-08-21,estado,Chiapas,Diesel,26.7741,304
2026-08-21,estado,Chiapas,Premium,28.2854,340
2026-08-21,estado,Chiapas,Regular,23.7814,352
2026-08-21,estado,Chihuahua,Diesel,26.8116,396
2026-08-21,estado,Chihuahua,Premium,26.9084,477
2026-08-21,estado,Chihuahua,Regular,22.4447,598
2026-08-21,estado,Ciudad de México,Diesel,26.9686,167
2026-08-21,estado,Ciudad de México,Premium,28.6561,351
2026-08-21,estado,Ciudad de México,Regular,23.7651,353
2026-08-21,estado,Coahuila,Diesel,27.0584,290
2026-08-21,estado,Coahuila,Premium,28.6830,470
2026-08-21,estado,Coahuila,Regular,23.8285,486
2026-08-21,estado,Colima,Diesel,26.9964,107
2026-08-21,estado,Colima,Premium,28.8472,126
2026-08-21,estado,Colima,Regular,23.8495,130
2026-08-21,estado,Durango,Diesel,27.2645,188
2026-08-21,estado,Durango,Premium,29.1815,196
2026-08-21,estado,Durango,Regular,24.1538,222
2026-08-21,estado,Guanajuato,Diesel,27.0570,610
2026-08-21,estado,Guanajuato,Premium,29.0859,696
2026-08-21,estado,Guanajuato,Regular,23.8575,725
2026-08-21,estado,Guerrero,Diesel,27.0813,201
2026-08-21,estado,Guerrero,Premium,28.8922,253
2026-08-21,estado,Guerrero,Regular,23.8828,252
2026-08-21,estado,Hidalgo,Diesel,26.9872,271
2026-08-21,estado,Hidalgo,Premium,28.0487,286
2026-08-21,estado,Hidalgo,Regular,23.6773,310
2026-08-21,estado,Jalisco,Diesel,27.1245,775
2026-08-21,estado,Jalisco,Premium,29.2826,938
2026-08-21,estado,Jalisco,Regular,23.9714,976
2026-08-21,estado,Michoacán,Diesel,27.0268,509
2026-08-21,estado,Michoacán,Premium,28.9319,539
2026-08-21,estado,Michoacán,Regular,23.9495,556
2026-08-21,estado,Morelos,Diesel,26.9805,158
2026-08-21,estado,Morelos,Premium,28.2879,188
2026-08-21,estado,Morelos,Regular,23.8059,189
2026-08-21,estado,México,Diesel,26.9797,1016
2026-08-21,estado,México,Premium,28.3640,1255
2026-08-21,estado,México,Regular,23.6931,1276
2026-08-21,estado,Nayarit,Diesel,27.2472,138
2026-08-21,estado,Nayarit,Premium,29.3371,148
2026-08-21,estado,Nayarit,Regular,23.9468,164
2026-08-21,estado,Nuevo León,Diesel,27.0236,369
2026-08-21,estado,Nuevo León,Premium,29.5349,710
2026-08-21,estado,Nuevo León,Regular,24.0912,732
2026-08-21,estado,Oaxaca,Diesel,27.4796,279
2026-08-21,estado,Oaxaca,Premium,29.1469,277
2026-08-21,estado,Oaxaca,Regular,24.0625,293
2026-08-21,estado,Puebla,Diesel,26.9940,533
2026-08-21,estado,Puebla,Premium,27.9988,595
2026-08-21,estado,Puebla,Regular,23.7211,627
2026-08-21,estado,Querétaro,Diesel,26.9002,314
2026-08-21,estado,Querétaro,Premium,28.4479,366
2026-08-21,estado,Querétaro,Regular,23.7130,369
2026-08-21,estado,Quintana Roo,Diesel,28.1043,211
2026-08-21,estado,Quintana Roo,Premium,28.8109,243
2026-08-21,estado,Quintana Roo,Regular,25.1106,258
2026-08-21,estado,San Luis Potosí,Diesel,27.1228,250
2026-08-21,estado,San Luis Potosí,Premium,28.4241,276
2026-08-21,estado,San Luis Potosí,Regular,23.9415,304
2026-08-21,estado,Sinaloa,Diesel,27.0338,442
2026-08-21,estado,Sinaloa,Premium,29.1847,528
2026-08-21,estado,Sinaloa,Regular,23.9162,556
2026-08-21,estado,Sonora,Diesel,26.9758,361
2026-08-21,estado,Sonora,Premium,28.5576,514
2026-08-21,estado,Sonora,Regular,23.2078,549
2026-08-21,estado,Tabasco,Diesel,26.9831,197
2026-08-21,estado,Tabasco,Premium,28.3058,240
2026-08-21,estado,Tabasco,Regular,23.8071,244
2026-08-21,estado,Tamaulipas,Diesel,26.5179,341
2026-08-21,estado,Tamaulipas,Premium,26.1761,514
2026-08-21,estado,Tamaulipas,Regular,21.9566,600
2026-08-21,estado,Tlaxcala,Diesel,26.7852,130
2026-08-21,estado,Tlaxcala,Premium,27.8252,128
2026-08-21,estado,Tlaxcala,Regular,23.5412,140
2026-08-21,estado,Veracruz,Diesel,26.9950,682
2026-08-21,estado,Veracruz,Premium,27.9936,753
2026-08-21,estado,Veracruz,Regular,23.8089,820
2026-08-21,estado,Yucatán,Diesel,27.1084,251
2026-08-21,estado,Yucatán,Premium,27.9068,323
2026-08-21,estado,Yucatán,Regular,24.1542,342
2026-08-21,estado,Zacatecas,Diesel,27.1095,215
2026-08-21,estado,Zacatecas,Premium,28.8009,189
2026-08-21,estado,Zacatecas,Regular,23.9993,229
2026-08-21,nacional,MX,Diesel,27.0116,10491
2026-08-21,nacional,MX,Premium,28.5059,12988
2026-08-21,nacional,MX,Regular,23.6831,13773
2026-08-21,region,Centro,Diesel,26.9634,2589
2026-08-21,region,Centro,Premium,28.2828,3169
2026-08-21,region,Centro,Regular,23.7070,3264
2026-08-21,region,Golfo,Diesel,26.9924,879
2026-08-21,region,Golfo,Premium,28.0691,993
2026-08-21,region,Golfo,Regular,23.8085,1064
2026-08-21,region,Noreste,Diesel,26.9135,1250
2026-08-21,region,Noreste,Premium,28.2997,1970
2026-08-21,region,Noreste,Regular,23.4060,2122
2026-08-21,region,Noroeste,Diesel,26.8892,1446
2026-08-21,region,Noroeste,Premium,28.7720,1934
2026-08-21,region,Noroeste,Regular,23.4635,2052
2026-08-21,region,Norte,Diesel,26.9574,584
2026-08-21,region,Norte,Premium,27.5704,673
2026-08-21,region,Norte,Regular,22.9074,820
2026-08-21,region,Occidente,Diesel,27.0715,2374
2026-08-21,region,Occidente,Premium,29.0930,2690
2026-08-21,region,Occidente,Regular,23.9310,2821
2026-08-21,region,Sur,Diesel,27.1040,784
2026-08-21,region,Sur,Premium,28.7361,870
2026-08-21,region,Sur,Regular,23.9017,897
2026-08-21,region,Sureste,Diesel,27.4605,580
2026-08-21,region,Sureste,Premium,28.3400,682
2026-08-21,region,Sureste,Regular,24.4729,726
2026-08-22,estado,Aguascalientes,Diesel,27.0072,158
2026-08-22,estado,Aguascalientes,Premium,29.1407,202
2026-08-22,estado,Aguascalientes,Regular,23.9235,205
2026-08-22,estado,Baja California,Diesel,26.2080,368
2026-08-22,estado,Baja California,Premium,28.1879,574
2026-08-22,estado,Baja California,Regular,22.8702,601
2026-08-22,estado,Baja California Sur,Diesel,27.6426,137
2026-08-22,estado,Baja California Sur,Premium,29.6369,170
2026-08-22,estado,Baja California Sur,Regular,24.3905,182
2026-08-22,estado,Campeche,Diesel,27.0582,118
2026-08-22,estado,Campeche,Premium,28.5597,116
2026-08-22,estado,Campeche,Regular,24.0324,126
2026-08-22,estado,Chiapas,Diesel,26.7741,304
2026-08-22,estado,Chiapas,Premium,28.2847,340
2026-08-22,estado,Chiapas,Regular,23.7772,352
2026-08-22,estado,Chihuahua,Diesel,26.8141,396
2026-08-22,estado,Chihuahua,Premium,26.9019,477
2026-08-22,estado,Chihuahua,Regular,22.4459,598
2026-08-22,estado,Ciudad de México,Diesel,26.9687,167
2026-08-22,estado,Ciudad de México,Premium,28.6562,351
2026-08-22,estado,Ciudad de México,Regular,23.7657,353
2026-08-22,estado,Coahuila,Diesel,27.0546,291
2026-08-22,estado,Coahuila,Premium,28.6715,472
2026-08-22,estado,Coahuila,Regular,23.8244,488
2026-08-22,estado,Colima,Diesel,27.0243,107
2026-08-22,estado,Colima,Premium,28.8764,126
2026-08-22,estado,Colima,Regular,23.8495,130
2026-08-22,estado,Durango,Diesel,27.2702,188
2026-08-22,estado,Durango,Premium,29.1858,196
2026-08-22,estado,Durango,Regular,24.1566,222
2026-08-22,estado,Guanajuato,Diesel,27.0476,610
2026-08-22,estado,Guanajuato,Premium,29.0857,696
2026-08-22,estado,Guanajuato,Regular,23.8560,725
2026-08-22,estado,Guerrero,Diesel,27.0813,201
2026-08-22,estado,Guerrero,Premium,28.8930,253
2026-08-22,estado,Guerrero,Regular,23.8827,252
2026-08-22,estado,Hidalgo,Diesel,26.9872,271
2026-08-22,estado,Hidalgo,Premium,28.0487,286
2026-08-22,estado,Hidalgo,Regular,23.6623,311
2026-08-22,estado,Jalisco,Diesel,27.1117,775
2026-08-22,estado,Jalisco,Premium,29.2937,938
2026-08-22,estado,Jalisco,Regular,23.9678,976
2026-08-22,estado,Michoacán,Diesel,27.0220,509
2026-08-22,estado,Michoacán,Premium,28.9237,539
2026-08-22,estado,Michoacán,Regular,23.9656,556
2026-08-22,estado,Morelos,Diesel,26.9805,159
2026-08-22,estado,Morelos,Premium,28.2863,189
2026-08-22,estado,Morelos,Regular,23.8098,190
2026-08-22,estado,México,Diesel,26.9800,1016
2026-08-22,estado,México,Premium,28.3654,1255
2026-08-22,estado,México,Regular,23.6942,1276
2026-08-22,estado,Nayarit,Diesel,27.1949,138
2026-08-22,estado,Nayarit,Premium,29.3797,148
2026-08-22,estado,Nayarit,Regular,23.9520,164
2026-08-22,estado,Nuevo León,Diesel,27.0256,369
2026-08-22,estado,Nuevo León,Premium,29.5350,710
2026-08-22,estado,Nuevo León,Regular,24.0911,732
2026-08-22,estado,Oaxaca,Diesel,27.4744,279
2026-08-22,estado,Oaxaca,Premium,29.1505,277
2026-08-22,estado,Oaxaca,Regular,24.0590,293
2026-08-22,estado,Puebla,Diesel,27.0009,533
2026-08-22,estado,Puebla,Premium,28.0020,595
2026-08-22,estado,Puebla,Regular,23.7183,627
2026-08-22,estado,Querétaro,Diesel,26.8830,315
2026-08-22,estado,Querétaro,Premium,28.4302,367
2026-08-22,estado,Querétaro,Regular,23.7128,370
2026-08-22,estado,Quintana Roo,Diesel,28.1043,211
2026-08-22,estado,Quintana Roo,Premium,28.8109,243
2026-08-22,estado,Quintana Roo,Regular,25.1098,258
2026-08-22,estado,San Luis Potosí,Diesel,27.1159,251
2026-08-22,estado,San Luis Potosí,Premium,28.4241,276
2026-08-22,estado,San Luis Potosí,Regular,23.9399,305
2026-08-22,estado,Sinaloa,Diesel,27.0474,442
2026-08-22,estado,Sinaloa,Premium,29.1938,528
2026-08-22,estado,Sinaloa,Regular,23.9307,556
2026-08-22,estado,Sonora,Diesel,26.9571,361
2026-08-22,estado,Sonora,Premium,28.5604,514
2026-08-22,estado,Sonora,Regular,23.2159,549
2026-08-22,estado,Tabasco,Diesel,26.9832,197
2026-08-22,estado,Tabasco,Premium,28.3040,240
2026-08-22,estado,Tabasco,Regular,23.8066,244
2026-08-22,estado,Tamaulipas,Diesel,26.5038,341
2026-08-22,estado,Tamaulipas,Premium,26.1813,514
2026-08-22,estado,Tamaulipas,Regular,21.9564,600
2026-08-22,estado,Tlaxcala,Diesel,26.7852,130
2026-08-22,estado,Tlaxcala,Premium,27.8212,128
2026-08-22,estado,Tlaxcala,Regular,23.5405,140
2026-08-22,estado,Veracruz,Diesel,26.9941,682
2026-08-22,estado,Veracruz,Premium,27.9945,752
2026-08-22,estado,Veracruz,Regular,23.8096,820
2026-08-22,estado,Yucatán,Diesel,27.1139,251
2026-08-22,estado,Yucatán,Premium,27.9215,323
2026-08-22,estado,Yucatán,Regular,24.1553,342
2026-08-22,estado,Zacatecas,Diesel,27.1208,215
2026-08-22,estado,Zacatecas,Premium,28.8031,189
2026-08-22,estado,Zacatecas,Regular,23.9993,229
2026-08-22,nacional,MX,Diesel,27.0086,10495
2026-08-22,nacional,MX,Premium,28.5085,12991
2026-08-22,nacional,MX,Regular,23.6841,13779
2026-08-22,region,Centro,Diesel,26.9628,2591
2026-08-22,region,Centro,Premium,28.2817,3171
2026-08-22,region,Centro,Regular,23.7058,3267
2026-08-22,region,Golfo,Diesel,26.9917,879
2026-08-22,region,Golfo,Premium,28.0694,992
2026-08-22,region,Golfo,Regular,23.8089,1064
2026-08-22,region,Noreste,Diesel,26.9083,1252
2026-08-22,region,Noreste,Premium,28.2987,1972
2026-08-22,region,Noreste,Regular,23.4054,2125
2026-08-22,region,Noroeste,Diesel,26.8817,1446
2026-08-22,region,Noroeste,Premium,28.7801,1934
2026-08-22,region,Noroeste,Regular,23.4713,2052
2026-08-22,region,Norte,Diesel,26.9610,584
2026-08-22,region,Norte,Premium,27.5670,673
2026-08-22,region,Norte,Regular,22.9090,820
2026-08-22,region,Occidente,Diesel,27.0659,2374
2026-08-22,region,Occidente,Premium,29.1003,2690
2026-08-22,region,Occidente,Regular,23.9325,2821
2026-08-22,region,Sur,Diesel,27.1021,784
2026-08-22,region,Sur,Premium,28.7373,870
2026-08-22,region,Sur,Regular,23.8989,897
2026-08-22,region,Sureste,Diesel,27.4629,580
2026-08-22,region,Sureste,Premium,28.3470,682
2026-08-22,region,Sureste,Regular,24.4732,726
2026-08-23,estado,Aguascalientes,Diesel,27.0073,158
2026-08-23,estado,Aguascalientes,Premium,29.1422,202
2026-08-23,estado,Aguascalientes,Regular,23.9236,205
2026-08-23,estado,Baja California,Diesel,26.2022,368
2026-08-23,estado,Baja California,Premium,28.1879,574
2026-08-23,estado,Baja California,Regular,22.8687,601
2026-08-23,estado,Baja California Sur,Diesel,27.6426,137
2026-08-23,estado,Baja California Sur,Premium,29.6434,170
2026-08-23,estado,Baja California Sur,Regular,24.3938,182
2026-08-23,estado,Campeche,Diesel,27.0582,118
2026-08-23,estado,Campeche,Premium,28.5597,116
2026-08-23,estado,Campeche,Regular,24.0324,126
2026-08-23,estado,Chiapas,Diesel,26.7740,304
2026-08-23,estado,Chiapas,Premium,28.2859,340
2026-08-23,estado,Chiapas,Regular,23.7755,352
2026-08-23,estado,Chihuahua,Diesel,26.8248,396
2026-08-23,estado,Chihuahua,Premium,26.9138,477
2026-08-23,estado,Chihuahua,Regular,22.4451,598
2026-08-23,estado,Ciudad de México,Diesel,26.9668,167
2026-08-23,estado,Ciudad de México,Premium,28.6607,351
2026-08-23,estado,Ciudad de México,Regular,23.7654,353
2026-08-23,estado,Coahuila,Diesel,27.0546,291
2026-08-23,estado,Coahuila,Premium,28.6609,472
2026-08-23,estado,Coahuila,Regular,23.8220,488
2026-08-23,estado,Colima,Diesel,27.0243,107
2026-08-23,estado,Colima,Premium,28.8883,126
2026-08-23,estado,Colima,Regular,23.8495,130
2026-08-23,estado,Durango,Diesel,27.2702,188
2026-08-23,estado,Durango,Premium,29.1901,196
2026-08-23,estado,Durango,Regular,24.1566,222
2026-08-23,estado,Guanajuato,Diesel,27.0485,610
2026-08-23,estado,Guanajuato,Premium,29.0908,696
2026-08-23,estado,Guanajuato,Regular,23.8566,725
2026-08-23,estado,Guerrero,Diesel,27.0809,201
2026-08-23,estado,Guerrero,Premium,28.8936,253
2026-08-23,estado,Guerrero,Regular,23.8831,252
2026-08-23,estado,Hidalgo,Diesel,26.9872,271
2026-08-23,estado,Hidalgo,Premium,28.0538,286
2026-08-23,estado,Hidalgo,Regular,23.6627,311
2026-08-23,estado,Jalisco,Diesel,27.1280,775
2026-08-23,estado,Jalisco,Premium,29.2963,938
2026-08-23,estado,Jalisco,Regular,23.9694,976
2026-08-23,estado,Michoacán,Diesel,27.0282,509
2026-08-23,estado,Michoacán,Premium,28.9338,539
2026-08-23,estado,Michoacán,Regular,23.9643,556
2026-08-23,estado,Morelos,Diesel,26.9805,159
2026-08-23,estado,Morelos,Premium,28.2985,189
2026-08-23,estado,Morelos,Regular,23.8098,190
2026-08-23,estado,México,Diesel,26.9815,1016
2026-08-23,estado,México,Premium,28.3720,1255
2026-08-23,estado,México,Regular,23.6935,1276
2026-08-23,estado,Nayarit,Diesel,27.2583,138
2026-08-23,estado,Nayarit,Premium,29.3734,148
2026-08-23,estado,Nayarit,Regular,23.9520,164
2026-08-23,estado,Nuevo León,Diesel,27.0258,369
2026-08-23,estado,Nuevo León,Premium,29.5359,710
2026-08-23,estado,Nuevo León,Regular,24.0923,732
2026-08-23,estado,Oaxaca,Diesel,27.4744,279
2026-08-23,estado,Oaxaca,Premium,29.1532,277
2026-08-23,estado,Oaxaca,Regular,24.0589,293
2026-08-23,estado,Puebla,Diesel,27.0016,533
2026-08-23,estado,Puebla,Premium,28.0032,595
2026-08-23,estado,Puebla,Regular,23.7156,627
2026-08-23,estado,Querétaro,Diesel,26.8830,315
2026-08-23,estado,Querétaro,Premium,28.4338,367
2026-08-23,estado,Querétaro,Regular,23.7130,370
2026-08-23,estado,Quintana Roo,Diesel,28.0859,211
2026-08-23,estado,Quintana Roo,Premium,28.8109,243
2026-08-23,estado,Quintana Roo,Regular,25.1098,258
2026-08-23,estado,San Luis Potosí,Diesel,27.1296,251
2026-08-23,estado,San Luis Potosí,Premium,28.4331,276
2026-08-23,estado,San Luis Potosí,Regular,23.9399,305
2026-08-23,estado,Sinaloa,Diesel,27.0530,442
2026-08-23,estado,Sinaloa,Premium,29.1954,528
2026-08-23,estado,Sinaloa,Regular,23.9328,557
2026-08-23,estado,Sonora,Diesel,26.9792,361
2026-08-23,estado,Sonora,Premium,28.5625,514
2026-08-23,estado,Sonora,Regular,23.2322,549
2026-08-23,estado,Tabasco,Diesel,26.9832,197
2026-08-23,estado,Tabasco,Premium,28.3023,240
2026-08-23,estado,Tabasco,Regular,23.8066,244
2026-08-23,estado,Tamaulipas,Diesel,26.4818,341
2026-08-23,estado,Tamaulipas,Premium,26.1829,514
2026-08-23,estado,Tamaulipas,Regular,21.9567,600
2026-08-23,estado,Tlaxcala,Diesel,26.7847,130
2026-08-23,estado,Tlaxcala,Premium,27.8152,128
2026-08-23,estado,Tlaxcala,Regular,23.5372,140
2026-08-23,estado,Veracruz,Diesel,26.9941,682
2026-08-23,estado,Veracruz,Premium,27.9932,752
2026-08-23,estado,Veracruz,Regular,23.8039,820
2026-08-23,estado,Yucatán,Diesel,27.1084,251
2026-08-23,estado,Yucatán,Premium,27.9216,323
2026-08-23,estado,Yucatán,Regular,24.1539,342
2026-08-23,estado,Zacatecas,Diesel,27.1208,215
2026-08-23,estado,Zacatecas,Premium,28.8048,189
2026-08-23,estado,Zacatecas,Regular,23.9993,229
2026-08-23,nacional,MX,Diesel,27.0115,10495
2026-08-23,nacional,MX,Premium,28.5112,12991
2026-08-23,nacional,MX,Regular,23.6843,13780
2026-08-23,region,Centro,Diesel,26.9634,2591
2026-08-23,region,Centro,Premium,28.2863,3171
2026-08-23,region,Centro,Regular,23.7048,3267
2026-08-23,region,Golfo,Diesel,26.9916,879
2026-08-23,region,Golfo,Premium,28.0680,992
2026-08-23,region,Golfo,Regular,23.8045,1064
2026-08-23,region,Noreste,Diesel,26.9052,1252
2026-08-23,region,Noreste,Premium,28.2982,1972
2026-08-23,region,Noreste,Regular,23.4054,2125
2026-08-23,region,Noroeste,Diesel,26.8935,1446
2026-08-23,region,Noroeste,Premium,28.7812,1934
2026-08-23,region,Noroeste,Regular,23.4763,2053
2026-08-23,region,Norte,Diesel,26.9682,584
2026-08-23,region,Norte,Premium,27.5767,673
2026-08-23,region,Norte,Regular,22.9084,820
2026-08-23,region,Occidente,Diesel,27.0728,2374
2026-08-23,region,Occidente,Premium,29.1053,2690
2026-08-23,region,Occidente,Regular,23.9329,2821
2026-08-23,region,Sur,Diesel,27.1020,784
2026-08-23,region,Sur,Premium,28.7388,870
2026-08-23,region,Sur,Regular,23.8983,897
2026-08-23,region,Sureste,Diesel,27.4538,580
2026-08-23,region,Sureste,Premium,28.3470,682
2026-08-23,region,Sureste,Regular,24.4725,726
2026-08-24,estado,Aguascalientes,Diesel,27.0073,158
2026-08-24,estado,Aguascalientes,Premium,29.1422,202
2026-08-24,estado,Aguascalientes,Regular,23.9236,205
2026-08-24,estado,Baja California,Diesel,26.2022,368
2026-08-24,estado,Baja California,Premium,28.1879,574
2026-08-24,estado,Baja California,Regular,22.8692,601
2026-08-24,estado,Baja California Sur,Diesel,27.6426,137
2026-08-24,estado,Baja California Sur,Premium,29.6434,170
2026-08-24,estado,Baja California Sur,Regular,24.3938,182
2026-08-24,estado,Campeche,Diesel,27.0582,118
2026-08-24,estado,Campeche,Premium,28.5597,116
2026-08-24,estado,Campeche,Regular,24.0324,126
2026-08-24,estado,Chiapas,Diesel,26.7741,304
2026-08-24,estado,Chiapas,Premium,28.2872,340
2026-08-24,estado,Chiapas,Regular,23.7760,352
2026-08-24,estado,Chihuahua,Diesel,26.8248,396
2026-08-24,estado,Chihuahua,Premium,26.9138,477
2026-08-24,estado,Chihuahua,Regular,22.4451,598
2026-08-24,estado,Ciudad de México,Diesel,26.9668,167
2026-08-24,estado,Ciudad de México,Premium,28.6641,351
2026-08-24,estado,Ciudad de México,Regular,23.7675,353
2026-08-24,estado,Coahuila,Diesel,27.0546,291
2026-08-24,estado,Coahuila,Premium,28.6609,472
2026-08-24,estado,Coahuila,Regular,23.8220,488
2026-08-24,estado,Colima,Diesel,27.0243,107
2026-08-24,estado,Colima,Premium,28.8883,126
2026-08-24,estado,Colima,Regular,23.8495,130
2026-08-24,estado,Durango,Diesel,27.2702,188
2026-08-24,estado,Durango,Premium,29.1901,196
2026-08-24,estado,Durango,Regular,24.1566,222
2026-08-24,estado,Guanajuato,Diesel,27.0506,611
2026-08-24,estado,Guanajuato,Premium,29.0890,697
2026-08-24,estado,Guanajuato,Regular,23.8557,726
2026-08-24,estado,Guerrero,Diesel,27.0780,201
2026-08-24,estado,Guerrero,Premium,28.9000,253
2026-08-24,estado,Guerrero,Regular,23.8831,252
2026-08-24,estado,Hidalgo,Diesel,26.9872,271
2026-08-24,estado,Hidalgo,Premium,28.0543,286
2026-08-24,estado,Hidalgo,Regular,23.6627,311
2026-08-24,estado,Jalisco,Diesel,27.1308,775
2026-08-24,estado,Jalisco,Premium,29.2974,938
2026-08-24,estado,Jalisco,Regular,23.9722,976
2026-08-24,estado,Michoacán,Diesel,27.0256,509
2026-08-24,estado,Michoacán,Premium,28.9365,539
2026-08-24,estado,Michoacán,Regular,23.9654,556
2026-08-24,estado,Morelos,Diesel,26.9805,159
2026-08-24,estado,Morelos,Premium,28.3070,189
2026-08-24,estado,Morelos,Regular,23.8098,190
2026-08-24,estado,México,Diesel,26.9815,1016
2026-08-24,estado,México,Premium,28.3725,1255
2026-08-24,estado,México,Regular,23.6938,1276
2026-08-24,estado,Nayarit,Diesel,27.3085,138
2026-08-24,estado,Nayarit,Premium,29.3766,148
2026-08-24,estado,Nayarit,Regular,23.9590,164
2026-08-24,estado,Nuevo León,Diesel,27.0258,369
2026-08-24,estado,Nuevo León,Premium,29.5372,710
2026-08-24,estado,Nuevo León,Regular,24.0923,732
2026-08-24,estado,Oaxaca,Diesel,27.4744,279
2026-08-24,estado,Oaxaca,Premium,29.1544,277
2026-08-24,estado,Oaxaca,Regular,24.0589,293
2026-08-24,estado,Puebla,Diesel,27.0005,533
2026-08-24,estado,Puebla,Premium,28.0030,595
2026-08-24,estado,Puebla,Regular,23.7172,627
2026-08-24,estado,Querétaro,Diesel,26.8830,315
2026-08-24,estado,Querétaro,Premium,28.4338,367
2026-08-24,estado,Querétaro,Regular,23.7121,370
2026-08-24,estado,Quintana Roo,Diesel,28.0859,211
2026-08-24,estado,Quintana Roo,Premium,28.8109,243
2026-08-24,estado,Quintana Roo,Regular,25.1098,258
2026-08-24,estado,San Luis Potosí,Diesel,27.1139,251
2026-08-24,estado,San Luis Potosí,Premium,28.4344,276
2026-08-24,estado,San Luis Potosí,Regular,23.9402,305
2026-08-24,estado,Sinaloa,Diesel,27.0530,442
2026-08-24,estado,Sinaloa,Premium,29.1954,528
2026-08-24,estado,Sinaloa,Regular,23.9328,557
2026-08-24,estado,Sonora,Diesel,26.9783,361
2026-08-24,estado,Sonora,Premium,28.5625,514
2026-08-24,estado,Sonora,Regular,23.2329,549
2026-08-24,estado,Tabasco,Diesel,26.9832,197
2026-08-24,estado,Tabasco,Premium,28.3023,240
2026-08-24,estado,Tabasco,Regular,23.8066,244
2026-08-24,estado,Tamaulipas,Diesel,26.4818,341
2026-08-24,estado,Tamaulipas,Premium,26.1829,514
2026-08-24,estado,Tamaulipas,Regular,21.9567,600
2026-08-24,estado,Tlaxcala,Diesel,26.7847,130
2026-08-24,estado,Tlaxcala,Premium,27.8112,128
2026-08-24,estado,Tlaxcala,Regular,23.5372,140
2026-08-24,estado,Veracruz,Diesel,26.9941,682
2026-08-24,estado,Veracruz,Premium,27.9936,752
2026-08-24,estado,Veracruz,Regular,23.8042,820
2026-08-24,estado,Yucatán,Diesel,27.1084,251
2026-08-24,estado,Yucatán,Premium,27.9216,323
2026-08-24,estado,Yucatán,Regular,24.1539,342
2026-08-24,estado,Zacatecas,Diesel,27.1208,215
2026-08-24,estado,Zacatecas,Premium,28.8048,189
2026-08-24,estado,Zacatecas,Regular,23.9993,229
2026-08-24,nacional,MX,Diesel,27.0118,10496
2026-08-24,nacional,MX,Premium,28.5119,12992
2026-08-24,nacional,MX,Regular,23.6848,13781
2026-08-24,region,Centro,Diesel,26.9632,2591
2026-08-24,region,Centro,Premium,28.2873,3171
2026-08-24,region,Centro,Regular,23.7054,3267
2026-08-24,region,Golfo,Diesel,26.9916,879
2026-08-24,region,Golfo,Premium,28.0683,992
2026-08-24,region,Golfo,Regular,23.8047,1064
2026-08-24,region,Noreste,Diesel,26.9020,1252
2026-08-24,region,Noreste,Premium,28.2988,1972
2026-08-24,region,Noreste,Regular,23.4054,2125
2026-08-24,region,Noroeste,Diesel,26.8981,1446
2026-08-24,region,Noroeste,Premium,28.7814,1934
2026-08-24,region,Noroeste,Regular,23.4772,2053
2026-08-24,region,Norte,Diesel,26.9682,584
2026-08-24,region,Norte,Premium,27.5767,673
2026-08-24,region,Norte,Regular,22.9084,820
2026-08-24,region,Occidente,Diesel,27.0737,2375
2026-08-24,region,Occidente,Premium,29.1057,2691
2026-08-24,region,Occidente,Regular,23.9339,2822
2026-08-24,region,Sur,Diesel,27.1013,784
2026-08-24,region,Sur,Premium,28.7415,870
2026-08-24,region,Sur,Regular,23.8985,897
2026-08-24,region,Sureste,Diesel,27.4538,580
2026-08-24,region,Sureste,Premium,28.3470,682
2026-08-24,region,Sureste,Regular,24.4725,726
2026-08-25,estado,Aguascalientes,Diesel,27.0073,158
2026-08-25,estado,Aguascalientes,Premium,29.1342,202
2026-08-25,estado,Aguascalientes,Regular,23.9255,205
2026-08-25,estado,Baja California,Diesel,26.2037,368
2026-08-25,estado,Baja California,Premium,28.1830,574
2026-08-25,estado,Baja California,Regular,22.8749,601
2026-08-25,estado,Baja California Sur,Diesel,27.6383,137
2026-08-25,estado,Baja California Sur,Premium,29.6369,170
2026-08-25,estado,Baja California Sur,Regular,24.3933,182
2026-08-25,estado,Campeche,Diesel,27.0582,118
2026-08-25,estado,Campeche,Premium,28.5511,116
2026-08-25,estado,Campeche,Regular,24.0324,126
2026-08-25,estado,Chiapas,Diesel,26.7741,304
2026-08-25,estado,Chiapas,Premium,28.2909,340
2026-08-25,estado,Chiapas,Regular,23.7800,352
2026-08-25,estado,Chihuahua,Diesel,26.8248,396
2026-08-25,estado,Chihuahua,Premium,26.9138,477
2026-08-25,estado,Chihuahua,Regular,22.4451,598
2026-08-25,estado,Ciudad de México,Diesel,26.9668,167
2026-08-25,estado,Ciudad de México,Premium,28.6744,351
2026-08-25,estado,Ciudad de México,Regular,23.7674,353
2026-08-25,estado,Coahuila,Diesel,27.0553,291
2026-08-25,estado,Coahuila,Premium,28.6729,472
2026-08-25,estado,Coahuila,Regular,23.8214,488
2026-08-25,estado,Colima,Diesel,26.9964,107
2026-08-25,estado,Colima,Premium,28.8836,126
2026-08-25,estado,Colima,Regular,23.8495,130
2026-08-25,estado,Durango,Diesel,27.2618,188
2026-08-25,estado,Durango,Premium,29.1916,196
2026-08-25,estado,Durango,Regular,24.1533,222
2026-08-25,estado,Guanajuato,Diesel,27.0500,611
2026-08-25,estado,Guanajuato,Premium,29.0920,697
2026-08-25,estado,Guanajuato,Regular,23.8536,726
2026-08-25,estado,Guerrero,Diesel,27.0780,201
2026-08-25,estado,Guerrero,Premium,28.9051,253
2026-08-25,estado,Guerrero,Regular,23.8832,252
2026-08-25,estado,Hidalgo,Diesel,26.9869,271
2026-08-25,estado,Hidalgo,Premium,28.0576,286
2026-08-25,estado,Hidalgo,Regular,23.6618,311
2026-08-25,estado,Jalisco,Diesel,27.1351,775
2026-08-25,estado,Jalisco,Premium,29.3174,938
2026-08-25,estado,Jalisco,Regular,23.9730,976
2026-08-25,estado,Michoacán,Diesel,27.0236,509
2026-08-25,estado,Michoacán,Premium,28.9371,539
2026-08-25,estado,Michoacán,Regular,23.9658,556
2026-08-25,estado,Morelos,Diesel,26.9805,159
2026-08-25,estado,Morelos,Premium,28.3260,189
2026-08-25,estado,Morelos,Regular,23.8098,190
2026-08-25,estado,México,Diesel,26.9800,1016
2026-08-25,estado,México,Premium,28.3781,1255
2026-08-25,estado,México,Regular,23.6940,1276
2026-08-25,estado,Nayarit,Diesel,27.3085,138
2026-08-25,estado,Nayarit,Premium,29.4171,148
2026-08-25,estado,Nayarit,Regular,23.9590,164
2026-08-25,estado,Nuevo León,Diesel,27.0261,369
2026-08-25,estado,Nuevo León,Premium,29.5373,710
2026-08-25,estado,Nuevo León,Regular,24.0921,732
2026-08-25,estado,Oaxaca,Diesel,27.4744,279
2026-08-25,estado,Oaxaca,Premium,29.1602,277
2026-08-25,estado,Oaxaca,Regular,24.0589,293
2026-08-25,estado,Puebla,Diesel,26.9981,533
2026-08-25,estado,Puebla,Premium,28.0167,595
2026-08-25,estado,Puebla,Regular,23.7212,627
2026-08-25,estado,Querétaro,Diesel,26.8836,315
2026-08-25,estado,Querétaro,Premium,28.4416,367
2026-08-25,estado,Querétaro,Regular,23.7138,370
2026-08-25,estado,Quintana Roo,Diesel,28.0859,211
2026-08-25,estado,Quintana Roo,Premium,28.8109,243
2026-08-25,estado,Quintana Roo,Regular,25.1098,258
2026-08-25,estado,San Luis Potosí,Diesel,27.1106,251
2026-08-25,estado,San Luis Potosí,Premium,28.4384,276
2026-08-25,estado,San Luis Potosí,Regular,23.9402,305
2026-08-25,estado,Sinaloa,Diesel,27.0462,442
2026-08-25,estado,Sinaloa,Premium,29.1949,528
2026-08-25,estado,Sinaloa,Regular,23.9328,557
2026-08-25,estado,Sonora,Diesel,26.9748,361
2026-08-25,estado,Sonora,Premium,28.5675,514
2026-08-25,estado,Sonora,Regular,23.2374,549
2026-08-25,estado,Tabasco,Diesel,26.9832,197
2026-08-25,estado,Tabasco,Premium,28.3040,240
2026-08-25,estado,Tabasco,Regular,23.8066,244
2026-08-25,estado,Tamaulipas,Diesel,26.5006,341
2026-08-25,estado,Tamaulipas,Premium,26.1850,514
2026-08-25,estado,Tamaulipas,Regular,21.9564,600
2026-08-25,estado,Tlaxcala,Diesel,26.7847,130
2026-08-25,estado,Tlaxcala,Premium,27.8223,128
2026-08-25,estado,Tlaxcala,Regular,23.5339,140
2026-08-25,estado,Veracruz,Diesel,26.9956,682
2026-08-25,estado,Veracruz,Premium,28.0123,752
2026-08-25,estado,Veracruz,Regular,23.8099,820
2026-08-25,estado,Yucatán,Diesel,27.1140,251
2026-08-25,estado,Yucatán,Premium,27.9074,323
2026-08-25,estado,Yucatán,Regular,24.1539,342
2026-08-25,estado,Zacatecas,Diesel,27.1094,215
2026-08-25,estado,Zacatecas,Premium,28.8090,189
2026-08-25,estado,Zacatecas,Regular,23.9993,229
2026-08-25,nacional,MX,Diesel,27.0115,10496
2026-08-25,nacional,MX,Premium,28.5175,12992
2026-08-25,nacional,MX,Regular,23.6857,13781
2026-08-25,region,Centro,Diesel,26.9621,2591
2026-08-25,region,Centro,Premium,28.2960,3171
2026-08-25,region,Centro,Regular,23.7062,3267
2026-08-25,region,Golfo,Diesel,26.9928,879
2026-08-25,region,Golfo,Premium,28.0829,992
2026-08-25,region,Golfo,Regular,23.8092,1064
2026-08-25,region,Noreste,Diesel,26.9067,1252
2026-08-25,region,Noreste,Premium,28.3028,1972
2026-08-25,region,Noreste,Regular,23.4051,2125
2026-08-25,region,Noroeste,Diesel,26.8951,1446
2026-08-25,region,Noroeste,Premium,28.7837,1934
2026-08-25,region,Noroeste,Regular,23.4801,2053
2026-08-25,region,Norte,Diesel,26.9655,584
2026-08-25,region,Norte,Premium,27.5771,673
2026-08-25,region,Norte,Regular,22.9075,820
2026-08-25,region,Occidente,Diesel,27.0723,2375
2026-08-25,region,Occidente,Premium,29.1131,2691
2026-08-25,region,Occidente,Regular,23.9339,2822
2026-08-25,region,Sur,Diesel,27.1013,784
2026-08-25,region,Sur,Premium,28.7463,870
2026-08-25,region,Sur,Regular,23.9001,897
2026-08-25,region,Sureste,Diesel,27.4562,580
2026-08-25,region,Sureste,Premium,28.3388,682
2026-08-25,region,Sureste,Regular,24.4725,726
2026-08-26,estado,Aguascalientes,Diesel,27.0072,158
2026-08-26,estado,Aguascalientes,Premium,29.1211,202
2026-08-26,estado,Aguascalientes,Regular,23.9264,205
2026-08-26,estado,Baja California,Diesel,26.2037,368
2026-08-26,estado,Baja California,Premium,28.1818,574
2026-08-26,estado,Baja California,Regular,22.8806,601
2026-08-26,estado,Baja California Sur,Diesel,27.6420,137
2026-08-26,estado,Baja California Sur,Premium,29.6369,170
2026-08-26,estado,Baja California Sur,Regular,24.3933,182
2026-08-26,estado,Campeche,Diesel,27.0582,118
2026-08-26,estado,Campeche,Premium,28.5675,116
2026-08-26,estado,Campeche,Regular,24.0324,126
2026-08-26,estado,Chiapas,Diesel,26.7741,304
2026-08-26,estado,Chiapas,Premium,28.2930,340
2026-08-26,estado,Chiapas,Regular,23.7781,352
2026-08-26,estado,Chihuahua,Diesel,26.8185,396
2026-08-26,estado,Chihuahua,Premium,26.9156,477
2026-08-26,estado,Chihuahua,Regular,22.4452,598
2026-08-26,estado,Ciudad de México,Diesel,26.9666,167
2026-08-26,estado,Ciudad de México,Premium,28.6875,351
2026-08-26,estado,Ciudad de México,Regular,23.7671,353
2026-08-26,estado,Coahuila,Diesel,27.0553,291
2026-08-26,estado,Coahuila,Premium,28.6729,472
2026-08-26,estado,Coahuila,Regular,23.8214,488
2026-08-26,estado,Colima,Diesel,26.9964,107
2026-08-26,estado,Colima,Premium,28.8984,126
2026-08-26,estado,Colima,Regular,23.8495,130
2026-08-26,estado,Durango,Diesel,27.2618,188
2026-08-26,estado,Durango,Premium,29.1956,196
2026-08-26,estado,Durango,Regular,24.1533,222
2026-08-26,estado,Guanajuato,Diesel,27.0586,612
2026-08-26,estado,Guanajuato,Premium,29.0901,698
2026-08-26,estado,Guanajuato,Regular,23.8482,727
2026-08-26,estado,Guerrero,Diesel,27.0780,201
2026-08-26,estado,Guerrero,Premium,28.9065,253
2026-08-26,estado,Guerrero,Regular,23.8887,252
2026-08-26,estado,Hidalgo,Diesel,26.9868,271
2026-08-26,estado,Hidalgo,Premium,28.0630,286
2026-08-26,estado,Hidalgo,Regular,23.6599,311
2026-08-26,estado,Jalisco,Diesel,27.1319,775
2026-08-26,estado,Jalisco,Premium,29.3216,938
2026-08-26,estado,Jalisco,Regular,23.9705,976
2026-08-26,estado,Michoacán,Diesel,27.0236,509
2026-08-26,estado,Michoacán,Premium,28.9412,539
2026-08-26,estado,Michoacán,Regular,23.9653,556
2026-08-26,estado,Morelos,Diesel,26.9805,159
2026-08-26,estado,Morelos,Premium,28.3381,189
2026-08-26,estado,Morelos,Regular,23.8056,190
2026-08-26,estado,México,Diesel,26.9782,1016
2026-08-26,estado,México,Premium,28.3867,1255
2026-08-26,estado,México,Regular,23.6905,1276
2026-08-26,estado,Nayarit,Diesel,27.3113,138
2026-08-26,estado,Nayarit,Premium,29.4137,148
2026-08-26,estado,Nayarit,Regular,23.9590,164
2026-08-26,estado,Nuevo León,Diesel,27.0311,368
2026-08-26,estado,Nuevo León,Premium,29.5378,710
2026-08-26,estado,Nuevo León,Regular,24.0924,731
2026-08-26,estado,Oaxaca,Diesel,27.4729,279
2026-08-26,estado,Oaxaca,Premium,29.1719,277
2026-08-26,estado,Oaxaca,Regular,24.0589,293
2026-08-26,estado,Puebla,Diesel,26.9906,533
2026-08-26,estado,Puebla,Premium,28.0229,595
2026-08-26,estado,Puebla,Regular,23.7208,627
2026-08-26,estado,Querétaro,Diesel,26.8818,315
2026-08-26,estado,Querétaro,Premium,28.4438,367
2026-08-26,estado,Querétaro,Regular,23.7113,370
2026-08-26,estado,Quintana Roo,Diesel,28.0836,211
2026-08-26,estado,Quintana Roo,Premium,29.0388,243
2026-08-26,estado,Quintana Roo,Regular,25.1098,258
2026-08-26,estado,San Luis Potosí,Diesel,27.1110,251
2026-08-26,estado,San Luis Potosí,Premium,28.4406,276
2026-08-26,estado,San Luis Potosí,Regular,23.9402,305
2026-08-26,estado,Sinaloa,Diesel,27.0462,442
2026-08-26,estado,Sinaloa,Premium,29.1939,528
2026-08-26,estado,Sinaloa,Regular,23.9330,557
2026-08-26,estado,Sonora,Diesel,26.9747,361
2026-08-26,estado,Sonora,Premium,28.5681,514
2026-08-26,estado,Sonora,Regular,23.2368,549
2026-08-26,estado,Tabasco,Diesel,26.9832,197
2026-08-26,estado,Tabasco,Premium,28.3040,240
2026-08-26,estado,Tabasco,Regular,23.8066,244
2026-08-26,estado,Tamaulipas,Diesel,26.5006,341
2026-08-26,estado,Tamaulipas,Premium,26.1850,514
2026-08-26,estado,Tamaulipas,Regular,21.9564,600
2026-08-26,estado,Tlaxcala,Diesel,26.7837,130
2026-08-26,estado,Tlaxcala,Premium,27.8263,128
2026-08-26,estado,Tlaxcala,Regular,23.5339,140
2026-08-26,estado,Veracruz,Diesel,26.9956,682
2026-08-26,estado,Veracruz,Premium,28.0162,752
2026-08-26,estado,Veracruz,Regular,23.8100,820
2026-08-26,estado,Yucatán,Diesel,27.1136,251
2026-08-26,estado,Yucatán,Premium,28.0612,323
2026-08-26,estado,Yucatán,Regular,24.1539,342
2026-08-26,estado,Zacatecas,Diesel,27.1094,215
2026-08-26,estado,Zacatecas,Premium,28.8095,189
2026-08-26,estado,Zacatecas,Regular,23.9993,229
2026-08-26,nacional,MX,Diesel,27.0110,10496
2026-08-26,nacional,MX,Premium,28.5287,12993
2026-08-26,nacional,MX,Regular,23.6851,13781
2026-08-26,region,Centro,Diesel,26.9595,2591
2026-08-26,region,Centro,Premium,28.3036,3171
2026-08-26,region,Centro,Regular,23.7040,3267
2026-08-26,region,Golfo,Diesel,26.9928,879
2026-08-26,region,Golfo,Premium,28.0858,992
2026-08-26,region,Golfo,Regular,23.8092,1064
2026-08-26,region,Noreste,Diesel,26.9081,1251
2026-08-26,region,Noreste,Premium,28.3033,1972
2026-08-26,region,Noreste,Regular,23.4049,2124
2026-08-26,region,Noroeste,Diesel,26.8957,1446
2026-08-26,region,Noroeste,Premium,28.7829,1934
2026-08-26,region,Noroeste,Regular,23.4816,2053
2026-08-26,region,Norte,Diesel,26.9612,584
2026-08-26,region,Norte,Premium,27.5796,673
2026-08-26,region,Norte,Regular,22.9076,820
2026-08-26,region,Occidente,Diesel,27.0734,2376
2026-08-26,region,Occidente,Premium,29.1146,2692
2026-08-26,region,Occidente,Regular,23.9316,2823
2026-08-26,region,Sur,Diesel,27.1007,784
2026-08-26,region,Sur,Premium,28.7512,870
2026-08-26,region,Sur,Regular,23.9009,897
2026-08-26,region,Sureste,Diesel,27.4552,580
2026-08-26,region,Sureste,Premium,28.4956,682
2026-08-26,region,Sureste,Regular,24.4725,726
2026-08-27,estado,Aguascalientes,Diesel,27.0072,158
2026-08-27,estado,Aguascalientes,Premium,29.1238,202
2026-08-27,estado,Aguascalientes,Regular,23.9264,205
2026-08-27,estado,Baja California,Diesel,26.2049,368
2026-08-27,estado,Baja California,Premium,28.1821,574
2026-08-27,estado,Baja California,Regular,22.8819,601
2026-08-27,estado,Baja California Sur,Diesel,27.5770,137
2026-08-27,estado,Baja California Sur,Premium,29.6369,170
2026-08-27,estado,Baja California Sur,Regular,24.3933,182
2026-08-27,estado,Campeche,Diesel,27.0582,118
2026-08-27,estado,Campeche,Premium,28.5675,116
2026-08-27,estado,Campeche,Regular,24.0324,126
2026-08-27,estado,Chiapas,Diesel,26.7755,305
2026-08-27,estado,Chiapas,Premium,28.2971,341
2026-08-27,estado,Chiapas,Regular,23.7776,353
2026-08-27,estado,Chihuahua,Diesel,26.8111,396
2026-08-27,estado,Chihuahua,Premium,26.9111,477
2026-08-27,estado,Chihuahua,Regular,22.4452,598
2026-08-27,estado,Ciudad de México,Diesel,26.9665,167
2026-08-27,estado,Ciudad de México,Premium,28.7066,351
2026-08-27,estado,Ciudad de México,Regular,23.7705,353
2026-08-27,estado,Coahuila,Diesel,27.0545,291
2026-08-27,estado,Coahuila,Premium,28.6745,472
2026-08-27,estado,Coahuila,Regular,23.8204,488
2026-08-27,estado,Colima,Diesel,26.9964,107
2026-08-27,estado,Colima,Premium,28.8921,126
2026-08-27,estado,Colima,Regular,23.8495,130
2026-08-27,estado,Durango,Diesel,27.2613,188
2026-08-27,estado,Durango,Premium,29.1954,196
2026-08-27,estado,Durango,Regular,24.1568,222
2026-08-27,estado,Guanajuato,Diesel,27.0601,612
2026-08-27,estado,Guanajuato,Premium,29.0920,698
2026-08-27,estado,Guanajuato,Regular,23.8524,727
2026-08-27,estado,Guerrero,Diesel,27.0790,201
2026-08-27,estado,Guerrero,Premium,28.9180,253
2026-08-27,estado,Guerrero,Regular,23.8887,252
2026-08-27,estado,Hidalgo,Diesel,26.9885,271
2026-08-27,estado,Hidalgo,Premium,28.0714,286
2026-08-27,estado,Hidalgo,Regular,23.6612,311
2026-08-27,estado,Jalisco,Diesel,27.1304,775
2026-08-27,estado,Jalisco,Premium,29.3258,938
2026-08-27,estado,Jalisco,Regular,23.9725,976
2026-08-27,estado,Michoacán,Diesel,27.0242,509
2026-08-27,estado,Michoacán,Premium,28.9448,539
2026-08-27,estado,Michoacán,Regular,23.9638,556
2026-08-27,estado,Morelos,Diesel,26.9822,159
2026-08-27,estado,Morelos,Premium,28.3485,189
2026-08-27,estado,Morelos,Regular,23.8066,190
2026-08-27,estado,México,Diesel,26.9773,1016
2026-08-27,estado,México,Premium,28.3928,1255
2026-08-27,estado,México,Regular,23.6902,1276
2026-08-27,estado,Nayarit,Diesel,27.3142,138
2026-08-27,estado,Nayarit,Premium,29.4137,148
2026-08-27,estado,Nayarit,Regular,23.9590,164
2026-08-27,estado,Nuevo León,Diesel,27.0311,368
2026-08-27,estado,Nuevo León,Premium,29.5378,710
2026-08-27,estado,Nuevo León,Regular,24.0927,731
2026-08-27,estado,Oaxaca,Diesel,27.4737,279
2026-08-27,estado,Oaxaca,Premium,29.1721,277
2026-08-27,estado,Oaxaca,Regular,24.0585,293
2026-08-27,estado,Puebla,Diesel,26.9905,533
2026-08-27,estado,Puebla,Premium,28.0244,595
2026-08-27,estado,Puebla,Regular,23.7205,627
2026-08-27,estado,Querétaro,Diesel,26.8818,315
2026-08-27,estado,Querétaro,Premium,28.4444,367
2026-08-27,estado,Querétaro,Regular,23.7124,370
2026-08-27,estado,Quintana Roo,Diesel,28.0846,212
2026-08-27,estado,Quintana Roo,Premium,29.0718,244
2026-08-27,estado,Quintana Roo,Regular,25.1109,259
2026-08-27,estado,San Luis Potosí,Diesel,27.1094,251
2026-08-27,estado,San Luis Potosí,Premium,28.4414,276
2026-08-27,estado,San Luis Potosí,Regular,23.9402,305
2026-08-27,estado,Sinaloa,Diesel,27.0462,442
2026-08-27,estado,Sinaloa,Premium,29.1939,528
2026-08-27,estado,Sinaloa,Regular,23.9330,557
2026-08-27,estado,Sonora,Diesel,26.9761,361
2026-08-27,estado,Sonora,Premium,28.5988,514
2026-08-27,estado,Sonora,Regular,23.2367,549
2026-08-27,estado,Tabasco,Diesel,26.9832,197
2026-08-27,estado,Tabasco,Premium,28.3040,240
2026-08-27,estado,Tabasco,Regular,23.8066,244
2026-08-27,estado,Tamaulipas,Diesel,26.5002,341
2026-08-27,estado,Tamaulipas,Premium,26.1850,514
2026-08-27,estado,Tamaulipas,Regular,21.9452,600
2026-08-27,estado,Tlaxcala,Diesel,26.7832,130
2026-08-27,estado,Tlaxcala,Premium,27.8373,128
2026-08-27,estado,Tlaxcala,Regular,23.5307,140
2026-08-27,estado,Veracruz,Diesel,26.9958,682
2026-08-27,estado,Veracruz,Premium,28.0180,752
2026-08-27,estado,Veracruz,Regular,23.8108,820
2026-08-27,estado,Yucatán,Diesel,27.1132,251
2026-08-27,estado,Yucatán,Premium,28.0870,323
2026-08-27,estado,Yucatán,Regular,24.1539,342
2026-08-27,estado,Zacatecas,Diesel,27.1094,215
2026-08-27,estado,Zacatecas,Premium,28.8131,189
2026-08-27,estado,Zacatecas,Regular,23.9993,229
2026-08-27,nacional,MX,Diesel,27.0101,10498
2026-08-27,nacional,MX,Premium,28.5338,12995
2026-08-27,nacional,MX,Regular,23.6852,13783
2026-08-27,region,Centro,Diesel,26.9595,2591
2026-08-27,region,Centro,Premium,28.3103,3171
2026-08-27,region,Centro,Regular,23.7044,3267
2026-08-27,region,Golfo,Diesel,26.9930,879
2026-08-27,region,Golfo,Premium,28.0872,992
2026-08-27,region,Golfo,Regular,23.8098,1064
2026-08-27,region,Noreste,Diesel,26.9075,1251
2026-08-27,region,Noreste,Premium,28.3038,1972
2026-08-27,region,Noreste,Regular,23.4016,2124
2026-08-27,region,Noroeste,Diesel,26.8905,1446
2026-08-27,region,Noroeste,Premium,28.7912,1934
2026-08-27,region,Noroeste,Regular,23.4820,2053
2026-08-27,region,Norte,Diesel,26.9560,584
2026-08-27,region,Norte,Premium,27.5763,673
2026-08-27,region,Norte,Regular,22.9085,820
2026-08-27,region,Occidente,Diesel,27.0734,2376
2026-08-27,region,Occidente,Premium,29.1174,2692
2026-08-27,region,Occidente,Regular,23.9330,2823
2026-08-27,region,Sur,Diesel,27.1014,785
2026-08-27,region,Sur,Premium,28.7557,871
2026-08-27,region,Sur,Regular,23.9004,898
2026-08-27,region,Sureste,Diesel,27.4565,581
2026-08-27,region,Sureste,Premium,28.5204,683
2026-08-27,region,Sureste,Regular,24.4738,727
2026-08-28,estado,Aguascalientes,Diesel,27.0053,158
2026-08-28,estado,Aguascalientes,Premium,29.1265,202
2026-08-28,estado,Aguascalientes,Regular,23.9264,205
2026-08-28,estado,Baja California,Diesel,26.2066,368
2026-08-28,estado,Baja California,Premium,28.1875,574
2026-08-28,estado,Baja California,Regular,22.8942,601
2026-08-28,estado,Baja California Sur,Diesel,27.5880,137
2026-08-28,estado,Baja California Sur,Premium,29.6399,170
2026-08-28,estado,Baja California Sur,Regular,24.4043,182
2026-08-28,estado,Campeche,Diesel,27.0582,118
2026-08-28,estado,Campeche,Premium,28.5675,116
2026-08-28,estado,Campeche,Regular,24.0324,126
2026-08-28,estado,Chiapas,Diesel,26.7755,305
2026-08-28,estado,Chiapas,Premium,28.2982,341
2026-08-28,estado,Chiapas,Regular,23.7776,353
2026-08-28,estado,Chihuahua,Diesel,26.8078,396
2026-08-28,estado,Chihuahua,Premium,26.9111,477
2026-08-28,estado,Chihuahua,Regular,22.4443,598
2026-08-28,estado,Ciudad de México,Diesel,26.9662,167
2026-08-28,estado,Ciudad de México,Premium,28.7116,351
2026-08-28,estado,Ciudad de México,Regular,23.7700,353
2026-08-28,estado,Coahuila,Diesel,27.0545,291
2026-08-28,estado,Coahuila,Premium,28.6745,472
2026-08-28,estado,Coahuila,Regular,23.8196,488
2026-08-28,estado,Colima,Diesel,27.0057,107
2026-08-28,estado,Colima,Premium,28.8935,126
2026-08-28,estado,Colima,Regular,23.8387,130
2026-08-28,estado,Durango,Diesel,27.2613,188
2026-08-28,estado,Durango,Premium,29.1948,196
2026-08-28,estado,Durango,Regular,24.1542,222
2026-08-28,estado,Guanajuato,Diesel,27.0595,612
2026-08-28,estado,Guanajuato,Premium,29.0961,698
2026-08-28,estado,Guanajuato,Regular,23.8507,727
2026-08-28,estado,Guerrero,Diesel,27.0790,201
2026-08-28,estado,Guerrero,Premium,28.9241,253
2026-08-28,estado,Guerrero,Regular,23.8887,252
2026-08-28,estado,Hidalgo,Diesel,26.9877,271
2026-08-28,estado,Hidalgo,Premium,28.0729,286
2026-08-28,estado,Hidalgo,Regular,23.6606,311
2026-08-28,estado,Jalisco,Diesel,27.1173,776
2026-08-28,estado,Jalisco,Premium,29.3277,939
2026-08-28,estado,Jalisco,Regular,23.9673,977
2026-08-28,estado,Michoacán,Diesel,27.0168,509
2026-08-28,estado,Michoacán,Premium,28.9478,539
2026-08-28,estado,Michoacán,Regular,23.9659,556
2026-08-28,estado,Morelos,Diesel,26.9822,159
2026-08-28,estado,Morelos,Premium,28.3578,189
2026-08-28,estado,Morelos,Regular,23.8066,190
2026-08-28,estado,México,Diesel,26.9789,1016
2026-08-28,estado,México,Premium,28.3962,1255
2026-08-28,estado,México,Regular,23.6902,1276
2026-08-28,estado,Nayarit,Diesel,27.1978,138
2026-08-28,estado,Nayarit,Premium,29.4137,148
2026-08-28,estado,Nayarit,Regular,23.9156,164
2026-08-28,estado,Nuevo León,Diesel,27.0311,368
2026-08-28,estado,Nuevo León,Premium,29.5385,710
2026-08-28,estado,Nuevo León,Regular,24.0906,731
2026-08-28,estado,Oaxaca,Diesel,27.4737,279
2026-08-28,estado,Oaxaca,Premium,29.1721,277
2026-08-28,estado,Oaxaca,Regular,24.0585,293
2026-08-28,estado,Puebla,Diesel,26.9932,533
2026-08-28,estado,Puebla,Premium,28.0268,595
2026-08-28,estado,Puebla,Regular,23.7202,627
2026-08-28,estado,Querétaro,Diesel,26.8808,315
2026-08-28,estado,Querétaro,Premium,28.4539,367
2026-08-28,estado,Querétaro,Regular,23.7115,370
2026-08-28,estado,Quintana Roo,Diesel,28.0858,212
2026-08-28,estado,Quintana Roo,Premium,29.0880,244
2026-08-28,estado,Quintana Roo,Regular,25.1109,259
2026-08-28,estado,San Luis Potosí,Diesel,27.0978,251
2026-08-28,estado,San Luis Potosí,Premium,28.4417,276
2026-08-28,estado,San Luis Potosí,Regular,23.9399,305
2026-08-28,estado,Sinaloa,Diesel,27.0462,442
2026-08-28,estado,Sinaloa,Premium,29.1920,528
2026-08-28,estado,Sinaloa,Regular,23.9326,557
2026-08-28,estado,Sonora,Diesel,26.9731,361
2026-08-28,estado,Sonora,Premium,28.6004,514
2026-08-28,estado,Sonora,Regular,23.2260,549
2026-08-28,estado,Tabasco,Diesel,26.9832,197
2026-08-28,estado,Tabasco,Premium,28.3048,240
2026-08-28,estado,Tabasco,Regular,23.8045,244
2026-08-28,estado,Tamaulipas,Diesel,26.5002,341
2026-08-28,estado,Tamaulipas,Premium,26.1840,514
2026-08-28,estado,Tamaulipas,Regular,21.9419,600
2026-08-28,estado,Tlaxcala,Diesel,26.7831,130
2026-08-28,estado,Tlaxcala,Premium,27.8455,128
2026-08-28,estado,Tlaxcala,Regular,23.5301,140
2026-08-28,estado,Veracruz,Diesel,26.9953,682
2026-08-28,estado,Veracruz,Premium,28.0180,753
2026-08-28,estado,Veracruz,Regular,23.8096,820
2026-08-28,estado,Yucatán,Diesel,27.1132,251
2026-08-28,estado,Yucatán,Premium,28.0928,323
2026-08-28,estado,Yucatán,Regular,24.1539,342
2026-08-28,estado,Zacatecas,Diesel,27.1094,215
2026-08-28,estado,Zacatecas,Premium,28.8309,189
2026-08-28,estado,Zacatecas,Regular,23.9993,229
2026-08-28,nacional,MX,Diesel,27.0072,10499
2026-08-28,nacional,MX,Premium,28.5365,12997
2026-08-28,nacional,MX,Regular,23.6839,13784
2026-08-28,region,Centro,Diesel,26.9604,2591
2026-08-28,region,Centro,Premium,28.3148,3171
2026-08-28,region,Centro,Regular,23.7041,3267
2026-08-28,region,Golfo,Diesel,26.9926,879
2026-08-28,region,Golfo,Premium,28.0873,993
2026-08-28,region,Golfo,Regular,23.8084,1064
2026-08-28,region,Noreste,Diesel,26.9052,1251
2026-08-28,region,Noreste,Premium,28.3039,1972
2026-08-28,region,Noreste,Regular,23.3998,2124
2026-08-28,region,Noroeste,Diesel,26.8801,1446
2026-08-28,region,Noroeste,Premium,28.7930,1934
2026-08-28,region,Noroeste,Regular,23.4801,2053
2026-08-28,region,Norte,Diesel,26.9538,584
2026-08-28,region,Norte,Premium,27.5762,673
2026-08-28,region,Norte,Regular,22.9073,820
2026-08-28,region,Occidente,Diesel,27.0677,2377
2026-08-28,region,Occidente,Premium,29.1214,2693
2026-08-28,region,Occidente,Regular,23.9307,2824
2026-08-28,region,Sur,Diesel,27.1014,785
2026-08-28,region,Sur,Premium,28.7579,871
2026-08-28,region,Sur,Regular,23.9004,898
2026-08-28,region,Sureste,Diesel,27.4569,581
2026-08-28,region,Sureste,Premium,28.5289,683
2026-08-28,region,Sureste,Regular,24.4738,727
2026-08-29,estado,Aguascalientes,Diesel,27.0241,158
2026-08-29,estado,Aguascalientes,Premium,29.1508,202
2026-08-29,estado,Aguascalientes,Regular,23.9245,205
2026-08-29,estado,Baja California,Diesel,26.2030,368
2026-08-29,estado,Baja California,Premium,28.1904,574
2026-08-29,estado,Baja California,Regular,22.9055,601
2026-08-29,estado,Baja California Sur,Diesel,27.6565,137
2026-08-29,estado,Baja California Sur,Premium,29.6147,170
2026-08-29,estado,Baja California Sur,Regular,24.4021,182
2026-08-29,estado,Campeche,Diesel,27.0582,118
2026-08-29,estado,Campeche,Premium,28.5675,116
2026-08-29,estado,Campeche,Regular,24.0324,126
2026-08-29,estado,Chiapas,Diesel,26.7798,305
2026-08-29,estado,Chiapas,Premium,28.3023,341
2026-08-29,estado,Chiapas,Regular,23.7728,353
2026-08-29,estado,Chihuahua,Diesel,26.8161,396
2026-08-29,estado,Chihuahua,Premium,26.9082,477
2026-08-29,estado,Chihuahua,Regular,22.4338,598
2026-08-29,estado,Ciudad de México,Diesel,26.9662,167
2026-08-29,estado,Ciudad de México,Premium,28.7174,351
2026-08-29,estado,Ciudad de México,Regular,23.7714,353
2026-08-29,estado,Coahuila,Diesel,27.0553,291
2026-08-29,estado,Coahuila,Premium,28.6663,472
2026-08-29,estado,Coahuila,Regular,23.7782,488
2026-08-29,estado,Colima,Diesel,27.0243,107
2026-08-29,estado,Colima,Premium,28.8844,126
2026-08-29,estado,Colima,Regular,23.8348,130
2026-08-29,estado,Durango,Diesel,27.2694,188
2026-08-29,estado,Durango,Premium,29.1901,196
2026-08-29,estado,Durango,Regular,24.1441,222
2026-08-29,estado,Guanajuato,Diesel,27.0654,612
2026-08-29,estado,Guanajuato,Premium,29.1033,698
2026-08-29,estado,Guanajuato,Regular,23.8497,727
2026-08-29,estado,Guerrero,Diesel,27.0790,201
2026-08-29,estado,Guerrero,Premium,28.9003,253
2026-08-29,estado,Guerrero,Regular,23.8655,252
2026-08-29,estado,Hidalgo,Diesel,26.9873,271
2026-08-29,estado,Hidalgo,Premium,28.0798,286
2026-08-29,estado,Hidalgo,Regular,23.6608,311
2026-08-29,estado,Jalisco,Diesel,27.1253,776
2026-08-29,estado,Jalisco,Premium,29.3321,939
2026-08-29,estado,Jalisco,Regular,23.9632,977
2026-08-29,estado,Michoacán,Diesel,27.0151,510
2026-08-29,estado,Michoacán,Premium,28.9596,540
2026-08-29,estado,Michoacán,Regular,23.9646,557
2026-08-29,estado,Morelos,Diesel,26.9833,159
2026-08-29,estado,Morelos,Premium,28.3802,189
2026-08-29,estado,Morelos,Regular,23.8022,190
2026-08-29,estado,México,Diesel,26.9787,1015
2026-08-29,estado,México,Premium,28.4023,1255
2026-08-29,estado,México,Regular,23.6920,1276
2026-08-29,estado,Nayarit,Diesel,27.2404,138
2026-08-29,estado,Nayarit,Premium,29.4171,148
2026-08-29,estado,Nayarit,Regular,23.9627,164
2026-08-29,estado,Nuevo León,Diesel,27.0315,368
2026-08-29,estado,Nuevo León,Premium,29.5307,710
2026-08-29,estado,Nuevo León,Regular,24.0199,731
2026-08-29,estado,Oaxaca,Diesel,27.4716,279
2026-08-29,estado,Oaxaca,Premium,29.1733,277
2026-08-29,estado,Oaxaca,Regular,24.0578,293
2026-08-29,estado,Puebla,Diesel,26.9932,533
2026-08-29,estado,Puebla,Premium,28.0298,595
2026-08-29,estado,Puebla,Regular,23.7165,627
2026-08-29,estado,Querétaro,Diesel,26.8950,315
2026-08-29,estado,Querétaro,Premium,28.4882,367
2026-08-29,estado,Querétaro,Regular,23.7149,370
2026-08-29,estado,Quintana Roo,Diesel,28.0857,212
2026-08-29,estado,Quintana Roo,Premium,29.0912,244
2026-08-29,estado,Quintana Roo,Regular,25.1109,259
2026-08-29,estado,San Luis Potosí,Diesel,27.0933,251
2026-08-29,estado,San Luis Potosí,Premium,28.4436,276
2026-08-29,estado,San Luis Potosí,Regular,23.9470,305
2026-08-29,estado,Sinaloa,Diesel,27.0395,442
2026-08-29,estado,Sinaloa,Premium,29.2065,528
2026-08-29,estado,Sinaloa,Regular,23.9326,557
2026-08-29,estado,Sonora,Diesel,26.9706,361
2026-08-29,estado,Sonora,Premium,28.5934,514
2026-08-29,estado,Sonora,Regular,23.2349,549
2026-08-29,estado,Tabasco,Diesel,26.9832,197
2026-08-29,estado,Tabasco,Premium,28.3049,240
2026-08-29,estado,Tabasco,Regular,23.8052,244
2026-08-29,estado,Tamaulipas,Diesel,26.4888,341
2026-08-29,estado,Tamaulipas,Premium,26.1848,514
2026-08-29,estado,Tamaulipas,Regular,21.9525,600
2026-08-29,estado,Tlaxcala,Diesel,26.7854,130
2026-08-29,estado,Tlaxcala,Premium,27.8577,128
2026-08-29,estado,Tlaxcala,Regular,23.5309,140
2026-08-29,estado,Veracruz,Diesel,26.9935,682
2026-08-29,estado,Veracruz,Premium,28.0141,753
2026-08-29,estado,Veracruz,Regular,23.8098,820
2026-08-29,estado,Yucatán,Diesel,27.1152,251
2026-08-29,estado,Yucatán,Premium,28.1257,323
2026-08-29,estado,Yucatán,Regular,24.1539,342
2026-08-29,estado,Zacatecas,Diesel,27.1094,215
2026-08-29,estado,Zacatecas,Premium,28.8323,189
2026-08-29,estado,Zacatecas,Regular,23.9993,229
2026-08-29,nacional,MX,Diesel,27.0099,10499
2026-08-29,nacional,MX,Premium,28.5402,12998
2026-08-29,nacional,MX,Regular,23.6792,13785
2026-08-29,region,Centro,Diesel,26.9622,2590
2026-08-29,region,Centro,Premium,28.3249,3171
2026-08-29,region,Centro,Regular,23.7044,3267
2026-08-29,region,Golfo,Diesel,26.9912,879
2026-08-29,region,Golfo,Premium,28.0844,993
2026-08-29,region,Golfo,Regular,23.8088,1064
2026-08-29,region,Noreste,Diesel,26.9015,1251
2026-08-29,region,Noreste,Premium,28.2996,1972
2026-08-29,region,Noreste,Regular,23.3699,2124
2026-08-29,region,Noroeste,Diesel,26.8870,1446
2026-08-29,region,Noroeste,Premium,28.7940,1934
2026-08-29,region,Noroeste,Regular,23.4894,2053
2026-08-29,region,Norte,Diesel,26.9621,584
2026-08-29,region,Norte,Premium,27.5727,673
2026-08-29,region,Norte,Regular,22.8968,820
2026-08-29,region,Occidente,Diesel,27.0735,2378
2026-08-29,region,Occidente,Premium,29.1285,2694
2026-08-29,region,Occidente,Regular,23.9285,2825
2026-08-29,region,Sur,Diesel,27.1023,785
2026-08-29,region,Sur,Premium,28.7530,871
2026-08-29,region,Sur,Regular,23.8918,898
2026-08-29,region,Sureste,Diesel,27.4577,581
2026-08-29,region,Sureste,Premium,28.5456,683
2026-08-29,region,Sureste,Regular,24.4738,727
2026-08-30,estado,Aguascalientes,Diesel,27.0241,158
2026-08-30,estado,Aguascalientes,Premium,29.1534,202
2026-08-30,estado,Aguascalientes,Regular,23.9264,205
2026-08-30,estado,Baja California,Diesel,26.2116,368
2026-08-30,estado,Baja California,Premium,28.1955,574
2026-08-30,estado,Baja California,Regular,22.9059,601
2026-08-30,estado,Baja California Sur,Diesel,27.6565,137
2026-08-30,estado,Baja California Sur,Premium,29.6265,170
2026-08-30,estado,Baja California Sur,Regular,24.4048,182
2026-08-30,estado,Campeche,Diesel,27.0582,118
2026-08-30,estado,Campeche,Premium,28.5675,116
2026-08-30,estado,Campeche,Regular,24.0324,126
2026-08-30,estado,Chiapas,Diesel,26.7797,305
2026-08-30,estado,Chiapas,Premium,28.2995,341
2026-08-30,estado,Chiapas,Regular,23.7725,353
2026-08-30,estado,Chihuahua,Diesel,26.8243,396
2026-08-30,estado,Chihuahua,Premium,26.9141,477
2026-08-30,estado,Chihuahua,Regular,22.4339,598
2026-08-30,estado,Ciudad de México,Diesel,26.9662,167
2026-08-30,estado,Ciudad de México,Premium,28.7316,351
2026-08-30,estado,Ciudad de México,Regular,23.7660,353
2026-08-30,estado,Coahuila,Diesel,27.0553,291
2026-08-30,estado,Coahuila,Premium,28.6684,472
2026-08-30,estado,Coahuila,Regular,23.7815,488
2026-08-30,estado,Colima,Diesel,27.0243,107
2026-08-30,estado,Colima,Premium,28.8878,126
2026-08-30,estado,Colima,Regular,23.8348,130
2026-08-30,estado,Durango,Diesel,27.2694,188
2026-08-30,estado,Durango,Premium,29.1901,196
2026-08-30,estado,Durango,Regular,24.1441,222
2026-08-30,estado,Guanajuato,Diesel,27.0660,612
2026-08-30,estado,Guanajuato,Premium,29.1084,698
2026-08-30,estado,Guanajuato,Regular,23.8507,727
2026-08-30,estado,Guerrero,Diesel,27.0739,201
2026-08-30,estado,Guerrero,Premium,28.9038,253
2026-08-30,estado,Guerrero,Regular,23.8655,252
2026-08-30,estado,Hidalgo,Diesel,26.9969,271
2026-08-30,estado,Hidalgo,Premium,28.0828,286
2026-08-30,estado,Hidalgo,Regular,23.6621,311
2026-08-30,estado,Jalisco,Diesel,27.1267,777
2026-08-30,estado,Jalisco,Premium,29.3340,940
2026-08-30,estado,Jalisco,Regular,23.9642,978
2026-08-30,estado,Michoacán,Diesel,27.0181,511
2026-08-30,estado,Michoacán,Premium,28.9672,541
2026-08-30,estado,Michoacán,Regular,23.9555,558
2026-08-30,estado,Morelos,Diesel,26.9833,158
2026-08-30,estado,Morelos,Premium,28.4051,188
2026-08-30,estado,Morelos,Regular,23.8060,189
2026-08-30,estado,México,Diesel,26.9782,1015
2026-08-30,estado,México,Premium,28.4051,1255
2026-08-30,estado,México,Regular,23.6915,1276
2026-08-30,estado,Nayarit,Diesel,27.3066,138
2026-08-30,estado,Nayarit,Premium,29.4296,148
2026-08-30,estado,Nayarit,Regular,23.9626,164
2026-08-30,estado,Nuevo León,Diesel,27.0315,368
2026-08-30,estado,Nuevo León,Premium,29.5319,710
2026-08-30,estado,Nuevo León,Regular,24.0206,731
2026-08-30,estado,Oaxaca,Diesel,27.4727,279
2026-08-30,estado,Oaxaca,Premium,29.1846,277
2026-08-30,estado,Oaxaca,Regular,24.0585,293
2026-08-30,estado,Puebla,Diesel,26.9925,533
2026-08-30,estado,Puebla,Premium,28.0347,595
2026-08-30,estado,Puebla,Regular,23.7138,627
2026-08-30,estado,Querétaro,Diesel,26.8950,315
2026-08-30,estado,Querétaro,Premium,28.4926,367
2026-08-30,estado,Querétaro,Regular,23.7018,370
2026-08-30,estado,Quintana Roo,Diesel,28.0857,212
2026-08-30,estado,Quintana Roo,Premium,29.0912,244
2026-08-30,estado,Quintana Roo,Regular,25.1109,259
2026-08-30,estado,San Luis Potosí,Diesel,27.0975,251
2026-08-30,estado,San Luis Potosí,Premium,28.4576,276
2026-08-30,estado,San Luis Potosí,Regular,23.9475,305
2026-08-30,estado,Sinaloa,Diesel,27.0395,442
2026-08-30,estado,Sinaloa,Premium,29.2075,528
2026-08-30,estado,Sinaloa,Regular,23.9322,557
2026-08-30,estado,Sonora,Diesel,26.9733,361
2026-08-30,estado,Sonora,Premium,28.5942,514
2026-08-30,estado,Sonora,Regular,23.2350,549
2026-08-30,estado,Tabasco,Diesel,26.9832,197
2026-08-30,estado,Tabasco,Premium,28.3041,240
2026-08-30,estado,Tabasco,Regular,23.8064,244
2026-08-30,estado,Tamaulipas,Diesel,26.4888,341
2026-08-30,estado,Tamaulipas,Premium,26.1878,514
2026-08-30,estado,Tamaulipas,Regular,21.9525,600
2026-08-30,estado,Tlaxcala,Diesel,26.7862,130
2026-08-30,estado,Tlaxcala,Premium,27.8605,128
2026-08-30,estado,Tlaxcala,Regular,23.5309,140
2026-08-30,estado,Veracruz,Diesel,26.9943,682
2026-08-30,estado,Veracruz,Premium,28.0295,753
2026-08-30,estado,Veracruz,Regular,23.8064,820
2026-08-30,estado,Yucatán,Diesel,27.1151,251
2026-08-30,estado,Yucatán,Premium,28.1365,323
2026-08-30,estado,Yucatán,Regular,24.1539,342
2026-08-30,estado,Zacatecas,Diesel,27.1094,215
2026-08-30,estado,Zacatecas,Premium,28.8328,189
2026-08-30,estado,Zacatecas,Regular,23.9993,229
2026-08-30,nacional,MX,Diesel,27.0121,10500
2026-08-30,nacional,MX,Premium,28.5453,12999
2026-08-30,nacional,MX,Regular,23.6784,13786
2026-08-30,region,Centro,Diesel,26.9629,2589
2026-08-30,region,Centro,Premium,28.3308,3170
2026-08-30,region,Centro,Regular,23.7020,3266
2026-08-30,region,Golfo,Diesel,26.9918,879
2026-08-30,region,Golfo,Premium,28.0959,993
2026-08-30,region,Golfo,Regular,23.8064,1064
2026-08-30,region,Noreste,Diesel,26.9023,1251
2026-08-30,region,Noreste,Premium,28.3033,1972
2026-08-30,region,Noreste,Regular,23.3710,2124
2026-08-30,region,Noroeste,Diesel,26.8962,1446
2026-08-30,region,Noroeste,Premium,28.7979,1934
2026-08-30,region,Noroeste,Regular,23.4896,2053
2026-08-30,region,Norte,Diesel,26.9676,584
2026-08-30,region,Norte,Premium,27.5770,673
2026-08-30,region,Norte,Regular,22.8969,820
2026-08-30,region,Occidente,Diesel,27.0748,2380
2026-08-30,region,Occidente,Premium,29.1325,2696
2026-08-30,region,Occidente,Regular,23.9274,2827
2026-08-30,region,Sur,Diesel,27.1013,785
2026-08-30,region,Sur,Premium,28.7565,871
2026-08-30,region,Sur,Regular,23.8919,898
2026-08-30,region,Sureste,Diesel,27.4577,581
2026-08-30,region,Sureste,Premium,28.5508,683
2026-08-30,region,Sureste,Regular,24.4738,727
2026-08-31,estado,Aguascalientes,Diesel,27.0241,158
2026-08-31,estado,Aguascalientes,Premium,29.1534,202
2026-08-31,estado,Aguascalientes,Regular,23.9264,205
2026-08-31,estado,Baja California,Diesel,26.2116,368
2026-08-31,estado,Baja California,Premium,28.1955,574
2026-08-31,estado,Baja California,Regular,22.9059,601
2026-08-31,estado,Baja California Sur,Diesel,27.6565,137
2026-08-31,estado,Baja California Sur,Premium,29.6265,170
2026-08-31,estado,Baja California Sur,Regular,24.4048,182
2026-08-31,estado,Campeche,Diesel,27.0582,118
2026-08-31,estado,Campeche,Premium,28.5675,116
2026-08-31,estado,Campeche,Regular,24.0324,126
2026-08-31,estado,Chiapas,Diesel,26.7798,305
2026-08-31,estado,Chiapas,Premium,28.3022,341
2026-08-31,estado,Chiapas,Regular,23.7730,353
2026-08-31,estado,Chihuahua,Diesel,26.8243,396
2026-08-31,estado,Chihuahua,Premium,26.9141,477
2026-08-31,estado,Chihuahua,Regular,22.4339,598
2026-08-31,estado,Ciudad de México,Diesel,26.9662,167
2026-08-31,estado,Ciudad de México,Premium,28.7310,351
2026-08-31,estado,Ciudad de México,Regular,23.7684,353
2026-08-31,estado,Coahuila,Diesel,27.0553,291
2026-08-31,estado,Coahuila,Premium,28.6684,472
2026-08-31,estado,Coahuila,Regular,23.7377,488
2026-08-31,estado,Colima,Diesel,27.0243,107
2026-08-31,estado,Colima,Premium,28.8846,126
2026-08-31,estado,Colima,Regular,23.8341,130
2026-08-31,estado,Durango,Diesel,27.2694,188
2026-08-31,estado,Durango,Premium,29.1901,196
2026-08-31,estado,Durango,Regular,24.1125,222
2026-08-31,estado,Guanajuato,Diesel,27.0660,612
2026-08-31,estado,Guanajuato,Premium,29.1084,698
2026-08-31,estado,Guanajuato,Regular,23.8507,727
2026-08-31,estado,Guerrero,Diesel,27.0739,201
2026-08-31,estado,Guerrero,Premium,28.9038,253
2026-08-31,estado,Guerrero,Regular,23.8655,252
2026-08-31,estado,Hidalgo,Diesel,26.9969,271
2026-08-31,estado,Hidalgo,Premium,28.0828,286
2026-08-31,estado,Hidalgo,Regular,23.6621,311
2026-08-31,estado,Jalisco,Diesel,27.1267,777
2026-08-31,estado,Jalisco,Premium,29.3344,940
2026-08-31,estado,Jalisco,Regular,23.9642,978
2026-08-31,estado,Michoacán,Diesel,27.0181,511
2026-08-31,estado,Michoacán,Premium,28.9715,541
2026-08-31,estado,Michoacán,Regular,23.9580,558
2026-08-31,estado,Morelos,Diesel,26.9832,158
2026-08-31,estado,Morelos,Premium,28.4105,188
2026-08-31,estado,Morelos,Regular,23.8060,189
2026-08-31,estado,México,Diesel,26.9782,1015
2026-08-31,estado,México,Premium,28.4058,1255
2026-08-31,estado,México,Regular,23.6919,1276
2026-08-31,estado,Nayarit,Diesel,27.2966,138
2026-08-31,estado,Nayarit,Premium,29.4360,148
2026-08-31,estado,Nayarit,Regular,23.9626,164
2026-08-31,estado,Nuevo León,Diesel,27.0315,368
2026-08-31,estado,Nuevo León,Premium,29.5319,710
2026-08-31,estado,Nuevo León,Regular,24.0185,731
2026-08-31,estado,Oaxaca,Diesel,27.4727,279
2026-08-31,estado,Oaxaca,Premium,29.1861,277
2026-08-31,estado,Oaxaca,Regular,24.0585,293
2026-08-31,estado,Puebla,Diesel,26.9948,533
2026-08-31,estado,Puebla,Premium,28.0338,595
2026-08-31,estado,Puebla,Regular,23.7153,627
2026-08-31,estado,Querétaro,Diesel,26.8950,315
2026-08-31,estado,Querétaro,Premium,28.4926,367
2026-08-31,estado,Querétaro,Regular,23.7030,370
2026-08-31,estado,Quintana Roo,Diesel,28.0857,212
2026-08-31,estado,Quintana Roo,Premium,29.0947,244
2026-08-31,estado,Quintana Roo,Regular,25.1109,259
2026-08-31,estado,San Luis Potosí,Diesel,27.0975,251
2026-08-31,estado,San Luis Potosí,Premium,28.4580,276
2026-08-31,estado,San Luis Potosí,Regular,23.9475,305
2026-08-31,estado,Sinaloa,Diesel,27.0395,442
2026-08-31,estado,Sinaloa,Premium,29.2075,528
2026-08-31,estado,Sinaloa,Regular,23.9326,557
2026-08-31,estado,Sonora,Diesel,26.9733,361
2026-08-31,estado,Sonora,Premium,28.5942,514
2026-08-31,estado,Sonora,Regular,23.2350,549
2026-08-31,estado,Tabasco,Diesel,26.9832,197
2026-08-31,estado,Tabasco,Premium,28.3049,240
2026-08-31,estado,Tabasco,Regular,23.8064,244
2026-08-31,estado,Tamaulipas,Diesel,26.4888,341
2026-08-31,estado,Tamaulipas,Premium,26.1878,514
2026-08-31,estado,Tamaulipas,Regular,21.9525,600
2026-08-31,estado,Tlaxcala,Diesel,26.7862,130
2026-08-31,estado,Tlaxcala,Premium,27.8566,128
2026-08-31,estado,Tlaxcala,Regular,23.5309,140
2026-08-31,estado,Veracruz,Diesel,26.9954,682
2026-08-31,estado,Veracruz,Premium,28.0311,753
2026-08-31,estado,Veracruz,Regular,23.8090,820
2026-08-31,estado,Yucatán,Diesel,27.1151,251
2026-08-31,estado,Yucatán,Premium,28.1365,323
2026-08-31,estado,Yucatán,Regular,24.1539,342
2026-08-31,estado,Zacatecas,Diesel,27.1094,215
2026-08-31,estado,Zacatecas,Premium,28.8328,189
2026-08-31,estado,Zacatecas,Regular,23.9993,229
2026-08-31,nacional,MX,Diesel,27.0121,10500
2026-08-31,nacional,MX,Premium,28.5459,12999
2026-08-31,nacional,MX,Regular,23.6767,13786
2026-08-31,region,Centro,Diesel,26.9633,2589
2026-08-31,region,Centro,Premium,28.3310,3170
2026-08-31,region,Centro,Regular,23.7028,3266
2026-08-31,region,Golfo,Diesel,26.9927,879
2026-08-31,region,Golfo,Premium,28.0973,993
2026-08-31,region,Golfo,Regular,23.8084,1064
2026-08-31,region,Noreste,Diesel,26.9023,1251
2026-08-31,region,Noreste,Premium,28.3033,1972
2026-08-31,region,Noreste,Regular,23.3602,2124
2026-08-31,region,Noroeste,Diesel,26.8953,1446
2026-08-31,region,Noroeste,Premium,28.7984,1934
2026-08-31,region,Noroeste,Regular,23.4897,2053
2026-08-31,region,Norte,Diesel,26.9676,584
2026-08-31,region,Norte,Premium,27.5770,673
2026-08-31,region,Norte,Regular,22.8883,820
2026-08-31,region,Occidente,Diesel,27.0748,2380
2026-08-31,region,Occidente,Premium,29.1333,2696
2026-08-31,region,Occidente,Regular,23.9279,2827
2026-08-31,region,Sur,Diesel,27.1014,785
2026-08-31,region,Sur,Premium,28.7580,871
2026-08-31,region,Sur,Regular,23.8921,898
2026-08-31,region,Sureste,Diesel,27.4577,581
2026-08-31,region,Sureste,Premium,28.5520,683
2026-08-31,region,Sureste,Regular,24.4738,727
2026-09-01,estado,Aguascalientes,Diesel,27.0241,158
2026-09-01,estado,Aguascalientes,Premium,29.1588,202
2026-09-01,estado,Aguascalientes,Regular,23.9285,205
2026-09-01,estado,Baja California,Diesel,26.2133,368
2026-09-01,estado,Baja California,Premium,28.1963,574
2026-09-01,estado,Baja California,Regular,22.9112,601
2026-09-01,estado,Baja California Sur,Diesel,27.6566,137
2026-09-01,estado,Baja California Sur,Premium,29.6247,170
2026-09-01,estado,Baja California Sur,Regular,24.4059,182
2026-09-01,estado,Campeche,Diesel,27.0582,118
2026-09-01,estado,Campeche,Premium,28.5675,116
2026-09-01,estado,Campeche,Regular,24.0324,126
2026-09-01,estado,Chiapas,Diesel,26.7798,305
2026-09-01,estado,Chiapas,Premium,28.3136,341
2026-09-01,estado,Chiapas,Regular,23.7756,353
2026-09-01,estado,Chihuahua,Diesel,26.8283,396
2026-09-01,estado,Chihuahua,Premium,26.9145,477
2026-09-01,estado,Chihuahua,Regular,22.4356,598
2026-09-01,estado,Ciudad de México,Diesel,26.9662,167
2026-09-01,estado,Ciudad de México,Premium,28.7360,351
2026-09-01,estado,Ciudad de México,Regular,23.7641,353
2026-09-01,estado,Coahuila,Diesel,27.0553,291
2026-09-01,estado,Coahuila,Premium,28.6819,472
2026-09-01,estado,Coahuila,Regular,23.7299,488
2026-09-01,estado,Colima,Diesel,27.0057,107
2026-09-01,estado,Colima,Premium,28.8846,126
2026-09-01,estado,Colima,Regular,23.8341,130
2026-09-01,estado,Durango,Diesel,27.2666,188
2026-09-01,estado,Durango,Premium,29.1937,196
2026-09-01,estado,Durango,Regular,24.0540,222
2026-09-01,estado,Guanajuato,Diesel,27.0612,612
2026-09-01,estado,Guanajuato,Premium,29.1117,698
2026-09-01,estado,Guanajuato,Regular,23.8529,727
2026-09-01,estado,Guerrero,Diesel,27.0739,201
2026-09-01,estado,Guerrero,Premium,28.9060,253
2026-09-01,estado,Guerrero,Regular,23.8655,252
2026-09-01,estado,Hidalgo,Diesel,26.9969,271
2026-09-01,estado,Hidalgo,Premium,28.0835,286
2026-09-01,estado,Hidalgo,Regular,23.6624,311
2026-09-01,estado,Jalisco,Diesel,27.1292,777
2026-09-01,estado,Jalisco,Premium,29.3424,940
2026-09-01,estado,Jalisco,Regular,23.9659,978
2026-09-01,estado,Michoacán,Diesel,27.0171,512
2026-09-01,estado,Michoacán,Premium,28.9714,542
2026-09-01,estado,Michoacán,Regular,23.9576,559
2026-09-01,estado,Morelos,Diesel,26.9833,159
2026-09-01,estado,Morelos,Premium,28.4241,189
2026-09-01,estado,Morelos,Regular,23.8045,190
2026-09-01,estado,México,Diesel,26.9765,1015
2026-09-01,estado,México,Premium,28.4142,1255
2026-09-01,estado,México,Regular,23.6885,1276
2026-09-01,estado,Nayarit,Diesel,27.2966,138
2026-09-01,estado,Nayarit,Premium,29.4529,148
2026-09-01,estado,Nayarit,Regular,23.9626,164
2026-09-01,estado,Nuevo León,Diesel,27.0315,368
2026-09-01,estado,Nuevo León,Premium,29.5329,710
2026-09-01,estado,Nuevo León,Regular,24.0171,731
2026-09-01,estado,Oaxaca,Diesel,27.4727,279
2026-09-01,estado,Oaxaca,Premium,29.1977,277
2026-09-01,estado,Oaxaca,Regular,24.0588,293
2026-09-01,estado,Puebla,Diesel,26.9914,533
2026-09-01,estado,Puebla,Premium,28.0449,595
2026-09-01,estado,Puebla,Regular,23.7173,627
2026-09-01,estado,Querétaro,Diesel,26.8962,315
2026-09-01,estado,Querétaro,Premium,28.4999,367
2026-09-01,estado,Querétaro,Regular,23.7047,370
2026-09-01,estado,Quintana Roo,Diesel,28.0853,212
2026-09-01,estado,Quintana Roo,Premium,29.0979,244
2026-09-01,estado,Quintana Roo,Regular,25.1111,259
2026-09-01,estado,San Luis Potosí,Diesel,27.1049,251
2026-09-01,estado,San Luis Potosí,Premium,28.4607,276
2026-09-01,estado,San Luis Potosí,Regular,23.9480,305
2026-09-01,estado,Sinaloa,Diesel,27.0311,442
2026-09-01,estado,Sinaloa,Premium,29.2091,528
2026-09-01,estado,Sinaloa,Regular,23.9344,557
2026-09-01,estado,Sonora,Diesel,26.9739,361
2026-09-01,estado,Sonora,Premium,28.5951,514
2026-09-01,estado,Sonora,Regular,23.2372,549
2026-09-01,estado,Tabasco,Diesel,26.9832,197
2026-09-01,estado,Tabasco,Premium,28.3049,240
2026-09-01,estado,Tabasco,Regular,23.8069,244
2026-09-01,estado,Tamaulipas,Diesel,26.4888,341
2026-09-01,estado,Tamaulipas,Premium,26.1880,514
2026-09-01,estado,Tamaulipas,Regular,21.9528,600
2026-09-01,estado,Tlaxcala,Diesel,26.7827,130
2026-09-01,estado,Tlaxcala,Premium,27.8589,128
2026-09-01,estado,Tlaxcala,Regular,23.5294,140
2026-09-01,estado,Veracruz,Diesel,26.9935,682
2026-09-01,estado,Veracruz,Premium,28.0411,753
2026-09-01,estado,Veracruz,Regular,23.8105,820
2026-09-01,estado,Yucatán,Diesel,27.1151,251
2026-09-01,estado,Yucatán,Premium,28.1408,323
2026-09-01,estado,Yucatán,Regular,24.1539,342
2026-09-01,estado,Zacatecas,Diesel,27.1094,215
2026-09-01,estado,Zacatecas,Premium,28.8383,189
2026-09-01,estado,Zacatecas,Regular,23.9993,229
2026-09-01,nacional,MX,Diesel,27.0113,10502
2026-09-01,nacional,MX,Premium,28.5510,13001
2026-09-01,nacional,MX,Regular,23.6761,13788
2026-09-01,region,Centro,Diesel,26.9619,2590
2026-09-01,region,Centro,Premium,28.3388,3171
2026-09-01,region,Centro,Regular,23.7015,3267
2026-09-01,region,Golfo,Diesel,26.9912,879
2026-09-01,region,Golfo,Premium,28.1049,993
2026-09-01,region,Golfo,Regular,23.8097,1064
2026-09-01,region,Noreste,Diesel,26.9038,1251
2026-09-01,region,Noreste,Premium,28.3073,1972
2026-09-01,region,Noreste,Regular,23.3581,2124
2026-09-01,region,Noroeste,Diesel,26.8933,1446
2026-09-01,region,Noroeste,Premium,28.8005,1934
2026-09-01,region,Noroeste,Regular,23.4925,2053
2026-09-01,region,Norte,Diesel,26.9694,584
2026-09-01,region,Norte,Premium,27.5783,673
2026-09-01,region,Norte,Regular,22.8737,820
2026-09-01,region,Occidente,Diesel,27.0733,2381
2026-09-01,region,Occidente,Premium,29.1376,2697
2026-09-01,region,Occidente,Regular,23.9291,2828
2026-09-01,region,Sur,Diesel,27.1014,785
2026-09-01,region,Sur,Premium,28.7669,871
2026-09-01,region,Sur,Regular,23.8932,898
2026-09-01,region,Sureste,Diesel,27.4576,581
2026-09-01,region,Sureste,Premium,28.5552,683
2026-09-01,region,Sureste,Regular,24.4738,727
2026-09-02,estado,Aguascalientes,Diesel,27.0241,158
2026-09-02,estado,Aguascalientes,Premium,29.1616,202
2026-09-02,estado,Aguascalientes,Regular,23.9285,205
2026-09-02,estado,Baja California,Diesel,26.2057,368
2026-09-02,estado,Baja California,Premium,28.1973,574
2026-09-02,estado,Baja California,Regular,22.8986,601
2026-09-02,estado,Baja California Sur,Diesel,27.6566,137
2026-09-02,estado,Baja California Sur,Premium,29.6247,170
2026-09-02,estado,Baja California Sur,Regular,24.4065,182
2026-09-02,estado,Campeche,Diesel,27.0582,118
2026-09-02,estado,Campeche,Premium,28.5675,116
2026-09-02,estado,Campeche,Regular,24.0324,126
2026-09-02,estado,Chiapas,Diesel,26.7748,305
2026-09-02,estado,Chiapas,Premium,28.3150,341
2026-09-02,estado,Chiapas,Regular,23.7713,353
2026-09-02,estado,Chihuahua,Diesel,26.8287,396
2026-09-02,estado,Chihuahua,Premium,26.9181,477
2026-09-02,estado,Chihuahua,Regular,22.4342,598
2026-09-02,estado,Ciudad de México,Diesel,26.9659,167
2026-09-02,estado,Ciudad de México,Premium,28.7596,351
2026-09-02,estado,Ciudad de México,Regular,23.7626,353
2026-09-02,estado,Coahuila,Diesel,27.0553,291
2026-09-02,estado,Coahuila,Premium,28.6819,472
2026-09-02,estado,Coahuila,Regular,23.7043,488
2026-09-02,estado,Colima,Diesel,27.0057,107
2026-09-02,estado,Colima,Premium,28.8850,126
2026-09-02,estado,Colima,Regular,23.8333,130
2026-09-02,estado,Durango,Diesel,27.2666,188
2026-09-02,estado,Durango,Premium,29.1947,196
2026-09-02,estado,Durango,Regular,24.0450,222
2026-09-02,estado,Guanajuato,Diesel,27.0610,612
2026-09-02,estado,Guanajuato,Premium,29.1131,698
2026-09-02,estado,Guanajuato,Regular,23.8432,727
2026-09-02,estado,Guerrero,Diesel,27.0739,201
2026-09-02,estado,Guerrero,Premium,28.9032,253
2026-09-02,estado,Guerrero,Regular,23.8655,252
2026-09-02,estado,Hidalgo,Diesel,26.9955,271
2026-09-02,estado,Hidalgo,Premium,28.0888,286
2026-09-02,estado,Hidalgo,Regular,23.6610,311
2026-09-02,estado,Jalisco,Diesel,27.1329,777
2026-09-02,estado,Jalisco,Premium,29.3467,940
2026-09-02,estado,Jalisco,Regular,23.9655,978
2026-09-02,estado,Michoacán,Diesel,27.0196,512
2026-09-02,estado,Michoacán,Premium,28.9748,542
2026-09-02,estado,Michoacán,Regular,23.9541,559
2026-09-02,estado,Morelos,Diesel,26.9833,159
2026-09-02,estado,Morelos,Premium,28.4326,189
2026-09-02,estado,Morelos,Regular,23.8051,190
2026-09-02,estado,México,Diesel,26.9763,1015
2026-09-02,estado,México,Premium,28.4242,1255
2026-09-02,estado,México,Regular,23.6899,1276
2026-09-02,estado,Nayarit,Diesel,27.3109,138
2026-09-02,estado,Nayarit,Premium,29.4641,148
2026-09-02,estado,Nayarit,Regular,23.9626,164
2026-09-02,estado,Nuevo León,Diesel,27.0316,368
2026-09-02,estado,Nuevo León,Premium,29.5338,710
2026-09-02,estado,Nuevo León,Regular,24.0005,731
2026-09-02,estado,Oaxaca,Diesel,27.4726,279
2026-09-02,estado,Oaxaca,Premium,29.2038,277
2026-09-02,estado,Oaxaca,Regular,24.0588,293
2026-09-02,estado,Puebla,Diesel,26.9915,533
2026-09-02,estado,Puebla,Premium,28.0510,595
2026-09-02,estado,Puebla,Regular,23.7177,627
2026-09-02,estado,Querétaro,Diesel,26.8962,315
2026-09-02,estado,Querétaro,Premium,28.5079,367
2026-09-02,estado,Querétaro,Regular,23.6945,370
2026-09-02,estado,Quintana Roo,Diesel,28.0853,212
2026-09-02,estado,Quintana Roo,Premium,29.0979,244
2026-09-02,estado,Quintana Roo,Regular,25.1111,259
2026-09-02,estado,San Luis Potosí,Diesel,27.1049,251
2026-09-02,estado,San Luis Potosí,Premium,28.4644,276
2026-09-02,estado,San Luis Potosí,Regular,23.9480,305
2026-09-02,estado,Sinaloa,Diesel,27.0311,442
2026-09-02,estado,Sinaloa,Premium,29.2085,528
2026-09-02,estado,Sinaloa,Regular,23.9326,557
2026-09-02,estado,Sonora,Diesel,26.9739,361
2026-09-02,estado,Sonora,Premium,28.5952,514
2026-09-02,estado,Sonora,Regular,23.2372,549
2026-09-02,estado,Tabasco,Diesel,26.9807,197
2026-09-02,estado,Tabasco,Premium,28.3070,240
2026-09-02,estado,Tabasco,Regular,23.8073,244
2026-09-02,estado,Tamaulipas,Diesel,26.4888,341
2026-09-02,estado,Tamaulipas,Premium,26.1911,514
2026-09-02,estado,Tamaulipas,Regular,21.9469,600
2026-09-02,estado,Tlaxcala,Diesel,26.7818,130
2026-09-02,estado,Tlaxcala,Premium,27.8619,128
2026-09-02,estado,Tlaxcala,Regular,23.5295,140
2026-09-02,estado,Veracruz,Diesel,26.9932,682
2026-09-02,estado,Veracruz,Premium,28.0514,753
2026-09-02,estado,Veracruz,Regular,23.8099,820
2026-09-02,estado,Yucatán,Diesel,27.1151,251
2026-09-02,estado,Yucatán,Premium,28.1526,323
2026-09-02,estado,Yucatán,Regular,24.1539,342
2026-09-02,estado,Zacatecas,Diesel,27.1094,215
2026-09-02,estado,Zacatecas,Premium,28.8381,189
2026-09-02,estado,Zacatecas,Regular,23.9993,229
2026-09-02,nacional,MX,Diesel,27.0114,10502
2026-09-02,nacional,MX,Premium,28.5556,13001
2026-09-02,nacional,MX,Regular,23.6722,13788
2026-09-02,region,Centro,Diesel,26.9617,2590
2026-09-02,region,Centro,Premium,28.3485,3171
2026-09-02,region,Centro,Regular,23.7007,3267
2026-09-02,region,Golfo,Diesel,26.9904,879
2026-09-02,region,Golfo,Premium,28.1132,993
2026-09-02,region,Golfo,Regular,23.8093,1064
2026-09-02,region,Noreste,Diesel,26.9039,1251
2026-09-02,region,Noreste,Premium,28.3089,1972
2026-09-02,region,Noreste,Regular,23.3448,2124
2026-09-02,region,Noroeste,Diesel,26.8927,1446
2026-09-02,region,Noroeste,Premium,28.8015,1934
2026-09-02,region,Noroeste,Regular,23.4884,2053
2026-09-02,region,Norte,Diesel,26.9697,584
2026-09-02,region,Norte,Premium,27.5811,673
2026-09-02,region,Norte,Regular,22.8703,820
2026-09-02,region,Occidente,Diesel,27.0750,2381
2026-09-02,region,Occidente,Premium,29.1404,2697
2026-09-02,region,Occidente,Regular,23.9258,2828
2026-09-02,region,Sur,Diesel,27.0994,785
2026-09-02,region,Sur,Premium,28.7685,871
2026-09-02,region,Sur,Regular,23.8916,898
2026-09-02,region,Sureste,Diesel,27.4576,581
2026-09-02,region,Sureste,Premium,28.5608,683
2026-09-02,region,Sureste,Regular,24.4738,727
2026-09-03,estado,Aguascalientes,Diesel,27.0241,158
2026-09-03,estado,Aguascalientes,Premium,29.1636,202
2026-09-03,estado,Aguascalientes,Regular,23.9285,205
2026-09-03,estado,Baja California,Diesel,26.2055,368
2026-09-03,estado,Baja California,Premium,28.1985,574
2026-09-03,estado,Baja California,Regular,22.8968,601
2026-09-03,estado,Baja California Sur,Diesel,27.5843,137
2026-09-03,estado,Baja California Sur,Premium,29.6247,170
2026-09-03,estado,Baja California Sur,Regular,24.4076,182
2026-09-03,estado,Campeche,Diesel,27.0582,118
2026-09-03,estado,Campeche,Premium,28.5727,116
2026-09-03,estado,Campeche,Regular,24.0292,126
2026-09-03,estado,Chiapas,Diesel,26.7761,305
2026-09-03,estado,Chiapas,Premium,28.3192,341
2026-09-03,estado,Chiapas,Regular,23.7756,353
2026-09-03,estado,Chihuahua,Diesel,26.8142,396
2026-09-03,estado,Chihuahua,Premium,26.9323,477
2026-09-03,estado,Chihuahua,Regular,22.4446,598
2026-09-03,estado,Ciudad de México,Diesel,26.9652,167
2026-09-03,estado,Ciudad de México,Premium,28.7710,351
2026-09-03,estado,Ciudad de México,Regular,23.7627,353
2026-09-03,estado,Coahuila,Diesel,27.0548,291
2026-09-03,estado,Coahuila,Premium,28.6822,472
2026-09-03,estado,Coahuila,Regular,23.7392,488
2026-09-03,estado,Colima,Diesel,27.0057,107
2026-09-03,estado,Colima,Premium,28.8842,126
2026-09-03,estado,Colima,Regular,23.8333,130
2026-09-03,estado,Durango,Diesel,27.2666,188
2026-09-03,estado,Durango,Premium,29.1945,196
2026-09-03,estado,Durango,Regular,24.0538,222
2026-09-03,estado,Guanajuato,Diesel,27.0617,612
2026-09-03,estado,Guanajuato,Premium,29.1178,698
2026-09-03,estado,Guanajuato,Regular,23.8465,727
2026-09-03,estado,Guerrero,Diesel,27.0739,201
2026-09-03,estado,Guerrero,Premium,28.9059,253
2026-09-03,estado,Guerrero,Regular,23.8655,252
2026-09-03,estado,Hidalgo,Diesel,26.9953,271
2026-09-03,estado,Hidalgo,Premium,28.0956,286
2026-09-03,estado,Hidalgo,Regular,23.6618,311
2026-09-03,estado,Jalisco,Diesel,27.1344,777
2026-09-03,estado,Jalisco,Premium,29.3535,940
2026-09-03,estado,Jalisco,Regular,23.9764,978
2026-09-03,estado,Michoacán,Diesel,27.0197,512
2026-09-03,estado,Michoacán,Premium,28.9736,542
2026-09-03,estado,Michoacán,Regular,23.9512,559
2026-09-03,estado,Morelos,Diesel,26.9833,159
2026-09-03,estado,Morelos,Premium,28.4405,189
2026-09-03,estado,Morelos,Regular,23.8114,190
2026-09-03,estado,México,Diesel,26.9765,1015
2026-09-03,estado,México,Premium,28.4320,1255
2026-09-03,estado,México,Regular,23.6903,1276
2026-09-03,estado,Nayarit,Diesel,27.3109,138
2026-09-03,estado,Nayarit,Premium,29.4641,148
2026-09-03,estado,Nayarit,Regular,23.9620,164
2026-09-03,estado,Nuevo León,Diesel,27.0316,368
2026-09-03,estado,Nuevo León,Premium,29.5345,710
2026-09-03,estado,Nuevo León,Regular,24.0696,731
2026-09-03,estado,Oaxaca,Diesel,27.4731,279
2026-09-03,estado,Oaxaca,Premium,29.2073,277
2026-09-03,estado,Oaxaca,Regular,24.0588,293
2026-09-03,estado,Puebla,Diesel,26.9892,534
2026-09-03,estado,Puebla,Premium,28.0550,596
2026-09-03,estado,Puebla,Regular,23.7175,628
2026-09-03,estado,Querétaro,Diesel,26.8962,315
2026-09-03,estado,Querétaro,Premium,28.5117,367
2026-09-03,estado,Querétaro,Regular,23.6932,370
2026-09-03,estado,Quintana Roo,Diesel,28.0853,212
2026-09-03,estado,Quintana Roo,Premium,29.0998,244
2026-09-03,estado,Quintana Roo,Regular,25.1111,259
2026-09-03,estado,San Luis Potosí,Diesel,27.1012,251
2026-09-03,estado,San Luis Potosí,Premium,28.4707,276
2026-09-03,estado,San Luis Potosí,Regular,23.9492,305
2026-09-03,estado,Sinaloa,Diesel,27.0311,442
2026-09-03,estado,Sinaloa,Premium,29.2093,528
2026-09-03,estado,Sinaloa,Regular,23.9335,557
2026-09-03,estado,Sonora,Diesel,26.9692,361
2026-09-03,estado,Sonora,Premium,28.5959,514
2026-09-03,estado,Sonora,Regular,23.2378,549
2026-09-03,estado,Tabasco,Diesel,26.9807,197
2026-09-03,estado,Tabasco,Premium,28.3086,240
2026-09-03,estado,Tabasco,Regular,23.8077,244
2026-09-03,estado,Tamaulipas,Diesel,26.4885,341
2026-09-03,estado,Tamaulipas,Premium,26.1943,514
2026-09-03,estado,Tamaulipas,Regular,21.9476,600
2026-09-03,estado,Tlaxcala,Diesel,26.7815,130
2026-09-03,estado,Tlaxcala,Premium,27.8605,128
2026-09-03,estado,Tlaxcala,Regular,23.5295,140
2026-09-03,estado,Veracruz,Diesel,26.9916,682
2026-09-03,estado,Veracruz,Premium,28.0544,753
2026-09-03,estado,Veracruz,Regular,23.8093,820
2026-09-03,estado,Yucatán,Diesel,27.1151,251
2026-09-03,estado,Yucatán,Premium,28.1555,323
2026-09-03,estado,Yucatán,Regular,24.1531,342
2026-09-03,estado,Zacatecas,Diesel,27.1094,215
2026-09-03,estado,Zacatecas,Premium,28.8381,189
2026-09-03,estado,Zacatecas,Regular,23.9993,229
2026-09-03,nacional,MX,Diesel,27.0096,10503
2026-09-03,nacional,MX,Premium,28.5594,13002
2026-09-03,nacional,MX,Regular,23.6787,13789
2026-09-03,region,Centro,Diesel,26.9612,2591
2026-09-03,region,Centro,Premium,28.3550,3172
2026-09-03,region,Centro,Regular,23.7011,3268
2026-09-03,region,Golfo,Diesel,26.9891,879
2026-09-03,region,Golfo,Premium,28.1159,993
2026-09-03,region,Golfo,Regular,23.8089,1064
2026-09-03,region,Noreste,Diesel,26.9029,1251
2026-09-03,region,Noreste,Premium,28.3110,1972
2026-09-03,region,Noreste,Regular,23.3769,2124
2026-09-03,region,Noroeste,Diesel,26.8846,1446
2026-09-03,region,Noroeste,Premium,28.8023,1934
2026-09-03,region,Noroeste,Regular,23.4883,2053
2026-09-03,region,Norte,Diesel,26.9599,584
2026-09-03,region,Norte,Premium,27.5911,673
2026-09-03,region,Norte,Regular,22.8802,820
2026-09-03,region,Occidente,Diesel,27.0757,2381
2026-09-03,region,Occidente,Premium,29.1439,2697
2026-09-03,region,Occidente,Regular,23.9299,2828
2026-09-03,region,Sur,Diesel,27.1001,785
2026-09-03,region,Sur,Premium,28.7721,871
2026-09-03,region,Sur,Regular,23.8932,898
2026-09-03,region,Sureste,Diesel,27.4576,581
2026-09-03,region,Sureste,Premium,28.5637,683
2026-09-03,region,Sureste,Regular,24.4729,727
2026-09-04,estado,Aguascalientes,Diesel,27.0241,158
2026-09-04,estado,Aguascalientes,Premium,29.1661,202
2026-09-04,estado,Aguascalientes,Regular,23.9285,205
2026-09-04,estado,Baja California,Diesel,26.2047,368
2026-09-04,estado,Baja California,Premium,28.1970,574
2026-09-04,estado,Baja California,Regular,22.8942,601
2026-09-04,estado,Baja California Sur,Diesel,27.6566,137
2026-09-04,estado,Baja California Sur,Premium,29.6247,170
2026-09-04,estado,Baja California Sur,Regular,24.4076,182
2026-09-04,estado,Campeche,Diesel,27.0582,118
2026-09-04,estado,Campeche,Premium,28.5412,116
2026-09-04,estado,Campeche,Regular,24.0292,126
2026-09-04,estado,Chiapas,Diesel,26.7598,305
2026-09-04,estado,Chiapas,Premium,28.3201,341
2026-09-04,estado,Chiapas,Regular,23.7773,353
2026-09-04,estado,Chihuahua,Diesel,26.8142,396
2026-09-04,estado,Chihuahua,Premium,26.9417,477
2026-09-04,estado,Chihuahua,Regular,22.4445,598
2026-09-04,estado,Ciudad de México,Diesel,26.9652,167
2026-09-04,estado,Ciudad de México,Premium,28.7801,351
2026-09-04,estado,Ciudad de México,Regular,23.7597,353
2026-09-04,estado,Coahuila,Diesel,27.0542,292
2026-09-04,estado,Coahuila,Premium,28.6742,473
2026-09-04,estado,Coahuila,Regular,23.7315,489
2026-09-04,estado,Colima,Diesel,27.0057,107
2026-09-04,estado,Colima,Premium,28.8842,126
2026-09-04,estado,Colima,Regular,23.8333,130
2026-09-04,estado,Durango,Diesel,27.2401,188
2026-09-04,estado,Durango,Premium,29.2001,196
2026-09-04,estado,Durango,Regular,24.0483,222
2026-09-04,estado,Guanajuato,Diesel,27.0614,612
2026-09-04,estado,Guanajuato,Premium,29.1209,698
2026-09-04,estado,Guanajuato,Regular,23.8456,727
2026-09-04,estado,Guerrero,Diesel,27.0744,201
2026-09-04,estado,Guerrero,Premium,28.9077,253
2026-09-04,estado,Guerrero,Regular,23.8655,252
2026-09-04,estado,Hidalgo,Diesel,26.9949,271
2026-09-04,estado,Hidalgo,Premium,28.1004,286
2026-09-04,estado,Hidalgo,Regular,23.6617,311
2026-09-04,estado,Jalisco,Diesel,27.1306,777
2026-09-04,estado,Jalisco,Premium,29.3621,940
2026-09-04,estado,Jalisco,Regular,23.9713,978
2026-09-04,estado,Michoacán,Diesel,27.0235,512
2026-09-04,estado,Michoacán,Premium,28.9782,542
2026-09-04,estado,Michoacán,Regular,23.9550,559
2026-09-04,estado,Morelos,Diesel,26.9908,159
2026-09-04,estado,Morelos,Premium,28.4547,189
2026-09-04,estado,Morelos,Regular,23.8114,190
2026-09-04,estado,México,Diesel,26.9761,1016
2026-09-04,estado,México,Premium,28.4400,1255
2026-09-04,estado,México,Regular,23.6910,1276
2026-09-04,estado,Nayarit,Diesel,27.1943,138
2026-09-04,estado,Nayarit,Premium,29.4742,148
2026-09-04,estado,Nayarit,Regular,23.9089,164
2026-09-04,estado,Nuevo León,Diesel,27.0318,368
2026-09-04,estado,Nuevo León,Premium,29.5352,710
2026-09-04,estado,Nuevo León,Regular,24.0723,731
2026-09-04,estado,Oaxaca,Diesel,27.4731,279
2026-09-04,estado,Oaxaca,Premium,29.2100,277
2026-09-04,estado,Oaxaca,Regular,24.0582,293
2026-09-04,estado,Puebla,Diesel,26.9932,534
2026-09-04,estado,Puebla,Premium,28.0594,596
2026-09-04,estado,Puebla,Regular,23.7180,628
2026-09-04,estado,Querétaro,Diesel,26.8962,315
2026-09-04,estado,Querétaro,Premium,28.5188,367
2026-09-04,estado,Querétaro,Regular,23.6924,370
2026-09-04,estado,Quintana Roo,Diesel,28.0853,212
2026-09-04,estado,Quintana Roo,Premium,29.1006,244
2026-09-04,estado,Quintana Roo,Regular,25.1111,259
2026-09-04,estado,San Luis Potosí,Diesel,27.1002,251
2026-09-04,estado,San Luis Potosí,Premium,28.4711,276
2026-09-04,estado,San Luis Potosí,Regular,23.9518,305
2026-09-04,estado,Sinaloa,Diesel,27.0288,442
2026-09-04,estado,Sinaloa,Premium,29.2093,528
2026-09-04,estado,Sinaloa,Regular,23.9346,557
2026-09-04,estado,Sonora,Diesel,26.9556,361
2026-09-04,estado,Sonora,Premium,28.5973,514
2026-09-04,estado,Sonora,Regular,23.2111,549
2026-09-04,estado,Tabasco,Diesel,26.9807,197
2026-09-04,estado,Tabasco,Premium,28.3086,240
2026-09-04,estado,Tabasco,Regular,23.8073,244
2026-09-04,estado,Tamaulipas,Diesel,26.4885,341
2026-09-04,estado,Tamaulipas,Premium,26.1943,514
2026-09-04,estado,Tamaulipas,Regular,21.9481,600
2026-09-04,estado,Tlaxcala,Diesel,26.7805,130
2026-09-04,estado,Tlaxcala,Premium,27.8591,128
2026-09-04,estado,Tlaxcala,Regular,23.5273,140
2026-09-04,estado,Veracruz,Diesel,26.9914,682
2026-09-04,estado,Veracruz,Premium,28.0566,753
2026-09-04,estado,Veracruz,Regular,23.8098,820
2026-09-04,estado,Yucatán,Diesel,27.1147,252
2026-09-04,estado,Yucatán,Premium,28.1592,324
2026-09-04,estado,Yucatán,Regular,24.1538,343
2026-09-04,estado,Zacatecas,Diesel,27.1020,215
2026-09-04,estado,Zacatecas,Premium,28.8386,189
2026-09-04,estado,Zacatecas,Regular,23.9933,229
2026-09-04,nacional,MX,Diesel,27.0074,10506
2026-09-04,nacional,MX,Premium,28.5625,13004
2026-09-04,nacional,MX,Regular,23.6766,13791
2026-09-04,region,Centro,Diesel,26.9623,2592
2026-09-04,region,Centro,Premium,28.3621,3172
2026-09-04,region,Centro,Regular,23.7010,3268
2026-09-04,region,Golfo,Diesel,26.9890,879
2026-09-04,region,Golfo,Premium,28.1175,993
2026-09-04,region,Golfo,Regular,23.8092,1064
2026-09-04,region,Noreste,Diesel,26.9028,1252
2026-09-04,region,Noreste,Premium,28.3095,1973
2026-09-04,region,Noreste,Regular,23.3768,2125
2026-09-04,region,Noroeste,Diesel,26.8761,1446
2026-09-04,region,Noroeste,Premium,28.8030,1934
2026-09-04,region,Noroeste,Regular,23.4764,2053
2026-09-04,region,Norte,Diesel,26.9513,584
2026-09-04,region,Norte,Premium,27.5994,673
2026-09-04,region,Norte,Regular,22.8787,820
2026-09-04,region,Occidente,Diesel,27.0745,2381
2026-09-04,region,Occidente,Premium,29.1488,2697
2026-09-04,region,Occidente,Regular,23.9281,2828
2026-09-04,region,Sur,Diesel,27.0939,785
2026-09-04,region,Sur,Premium,28.7738,871
2026-09-04,region,Sur,Regular,23.8937,898
2026-09-04,region,Sureste,Diesel,27.4568,582
2026-09-04,region,Sureste,Premium,28.5598,684
2026-09-04,region,Sureste,Regular,24.4728,728
2026-09-05,estado,Aguascalientes,Diesel,27.0178,158
2026-09-05,estado,Aguascalientes,Premium,29.1725,202
2026-09-05,estado,Aguascalientes,Regular,23.9236,205
2026-09-05,estado,Baja California,Diesel,26.2177,368
2026-09-05,estado,Baja California,Premium,28.1960,574
2026-09-05,estado,Baja California,Regular,22.8890,601
2026-09-05,estado,Baja California Sur,Diesel,27.6348,137
2026-09-05,estado,Baja California Sur,Premium,29.6129,170
2026-09-05,estado,Baja California Sur,Regular,24.4032,182
2026-09-05,estado,Campeche,Diesel,27.0582,118
2026-09-05,estado,Campeche,Premium,28.5793,116
2026-09-05,estado,Campeche,Regular,24.0292,126
2026-09-05,estado,Chiapas,Diesel,26.7470,305
2026-09-05,estado,Chiapas,Premium,28.3162,341
2026-09-05,estado,Chiapas,Regular,23.7765,353
2026-09-05,estado,Chihuahua,Diesel,26.8049,396
2026-09-05,estado,Chihuahua,Premium,26.9496,477
2026-09-05,estado,Chihuahua,Regular,22.4449,598
2026-09-05,estado,Ciudad de México,Diesel,26.9652,167
2026-09-05,estado,Ciudad de México,Premium,28.7919,351
2026-09-05,estado,Ciudad de México,Regular,23.7585,353
2026-09-05,estado,Coahuila,Diesel,27.0627,292
2026-09-05,estado,Coahuila,Premium,28.6682,473
2026-09-05,estado,Coahuila,Regular,23.7395,489
2026-09-05,estado,Colima,Diesel,27.0243,107
2026-09-05,estado,Colima,Premium,28.8900,126
2026-09-05,estado,Colima,Regular,23.8333,130
2026-09-05,estado,Durango,Diesel,27.2067,188
2026-09-05,estado,Durango,Premium,29.2054,196
2026-09-05,estado,Durango,Regular,24.0490,222
2026-09-05,estado,Guanajuato,Diesel,27.0588,612
2026-09-05,estado,Guanajuato,Premium,29.1314,698
2026-09-05,estado,Guanajuato,Regular,23.8435,727
2026-09-05,estado,Guerrero,Diesel,27.0739,201
2026-09-05,estado,Guerrero,Premium,28.9309,253
2026-09-05,estado,Guerrero,Regular,23.8646,252
2026-09-05,estado,Hidalgo,Diesel,26.9951,271
2026-09-05,estado,Hidalgo,Premium,28.1093,286
2026-09-05,estado,Hidalgo,Regular,23.6622,311
2026-09-05,estado,Jalisco,Diesel,27.1211,777
2026-09-05,estado,Jalisco,Premium,29.3635,940
2026-09-05,estado,Jalisco,Regular,23.9741,978
2026-09-05,estado,Michoacán,Diesel,27.0235,512
2026-09-05,estado,Michoacán,Premium,28.9940,542
2026-09-05,estado,Michoacán,Regular,23.9570,559
2026-09-05,estado,Morelos,Diesel,26.9832,159
2026-09-05,estado,Morelos,Premium,28.4631,189
2026-09-05,estado,Morelos,Regular,23.8120,190
2026-09-05,estado,México,Diesel,26.9776,1016
2026-09-05,estado,México,Premium,28.4424,1255
2026-09-05,estado,México,Regular,23.6907,1276
2026-09-05,estado,Nayarit,Diesel,27.1850,138
2026-09-05,estado,Nayarit,Premium,29.4507,148
2026-09-05,estado,Nayarit,Regular,23.9100,164
2026-09-05,estado,Nuevo León,Diesel,27.0323,368
2026-09-05,estado,Nuevo León,Premium,29.5431,710
2026-09-05,estado,Nuevo León,Regular,24.0712,731
2026-09-05,estado,Oaxaca,Diesel,27.4704,279
2026-09-05,estado,Oaxaca,Premium,29.2159,277
2026-09-05,estado,Oaxaca,Regular,24.0611,293
2026-09-05,estado,Puebla,Diesel,26.9955,534
2026-09-05,estado,Puebla,Premium,28.0676,596
2026-09-05,estado,Puebla,Regular,23.7185,628
2026-09-05,estado,Querétaro,Diesel,26.8957,315
2026-09-05,estado,Querétaro,Premium,28.5213,367
2026-09-05,estado,Querétaro,Regular,23.6875,370
2026-09-05,estado,Quintana Roo,Diesel,28.0569,212
2026-09-05,estado,Quintana Roo,Premium,29.0990,244
2026-09-05,estado,Quintana Roo,Regular,25.1099,259
2026-09-05,estado,San Luis Potosí,Diesel,27.0908,251
2026-09-05,estado,San Luis Potosí,Premium,28.4747,276
2026-09-05,estado,San Luis Potosí,Regular,23.9442,305
2026-09-05,estado,Sinaloa,Diesel,27.0277,442
2026-09-05,estado,Sinaloa,Premium,29.2097,528
2026-09-05,estado,Sinaloa,Regular,23.9346,557
2026-09-05,estado,Sonora,Diesel,26.9831,361
2026-09-05,estado,Sonora,Premium,28.5933,514
2026-09-05,estado,Sonora,Regular,23.2378,549
2026-09-05,estado,Tabasco,Diesel,26.9807,197
2026-09-05,estado,Tabasco,Premium,28.3037,240
2026-09-05,estado,Tabasco,Regular,23.8054,243
2026-09-05,estado,Tamaulipas,Diesel,26.4885,341
2026-09-05,estado,Tamaulipas,Premium,26.1943,514
2026-09-05,estado,Tamaulipas,Regular,21.9272,600
2026-09-05,estado,Tlaxcala,Diesel,26.7852,130
2026-09-05,estado,Tlaxcala,Premium,27.8588,128
2026-09-05,estado,Tlaxcala,Regular,23.5226,140
2026-09-05,estado,Veracruz,Diesel,26.9899,682
2026-09-05,estado,Veracruz,Premium,28.0577,753
2026-09-05,estado,Veracruz,Regular,23.8100,820
2026-09-05,estado,Yucatán,Diesel,27.1147,252
2026-09-05,estado,Yucatán,Premium,28.1675,324
2026-09-05,estado,Yucatán,Regular,24.1538,343
2026-09-05,estado,Zacatecas,Diesel,27.1020,215
2026-09-05,estado,Zacatecas,Premium,28.8387,189
2026-09-05,estado,Zacatecas,Regular,23.9933,228
2026-09-05,nacional,MX,Diesel,27.0058,10506
2026-09-05,nacional,MX,Premium,28.5663,13004
2026-09-05,nacional,MX,Regular,23.6764,13789
2026-09-05,region,Centro,Diesel,26.9631,2592
2026-09-05,region,Centro,Premium,28.3675,3172
2026-09-05,region,Centro,Regular,23.7001,3268
2026-09-05,region,Golfo,Diesel,26.9878,879
2026-09-05,region,Golfo,Premium,28.1171,993
2026-09-05,region,Golfo,Regular,23.8090,1063
2026-09-05,region,Noreste,Diesel,26.9030,1252
2026-09-05,region,Noreste,Premium,28.3115,1973
2026-09-05,region,Noreste,Regular,23.3713,2125
2026-09-05,region,Noroeste,Diesel,26.8830,1446
2026-09-05,region,Noroeste,Premium,28.7989,1934
2026-09-05,region,Noroeste,Regular,23.4818,2053
2026-09-05,region,Norte,Diesel,26.9342,584
2026-09-05,region,Norte,Premium,27.6065,673
2026-09-05,region,Norte,Regular,22.8791,820
2026-09-05,region,Occidente,Diesel,27.0712,2381
2026-09-05,region,Occidente,Premium,29.1560,2697
2026-09-05,region,Occidente,Regular,23.9285,2827
2026-09-05,region,Sur,Diesel,27.0878,785
2026-09-05,region,Sur,Premium,28.7809,871
2026-09-05,region,Sur,Regular,23.8941,898
2026-09-05,region,Sureste,Diesel,27.4465,582
2026-09-05,region,Sureste,Premium,28.5696,684
2026-09-05,region,Sureste,Regular,24.4724,728
2026-09-06,estado,Aguascalientes,Diesel,27.0178,158
2026-09-06,estado,Aguascalientes,Premium,29.1735,202
2026-09-06,estado,Aguascalientes,Regular,23.9238,205
2026-09-06,estado,Baja California,Diesel,26.2181,368
2026-09-06,estado,Baja California,Premium,28.1975,574
2026-09-06,estado,Baja California,Regular,22.8890,601
2026-09-06,estado,Baja California Sur,Diesel,27.6434,137
2026-09-06,estado,Baja California Sur,Premium,29.5877,170
2026-09-06,estado,Baja California Sur,Regular,24.4114,182
2026-09-06,estado,Campeche,Diesel,27.0582,118
2026-09-06,estado,Campeche,Premium,28.5793,116
2026-09-06,estado,Campeche,Regular,24.0292,126
2026-09-06,estado,Chiapas,Diesel,26.7489,305
2026-09-06,estado,Chiapas,Premium,28.3126,341
2026-09-06,estado,Chiapas,Regular,23.7759,353
2026-09-06,estado,Chihuahua,Diesel,26.8049,396
2026-09-06,estado,Chihuahua,Premium,26.9494,477
2026-09-06,estado,Chihuahua,Regular,22.4449,598
2026-09-06,estado,Ciudad de México,Diesel,26.9647,167
2026-09-06,estado,Ciudad de México,Premium,28.7907,351
2026-09-06,estado,Ciudad de México,Regular,23.7608,355
2026-09-06,estado,Coahuila,Diesel,27.0627,292
2026-09-06,estado,Coahuila,Premium,28.6704,473
2026-09-06,estado,Coahuila,Regular,23.7290,489
2026-09-06,estado,Colima,Diesel,27.0243,107
2026-09-06,estado,Colima,Premium,28.8829,126
2026-09-06,estado,Colima,Regular,23.8333,130
2026-09-06,estado,Durango,Diesel,27.2171,188
2026-09-06,estado,Durango,Premium,29.2069,196
2026-09-06,estado,Durango,Regular,24.0490,222
2026-09-06,estado,Guanajuato,Diesel,27.0590,612
2026-09-06,estado,Guanajuato,Premium,29.1307,698
2026-09-06,estado,Guanajuato,Regular,23.8435,727
2026-09-06,estado,Guerrero,Diesel,27.0739,201
2026-09-06,estado,Guerrero,Premium,28.9315,253
2026-09-06,estado,Guerrero,Regular,23.8646,252
2026-09-06,estado,Hidalgo,Diesel,26.9951,271
2026-09-06,estado,Hidalgo,Premium,28.1104,286
2026-09-06,estado,Hidalgo,Regular,23.6624,311
2026-09-06,estado,Jalisco,Diesel,27.1292,777
2026-09-06,estado,Jalisco,Premium,29.3682,940
2026-09-06,estado,Jalisco,Regular,23.9786,978
2026-09-06,estado,Michoacán,Diesel,27.0249,511
2026-09-06,estado,Michoacán,Premium,28.9824,541
2026-09-06,estado,Michoacán,Regular,23.9530,558
2026-09-06,estado,Morelos,Diesel,26.9832,159
2026-09-06,estado,Morelos,Premium,28.4644,189
2026-09-06,estado,Morelos,Regular,23.8115,190
2026-09-06,estado,México,Diesel,26.9781,1016
2026-09-06,estado,México,Premium,28.4446,1255
2026-09-06,estado,México,Regular,23.6908,1276
2026-09-06,estado,Nayarit,Diesel,27.3014,138
2026-09-06,estado,Nayarit,Premium,29.4507,148
2026-09-06,estado,Nayarit,Regular,23.9606,164
2026-09-06,estado,Nuevo León,Diesel,27.0317,368
2026-09-06,estado,Nuevo León,Premium,29.5467,710
2026-09-06,estado,Nuevo León,Regular,24.0717,731
2026-09-06,estado,Oaxaca,Diesel,27.4704,279
2026-09-06,estado,Oaxaca,Premium,29.2155,277
2026-09-06,estado,Oaxaca,Regular,24.0575,293
2026-09-06,estado,Puebla,Diesel,26.9933,534
2026-09-06,estado,Puebla,Premium,28.0698,596
2026-09-06,estado,Puebla,Regular,23.7172,628
2026-09-06,estado,Querétaro,Diesel,26.8957,315
2026-09-06,estado,Querétaro,Premium,28.5224,367
2026-09-06,estado,Querétaro,Regular,23.6864,370
2026-09-06,estado,Quintana Roo,Diesel,28.0569,212
2026-09-06,estado,Quintana Roo,Premium,29.0990,244
2026-09-06,estado,Quintana Roo,Regular,25.1099,259
2026-09-06,estado,San Luis Potosí,Diesel,27.0975,251
2026-09-06,estado,San Luis Potosí,Premium,28.4594,276
2026-09-06,estado,San Luis Potosí,Regular,23.9442,305
2026-09-06,estado,Sinaloa,Diesel,27.0277,442
2026-09-06,estado,Sinaloa,Premium,29.2119,528
2026-09-06,estado,Sinaloa,Regular,23.9346,557
2026-09-06,estado,Sonora,Diesel,26.9831,361
2026-09-06,estado,Sonora,Premium,28.5951,514
2026-09-06,estado,Sonora,Regular,23.2376,549
2026-09-06,estado,Tabasco,Diesel,26.9807,197
2026-09-06,estado,Tabasco,Premium,28.3049,240
2026-09-06,estado,Tabasco,Regular,23.8056,243
2026-09-06,estado,Tamaulipas,Diesel,26.4885,341
2026-09-06,estado,Tamaulipas,Premium,26.1943,514
2026-09-06,estado,Tamaulipas,Regular,21.9274,600
2026-09-06,estado,Tlaxcala,Diesel,26.7883,130
2026-09-06,estado,Tlaxcala,Premium,27.8626,128
2026-09-06,estado,Tlaxcala,Regular,23.5226,140
2026-09-06,estado,Veracruz,Diesel,26.9900,682
2026-09-06,estado,Veracruz,Premium,28.0560,753
2026-09-06,estado,Veracruz,Regular,23.8079,820
2026-09-06,estado,Yucatán,Diesel,27.1147,252
2026-09-06,estado,Yucatán,Premium,28.1707,324
2026-09-06,estado,Yucatán,Regular,24.1538,343
2026-09-06,estado,Zacatecas,Diesel,27.1094,215
2026-09-06,estado,Zacatecas,Premium,28.8387,189
2026-09-06,estado,Zacatecas,Regular,23.9993,228
2026-09-06,nacional,MX,Diesel,27.0086,10505
2026-09-06,nacional,MX,Premium,28.5662,13003
2026-09-06,nacional,MX,Regular,23.6767,13790
2026-09-06,region,Centro,Diesel,26.9629,2592
2026-09-06,region,Centro,Premium,28.3690,3172
2026-09-06,region,Centro,Regular,23.7001,3270
2026-09-06,region,Golfo,Diesel,26.9879,879
2026-09-06,region,Golfo,Premium,28.1162,993
2026-09-06,region,Golfo,Regular,23.8074,1063
2026-09-06,region,Noreste,Diesel,26.9042,1252
2026-09-06,region,Noreste,Premium,28.3111,1973
2026-09-06,region,Noreste,Regular,23.3691,2125
2026-09-06,region,Noroeste,Diesel,26.8950,1446
2026-09-06,region,Noroeste,Premium,28.7982,1934
2026-09-06,region,Noroeste,Regular,23.4865,2053
2026-09-06,region,Norte,Diesel,26.9376,584
2026-09-06,region,Norte,Premium,27.6068,673
2026-09-06,region,Norte,Regular,22.8791,820
2026-09-06,region,Occidente,Diesel,27.0748,2380
2026-09-06,region,Occidente,Premium,29.1549,2696
2026-09-06,region,Occidente,Regular,23.9298,2826
2026-09-06,region,Sur,Diesel,27.0886,785
2026-09-06,region,Sur,Premium,28.7795,871
2026-09-06,region,Sur,Regular,23.8927,898
2026-09-06,region,Sureste,Diesel,27.4465,582
2026-09-06,region,Sureste,Premium,28.5711,684
2026-09-06,region,Sureste,Regular,24.4724,728
2026-09-07,estado,Aguascalientes,Diesel,27.0178,158
2026-09-07,estado,Aguascalientes,Premium,29.1735,202
2026-09-07,estado,Aguascalientes,Regular,23.9238,205
2026-09-07,estado,Baja California,Diesel,26.2181,368
2026-09-07,estado,Baja California,Premium,28.1975,574
2026-09-07,estado,Baja California,Regular,22.8890,601
2026-09-07,estado,Baja California Sur,Diesel,27.6434,137
2026-09-07,estado,Baja California Sur,Premium,29.5877,170
2026-09-07,estado,Baja California Sur,Regular,24.4114,182
2026-09-07,estado,Campeche,Diesel,27.0582,118
2026-09-07,estado,Campeche,Premium,28.5793,116
2026-09-07,estado,Campeche,Regular,24.0292,126
2026-09-07,estado,Chiapas,Diesel,26.7489,305
2026-09-07,estado,Chiapas,Premium,28.3099,341
2026-09-07,estado,Chiapas,Regular,23.7718,353
2026-09-07,estado,Chihuahua,Diesel,26.8049,396
2026-09-07,estado,Chihuahua,Premium,26.9488,477
2026-09-07,estado,Chihuahua,Regular,22.4449,598
2026-09-07,estado,Ciudad de México,Diesel,26.9647,167
2026-09-07,estado,Ciudad de México,Premium,28.7904,351
2026-09-07,estado,Ciudad de México,Regular,23.7605,355
2026-09-07,estado,Coahuila,Diesel,27.0627,292
2026-09-07,estado,Coahuila,Premium,28.6704,473
2026-09-07,estado,Coahuila,Regular,23.7290,489
2026-09-07,estado,Colima,Diesel,27.0243,107
2026-09-07,estado,Colima,Premium,28.8829,126
2026-09-07,estado,Colima,Regular,23.8333,130
2026-09-07,estado,Durango,Diesel,27.2171,188
2026-09-07,estado,Durango,Premium,29.2143,196
2026-09-07,estado,Durango,Regular,24.0490,222
2026-09-07,estado,Guanajuato,Diesel,27.0590,612
2026-09-07,estado,Guanajuato,Premium,29.1315,698
2026-09-07,estado,Guanajuato,Regular,23.8441,727
2026-09-07,estado,Guerrero,Diesel,27.0739,201
2026-09-07,estado,Guerrero,Premium,28.9315,253
2026-09-07,estado,Guerrero,Regular,23.8646,252
2026-09-07,estado,Hidalgo,Diesel,26.9951,271
2026-09-07,estado,Hidalgo,Premium,28.1104,286
2026-09-07,estado,Hidalgo,Regular,23.6624,311
2026-09-07,estado,Jalisco,Diesel,27.1311,777
2026-09-07,estado,Jalisco,Premium,29.3682,940
2026-09-07,estado,Jalisco,Regular,23.9796,978
2026-09-07,estado,Michoacán,Diesel,27.0256,511
2026-09-07,estado,Michoacán,Premium,28.9872,541
2026-09-07,estado,Michoacán,Regular,23.9532,558
2026-09-07,estado,Morelos,Diesel,26.9832,159
2026-09-07,estado,Morelos,Premium,28.4644,189
2026-09-07,estado,Morelos,Regular,23.8115,190
2026-09-07,estado,México,Diesel,26.9781,1016
2026-09-07,estado,México,Premium,28.4450,1255
2026-09-07,estado,México,Regular,23.6910,1276
2026-09-07,estado,Nayarit,Diesel,27.3014,138
2026-09-07,estado,Nayarit,Premium,29.4511,148
2026-09-07,estado,Nayarit,Regular,23.9606,164
2026-09-07,estado,Nuevo León,Diesel,27.0317,368
2026-09-07,estado,Nuevo León,Premium,29.5467,710
2026-09-07,estado,Nuevo León,Regular,24.0717,731
2026-09-07,estado,Oaxaca,Diesel,27.4704,279
2026-09-07,estado,Oaxaca,Premium,29.2150,277
2026-09-07,estado,Oaxaca,Regular,24.0575,293
2026-09-07,estado,Puebla,Diesel,26.9916,534
2026-09-07,estado,Puebla,Premium,28.0686,596
2026-09-07,estado,Puebla,Regular,23.7180,628
2026-09-07,estado,Querétaro,Diesel,26.8957,315
2026-09-07,estado,Querétaro,Premium,28.5224,367
2026-09-07,estado,Querétaro,Regular,23.6873,370
2026-09-07,estado,Quintana Roo,Diesel,28.0569,212
2026-09-07,estado,Quintana Roo,Premium,29.0990,244
2026-09-07,estado,Quintana Roo,Regular,25.1099,259
2026-09-07,estado,San Luis Potosí,Diesel,27.0975,251
2026-09-07,estado,San Luis Potosí,Premium,28.4605,276
2026-09-07,estado,San Luis Potosí,Regular,23.9442,305
2026-09-07,estado,Sinaloa,Diesel,27.0260,442
2026-09-07,estado,Sinaloa,Premium,29.2102,528
2026-09-07,estado,Sinaloa,Regular,23.9330,557
2026-09-07,estado,Sonora,Diesel,26.9830,361
2026-09-07,estado,Sonora,Premium,28.5951,514
2026-09-07,estado,Sonora,Regular,23.2364,549
2026-09-07,estado,Tabasco,Diesel,26.9807,197
2026-09-07,estado,Tabasco,Premium,28.3049,240
2026-09-07,estado,Tabasco,Regular,23.8056,243
2026-09-07,estado,Tamaulipas,Diesel,26.4885,341
2026-09-07,estado,Tamaulipas,Premium,26.1943,514
2026-09-07,estado,Tamaulipas,Regular,21.9274,600
2026-09-07,estado,Tlaxcala,Diesel,26.7883,130
2026-09-07,estado,Tlaxcala,Premium,27.8587,128
2026-09-07,estado,Tlaxcala,Regular,23.5226,140
2026-09-07,estado,Veracruz,Diesel,26.9900,682
2026-09-07,estado,Veracruz,Premium,28.0543,753
2026-09-07,estado,Veracruz,Regular,23.8067,820
2026-09-07,estado,Yucatán,Diesel,27.1147,252
2026-09-07,estado,Yucatán,Premium,28.1707,324
2026-09-07,estado,Yucatán,Regular,24.1538,343
2026-09-07,estado,Zacatecas,Diesel,27.1094,215
2026-09-07,estado,Zacatecas,Premium,28.8387,189
2026-09-07,estado,Zacatecas,Regular,23.9993,228
2026-09-07,nacional,MX,Diesel,27.0086,10505
2026-09-07,nacional,MX,Premium,28.5662,13003
2026-09-07,nacional,MX,Regular,23.6766,13790
2026-09-07,region,Centro,Diesel,26.9626,2592
2026-09-07,region,Centro,Premium,28.3688,3172
2026-09-07,region,Centro,Regular,23.7004,3270
2026-09-07,region,Golfo,Diesel,26.9879,879
2026-09-07,region,Golfo,Premium,28.1149,993
2026-09-07,region,Golfo,Regular,23.8065,1063
2026-09-07,region,Noreste,Diesel,26.9042,1252
2026-09-07,region,Noreste,Premium,28.3113,1973
2026-09-07,region,Noreste,Regular,23.3691,2125
2026-09-07,region,Noroeste,Diesel,26.8945,1446
2026-09-07,region,Noroeste,Premium,28.7978,1934
2026-09-07,region,Noroeste,Regular,23.4857,2053
2026-09-07,region,Norte,Diesel,26.9376,584
2026-09-07,region,Norte,Premium,27.6086,673
2026-09-07,region,Norte,Regular,22.8791,820
2026-09-07,region,Occidente,Diesel,27.0756,2380
2026-09-07,region,Occidente,Premium,29.1561,2696
2026-09-07,region,Occidente,Regular,23.9304,2826
2026-09-07,region,Sur,Diesel,27.0886,785
2026-09-07,region,Sur,Premium,28.7783,871
2026-09-07,region,Sur,Regular,23.8911,898
2026-09-07,region,Sureste,Diesel,27.4465,582
2026-09-07,region,Sureste,Premium,28.5711,684
2026-09-07,region,Sureste,Regular,24.4724,728
2026-09-08,estado,Aguascalientes,Diesel,27.0178,158
2026-09-08,estado,Aguascalientes,Premium,29.1761,202
2026-09-08,estado,Aguascalientes,Regular,23.9257,205
2026-09-08,estado,Baja California,Diesel,26.2184,368
2026-09-08,estado,Baja California,Premium,28.2078,574
2026-09-08,estado,Baja California,Regular,22.8830,601
2026-09-08,estado,Baja California Sur,Diesel,27.6579,137
2026-09-08,estado,Baja California Sur,Premium,29.5959,170
2026-09-08,estado,Baja California Sur,Regular,24.4142,182
2026-09-08,estado,Campeche,Diesel,27.0582,118
2026-09-08,estado,Campeche,Premium,28.5793,116
2026-09-08,estado,Campeche,Regular,24.0292,126
2026-09-08,estado,Chiapas,Diesel,26.7477,305
2026-09-08,estado,Chiapas,Premium,28.3082,341
2026-09-08,estado,Chiapas,Regular,23.7765,353
2026-09-08,estado,Chihuahua,Diesel,26.8053,397
2026-09-08,estado,Chihuahua,Premium,26.9505,478
2026-09-08,estado,Chihuahua,Regular,22.4474,599
2026-09-08,estado,Ciudad de México,Diesel,26.9647,167
2026-09-08,estado,Ciudad de México,Premium,28.7914,351
2026-09-08,estado,Ciudad de México,Regular,23.7612,355
2026-09-08,estado,Coahuila,Diesel,27.0792,291
2026-09-08,estado,Coahuila,Premium,28.6710,473
2026-09-08,estado,Coahuila,Regular,23.7392,488
2026-09-08,estado,Colima,Diesel,27.0057,107
2026-09-08,estado,Colima,Premium,28.8829,126
2026-09-08,estado,Colima,Regular,23.8333,130
2026-09-08,estado,Durango,Diesel,27.2149,188
2026-09-08,estado,Durango,Premium,29.2168,196
2026-09-08,estado,Durango,Regular,24.0480,222
2026-09-08,estado,Guanajuato,Diesel,27.0636,612
2026-09-08,estado,Guanajuato,Premium,29.1340,698
2026-09-08,estado,Guanajuato,Regular,23.8530,727
2026-09-08,estado,Guerrero,Diesel,27.0743,201
2026-09-08,estado,Guerrero,Premium,28.9319,253
2026-09-08,estado,Guerrero,Regular,23.8646,252
2026-09-08,estado,Hidalgo,Diesel,26.9840,271
2026-09-08,estado,Hidalgo,Premium,28.1122,286
2026-09-08,estado,Hidalgo,Regular,23.6629,311
2026-09-08,estado,Jalisco,Diesel,27.1327,777
2026-09-08,estado,Jalisco,Premium,29.3762,940
2026-09-08,estado,Jalisco,Regular,23.9840,978
2026-09-08,estado,Michoacán,Diesel,27.0251,511
2026-09-08,estado,Michoacán,Premium,28.9880,541
2026-09-08,estado,Michoacán,Regular,23.9514,558
2026-09-08,estado,Morelos,Diesel,26.9832,159
2026-09-08,estado,Morelos,Premium,28.4675,189
2026-09-08,estado,Morelos,Regular,23.8115,190
2026-09-08,estado,México,Diesel,26.9774,1016
2026-09-08,estado,México,Premium,28.4497,1255
2026-09-08,estado,México,Regular,23.6927,1276
2026-09-08,estado,Nayarit,Diesel,27.3006,138
2026-09-08,estado,Nayarit,Premium,29.4479,148
2026-09-08,estado,Nayarit,Regular,23.9606,164
2026-09-08,estado,Nuevo León,Diesel,27.0314,368
2026-09-08,estado,Nuevo León,Premium,29.5467,710
2026-09-08,estado,Nuevo León,Regular,24.0703,731
2026-09-08,estado,Oaxaca,Diesel,27.4713,279
2026-09-08,estado,Oaxaca,Premium,29.2185,277
2026-09-08,estado,Oaxaca,Regular,24.0583,293
2026-09-08,estado,Puebla,Diesel,26.9918,534
2026-09-08,estado,Puebla,Premium,28.0704,596
2026-09-08,estado,Puebla,Regular,23.7188,628
2026-09-08,estado,Querétaro,Diesel,26.8991,314
2026-09-08,estado,Querétaro,Premium,28.5708,366
2026-09-08,estado,Querétaro,Regular,23.7062,369
2026-09-08,estado,Quintana Roo,Diesel,28.0569,212
2026-09-08,estado,Quintana Roo,Premium,29.0990,244
2026-09-08,estado,Quintana Roo,Regular,25.1099,259
2026-09-08,estado,San Luis Potosí,Diesel,27.1049,251
2026-09-08,estado,San Luis Potosí,Premium,28.4660,276
2026-09-08,estado,San Luis Potosí,Regular,23.9467,305
2026-09-08,estado,Sinaloa,Diesel,27.0277,442
2026-09-08,estado,Sinaloa,Premium,29.2213,528
2026-09-08,estado,Sinaloa,Regular,23.9346,557
2026-09-08,estado,Sonora,Diesel,26.9809,361
2026-09-08,estado,Sonora,Premium,28.5954,514
2026-09-08,estado,Sonora,Regular,23.2368,549
2026-09-08,estado,Tabasco,Diesel,26.9807,197
2026-09-08,estado,Tabasco,Premium,28.3057,240
2026-09-08,estado,Tabasco,Regular,23.8069,243
2026-09-08,estado,Tamaulipas,Diesel,26.4887,341
2026-09-08,estado,Tamaulipas,Premium,26.2022,514
2026-09-08,estado,Tamaulipas,Regular,21.9231,600
2026-09-08,estado,Tlaxcala,Diesel,26.7878,130
2026-09-08,estado,Tlaxcala,Premium,27.8623,128
2026-09-08,estado,Tlaxcala,Regular,23.5199,140
2026-09-08,estado,Veracruz,Diesel,26.9919,682
2026-09-08,estado,Veracruz,Premium,28.0625,753
2026-09-08,estado,Veracruz,Regular,23.8125,820
2026-09-08,estado,Yucatán,Diesel,27.1147,252
2026-09-08,estado,Yucatán,Premium,28.1710,324
2026-09-08,estado,Yucatán,Regular,24.1521,343
2026-09-08,estado,Zacatecas,Diesel,27.1099,215
2026-09-08,estado,Zacatecas,Premium,28.8414,189
2026-09-08,estado,Zacatecas,Regular,23.9967,228
2026-09-08,nacional,MX,Diesel,27.0094,10504
2026-09-08,nacional,MX,Premium,28.5710,13003
2026-09-08,nacional,MX,Regular,23.6785,13789
2026-09-08,region,Centro,Diesel,26.9616,2591
2026-09-08,region,Centro,Premium,28.3771,3171
2026-09-08,region,Centro,Regular,23.7034,3269
2026-09-08,region,Golfo,Diesel,26.9894,879
2026-09-08,region,Golfo,Premium,28.1213,993
2026-09-08,region,Golfo,Regular,23.8112,1063
2026-09-08,region,Noreste,Diesel,26.9093,1251
2026-09-08,region,Noreste,Premium,28.3143,1973
2026-09-08,region,Noreste,Regular,23.3699,2124
2026-09-08,region,Noroeste,Diesel,26.8958,1446
2026-09-08,region,Noroeste,Premium,28.8044,1934
2026-09-08,region,Noroeste,Regular,23.4847,2053
2026-09-08,region,Norte,Diesel,26.9370,585
2026-09-08,region,Norte,Premium,27.6096,674
2026-09-08,region,Norte,Regular,22.8802,821
2026-09-08,region,Occidente,Diesel,27.0764,2380
2026-09-08,region,Occidente,Premium,29.1600,2696
2026-09-08,region,Occidente,Regular,23.9337,2826
2026-09-08,region,Sur,Diesel,27.0885,785
2026-09-08,region,Sur,Premium,28.7789,871
2026-09-08,region,Sur,Regular,23.8932,898
2026-09-08,region,Sureste,Diesel,27.4465,582
2026-09-08,region,Sureste,Premium,28.5713,684
2026-09-08,region,Sureste,Regular,24.4716,728
2026-09-09,estado,Aguascalientes,Diesel,27.0178,158
2026-09-09,estado,Aguascalientes,Premium,29.1771,202
2026-09-09,estado,Aguascalientes,Regular,23.9257,205
2026-09-09,estado,Baja California,Diesel,26.2157,368
2026-09-09,estado,Baja California,Premium,28.1996,574
2026-09-09,estado,Baja California,Regular,22.8742,601
2026-09-09,estado,Baja California Sur,Diesel,27.6652,137
2026-09-09,estado,Baja California Sur,Premium,29.5942,170
2026-09-09,estado,Baja California Sur,Regular,24.4158,182
2026-09-09,estado,Campeche,Diesel,27.0582,118
2026-09-09,estado,Campeche,Premium,28.5793,116
2026-09-09,estado,Campeche,Regular,24.0292,126
2026-09-09,estado,Chiapas,Diesel,26.7441,305
2026-09-09,estado,Chiapas,Premium,28.3082,341
2026-09-09,estado,Chiapas,Regular,23.7725,353
2026-09-09,estado,Chihuahua,Diesel,26.8053,397
2026-09-09,estado,Chihuahua,Premium,26.9505,478
2026-09-09,estado,Chihuahua,Regular,22.4474,599
2026-09-09,estado,Ciudad de México,Diesel,26.9635,167
2026-09-09,estado,Ciudad de México,Premium,28.7941,351
2026-09-09,estado,Ciudad de México,Regular,23.7672,355
2026-09-09,estado,Coahuila,Diesel,27.0792,291
2026-09-09,estado,Coahuila,Premium,28.6722,473
2026-09-09,estado,Coahuila,Regular,23.7535,488
2026-09-09,estado,Colima,Diesel,27.0057,107
2026-09-09,estado,Colima,Premium,28.8829,126
2026-09-09,estado,Colima,Regular,23.8333,130
2026-09-09,estado,Durango,Diesel,27.2073,188
2026-09-09,estado,Durango,Premium,29.2216,196
2026-09-09,estado,Durango,Regular,24.0494,222
2026-09-09,estado,Guanajuato,Diesel,27.0625,612
2026-09-09,estado,Guanajuato,Premium,29.1302,698
2026-09-09,estado,Guanajuato,Regular,23.8493,727
2026-09-09,estado,Guerrero,Diesel,27.0726,201
2026-09-09,estado,Guerrero,Premium,28.9302,253
2026-09-09,estado,Guerrero,Regular,23.8646,252
2026-09-09,estado,Hidalgo,Diesel,26.9846,271
2026-09-09,estado,Hidalgo,Premium,28.1159,286
2026-09-09,estado,Hidalgo,Regular,23.6633,311
2026-09-09,estado,Jalisco,Diesel,27.1334,777
2026-09-09,estado,Jalisco,Premium,29.3682,940
2026-09-09,estado,Jalisco,Regular,23.9839,978
2026-09-09,estado,Michoacán,Diesel,27.0249,511
2026-09-09,estado,Michoacán,Premium,28.9952,541
2026-09-09,estado,Michoacán,Regular,23.9492,558
2026-09-09,estado,Morelos,Diesel,26.9832,159
2026-09-09,estado,Morelos,Premium,28.4650,189
2026-09-09,estado,Morelos,Regular,23.8120,190
2026-09-09,estado,México,Diesel,26.9772,1016
2026-09-09,estado,México,Premium,28.4512,1255
2026-09-09,estado,México,Regular,23.6941,1275
2026-09-09,estado,Nayarit,Diesel,27.3006,138
2026-09-09,estado,Nayarit,Premium,29.4514,148
2026-09-09,estado,Nayarit,Regular,23.9606,164
2026-09-09,estado,Nuevo León,Diesel,27.0317,368
2026-09-09,estado,Nuevo León,Premium,29.5479,710
2026-09-09,estado,Nuevo León,Regular,24.0879,731
2026-09-09,estado,Oaxaca,Diesel,27.4713,279
2026-09-09,estado,Oaxaca,Premium,29.2191,277
2026-09-09,estado,Oaxaca,Regular,24.0583,293
2026-09-09,estado,Puebla,Diesel,26.9901,534
2026-09-09,estado,Puebla,Premium,28.0655,596
2026-09-09,estado,Puebla,Regular,23.7172,628
2026-09-09,estado,Querétaro,Diesel,26.9084,315
2026-09-09,estado,Querétaro,Premium,28.5674,367
2026-09-09,estado,Querétaro,Regular,23.7236,370
2026-09-09,estado,Quintana Roo,Diesel,28.0669,212
2026-09-09,estado,Quintana Roo,Premium,29.0981,244
2026-09-09,estado,Quintana Roo,Regular,25.1099,259
2026-09-09,estado,San Luis Potosí,Diesel,27.1027,251
2026-09-09,estado,San Luis Potosí,Premium,28.4663,276
2026-09-09,estado,San Luis Potosí,Regular,23.9473,305
2026-09-09,estado,Sinaloa,Diesel,27.0271,442
2026-09-09,estado,Sinaloa,Premium,29.2381,528
2026-09-09,estado,Sinaloa,Regular,23.9346,557
2026-09-09,estado,Sonora,Diesel,26.9809,361
2026-09-09,estado,Sonora,Premium,28.5946,514
2026-09-09,estado,Sonora,Regular,23.2362,549
2026-09-09,estado,Tabasco,Diesel,26.9807,197
2026-09-09,estado,Tabasco,Premium,28.3057,240
2026-09-09,estado,Tabasco,Regular,23.8068,243
2026-09-09,estado,Tamaulipas,Diesel,26.4882,341
2026-09-09,estado,Tamaulipas,Premium,26.2023,514
2026-09-09,estado,Tamaulipas,Regular,21.9228,600
2026-09-09,estado,Tlaxcala,Diesel,26.7849,130
2026-09-09,estado,Tlaxcala,Premium,27.8678,128
2026-09-09,estado,Tlaxcala,Regular,23.5180,140
2026-09-09,estado,Veracruz,Diesel,26.9918,682
2026-09-09,estado,Veracruz,Premium,28.0605,753
2026-09-09,estado,Veracruz,Regular,23.8126,820
2026-09-09,estado,Yucatán,Diesel,27.1147,252
2026-09-09,estado,Yucatán,Premium,28.1722,324
2026-09-09,estado,Yucatán,Regular,24.1533,343
2026-09-09,estado,Zacatecas,Diesel,27.1099,215
2026-09-09,estado,Zacatecas,Premium,28.8456,189
2026-09-09,estado,Zacatecas,Regular,23.9975,228
2026-09-09,nacional,MX,Diesel,27.0094,10505
2026-09-09,nacional,MX,Premium,28.5710,13004
2026-09-09,nacional,MX,Regular,23.6799,13789
2026-09-09,region,Centro,Diesel,26.9621,2592
2026-09-09,region,Centro,Premium,28.3772,3172
2026-09-09,region,Centro,Regular,23.7062,3269
2026-09-09,region,Golfo,Diesel,26.9893,879
2026-09-09,region,Golfo,Premium,28.1198,993
2026-09-09,region,Golfo,Regular,23.8113,1063
2026-09-09,region,Noreste,Diesel,26.9089,1251
2026-09-09,region,Noreste,Premium,28.3151,1973
2026-09-09,region,Noreste,Regular,23.3793,2124
2026-09-09,region,Noroeste,Diesel,26.8956,1446
2026-09-09,region,Noroeste,Premium,28.8065,1934
2026-09-09,region,Noroeste,Regular,23.4822,2053
2026-09-09,region,Norte,Diesel,26.9345,585
2026-09-09,region,Norte,Premium,27.6110,674
2026-09-09,region,Norte,Regular,22.8806,821
2026-09-09,region,Occidente,Diesel,27.0764,2380
2026-09-09,region,Occidente,Premium,29.1581,2696
2026-09-09,region,Occidente,Regular,23.9324,2826
2026-09-09,region,Sur,Diesel,27.0867,785
2026-09-09,region,Sur,Premium,28.7785,871
2026-09-09,region,Sur,Regular,23.8916,898
2026-09-09,region,Sureste,Diesel,27.4501,582
2026-09-09,region,Sureste,Premium,28.5715,684
2026-09-09,region,Sureste,Regular,24.4721,728
2026-09-10,estado,Aguascalientes,Diesel,27.0241,158
2026-09-10,estado,Aguascalientes,Premium,29.1771,202
2026-09-10,estado,Aguascalientes,Regular,23.9257,205
2026-09-10,estado,Baja California,Diesel,26.2156,368
2026-09-10,estado,Baja California,Premium,28.1998,574
2026-09-10,estado,Baja California,Regular,22.8757,601
2026-09-10,estado,Baja California Sur,Diesel,27.5886,138
2026-09-10,estado,Baja California Sur,Premium,29.5965,171
2026-09-10,estado,Baja California Sur,Regular,24.4135,183
2026-09-10,estado,Campeche,Diesel,27.0582,118
2026-09-10,estado,Campeche,Premium,28.5793,116
2026-09-10,estado,Campeche,Regular,24.0292,126
2026-09-10,estado,Chiapas,Diesel,26.7441,305
2026-09-10,estado,Chiapas,Premium,28.3035,341
2026-09-10,estado,Chiapas,Regular,23.7731,353
2026-09-10,estado,Chihuahua,Diesel,26.8013,397
2026-09-10,estado,Chihuahua,Premium,26.9505,478
2026-09-10,estado,Chihuahua,Regular,22.4474,599
2026-09-10,estado,Ciudad de México,Diesel,26.9640,167
2026-09-10,estado,Ciudad de México,Premium,28.7948,351
2026-09-10,estado,Ciudad de México,Regular,23.7699,354
2026-09-10,estado,Coahuila,Diesel,27.0787,291
2026-09-10,estado,Coahuila,Premium,28.6722,473
2026-09-10,estado,Coahuila,Regular,23.7507,488
2026-09-10,estado,Colima,Diesel,27.0057,107
2026-09-10,estado,Colima,Premium,28.8837,126
2026-09-10,estado,Colima,Regular,23.8333,130
2026-09-10,estado,Durango,Diesel,27.2073,188
2026-09-10,estado,Durango,Premium,29.2209,196
2026-09-10,estado,Durango,Regular,24.0460,222
2026-09-10,estado,Guanajuato,Diesel,27.0639,612
2026-09-10,estado,Guanajuato,Premium,29.1333,698
2026-09-10,estado,Guanajuato,Regular,23.8589,727
2026-09-10,estado,Guerrero,Diesel,27.0726,201
2026-09-10,estado,Guerrero,Premium,28.9298,253
2026-09-10,estado,Guerrero,Regular,23.8646,252
2026-09-10,estado,Hidalgo,Diesel,26.9845,271
2026-09-10,estado,Hidalgo,Premium,28.1201,286
2026-09-10,estado,Hidalgo,Regular,23.6633,311
2026-09-10,estado,Jalisco,Diesel,27.1334,778
2026-09-10,estado,Jalisco,Premium,29.3706,941
2026-09-10,estado,Jalisco,Regular,23.9862,979
2026-09-10,estado,Michoacán,Diesel,27.0208,511
2026-09-10,estado,Michoacán,Premium,28.9991,541
2026-09-10,estado,Michoacán,Regular,23.9482,558
2026-09-10,estado,Morelos,Diesel,26.9832,159
2026-09-10,estado,Morelos,Premium,28.4658,189
2026-09-10,estado,Morelos,Regular,23.8115,190
2026-09-10,estado,México,Diesel,26.9747,1016
2026-09-10,estado,México,Premium,28.4508,1255
2026-09-10,estado,México,Regular,23.6946,1275
2026-09-10,estado,Nayarit,Diesel,27.3006,138
2026-09-10,estado,Nayarit,Premium,29.4514,148
2026-09-10,estado,Nayarit,Regular,23.9606,164
2026-09-10,estado,Nuevo León,Diesel,27.0317,368
2026-09-10,estado,Nuevo León,Premium,29.5483,710
2026-09-10,estado,Nuevo León,Regular,24.0879,731
2026-09-10,estado,Oaxaca,Diesel,27.4713,279
2026-09-10,estado,Oaxaca,Premium,29.2199,277
2026-09-10,estado,Oaxaca,Regular,24.0583,293
2026-09-10,estado,Puebla,Diesel,26.9904,534
2026-09-10,estado,Puebla,Premium,28.0663,596
2026-09-10,estado,Puebla,Regular,23.7167,628
2026-09-10,estado,Querétaro,Diesel,26.9125,316
2026-09-10,estado,Querétaro,Premium,28.5734,368
2026-09-10,estado,Querétaro,Regular,23.7268,371
2026-09-10,estado,Quintana Roo,Diesel,28.0655,212
2026-09-10,estado,Quintana Roo,Premium,29.0989,244
2026-09-10,estado,Quintana Roo,Regular,25.1082,259
2026-09-10,estado,San Luis Potosí,Diesel,27.0914,251
2026-09-10,estado,San Luis Potosí,Premium,28.4668,276
2026-09-10,estado,San Luis Potosí,Regular,23.9483,305
2026-09-10,estado,Sinaloa,Diesel,27.0271,442
2026-09-10,estado,Sinaloa,Premium,29.2371,528
2026-09-10,estado,Sinaloa,Regular,23.9347,558
2026-09-10,estado,Sonora,Diesel,26.9677,361
2026-09-10,estado,Sonora,Premium,28.5955,514
2026-09-10,estado,Sonora,Regular,23.2113,549
2026-09-10,estado,Tabasco,Diesel,26.9807,197
2026-09-10,estado,Tabasco,Premium,28.3049,240
2026-09-10,estado,Tabasco,Regular,23.8068,243
2026-09-10,estado,Tamaulipas,Diesel,26.4901,341
2026-09-10,estado,Tamaulipas,Premium,26.1930,514
2026-09-10,estado,Tamaulipas,Regular,21.9209,600
2026-09-10,estado,Tlaxcala,Diesel,26.7855,130
2026-09-10,estado,Tlaxcala,Premium,27.8682,128
2026-09-10,estado,Tlaxcala,Regular,23.5224,139
2026-09-10,estado,Veracruz,Diesel,26.9920,682
2026-09-10,estado,Veracruz,Premium,28.0620,753
2026-09-10,estado,Veracruz,Regular,23.8130,820
2026-09-10,estado,Yucatán,Diesel,27.1147,252
2026-09-10,estado,Yucatán,Premium,28.1735,324
2026-09-10,estado,Yucatán,Regular,24.1533,343
2026-09-10,estado,Zacatecas,Diesel,27.1114,216
2026-09-10,estado,Zacatecas,Premium,28.8438,190
2026-09-10,estado,Zacatecas,Regular,23.9970,229
2026-09-10,nacional,MX,Diesel,27.0075,10509
2026-09-10,nacional,MX,Premium,28.5716,13008
2026-09-10,nacional,MX,Regular,23.6797,13792
2026-09-10,region,Centro,Diesel,26.9617,2593
2026-09-10,region,Centro,Premium,28.3785,3173
2026-09-10,region,Centro,Regular,23.7072,3268
2026-09-10,region,Golfo,Diesel,26.9895,879
2026-09-10,region,Golfo,Premium,28.1207,993
2026-09-10,region,Golfo,Regular,23.8115,1063
2026-09-10,region,Noreste,Diesel,26.9070,1251
2026-09-10,region,Noreste,Premium,28.3129,1973
2026-09-10,region,Noreste,Regular,23.3783,2124
2026-09-10,region,Noroeste,Diesel,26.8855,1447
2026-09-10,region,Noroeste,Premium,28.8071,1935
2026-09-10,region,Noroeste,Regular,23.4764,2055
2026-09-10,region,Norte,Diesel,26.9318,585
2026-09-10,region,Norte,Premium,27.6108,674
2026-09-10,region,Norte,Regular,22.8797,821
2026-09-10,region,Occidente,Diesel,27.0764,2382
2026-09-10,region,Occidente,Premium,29.1604,2698
2026-09-10,region,Occidente,Regular,23.9354,2828
2026-09-10,region,Sur,Diesel,27.0867,785
2026-09-10,region,Sur,Premium,28.7769,871
2026-09-10,region,Sur,Regular,23.8918,898
2026-09-10,region,Sureste,Diesel,27.4496,582
2026-09-10,region,Sureste,Premium,28.5724,684
2026-09-10,region,Sureste,Regular,24.4715,728
2026-09-11,estado,Aguascalientes,Diesel,27.0272,158
2026-09-11,estado,Aguascalientes,Premium,29.1771,202
2026-09-11,estado,Aguascalientes,Regular,23.9257,205
2026-09-11,estado,Baja California,Diesel,26.2154,368
2026-09-11,estado,Baja California,Premium,28.1966,574
2026-09-11,estado,Baja California,Regular,22.8747,601
2026-09-11,estado,Baja California Sur,Diesel,27.6604,138
2026-09-11,estado,Baja California Sur,Premium,29.5965,171
2026-09-11,estado,Baja California Sur,Regular,24.4135,183
2026-09-11,estado,Campeche,Diesel,27.0582,118
2026-09-11,estado,Campeche,Premium,28.5793,116
2026-09-11,estado,Campeche,Regular,24.0292,126
2026-09-11,estado,Chiapas,Diesel,26.7441,305
2026-09-11,estado,Chiapas,Premium,28.3018,341
2026-09-11,estado,Chiapas,Regular,23.7719,353
2026-09-11,estado,Chihuahua,Diesel,26.8026,397
2026-09-11,estado,Chihuahua,Premium,26.9531,478
2026-09-11,estado,Chihuahua,Regular,22.4477,599
2026-09-11,estado,Ciudad de México,Diesel,26.9640,167
2026-09-11,estado,Ciudad de México,Premium,28.7945,351
2026-09-11,estado,Ciudad de México,Regular,23.7689,354
2026-09-11,estado,Coahuila,Diesel,27.0684,291
2026-09-11,estado,Coahuila,Premium,28.6701,473
2026-09-11,estado,Coahuila,Regular,23.7554,488
2026-09-11,estado,Colima,Diesel,27.0057,107
2026-09-11,estado,Colima,Premium,28.8793,126
2026-09-11,estado,Colima,Regular,23.8333,130
2026-09-11,estado,Durango,Diesel,27.2073,188
2026-09-11,estado,Durango,Premium,29.2209,196
2026-09-11,estado,Durango,Regular,24.0595,222
2026-09-11,estado,Guanajuato,Diesel,27.0641,612
2026-09-11,estado,Guanajuato,Premium,29.1306,698
2026-09-11,estado,Guanajuato,Regular,23.8572,727
2026-09-11,estado,Guerrero,Diesel,27.0726,201
2026-09-11,estado,Guerrero,Premium,28.9298,253
2026-09-11,estado,Guerrero,Regular,23.8646,252
2026-09-11,estado,Hidalgo,Diesel,26.9851,271
2026-09-11,estado,Hidalgo,Premium,28.1197,286
2026-09-11,estado,Hidalgo,Regular,23.6674,311
2026-09-11,estado,Jalisco,Diesel,27.1282,778
2026-09-11,estado,Jalisco,Premium,29.3706,941
2026-09-11,estado,Jalisco,Regular,23.9793,979
2026-09-11,estado,Michoacán,Diesel,27.0214,511
2026-09-11,estado,Michoacán,Premium,29.0011,541
2026-09-11,estado,Michoacán,Regular,23.9499,558
2026-09-11,estado,Morelos,Diesel,26.9832,159
2026-09-11,estado,Morelos,Premium,28.4695,189
2026-09-11,estado,Morelos,Regular,23.8157,190
2026-09-11,estado,México,Diesel,26.9753,1016
2026-09-11,estado,México,Premium,28.4519,1255
2026-09-11,estado,México,Regular,23.6969,1275
2026-09-11,estado,Nayarit,Diesel,27.2164,138
2026-09-11,estado,Nayarit,Premium,29.4446,148
2026-09-11,estado,Nayarit,Regular,23.9324,164
2026-09-11,estado,Nuevo León,Diesel,27.0317,368
2026-09-11,estado,Nuevo León,Premium,29.5483,710
2026-09-11,estado,Nuevo León,Regular,24.0891,731
2026-09-11,estado,Oaxaca,Diesel,27.4713,279
2026-09-11,estado,Oaxaca,Premium,29.2206,277
2026-09-11,estado,Oaxaca,Regular,24.0583,293
2026-09-11,estado,Puebla,Diesel,26.9946,534
2026-09-11,estado,Puebla,Premium,28.0668,596
2026-09-11,estado,Puebla,Regular,23.7163,628
2026-09-11,estado,Querétaro,Diesel,26.9084,316
2026-09-11,estado,Querétaro,Premium,28.5745,368
2026-09-11,estado,Querétaro,Regular,23.7239,371
2026-09-11,estado,Quintana Roo,Diesel,28.0641,212
2026-09-11,estado,Quintana Roo,Premium,29.0989,244
2026-09-11,estado,Quintana Roo,Regular,25.1072,259
2026-09-11,estado,San Luis Potosí,Diesel,27.0655,251
2026-09-11,estado,San Luis Potosí,Premium,28.4686,276
2026-09-11,estado,San Luis Potosí,Regular,23.9465,305
2026-09-11,estado,Sinaloa,Diesel,27.0274,442
2026-09-11,estado,Sinaloa,Premium,29.2374,528
2026-09-11,estado,Sinaloa,Regular,23.9347,558
2026-09-11,estado,Sonora,Diesel,26.9358,361
2026-09-11,estado,Sonora,Premium,28.5959,514
2026-09-11,estado,Sonora,Regular,23.2034,549
2026-09-11,estado,Tabasco,Diesel,26.9807,197
2026-09-11,estado,Tabasco,Premium,28.3057,240
2026-09-11,estado,Tabasco,Regular,23.8050,243
2026-09-11,estado,Tamaulipas,Diesel,26.4571,341
2026-09-11,estado,Tamaulipas,Premium,26.1964,514
2026-09-11,estado,Tamaulipas,Regular,21.9181,600
2026-09-11,estado,Tlaxcala,Diesel,26.7767,130
2026-09-11,estado,Tlaxcala,Premium,27.8758,128
2026-09-11,estado,Tlaxcala,Regular,23.5260,140
2026-09-11,estado,Veracruz,Diesel,26.9919,682
2026-09-11,estado,Veracruz,Premium,28.0624,753
2026-09-11,estado,Veracruz,Regular,23.8127,820
2026-09-11,estado,Yucatán,Diesel,27.0689,252
2026-09-11,estado,Yucatán,Premium,28.1735,324
2026-09-11,estado,Yucatán,Regular,24.0804,343
2026-09-11,estado,Zacatecas,Diesel,27.1114,216
2026-09-11,estado,Zacatecas,Premium,28.8448,190
2026-09-11,estado,Zacatecas,Regular,23.9970,229
2026-09-11,nacional,MX,Diesel,27.0030,10509
2026-09-11,nacional,MX,Premium,28.5718,13008
2026-09-11,nacional,MX,Regular,23.6771,13793
2026-09-11,region,Centro,Diesel,26.9619,2593
2026-09-11,region,Centro,Premium,28.3795,3173
2026-09-11,region,Centro,Regular,23.7083,3269
2026-09-11,region,Golfo,Diesel,26.9894,879
2026-09-11,region,Golfo,Premium,28.1212,993
2026-09-11,region,Golfo,Regular,23.8110,1063
2026-09-11,region,Noreste,Diesel,26.8904,1251
2026-09-11,region,Noreste,Premium,28.3135,1973
2026-09-11,region,Noreste,Regular,23.3787,2124
2026-09-11,region,Noroeste,Diesel,26.8764,1447
2026-09-11,region,Noroeste,Premium,28.8058,1935
2026-09-11,region,Noroeste,Regular,23.4718,2055
2026-09-11,region,Norte,Diesel,26.9327,585
2026-09-11,region,Norte,Premium,27.6126,674
2026-09-11,region,Norte,Regular,22.8835,821
2026-09-11,region,Occidente,Diesel,27.0751,2382
2026-09-11,region,Occidente,Premium,29.1600,2698
2026-09-11,region,Occidente,Regular,23.9329,2828
2026-09-11,region,Sur,Diesel,27.0867,785
2026-09-11,region,Sur,Premium,28.7764,871
2026-09-11,region,Sur,Regular,23.8914,898
2026-09-11,region,Sureste,Diesel,27.4292,582
2026-09-11,region,Sureste,Premium,28.5724,684
2026-09-11,region,Sureste,Regular,24.4368,728
2026-09-12,estado,Aguascalientes,Diesel,27.0285,158
2026-09-12,estado,Aguascalientes,Premium,29.1771,202
2026-09-12,estado,Aguascalientes,Regular,23.9203,205
2026-09-12,estado,Baja California,Diesel,26.2047,368
2026-09-12,estado,Baja California,Premium,28.1976,574
2026-09-12,estado,Baja California,Regular,22.8796,601
2026-09-12,estado,Baja California Sur,Diesel,27.6338,138
2026-09-12,estado,Baja California Sur,Premium,29.5877,171
2026-09-12,estado,Baja California Sur,Regular,24.4091,183
2026-09-12,estado,Campeche,Diesel,27.0582,118
2026-09-12,estado,Campeche,Premium,28.5819,116
2026-09-12,estado,Campeche,Regular,24.0292,126
2026-09-12,estado,Chiapas,Diesel,26.7371,305
2026-09-12,estado,Chiapas,Premium,28.3062,341
2026-09-12,estado,Chiapas,Regular,23.7832,353
2026-09-12,estado,Chihuahua,Diesel,26.7952,397
2026-09-12,estado,Chihuahua,Premium,26.9531,478
2026-09-12,estado,Chihuahua,Regular,22.4477,599
2026-09-12,estado,Ciudad de México,Diesel,26.9643,167
2026-09-12,estado,Ciudad de México,Premium,28.7963,351
2026-09-12,estado,Ciudad de México,Regular,23.7678,354
2026-09-12,estado,Coahuila,Diesel,27.0734,291
2026-09-12,estado,Coahuila,Premium,28.6712,473
2026-09-12,estado,Coahuila,Regular,23.7561,488
2026-09-12,estado,Colima,Diesel,27.0243,107
2026-09-12,estado,Colima,Premium,28.8793,126
2026-09-12,estado,Colima,Regular,23.8333,130
2026-09-12,estado,Durango,Diesel,27.2115,188
2026-09-12,estado,Durango,Premium,29.2226,196
2026-09-12,estado,Durango,Regular,24.0574,222
2026-09-12,estado,Guanajuato,Diesel,27.0642,612
2026-09-12,estado,Guanajuato,Premium,29.1344,698
2026-09-12,estado,Guanajuato,Regular,23.8424,727
2026-09-12,estado,Guerrero,Diesel,27.0726,201
2026-09-12,estado,Guerrero,Premium,28.9290,253
2026-09-12,estado,Guerrero,Regular,23.8646,252
2026-09-12,estado,Hidalgo,Diesel,26.9858,271
2026-09-12,estado,Hidalgo,Premium,28.1224,286
2026-09-12,estado,Hidalgo,Regular,23.6656,311
2026-09-12,estado,Jalisco,Diesel,27.1093,778
2026-09-12,estado,Jalisco,Premium,29.3769,941
2026-09-12,estado,Jalisco,Regular,23.9823,979
2026-09-12,estado,Michoacán,Diesel,27.0217,511
2026-09-12,estado,Michoacán,Premium,29.0050,541
2026-09-12,estado,Michoacán,Regular,23.9522,558
2026-09-12,estado,Morelos,Diesel,26.9826,159
2026-09-12,estado,Morelos,Premium,28.4726,189
2026-09-12,estado,Morelos,Regular,23.8137,189
2026-09-12,estado,México,Diesel,26.9758,1016
2026-09-12,estado,México,Premium,28.4691,1255
2026-09-12,estado,México,Regular,23.7059,1273
2026-09-12,estado,Nayarit,Diesel,27.2673,138
2026-09-12,estado,Nayarit,Premium,29.4839,148
2026-09-12,estado,Nayarit,Regular,23.9759,164
2026-09-12,estado,Nuevo León,Diesel,27.0262,368
2026-09-12,estado,Nuevo León,Premium,29.5482,710
2026-09-12,estado,Nuevo León,Regular,24.0887,731
2026-09-12,estado,Oaxaca,Diesel,27.4686,279
2026-09-12,estado,Oaxaca,Premium,29.2217,277
2026-09-12,estado,Oaxaca,Regular,24.0583,293
2026-09-12,estado,Puebla,Diesel,26.9893,534
2026-09-12,estado,Puebla,Premium,28.0736,596
2026-09-12,estado,Puebla,Regular,23.7218,628
2026-09-12,estado,Querétaro,Diesel,26.8952,316
2026-09-12,estado,Querétaro,Premium,28.5468,368
2026-09-12,estado,Querétaro,Regular,23.6492,371
2026-09-12,estado,Quintana Roo,Diesel,28.0641,212
2026-09-12,estado,Quintana Roo,Premium,29.0855,244
2026-09-12,estado,Quintana Roo,Regular,25.1072,259
2026-09-12,estado,San Luis Potosí,Diesel,27.0627,251
2026-09-12,estado,San Luis Potosí,Premium,28.4696,276
2026-09-12,estado,San Luis Potosí,Regular,23.9451,305
2026-09-12,estado,Sinaloa,Diesel,27.0274,442
2026-09-12,estado,Sinaloa,Premium,29.2369,528
2026-09-12,estado,Sinaloa,Regular,23.9350,558
2026-09-12,estado,Sonora,Diesel,26.9465,361
2026-09-12,estado,Sonora,Premium,28.5944,514
2026-09-12,estado,Sonora,Regular,23.2338,549
2026-09-12,estado,Tabasco,Diesel,26.9807,197
2026-09-12,estado,Tabasco,Premium,28.3100,240
2026-09-12,estado,Tabasco,Regular,23.8193,244
2026-09-12,estado,Tamaulipas,Diesel,26.4120,341
2026-09-12,estado,Tamaulipas,Premium,26.1983,514
2026-09-12,estado,Tamaulipas,Regular,21.9222,600
2026-09-12,estado,Tlaxcala,Diesel,26.7765,130
2026-09-12,estado,Tlaxcala,Premium,27.8755,128
2026-09-12,estado,Tlaxcala,Regular,23.5260,140
2026-09-12,estado,Veracruz,Diesel,26.9908,682
2026-09-12,estado,Veracruz,Premium,28.0535,753
2026-09-12,estado,Veracruz,Regular,23.8177,820
2026-09-12,estado,Yucatán,Diesel,27.0688,252
2026-09-12,estado,Yucatán,Premium,28.1746,324
2026-09-12,estado,Yucatán,Regular,23.9744,343
2026-09-12,estado,Zacatecas,Diesel,27.1113,216
2026-09-12,estado,Zacatecas,Premium,28.8463,190
2026-09-12,estado,Zacatecas,Regular,23.9966,230
2026-09-12,nacional,MX,Diesel,26.9994,10510
2026-09-12,nacional,MX,Premium,28.5739,13010
2026-09-12,nacional,MX,Regular,23.6757,13794
2026-09-12,region,Centro,Diesel,26.9595,2593
2026-09-12,region,Centro,Premium,28.3850,3173
2026-09-12,region,Centro,Regular,23.7039,3266
2026-09-12,region,Golfo,Diesel,26.9886,879
2026-09-12,region,Golfo,Premium,28.1155,993
2026-09-12,region,Golfo,Regular,23.8181,1064
2026-09-12,region,Noreste,Diesel,26.8771,1251
2026-09-12,region,Noreste,Premium,28.3144,1973
2026-09-12,region,Noreste,Regular,23.3797,2124
2026-09-12,region,Noroeste,Diesel,26.8787,1447
2026-09-12,region,Noroeste,Premium,28.8078,1935
2026-09-12,region,Noroeste,Regular,23.4845,2055
2026-09-12,region,Norte,Diesel,26.9290,585
2026-09-12,region,Norte,Premium,27.6131,674
2026-09-12,region,Norte,Regular,22.8829,821
2026-09-12,region,Occidente,Diesel,27.0699,2382
2026-09-12,region,Occidente,Premium,29.1640,2698
2026-09-12,region,Occidente,Regular,23.9302,2829
2026-09-12,region,Sur,Diesel,27.0830,785
2026-09-12,region,Sur,Premium,28.7783,871
2026-09-12,region,Sur,Regular,23.8958,898
2026-09-12,region,Sureste,Diesel,27.4292,582
2026-09-12,region,Sureste,Premium,28.5686,684
2026-09-12,region,Sureste,Regular,24.3869,728
2026-09-13,estado,Aguascalientes,Diesel,27.0347,158
2026-09-13,estado,Aguascalientes,Premium,29.1771,202
2026-09-13,estado,Aguascalientes,Regular,23.9203,205
2026-09-13,estado,Baja California,Diesel,26.2110,368
2026-09-13,estado,Baja California,Premium,28.1986,574
2026-09-13,estado,Baja California,Regular,22.8790,601
2026-09-13,estado,Baja California Sur,Diesel,27.6338,138
2026-09-13,estado,Baja California Sur,Premium,29.5877,171
2026-09-13,estado,Baja California Sur,Regular,24.4091,183
2026-09-13,estado,Campeche,Diesel,27.0565,118
2026-09-13,estado,Campeche,Premium,28.5831,116
2026-09-13,estado,Campeche,Regular,24.0229,126
2026-09-13,estado,Chiapas,Diesel,26.7406,305
2026-09-13,estado,Chiapas,Premium,28.3044,341
2026-09-13,estado,Chiapas,Regular,23.7827,353
2026-09-13,estado,Chihuahua,Diesel,26.8058,397
2026-09-13,estado,Chihuahua,Premium,26.9539,478
2026-09-13,estado,Chihuahua,Regular,22.4476,599
2026-09-13,estado,Ciudad de México,Diesel,26.9640,167
2026-09-13,estado,Ciudad de México,Premium,28.7952,351
2026-09-13,estado,Ciudad de México,Regular,23.7692,354
2026-09-13,estado,Coahuila,Diesel,27.0735,291
2026-09-13,estado,Coahuila,Premium,28.6672,473
2026-09-13,estado,Coahuila,Regular,23.7552,488
2026-09-13,estado,Colima,Diesel,27.0243,107
2026-09-13,estado,Colima,Premium,28.8793,126
2026-09-13,estado,Colima,Regular,23.8333,130
2026-09-13,estado,Durango,Diesel,27.2220,188
2026-09-13,estado,Durango,Premium,29.1837,196
2026-09-13,estado,Durango,Regular,24.0574,222
2026-09-13,estado,Guanajuato,Diesel,27.0651,612
2026-09-13,estado,Guanajuato,Premium,29.1378,697
2026-09-13,estado,Guanajuato,Regular,23.8429,726
2026-09-13,estado,Guerrero,Diesel,27.0726,201
2026-09-13,estado,Guerrero,Premium,28.9247,253
2026-09-13,estado,Guerrero,Regular,23.8646,252
2026-09-13,estado,Hidalgo,Diesel,26.9857,271
2026-09-13,estado,Hidalgo,Premium,28.1044,286
2026-09-13,estado,Hidalgo,Regular,23.6691,311
2026-09-13,estado,Jalisco,Diesel,27.1160,779
2026-09-13,estado,Jalisco,Premium,29.3763,942
2026-09-13,estado,Jalisco,Regular,23.9864,981
2026-09-13,estado,Michoacán,Diesel,27.0204,512
2026-09-13,estado,Michoacán,Premium,29.0012,542
2026-09-13,estado,Michoacán,Regular,23.9537,559
2026-09-13,estado,Morelos,Diesel,26.9826,159
2026-09-13,estado,Morelos,Premium,28.4702,189
2026-09-13,estado,Morelos,Regular,23.8112,189
2026-09-13,estado,México,Diesel,26.9757,1016
2026-09-13,estado,México,Premium,28.4645,1255
2026-09-13,estado,México,Regular,23.7066,1271
2026-09-13,estado,Nayarit,Diesel,27.3336,138
2026-09-13,estado,Nayarit,Premium,29.4637,148
2026-09-13,estado,Nayarit,Regular,23.9759,164
2026-09-13,estado,Nuevo León,Diesel,27.0262,368
2026-09-13,estado,Nuevo León,Premium,29.5475,710
2026-09-13,estado,Nuevo León,Regular,24.0887,731
2026-09-13,estado,Oaxaca,Diesel,27.4683,279
2026-09-13,estado,Oaxaca,Premium,29.2148,277
2026-09-13,estado,Oaxaca,Regular,24.0583,293
2026-09-13,estado,Puebla,Diesel,26.9881,534
2026-09-13,estado,Puebla,Premium,28.0745,596
2026-09-13,estado,Puebla,Regular,23.7235,628
2026-09-13,estado,Querétaro,Diesel,26.8944,316
2026-09-13,estado,Querétaro,Premium,28.5471,368
2026-09-13,estado,Querétaro,Regular,23.6482,371
2026-09-13,estado,Quintana Roo,Diesel,27.8842,212
2026-09-13,estado,Quintana Roo,Premium,29.1019,244
2026-09-13,estado,Quintana Roo,Regular,24.8654,259
2026-09-13,estado,San Luis Potosí,Diesel,27.0604,251
2026-09-13,estado,San Luis Potosí,Premium,28.4590,276
2026-09-13,estado,San Luis Potosí,Regular,23.9452,305
2026-09-13,estado,Sinaloa,Diesel,27.0389,442
2026-09-13,estado,Sinaloa,Premium,29.2305,528
2026-09-13,estado,Sinaloa,Regular,23.9350,558
2026-09-13,estado,Sonora,Diesel,26.9511,361
2026-09-13,estado,Sonora,Premium,28.5926,514
2026-09-13,estado,Sonora,Regular,23.2379,549
2026-09-13,estado,Tabasco,Diesel,26.9806,197
2026-09-13,estado,Tabasco,Premium,28.3170,240
2026-09-13,estado,Tabasco,Regular,23.8192,244
2026-09-13,estado,Tamaulipas,Diesel,26.4073,341
2026-09-13,estado,Tamaulipas,Premium,26.2010,514
2026-09-13,estado,Tamaulipas,Regular,21.9229,600
2026-09-13,estado,Tlaxcala,Diesel,26.7765,130
2026-09-13,estado,Tlaxcala,Premium,27.8763,128
2026-09-13,estado,Tlaxcala,Regular,23.5260,140
2026-09-13,estado,Veracruz,Diesel,26.9907,682
2026-09-13,estado,Veracruz,Premium,28.0495,753
2026-09-13,estado,Veracruz,Regular,23.8137,820
2026-09-13,estado,Yucatán,Diesel,27.0442,252
2026-09-13,estado,Yucatán,Premium,28.1749,324
2026-09-13,estado,Yucatán,Regular,23.9150,343
2026-09-13,estado,Zacatecas,Diesel,27.1113,216
2026-09-13,estado,Zacatecas,Premium,28.8463,190
2026-09-13,estado,Zacatecas,Regular,23.9966,230
2026-09-13,nacional,MX,Diesel,26.9978,10512
2026-09-13,nacional,MX,Premium,28.5716,13011
2026-09-13,nacional,MX,Regular,23.6702,13794
2026-09-13,region,Centro,Diesel,26.9591,2593
2026-09-13,region,Centro,Premium,28.3816,3173
2026-09-13,region,Centro,Regular,23.7047,3264
2026-09-13,region,Golfo,Diesel,26.9885,879
2026-09-13,region,Golfo,Premium,28.1141,993
2026-09-13,region,Golfo,Regular,23.8150,1064
2026-09-13,region,Noreste,Diesel,26.8754,1251
2026-09-13,region,Noreste,Premium,28.3124,1973
2026-09-13,region,Noreste,Regular,23.3797,2124
2026-09-13,region,Noroeste,Diesel,26.8913,1447
2026-09-13,region,Noroeste,Premium,28.8044,1935
2026-09-13,region,Noroeste,Regular,23.4854,2055
2026-09-13,region,Norte,Diesel,26.9395,585
2026-09-13,region,Norte,Premium,27.6023,674
2026-09-13,region,Norte,Regular,22.8829,821
2026-09-13,region,Occidente,Diesel,27.0725,2384
2026-09-13,region,Occidente,Premium,29.1640,2699
2026-09-13,region,Occidente,Regular,23.9322,2831
2026-09-13,region,Sur,Diesel,27.0842,785
2026-09-13,region,Sur,Premium,28.7741,871
2026-09-13,region,Sur,Regular,23.8956,898
2026-09-13,region,Sureste,Diesel,27.3527,582
2026-09-13,region,Sureste,Premium,28.5748,684
2026-09-13,region,Sureste,Regular,24.2718,728
2026-09-14,estado,Aguascalientes,Diesel,27.0347,158
2026-09-14,estado,Aguascalientes,Premium,29.1771,202
2026-09-14,estado,Aguascalientes,Regular,23.9203,205
2026-09-14,estado,Baja California,Diesel,26.2110,368
2026-09-14,estado,Baja California,Premium,28.1986,574
2026-09-14,estado,Baja California,Regular,22.8790,601
2026-09-14,estado,Baja California Sur,Diesel,27.6338,138
2026-09-14,estado,Baja California Sur,Premium,29.5877,171
2026-09-14,estado,Baja California Sur,Regular,24.4091,183
2026-09-14,estado,Campeche,Diesel,27.0565,118
2026-09-14,estado,Campeche,Premium,28.5831,116
2026-09-14,estado,Campeche,Regular,24.0229,126
2026-09-14,estado,Chiapas,Diesel,26.7407,305
2026-09-14,estado,Chiapas,Premium,28.3053,341
2026-09-14,estado,Chiapas,Regular,23.7832,353
2026-09-14,estado,Chihuahua,Diesel,26.8058,397
2026-09-14,estado,Chihuahua,Premium,26.9539,478
2026-09-14,estado,Chihuahua,Regular,22.4476,599
2026-09-14,estado,Ciudad de México,Diesel,26.9640,167
2026-09-14,estado,Ciudad de México,Premium,28.7949,351
2026-09-14,estado,Ciudad de México,Regular,23.7692,354
2026-09-14,estado,Coahuila,Diesel,27.0735,291
2026-09-14,estado,Coahuila,Premium,28.6672,473
2026-09-14,estado,Coahuila,Regular,23.7552,488
2026-09-14,estado,Colima,Diesel,27.0243,107
2026-09-14,estado,Colima,Premium,28.8793,126
2026-09-14,estado,Colima,Regular,23.8333,130
2026-09-14,estado,Durango,Diesel,27.2220,188
2026-09-14,estado,Durango,Premium,29.1837,196
2026-09-14,estado,Durango,Regular,24.0574,222
2026-09-14,estado,Guanajuato,Diesel,27.0651,612
2026-09-14,estado,Guanajuato,Premium,29.1376,697
2026-09-14,estado,Guanajuato,Regular,23.8429,726
2026-09-14,estado,Guerrero,Diesel,27.0726,201
2026-09-14,estado,Guerrero,Premium,28.9188,253
2026-09-14,estado,Guerrero,Regular,23.8646,252
2026-09-14,estado,Hidalgo,Diesel,26.9861,271
2026-09-14,estado,Hidalgo,Premium,28.1044,286
2026-09-14,estado,Hidalgo,Regular,23.6691,311
2026-09-14,estado,Jalisco,Diesel,27.1166,779
2026-09-14,estado,Jalisco,Premium,29.3763,942
2026-09-14,estado,Jalisco,Regular,23.9869,981
2026-09-14,estado,Michoacán,Diesel,27.0212,512
2026-09-14,estado,Michoacán,Premium,29.0027,542
2026-09-14,estado,Michoacán,Regular,23.9538,559
2026-09-14,estado,Morelos,Diesel,26.9826,159
2026-09-14,estado,Morelos,Premium,28.4707,189
2026-09-14,estado,Morelos,Regular,23.8112,189
2026-09-14,estado,México,Diesel,26.9756,1016
2026-09-14,estado,México,Premium,28.4657,1255
2026-09-14,estado,México,Regular,23.7075,1270
2026-09-14,estado,Nayarit,Diesel,27.3336,138
2026-09-14,estado,Nayarit,Premium,29.4637,148
2026-09-14,estado,Nayarit,Regular,23.9759,164
2026-09-14,estado,Nuevo León,Diesel,27.0262,368
2026-09-14,estado,Nuevo León,Premium,29.5475,710
2026-09-14,estado,Nuevo León,Regular,24.0887,731
2026-09-14,estado,Oaxaca,Diesel,27.4683,279
2026-09-14,estado,Oaxaca,Premium,29.2144,277
2026-09-14,estado,Oaxaca,Regular,24.0583,293
2026-09-14,estado,Puebla,Diesel,26.9889,534
2026-09-14,estado,Puebla,Premium,28.0747,596
2026-09-14,estado,Puebla,Regular,23.7230,628
2026-09-14,estado,Querétaro,Diesel,26.8928,316
2026-09-14,estado,Querétaro,Premium,28.5463,368
2026-09-14,estado,Querétaro,Regular,23.6492,371
2026-09-14,estado,Quintana Roo,Diesel,27.9258,212
2026-09-14,estado,Quintana Roo,Premium,29.1020,244
2026-09-14,estado,Quintana Roo,Regular,24.8981,259
2026-09-14,estado,San Luis Potosí,Diesel,27.0566,251
2026-09-14,estado,San Luis Potosí,Premium,28.4590,276
2026-09-14,estado,San Luis Potosí,Regular,23.9452,305
2026-09-14,estado,Sinaloa,Diesel,27.0389,442
2026-09-14,estado,Sinaloa,Premium,29.2305,528
2026-09-14,estado,Sinaloa,Regular,23.9350,558
2026-09-14,estado,Sonora,Diesel,26.9511,361
2026-09-14,estado,Sonora,Premium,28.5926,514
2026-09-14,estado,Sonora,Regular,23.2379,549
2026-09-14,estado,Tabasco,Diesel,26.9806,197
2026-09-14,estado,Tabasco,Premium,28.3170,240
2026-09-14,estado,Tabasco,Regular,23.8192,244
2026-09-14,estado,Tamaulipas,Diesel,26.4073,341
2026-09-14,estado,Tamaulipas,Premium,26.2010,514
2026-09-14,estado,Tamaulipas,Regular,21.9229,600
2026-09-14,estado,Tlaxcala,Diesel,26.7765,130
2026-09-14,estado,Tlaxcala,Premium,27.8763,128
2026-09-14,estado,Tlaxcala,Regular,23.5260,140
2026-09-14,estado,Veracruz,Diesel,26.9907,682
2026-09-14,estado,Veracruz,Premium,28.0525,753
2026-09-14,estado,Veracruz,Regular,23.8170,820
2026-09-14,estado,Yucatán,Diesel,27.0508,252
2026-09-14,estado,Yucatán,Premium,28.1749,324
2026-09-14,estado,Yucatán,Regular,23.9538,343
2026-09-14,estado,Zacatecas,Diesel,27.1113,216
2026-09-14,estado,Zacatecas,Premium,28.8463,190
2026-09-14,estado,Zacatecas,Regular,23.9972,229
2026-09-14,nacional,MX,Diesel,26.9988,10512
2026-09-14,nacional,MX,Premium,28.5718,13011
2026-09-14,nacional,MX,Regular,23.6721,13792
2026-09-14,region,Centro,Diesel,26.9590,2593
2026-09-14,region,Centro,Premium,28.3820,3173
2026-09-14,region,Centro,Regular,23.7051,3263
2026-09-14,region,Golfo,Diesel,26.9885,879
2026-09-14,region,Golfo,Premium,28.1165,993
2026-09-14,region,Golfo,Regular,23.8175,1064
2026-09-14,region,Noreste,Diesel,26.8746,1251
2026-09-14,region,Noreste,Premium,28.3124,1973
2026-09-14,region,Noreste,Regular,23.3797,2124
2026-09-14,region,Noroeste,Diesel,26.8913,1447
2026-09-14,region,Noroeste,Premium,28.8044,1935
2026-09-14,region,Noroeste,Regular,23.4854,2055
2026-09-14,region,Norte,Diesel,26.9395,585
2026-09-14,region,Norte,Premium,27.6023,674
2026-09-14,region,Norte,Regular,22.8829,821
2026-09-14,region,Occidente,Diesel,27.0729,2384
2026-09-14,region,Occidente,Premium,29.1642,2699
2026-09-14,region,Occidente,Regular,23.9324,2830
2026-09-14,region,Sur,Diesel,27.0843,785
2026-09-14,region,Sur,Premium,28.7726,871
2026-09-14,region,Sur,Regular,23.8958,898
2026-09-14,region,Sureste,Diesel,27.3707,582
2026-09-14,region,Sureste,Premium,28.5749,684
2026-09-14,region,Sureste,Regular,24.3017,728
2026-09-15,estado,Aguascalientes,Diesel,27.0347,158
2026-09-15,estado,Aguascalientes,Premium,29.1771,202
2026-09-15,estado,Aguascalientes,Regular,23.9223,205
2026-09-15,estado,Baja California,Diesel,26.2121,368
2026-09-15,estado,Baja California,Premium,28.1904,574
2026-09-15,estado,Baja California,Regular,22.8715,601
2026-09-15,estado,Baja California Sur,Diesel,27.6568,138
2026-09-15,estado,Baja California Sur,Premium,29.6023,171
2026-09-15,estado,Baja California Sur,Regular,24.4157,183
2026-09-15,estado,Campeche,Diesel,27.0565,118
2026-09-15,estado,Campeche,Premium,28.5831,116
2026-09-15,estado,Campeche,Regular,24.0229,126
2026-09-15,estado,Chiapas,Diesel,26.7407,305
2026-09-15,estado,Chiapas,Premium,28.3047,341
2026-09-15,estado,Chiapas,Regular,23.7861,353
2026-09-15,estado,Chihuahua,Diesel,26.8058,397
2026-09-15,estado,Chihuahua,Premium,26.9545,478
2026-09-15,estado,Chihuahua,Regular,22.4471,599
2026-09-15,estado,Ciudad de México,Diesel,26.9640,167
2026-09-15,estado,Ciudad de México,Premium,28.7905,351
2026-09-15,estado,Ciudad de México,Regular,23.7692,354
2026-09-15,estado,Coahuila,Diesel,27.0819,291
2026-09-15,estado,Coahuila,Premium,28.6682,473
2026-09-15,estado,Coahuila,Regular,23.7570,488
2026-09-15,estado,Colima,Diesel,27.0057,107
2026-09-15,estado,Colima,Premium,28.8750,126
2026-09-15,estado,Colima,Regular,23.8325,130
2026-09-15,estado,Durango,Diesel,27.2228,189
2026-09-15,estado,Durango,Premium,29.1809,197
2026-09-15,estado,Durango,Regular,24.0648,223
2026-09-15,estado,Guanajuato,Diesel,27.0427,611
2026-09-15,estado,Guanajuato,Premium,29.1458,696
2026-09-15,estado,Guanajuato,Regular,23.8488,725
2026-09-15,estado,Guerrero,Diesel,27.0726,201
2026-09-15,estado,Guerrero,Premium,28.9175,253
2026-09-15,estado,Guerrero,Regular,23.8646,252
2026-09-15,estado,Hidalgo,Diesel,26.9860,271
2026-09-15,estado,Hidalgo,Premium,28.1042,286
2026-09-15,estado,Hidalgo,Regular,23.6675,311
2026-09-15,estado,Jalisco,Diesel,27.1183,778
2026-09-15,estado,Jalisco,Premium,29.3747,942
2026-09-15,estado,Jalisco,Regular,23.9883,981
2026-09-15,estado,Michoacán,Diesel,27.0236,512
2026-09-15,estado,Michoacán,Premium,29.0114,542
2026-09-15,estado,Michoacán,Regular,23.9554,559
2026-09-15,estado,Morelos,Diesel,26.9821,159
2026-09-15,estado,Morelos,Premium,28.4725,189
2026-09-15,estado,Morelos,Regular,23.8108,189
2026-09-15,estado,México,Diesel,26.9755,1016
2026-09-15,estado,México,Premium,28.4645,1255
2026-09-15,estado,México,Regular,23.7080,1270
2026-09-15,estado,Nayarit,Diesel,27.3336,138
2026-09-15,estado,Nayarit,Premium,29.4610,148
2026-09-15,estado,Nayarit,Regular,23.9759,164
2026-09-15,estado,Nuevo León,Diesel,27.0265,368
2026-09-15,estado,Nuevo León,Premium,29.5475,710
2026-09-15,estado,Nuevo León,Regular,24.0877,731
2026-09-15,estado,Oaxaca,Diesel,27.4692,279
2026-09-15,estado,Oaxaca,Premium,29.2098,278
2026-09-15,estado,Oaxaca,Regular,24.0589,294
2026-09-15,estado,Puebla,Diesel,26.9894,534
2026-09-15,estado,Puebla,Premium,28.0772,596
2026-09-15,estado,Puebla,Regular,23.7201,628
2026-09-15,estado,Querétaro,Diesel,26.8928,316
2026-09-15,estado,Querétaro,Premium,28.5889,368
2026-09-15,estado,Querétaro,Regular,23.6787,371
2026-09-15,estado,Quintana Roo,Diesel,28.0201,211
2026-09-15,estado,Quintana Roo,Premium,29.1177,243
2026-09-15,estado,Quintana Roo,Regular,25.0503,258
2026-09-15,estado,San Luis Potosí,Diesel,27.0566,251
2026-09-15,estado,San Luis Potosí,Premium,28.4601,276
2026-09-15,estado,San Luis Potosí,Regular,23.9452,305
2026-09-15,estado,Sinaloa,Diesel,27.0356,442
2026-09-15,estado,Sinaloa,Premium,29.2303,528
2026-09-15,estado,Sinaloa,Regular,23.9349,558
2026-09-15,estado,Sonora,Diesel,26.9510,361
2026-09-15,estado,Sonora,Premium,28.5918,514
2026-09-15,estado,Sonora,Regular,23.2380,549
2026-09-15,estado,Tabasco,Diesel,26.9806,197
2026-09-15,estado,Tabasco,Premium,28.3185,240
2026-09-15,estado,Tabasco,Regular,23.8184,244
2026-09-15,estado,Tamaulipas,Diesel,26.4073,341
2026-09-15,estado,Tamaulipas,Premium,26.2010,514
2026-09-15,estado,Tamaulipas,Regular,21.9209,600
2026-09-15,estado,Tlaxcala,Diesel,26.7765,130
2026-09-15,estado,Tlaxcala,Premium,27.8747,128
2026-09-15,estado,Tlaxcala,Regular,23.5260,140
2026-09-15,estado,Veracruz,Diesel,26.9926,682
2026-09-15,estado,Veracruz,Premium,28.0530,753
2026-09-15,estado,Veracruz,Regular,23.8171,820
2026-09-15,estado,Yucatán,Diesel,27.0755,252
2026-09-15,estado,Yucatán,Premium,28.1801,324
2026-09-15,estado,Yucatán,Regular,24.0074,343
2026-09-15,estado,Zacatecas,Diesel,27.1113,216
2026-09-15,estado,Zacatecas,Premium,28.8463,190
2026-09-15,estado,Zacatecas,Regular,23.9972,229
2026-09-15,nacional,MX,Diesel,27.0006,10510
2026-09-15,nacional,MX,Premium,28.5737,13011
2026-09-15,nacional,MX,Regular,23.6773,13792
2026-09-15,region,Centro,Diesel,26.9590,2593
2026-09-15,region,Centro,Premium,28.3864,3173
2026-09-15,region,Centro,Regular,23.7079,3263
2026-09-15,region,Golfo,Diesel,26.9899,879
2026-09-15,region,Golfo,Premium,28.1172,993
2026-09-15,region,Golfo,Regular,23.8174,1064
2026-09-15,region,Noreste,Diesel,26.8766,1251
2026-09-15,region,Noreste,Premium,28.3128,1973
2026-09-15,region,Noreste,Regular,23.3792,2124
2026-09-15,region,Noroeste,Diesel,26.8927,1447
2026-09-15,region,Noroeste,Premium,28.8028,1935
2026-09-15,region,Noroeste,Regular,23.4838,2055
2026-09-15,region,Norte,Diesel,26.9403,586
2026-09-15,region,Norte,Premium,27.6043,675
2026-09-15,region,Norte,Regular,22.8860,822
2026-09-15,region,Occidente,Diesel,27.0673,2382
2026-09-15,region,Occidente,Premium,29.1673,2698
2026-09-15,region,Occidente,Regular,23.9348,2829
2026-09-15,region,Sur,Diesel,27.0846,785
2026-09-15,region,Sur,Premium,28.7710,872
2026-09-15,region,Sur,Regular,23.8973,899
2026-09-15,region,Sureste,Diesel,27.4147,581
2026-09-15,region,Sureste,Premium,28.5822,683
2026-09-15,region,Sureste,Regular,24.3802,727
2026-09-16,estado,Aguascalientes,Diesel,27.0347,158
2026-09-16,estado,Aguascalientes,Premium,29.1736,202
2026-09-16,estado,Aguascalientes,Regular,23.9223,205
2026-09-16,estado,Baja California,Diesel,26.2132,368
2026-09-16,estado,Baja California,Premium,28.1878,574
2026-09-16,estado,Baja California,Regular,22.8738,601
2026-09-16,estado,Baja California Sur,Diesel,27.6641,138
2026-09-16,estado,Baja California Sur,Premium,29.6012,171
2026-09-16,estado,Baja California Sur,Regular,24.4154,183
2026-09-16,estado,Campeche,Diesel,27.0591,118
2026-09-16,estado,Campeche,Premium,28.5831,116
2026-09-16,estado,Campeche,Regular,24.0276,126
2026-09-16,estado,Chiapas,Diesel,26.7415,305
2026-09-16,estado,Chiapas,Premium,28.2982,341
2026-09-16,estado,Chiapas,Regular,23.7833,353
2026-09-16,estado,Chihuahua,Diesel,26.8058,397
2026-09-16,estado,Chihuahua,Premium,26.9541,478
2026-09-16,estado,Chihuahua,Regular,22.4523,599
2026-09-16,estado,Ciudad de México,Diesel,26.9637,167
2026-09-16,estado,Ciudad de México,Premium,28.7865,351
2026-09-16,estado,Ciudad de México,Regular,23.7697,354
2026-09-16,estado,Coahuila,Diesel,27.0810,291
2026-09-16,estado,Coahuila,Premium,28.6715,473
2026-09-16,estado,Coahuila,Regular,23.7407,488
2026-09-16,estado,Colima,Diesel,27.0057,107
2026-09-16,estado,Colima,Premium,28.8865,126
2026-09-16,estado,Colima,Regular,23.8325,130
2026-09-16,estado,Durango,Diesel,27.2123,189
2026-09-16,estado,Durango,Premium,29.1802,197
2026-09-16,estado,Durango,Regular,24.0489,223
2026-09-16,estado,Guanajuato,Diesel,27.0402,610
2026-09-16,estado,Guanajuato,Premium,29.1480,695
2026-09-16,estado,Guanajuato,Regular,23.8470,724
2026-09-16,estado,Guerrero,Diesel,27.0731,201
2026-09-16,estado,Guerrero,Premium,28.9156,253
2026-09-16,estado,Guerrero,Regular,23.8646,252
2026-09-16,estado,Hidalgo,Diesel,26.9855,271
2026-09-16,estado,Hidalgo,Premium,28.1036,286
2026-09-16,estado,Hidalgo,Regular,23.6628,312
2026-09-16,estado,Jalisco,Diesel,27.1097,778
2026-09-16,estado,Jalisco,Premium,29.3765,942
2026-09-16,estado,Jalisco,Regular,23.9854,981
2026-09-16,estado,Michoacán,Diesel,27.0236,512
2026-09-16,estado,Michoacán,Premium,29.0105,542
2026-09-16,estado,Michoacán,Regular,23.9527,559
2026-09-16,estado,Morelos,Diesel,26.9821,159
2026-09-16,estado,Morelos,Premium,28.4694,189
2026-09-16,estado,Morelos,Regular,23.8066,189
2026-09-16,estado,México,Diesel,26.9754,1016
2026-09-16,estado,México,Premium,28.4636,1255
2026-09-16,estado,México,Regular,23.7058,1270
2026-09-16,estado,Nayarit,Diesel,27.3364,138
2026-09-16,estado,Nayarit,Premium,29.4637,148
2026-09-16,estado,Nayarit,Regular,23.9806,164
2026-09-16,estado,Nuevo León,Diesel,27.0263,368
2026-09-16,estado,Nuevo León,Premium,29.5468,710
2026-09-16,estado,Nuevo León,Regular,24.0873,731
2026-09-16,estado,Oaxaca,Diesel,27.4692,279
2026-09-16,estado,Oaxaca,Premium,29.2106,278
2026-09-16,estado,Oaxaca,Regular,24.0588,294
2026-09-16,estado,Puebla,Diesel,26.9889,534
2026-09-16,estado,Puebla,Premium,28.0743,596
2026-09-16,estado,Puebla,Regular,23.7190,628
2026-09-16,estado,Querétaro,Diesel,26.8939,316
2026-09-16,estado,Querétaro,Premium,28.5929,368
2026-09-16,estado,Querétaro,Regular,23.6757,371
2026-09-16,estado,Quintana Roo,Diesel,28.0387,211
2026-09-16,estado,Quintana Roo,Premium,29.1161,243
2026-09-16,estado,Quintana Roo,Regular,25.0661,258
2026-09-16,estado,San Luis Potosí,Diesel,27.0626,251
2026-09-16,estado,San Luis Potosí,Premium,28.4603,276
2026-09-16,estado,San Luis Potosí,Regular,23.9449,305
2026-09-16,estado,Sinaloa,Diesel,27.0356,442
2026-09-16,estado,Sinaloa,Premium,29.2312,528
2026-09-16,estado,Sinaloa,Regular,23.9353,558
2026-09-16,estado,Sonora,Diesel,26.9510,361
2026-09-16,estado,Sonora,Premium,28.5906,514
2026-09-16,estado,Sonora,Regular,23.2434,549
2026-09-16,estado,Tabasco,Diesel,26.9953,197
2026-09-16,estado,Tabasco,Premium,28.3165,240
2026-09-16,estado,Tabasco,Regular,23.8194,244
2026-09-16,estado,Tamaulipas,Diesel,26.4069,341
2026-09-16,estado,Tamaulipas,Premium,26.2007,514
2026-09-16,estado,Tamaulipas,Regular,21.9207,600
2026-09-16,estado,Tlaxcala,Diesel,26.7785,130
2026-09-16,estado,Tlaxcala,Premium,27.8738,128
2026-09-16,estado,Tlaxcala,Regular,23.5303,140
2026-09-16,estado,Veracruz,Diesel,26.9910,682
2026-09-16,estado,Veracruz,Premium,28.0523,753
2026-09-16,estado,Veracruz,Regular,23.8176,820
2026-09-16,estado,Yucatán,Diesel,27.0874,252
2026-09-16,estado,Yucatán,Premium,28.1797,324
2026-09-16,estado,Yucatán,Regular,24.0878,343
2026-09-16,estado,Zacatecas,Diesel,27.1113,216
2026-09-16,estado,Zacatecas,Premium,28.8489,190
2026-09-16,estado,Zacatecas,Regular,24.0003,229
2026-09-16,nacional,MX,Diesel,27.0007,10509
2026-09-16,nacional,MX,Premium,28.5733,13010
2026-09-16,nacional,MX,Regular,23.6785,13792
2026-09-16,region,Centro,Diesel,26.9591,2593
2026-09-16,region,Centro,Premium,28.3853,3173
2026-09-16,region,Centro,Regular,23.7061,3264
2026-09-16,region,Golfo,Diesel,26.9920,879
2026-09-16,region,Golfo,Premium,28.1162,993
2026-09-16,region,Golfo,Regular,23.8180,1064
2026-09-16,region,Noreste,Diesel,26.8775,1251
2026-09-16,region,Noreste,Premium,28.3132,1973
2026-09-16,region,Noreste,Regular,23.3752,2124
2026-09-16,region,Noroeste,Diesel,26.8940,1447
2026-09-16,region,Noroeste,Premium,28.8020,1935
2026-09-16,region,Noroeste,Regular,23.4864,2055
2026-09-16,region,Norte,Diesel,26.9369,586
2026-09-16,region,Norte,Premium,27.6038,675
2026-09-16,region,Norte,Regular,22.8855,822
2026-09-16,region,Occidente,Diesel,27.0639,2381
2026-09-16,region,Occidente,Premium,29.1688,2697
2026-09-16,region,Occidente,Regular,23.9331,2828
2026-09-16,region,Sur,Diesel,27.0850,785
2026-09-16,region,Sur,Premium,28.7682,872
2026-09-16,region,Sur,Regular,23.8962,899
2026-09-16,region,Sureste,Diesel,27.4271,581
2026-09-16,region,Sureste,Premium,28.5814,683
2026-09-16,region,Sureste,Regular,24.4246,727
2026-09-17,estado,Aguascalientes,Diesel,27.0347,158
2026-09-17,estado,Aguascalientes,Premium,29.1736,202
2026-09-17,estado,Aguascalientes,Regular,23.9223,205
2026-09-17,estado,Baja California,Diesel,26.2132,368
2026-09-17,estado,Baja California,Premium,28.1878,574
2026-09-17,estado,Baja California,Regular,22.8744,601
2026-09-17,estado,Baja California Sur,Diesel,27.6641,138
2026-09-17,estado,Baja California Sur,Premium,29.6012,171
2026-09-17,estado,Baja California Sur,Regular,24.4154,183
2026-09-17,estado,Campeche,Diesel,27.0591,118
2026-09-17,estado,Campeche,Premium,28.5831,116
2026-09-17,estado,Campeche,Regular,24.0276,126
2026-09-17,estado,Chiapas,Diesel,26.7415,305
2026-09-17,estado,Chiapas,Premium,28.3001,341
2026-09-17,estado,Chiapas,Regular,23.7873,353
2026-09-17,estado,Chihuahua,Diesel,26.8098,397
2026-09-17,estado,Chihuahua,Premium,26.9541,478
2026-09-17,estado,Chihuahua,Regular,22.4422,599
2026-09-17,estado,Ciudad de México,Diesel,26.9637,167
2026-09-17,estado,Ciudad de México,Premium,28.7848,351
2026-09-17,estado,Ciudad de México,Regular,23.7688,354
2026-09-17,estado,Coahuila,Diesel,27.0814,291
2026-09-17,estado,Coahuila,Premium,28.6736,473
2026-09-17,estado,Coahuila,Regular,23.7412,488
2026-09-17,estado,Colima,Diesel,27.0057,107
2026-09-17,estado,Colima,Premium,28.8937,126
2026-09-17,estado,Colima,Regular,23.8325,130
2026-09-17,estado,Durango,Diesel,27.2123,189
2026-09-17,estado,Durango,Premium,29.1802,197
2026-09-17,estado,Durango,Regular,24.0489,223
2026-09-17,estado,Guanajuato,Diesel,27.0258,610
2026-09-17,estado,Guanajuato,Premium,29.1484,695
2026-09-17,estado,Guanajuato,Regular,23.8573,724
2026-09-17,estado,Guerrero,Diesel,27.0731,201
2026-09-17,estado,Guerrero,Premium,28.9154,253
2026-09-17,estado,Guerrero,Regular,23.8644,252
2026-09-17,estado,Hidalgo,Diesel,26.9853,271
2026-09-17,estado,Hidalgo,Premium,28.1037,286
2026-09-17,estado,Hidalgo,Regular,23.6671,312
2026-09-17,estado,Jalisco,Diesel,27.1093,778
2026-09-17,estado,Jalisco,Premium,29.3771,942
2026-09-17,estado,Jalisco,Regular,23.9874,981
2026-09-17,estado,Michoacán,Diesel,27.0236,512
2026-09-17,estado,Michoacán,Premium,29.0124,542
2026-09-17,estado,Michoacán,Regular,23.9518,559
2026-09-17,estado,Morelos,Diesel,26.9821,159
2026-09-17,estado,Morelos,Premium,28.4694,189
2026-09-17,estado,Morelos,Regular,23.8066,189
2026-09-17,estado,México,Diesel,26.9753,1016
2026-09-17,estado,México,Premium,28.4638,1255
2026-09-17,estado,México,Regular,23.7058,1270
2026-09-17,estado,Nayarit,Diesel,27.3364,138
2026-09-17,estado,Nayarit,Premium,29.4644,148
2026-09-17,estado,Nayarit,Regular,23.9806,163
2026-09-17,estado,Nuevo León,Diesel,27.0263,368
2026-09-17,estado,Nuevo León,Premium,29.5468,710
2026-09-17,estado,Nuevo León,Regular,24.0894,731
2026-09-17,estado,Oaxaca,Diesel,27.4692,279
2026-09-17,estado,Oaxaca,Premium,29.2103,278
2026-09-17,estado,Oaxaca,Regular,24.0588,294
2026-09-17,estado,Puebla,Diesel,26.9893,534
2026-09-17,estado,Puebla,Premium,28.0737,596
2026-09-17,estado,Puebla,Regular,23.7198,628
2026-09-17,estado,Querétaro,Diesel,26.8939,316
2026-09-17,estado,Querétaro,Premium,28.5935,368
2026-09-17,estado,Querétaro,Regular,23.7256,371
2026-09-17,estado,Quintana Roo,Diesel,28.0487,211
2026-09-17,estado,Quintana Roo,Premium,29.1160,243
2026-09-17,estado,Quintana Roo,Regular,25.0793,258
2026-09-17,estado,San Luis Potosí,Diesel,27.0539,251
2026-09-17,estado,San Luis Potosí,Premium,28.4596,276
2026-09-17,estado,San Luis Potosí,Regular,23.9465,305
2026-09-17,estado,Sinaloa,Diesel,27.0356,442
2026-09-17,estado,Sinaloa,Premium,29.2325,528
2026-09-17,estado,Sinaloa,Regular,23.9353,558
2026-09-17,estado,Sonora,Diesel,26.9507,361
2026-09-17,estado,Sonora,Premium,28.5925,514
2026-09-17,estado,Sonora,Regular,23.2437,549
2026-09-17,estado,Tabasco,Diesel,26.9953,197
2026-09-17,estado,Tabasco,Premium,28.3165,240
2026-09-17,estado,Tabasco,Regular,23.8194,244
2026-09-17,estado,Tamaulipas,Diesel,26.4120,341
2026-09-17,estado,Tamaulipas,Premium,26.2010,514
2026-09-17,estado,Tamaulipas,Regular,21.9203,600
2026-09-17,estado,Tlaxcala,Diesel,26.7785,130
2026-09-17,estado,Tlaxcala,Premium,27.8738,128
2026-09-17,estado,Tlaxcala,Regular,23.5303,140
2026-09-17,estado,Veracruz,Diesel,26.9909,682
2026-09-17,estado,Veracruz,Premium,28.0529,753
2026-09-17,estado,Veracruz,Regular,23.8176,820
2026-09-17,estado,Yucatán,Diesel,27.0977,252
2026-09-17,estado,Yucatán,Premium,28.1793,324
2026-09-17,estado,Yucatán,Regular,24.1047,343
2026-09-17,estado,Zacatecas,Diesel,27.1113,216
2026-09-17,estado,Zacatecas,Premium,28.8489,190
2026-09-17,estado,Zacatecas,Regular,24.0003,229
2026-09-17,nacional,MX,Diesel,27.0004,10509
2026-09-17,nacional,MX,Premium,28.5738,13010
2026-09-17,nacional,MX,Regular,23.6811,13791
2026-09-17,region,Centro,Diesel,26.9591,2593
2026-09-17,region,Centro,Premium,28.3852,3173
2026-09-17,region,Centro,Regular,23.7122,3264
2026-09-17,region,Golfo,Diesel,26.9919,879
2026-09-17,region,Golfo,Premium,28.1166,993
2026-09-17,region,Golfo,Regular,23.8180,1064
2026-09-17,region,Noreste,Diesel,26.8772,1251
2026-09-17,region,Noreste,Premium,28.3137,1973
2026-09-17,region,Noreste,Regular,23.3761,2124
2026-09-17,region,Noroeste,Diesel,26.8939,1447
2026-09-17,region,Noroeste,Premium,28.8029,1935
2026-09-17,region,Noroeste,Regular,23.4864,2054
2026-09-17,region,Norte,Diesel,26.9396,586
2026-09-17,region,Norte,Premium,27.6038,675
2026-09-17,region,Norte,Regular,22.8781,822
2026-09-17,region,Occidente,Diesel,27.0601,2381
2026-09-17,region,Occidente,Premium,29.1698,2697
2026-09-17,region,Occidente,Regular,23.9363,2828
2026-09-17,region,Sur,Diesel,27.0850,785
2026-09-17,region,Sur,Premium,28.7688,872
2026-09-17,region,Sur,Regular,23.8977,899
2026-09-17,region,Sureste,Diesel,27.4352,581
2026-09-17,region,Sureste,Premium,28.5811,683
2026-09-17,region,Sureste,Regular,24.4372,727
2026-09-18,estado,Aguascalientes,Diesel,27.0347,158
2026-09-18,estado,Aguascalientes,Premium,29.1651,202
2026-09-18,estado,Aguascalientes,Regular,23.9189,205
2026-09-18,estado,Baja California,Diesel,26.2129,368
2026-09-18,estado,Baja California,Premium,28.1862,574
2026-09-18,estado,Baja California,Regular,22.8692,601
2026-09-18,estado,Baja California Sur,Diesel,27.5764,138
2026-09-18,estado,Baja California Sur,Premium,29.5906,171
2026-09-18,estado,Baja California Sur,Regular,24.4088,183
2026-09-18,estado,Campeche,Diesel,27.0608,118
2026-09-18,estado,Campeche,Premium,28.5909,116
2026-09-18,estado,Campeche,Regular,24.0363,126
2026-09-18,estado,Chiapas,Diesel,26.7415,305
2026-09-18,estado,Chiapas,Premium,28.2999,341
2026-09-18,estado,Chiapas,Regular,23.7873,353
2026-09-18,estado,Chihuahua,Diesel,26.8098,397
2026-09-18,estado,Chihuahua,Premium,26.9541,478
2026-09-18,estado,Chihuahua,Regular,22.4385,598
2026-09-18,estado,Ciudad de México,Diesel,26.9637,167
2026-09-18,estado,Ciudad de México,Premium,28.7849,351
2026-09-18,estado,Ciudad de México,Regular,23.7681,354
2026-09-18,estado,Coahuila,Diesel,27.0815,291
2026-09-18,estado,Coahuila,Premium,28.6738,473
2026-09-18,estado,Coahuila,Regular,23.7533,488
2026-09-18,estado,Colima,Diesel,27.0057,107
2026-09-18,estado,Colima,Premium,28.8937,126
2026-09-18,estado,Colima,Regular,23.8325,130
2026-09-18,estado,Durango,Diesel,27.2068,189
2026-09-18,estado,Durango,Premium,29.1517,197
2026-09-18,estado,Durango,Regular,24.0359,223
2026-09-18,estado,Guanajuato,Diesel,27.0258,610
2026-09-18,estado,Guanajuato,Premium,29.1502,695
2026-09-18,estado,Guanajuato,Regular,23.8555,724
2026-09-18,estado,Guerrero,Diesel,27.0719,201
2026-09-18,estado,Guerrero,Premium,28.9253,253
2026-09-18,estado,Guerrero,Regular,23.8644,252
2026-09-18,estado,Hidalgo,Diesel,26.9853,271
2026-09-18,estado,Hidalgo,Premium,28.1030,286
2026-09-18,estado,Hidalgo,Regular,23.6671,312
2026-09-18,estado,Jalisco,Diesel,27.0946,778
2026-09-18,estado,Jalisco,Premium,29.3768,942
2026-09-18,estado,Jalisco,Regular,23.9744,981
2026-09-18,estado,Michoacán,Diesel,27.0221,512
2026-09-18,estado,Michoacán,Premium,29.0095,542
2026-09-18,estado,Michoacán,Regular,23.9544,559
2026-09-18,estado,Morelos,Diesel,26.9821,159
2026-09-18,estado,Morelos,Premium,28.4688,189
2026-09-18,estado,Morelos,Regular,23.8066,189
2026-09-18,estado,México,Diesel,26.9758,1016
2026-09-18,estado,México,Premium,28.4623,1255
2026-09-18,estado,México,Regular,23.7054,1270
2026-09-18,estado,Nayarit,Diesel,27.2701,138
2026-09-18,estado,Nayarit,Premium,29.4610,148
2026-09-18,estado,Nayarit,Regular,23.9806,163
2026-09-18,estado,Nuevo León,Diesel,27.0263,368
2026-09-18,estado,Nuevo León,Premium,29.5477,710
2026-09-18,estado,Nuevo León,Regular,24.0880,731
2026-09-18,estado,Oaxaca,Diesel,27.4681,280
2026-09-18,estado,Oaxaca,Premium,29.2100,279
2026-09-18,estado,Oaxaca,Regular,24.0586,295
2026-09-18,estado,Puebla,Diesel,26.9893,534
2026-09-18,estado,Puebla,Premium,28.0705,596
2026-09-18,estado,Puebla,Regular,23.7199,628
2026-09-18,estado,Querétaro,Diesel,26.9037,316
2026-09-18,estado,Querétaro,Premium,28.5935,368
2026-09-18,estado,Querétaro,Regular,23.7237,371
2026-09-18,estado,Quintana Roo,Diesel,28.0633,211
2026-09-18,estado,Quintana Roo,Premium,29.1160,243
2026-09-18,estado,Quintana Roo,Regular,25.0799,258
2026-09-18,estado,San Luis Potosí,Diesel,27.0541,251
2026-09-18,estado,San Luis Potosí,Premium,28.4596,276
2026-09-18,estado,San Luis Potosí,Regular,23.9471,305
2026-09-18,estado,Sinaloa,Diesel,27.0356,442
2026-09-18,estado,Sinaloa,Premium,29.2325,528
2026-09-18,estado,Sinaloa,Regular,23.9353,558
2026-09-18,estado,Sonora,Diesel,26.9398,361
2026-09-18,estado,Sonora,Premium,28.5921,514
2026-09-18,estado,Sonora,Regular,23.2211,549
2026-09-18,estado,Tabasco,Diesel,27.0003,197
2026-09-18,estado,Tabasco,Premium,28.3165,240
2026-09-18,estado,Tabasco,Regular,23.8223,244
2026-09-18,estado,Tamaulipas,Diesel,26.4120,341
2026-09-18,estado,Tamaulipas,Premium,26.2065,514
2026-09-18,estado,Tamaulipas,Regular,21.9172,600
2026-09-18,estado,Tlaxcala,Diesel,26.7808,130
2026-09-18,estado,Tlaxcala,Premium,27.8694,128
2026-09-18,estado,Tlaxcala,Regular,23.5321,140
2026-09-18,estado,Veracruz,Diesel,26.9910,682
2026-09-18,estado,Veracruz,Premium,28.0531,753
2026-09-18,estado,Veracruz,Regular,23.8176,820
2026-09-18,estado,Yucatán,Diesel,27.1018,252
2026-09-18,estado,Yucatán,Premium,28.1808,324
2026-09-18,estado,Yucatán,Regular,24.1412,343
2026-09-18,estado,Zacatecas,Diesel,27.1113,216
2026-09-18,estado,Zacatecas,Premium,28.8489,190
2026-09-18,estado,Zacatecas,Regular,24.0003,229
2026-09-18,nacional,MX,Diesel,26.9977,10510
2026-09-18,nacional,MX,Premium,28.5732,13011
2026-09-18,nacional,MX,Regular,23.6799,13791
2026-09-18,region,Centro,Diesel,26.9606,2593
2026-09-18,region,Centro,Premium,28.3837,3173
2026-09-18,region,Centro,Regular,23.7118,3264
2026-09-18,region,Golfo,Diesel,26.9931,879
2026-09-18,region,Golfo,Premium,28.1167,993
2026-09-18,region,Golfo,Regular,23.8187,1064
2026-09-18,region,Noreste,Diesel,26.8773,1251
2026-09-18,region,Noreste,Premium,28.3155,1973
2026-09-18,region,Noreste,Regular,23.3777,2124
2026-09-18,region,Noroeste,Diesel,26.8764,1447
2026-09-18,region,Noroeste,Premium,28.8011,1935
2026-09-18,region,Noroeste,Regular,23.4782,2054
2026-09-18,region,Norte,Diesel,26.9378,586
2026-09-18,region,Norte,Premium,27.5955,675
2026-09-18,region,Norte,Regular,22.8724,821
2026-09-18,region,Occidente,Diesel,27.0549,2381
2026-09-18,region,Occidente,Premium,29.1690,2697
2026-09-18,region,Occidente,Regular,23.9315,2828
2026-09-18,region,Sur,Diesel,27.0848,786
2026-09-18,region,Sur,Premium,28.7720,873
2026-09-18,region,Sur,Regular,23.8978,900
2026-09-18,region,Sureste,Diesel,27.4427,581
2026-09-18,region,Sureste,Premium,28.5832,683
2026-09-18,region,Sureste,Regular,24.4561,727
2026-09-19,estado,Aguascalientes,Diesel,27.0347,158
2026-09-19,estado,Aguascalientes,Premium,29.1606,202
2026-09-19,estado,Aguascalientes,Regular,23.9177,205
2026-09-19,estado,Baja California,Diesel,26.2064,368
2026-09-19,estado,Baja California,Premium,28.1891,574
2026-09-19,estado,Baja California,Regular,22.8763,601
2026-09-19,estado,Baja California Sur,Diesel,27.6266,138
2026-09-19,estado,Baja California Sur,Premium,29.6164,171
2026-09-19,estado,Baja California Sur,Regular,24.4061,183
2026-09-19,estado,Campeche,Diesel,27.0582,118
2026-09-19,estado,Campeche,Premium,28.5929,116
2026-09-19,estado,Campeche,Regular,24.0363,126
2026-09-19,estado,Chiapas,Diesel,26.7356,305
2026-09-19,estado,Chiapas,Premium,28.2957,341
2026-09-19,estado,Chiapas,Regular,23.7822,353
2026-09-19,estado,Chihuahua,Diesel,26.8098,397
2026-09-19,estado,Chihuahua,Premium,26.9541,478
2026-09-19,estado,Chihuahua,Regular,22.4385,598
2026-09-19,estado,Ciudad de México,Diesel,26.9637,167
2026-09-19,estado,Ciudad de México,Premium,28.7595,351
2026-09-19,estado,Ciudad de México,Regular,23.7818,354
2026-09-19,estado,Coahuila,Diesel,27.0773,291
2026-09-19,estado,Coahuila,Premium,28.6806,473
2026-09-19,estado,Coahuila,Regular,23.7616,488
2026-09-19,estado,Colima,Diesel,27.0243,107
2026-09-19,estado,Colima,Premium,28.8937,126
2026-09-19,estado,Colima,Regular,23.8325,130
2026-09-19,estado,Durango,Diesel,27.2278,189
2026-09-19,estado,Durango,Premium,29.1699,197
2026-09-19,estado,Durango,Regular,24.0731,223
2026-09-19,estado,Guanajuato,Diesel,27.0240,610
2026-09-19,estado,Guanajuato,Premium,29.1476,695
2026-09-19,estado,Guanajuato,Regular,23.8575,724
2026-09-19,estado,Guerrero,Diesel,27.0707,201
2026-09-19,estado,Guerrero,Premium,28.9281,253
2026-09-19,estado,Guerrero,Regular,23.8620,251
2026-09-19,estado,Hidalgo,Diesel,26.9860,271
2026-09-19,estado,Hidalgo,Premium,28.1210,286
2026-09-19,estado,Hidalgo,Regular,23.6729,312
2026-09-19,estado,Jalisco,Diesel,27.0963,778
2026-09-19,estado,Jalisco,Premium,29.3781,942
2026-09-19,estado,Jalisco,Regular,23.9736,981
2026-09-19,estado,Michoacán,Diesel,27.0186,512
2026-09-19,estado,Michoacán,Premium,29.0081,542
2026-09-19,estado,Michoacán,Regular,23.9596,559
2026-09-19,estado,Morelos,Diesel,26.9820,159
2026-09-19,estado,Morelos,Premium,28.4592,189
2026-09-19,estado,Morelos,Regular,23.8066,189
2026-09-19,estado,México,Diesel,26.9757,1016
2026-09-19,estado,México,Premium,28.4571,1255
2026-09-19,estado,México,Regular,23.7005,1271
2026-09-19,estado,Nayarit,Diesel,27.2199,138
2026-09-19,estado,Nayarit,Premium,29.4610,148
2026-09-19,estado,Nayarit,Regular,23.9369,163
2026-09-19,estado,Nuevo León,Diesel,27.0315,368
2026-09-19,estado,Nuevo León,Premium,29.5538,710
2026-09-19,estado,Nuevo León,Regular,24.0905,731
2026-09-19,estado,Oaxaca,Diesel,27.4672,280
2026-09-19,estado,Oaxaca,Premium,29.2124,279
2026-09-19,estado,Oaxaca,Regular,24.0747,295
2026-09-19,estado,Puebla,Diesel,26.9949,534
2026-09-19,estado,Puebla,Premium,28.0636,596
2026-09-19,estado,Puebla,Regular,23.7318,628
2026-09-19,estado,Querétaro,Diesel,26.9040,316
2026-09-19,estado,Querétaro,Premium,28.5986,368
2026-09-19,estado,Querétaro,Regular,23.7358,371
2026-09-19,estado,Quintana Roo,Diesel,28.0747,211
2026-09-19,estado,Quintana Roo,Premium,29.1160,243
2026-09-19,estado,Quintana Roo,Regular,25.1055,258
2026-09-19,estado,San Luis Potosí,Diesel,27.0602,251
2026-09-19,estado,San Luis Potosí,Premium,28.4586,276
2026-09-19,estado,San Luis Potosí,Regular,23.9478,305
2026-09-19,estado,Sinaloa,Diesel,27.0363,442
2026-09-19,estado,Sinaloa,Premium,29.2277,528
2026-09-19,estado,Sinaloa,Regular,23.9354,558
2026-09-19,estado,Sonora,Diesel,26.9420,361
2026-09-19,estado,Sonora,Premium,28.6034,514
2026-09-19,estado,Sonora,Regular,23.2466,549
2026-09-19,estado,Tabasco,Diesel,26.9856,197
2026-09-19,estado,Tabasco,Premium,28.3166,240
2026-09-19,estado,Tabasco,Regular,23.8120,244
2026-09-19,estado,Tamaulipas,Diesel,26.4101,341
2026-09-19,estado,Tamaulipas,Premium,26.2070,514
2026-09-19,estado,Tamaulipas,Regular,21.9161,600
2026-09-19,estado,Tlaxcala,Diesel,26.7814,130
2026-09-19,estado,Tlaxcala,Premium,27.8679,128
2026-09-19,estado,Tlaxcala,Regular,23.5321,140
2026-09-19,estado,Veracruz,Diesel,26.9906,682
2026-09-19,estado,Veracruz,Premium,28.0502,753
2026-09-19,estado,Veracruz,Regular,23.8189,820
2026-09-19,estado,Yucatán,Diesel,27.1019,252
2026-09-19,estado,Yucatán,Premium,28.1809,324
2026-09-19,estado,Yucatán,Regular,24.1486,343
2026-09-19,estado,Zacatecas,Diesel,27.1113,216
2026-09-19,estado,Zacatecas,Premium,28.8482,190
2026-09-19,estado,Zacatecas,Regular,24.0396,229
2026-09-19,nacional,MX,Diesel,26.9981,10511
2026-09-19,nacional,MX,Premium,28.5733,13012
2026-09-19,nacional,MX,Regular,23.6841,13792
2026-09-19,region,Centro,Diesel,26.9618,2593
2026-09-19,region,Centro,Premium,28.3791,3173
2026-09-19,region,Centro,Regular,23.7156,3265
2026-09-19,region,Golfo,Diesel,26.9895,879
2026-09-19,region,Golfo,Premium,28.1146,993
2026-09-19,region,Golfo,Regular,23.8173,1064
2026-09-19,region,Noreste,Diesel,26.8785,1251
2026-09-19,region,Noreste,Premium,28.3194,1973
2026-09-19,region,Noreste,Regular,23.3802,2124
2026-09-19,region,Noroeste,Diesel,26.8755,1447
2026-09-19,region,Noroeste,Premium,28.8060,1935
2026-09-19,region,Noroeste,Regular,23.4834,2054
2026-09-19,region,Norte,Diesel,26.9446,586
2026-09-19,region,Norte,Premium,27.6008,675
2026-09-19,region,Norte,Regular,22.8825,821
2026-09-19,region,Occidente,Diesel,27.0551,2381
2026-09-19,region,Occidente,Premium,29.1681,2697
2026-09-19,region,Occidente,Regular,23.9359,2828
2026-09-19,region,Sur,Diesel,27.0819,786
2026-09-19,region,Sur,Premium,28.7719,873
2026-09-19,region,Sur,Regular,23.9005,899
2026-09-19,region,Sureste,Diesel,27.4463,581
2026-09-19,region,Sureste,Premium,28.5836,683
2026-09-19,region,Sureste,Regular,24.4687,727
2026-09-20,estado,Aguascalientes,Diesel,27.0347,158
2026-09-20,estado,Aguascalientes,Premium,29.1476,202
2026-09-20,estado,Aguascalientes,Regular,23.9177,205
2026-09-20,estado,Baja California,Diesel,26.1671,368
2026-09-20,estado,Baja California,Premium,28.1889,574
2026-09-20,estado,Baja California,Regular,22.8783,601
2026-09-20,estado,Baja California Sur,Diesel,27.6266,138
2026-09-20,estado,Baja California Sur,Premium,29.6164,171
2026-09-20,estado,Baja California Sur,Regular,24.4093,183
2026-09-20,estado,Campeche,Diesel,27.0582,118
2026-09-20,estado,Campeche,Premium,28.5929,116
2026-09-20,estado,Campeche,Regular,24.0363,126
2026-09-20,estado,Chiapas,Diesel,26.7391,305
2026-09-20,estado,Chiapas,Premium,28.2633,341
2026-09-20,estado,Chiapas,Regular,23.7608,353
2026-09-20,estado,Chihuahua,Diesel,26.8092,397
2026-09-20,estado,Chihuahua,Premium,26.9541,478
2026-09-20,estado,Chihuahua,Regular,22.4433,599
2026-09-20,estado,Ciudad de México,Diesel,26.9637,167
2026-09-20,estado,Ciudad de México,Premium,28.7573,351
2026-09-20,estado,Ciudad de México,Regular,23.7837,354
2026-09-20,estado,Coahuila,Diesel,27.0773,291
2026-09-20,estado,Coahuila,Premium,28.6691,472
2026-09-20,estado,Coahuila,Regular,23.7618,487
2026-09-20,estado,Colima,Diesel,27.0243,107
2026-09-20,estado,Colima,Premium,28.8937,126
2026-09-20,estado,Colima,Regular,23.8325,130
2026-09-20,estado,Durango,Diesel,27.2278,189
2026-09-20,estado,Durango,Premium,29.1922,197
2026-09-20,estado,Durango,Regular,24.0731,223
2026-09-20,estado,Guanajuato,Diesel,27.0246,610
2026-09-20,estado,Guanajuato,Premium,29.1486,695
2026-09-20,estado,Guanajuato,Regular,23.8581,724
2026-09-20,estado,Guerrero,Diesel,27.0716,201
2026-09-20,estado,Guerrero,Premium,28.9265,253
2026-09-20,estado,Guerrero,Regular,23.8619,251
2026-09-20,estado,Hidalgo,Diesel,26.9860,271
2026-09-20,estado,Hidalgo,Premium,28.1186,286
2026-09-20,estado,Hidalgo,Regular,23.6722,312
2026-09-20,estado,Jalisco,Diesel,27.1279,778
2026-09-20,estado,Jalisco,Premium,29.3767,942
2026-09-20,estado,Jalisco,Regular,23.9871,981
2026-09-20,estado,Michoacán,Diesel,27.0186,512
2026-09-20,estado,Michoacán,Premium,29.0037,542
2026-09-20,estado,Michoacán,Regular,23.9577,559
2026-09-20,estado,Morelos,Diesel,26.9833,159
2026-09-20,estado,Morelos,Premium,28.4556,189
2026-09-20,estado,Morelos,Regular,23.8066,189
2026-09-20,estado,México,Diesel,26.9760,1016
2026-09-20,estado,México,Premium,28.4609,1255
2026-09-20,estado,México,Regular,23.7019,1271
2026-09-20,estado,Nayarit,Diesel,27.3336,138
2026-09-20,estado,Nayarit,Premium,29.4625,148
2026-09-20,estado,Nayarit,Regular,23.9806,163
2026-09-20,estado,Nuevo León,Diesel,27.0315,368
2026-09-20,estado,Nuevo León,Premium,29.5479,710
2026-09-20,estado,Nuevo León,Regular,24.0896,731
2026-09-20,estado,Oaxaca,Diesel,27.4672,280
2026-09-20,estado,Oaxaca,Premium,29.2124,279
2026-09-20,estado,Oaxaca,Regular,24.0750,295
2026-09-20,estado,Puebla,Diesel,26.9881,534
2026-09-20,estado,Puebla,Premium,28.0606,596
2026-09-20,estado,Puebla,Regular,23.7301,628
2026-09-20,estado,Querétaro,Diesel,26.9040,316
2026-09-20,estado,Querétaro,Premium,28.5986,368
2026-09-20,estado,Querétaro,Regular,23.7362,371
2026-09-20,estado,Quintana Roo,Diesel,28.0771,211
2026-09-20,estado,Quintana Roo,Premium,29.1164,243
2026-09-20,estado,Quintana Roo,Regular,25.1105,258
2026-09-20,estado,San Luis Potosí,Diesel,27.0623,252
2026-09-20,estado,San Luis Potosí,Premium,28.4618,277
2026-09-20,estado,San Luis Potosí,Regular,23.9505,306
2026-09-20,estado,Sinaloa,Diesel,27.0241,442
2026-09-20,estado,Sinaloa,Premium,29.2274,528
2026-09-20,estado,Sinaloa,Regular,23.9357,558
2026-09-20,estado,Sonora,Diesel,26.9393,361
2026-09-20,estado,Sonora,Premium,28.6034,514
2026-09-20,estado,Sonora,Regular,23.2476,552
2026-09-20,estado,Tabasco,Diesel,26.9856,197
2026-09-20,estado,Tabasco,Premium,28.3166,240
2026-09-20,estado,Tabasco,Regular,23.8136,244
2026-09-20,estado,Tamaulipas,Diesel,26.4101,341
2026-09-20,estado,Tamaulipas,Premium,26.2070,514
2026-09-20,estado,Tamaulipas,Regular,21.9175,600
2026-09-20,estado,Tlaxcala,Diesel,26.7862,130
2026-09-20,estado,Tlaxcala,Premium,27.8905,128
2026-09-20,estado,Tlaxcala,Regular,23.5322,140
2026-09-20,estado,Veracruz,Diesel,26.9905,682
2026-09-20,estado,Veracruz,Premium,28.0518,753
2026-09-20,estado,Veracruz,Regular,23.8087,820
2026-09-20,estado,Yucatán,Diesel,27.1011,252
2026-09-20,estado,Yucatán,Premium,28.1809,324
2026-09-20,estado,Yucatán,Regular,24.1486,343
2026-09-20,estado,Zacatecas,Diesel,27.1113,216
2026-09-20,estado,Zacatecas,Premium,28.8482,190
2026-09-20,estado,Zacatecas,Regular,24.0396,229
2026-09-20,nacional,MX,Diesel,26.9999,10512
2026-09-20,nacional,MX,Premium,28.5720,13012
2026-09-20,nacional,MX,Regular,23.6849,13796
2026-09-20,region,Centro,Diesel,26.9609,2593
2026-09-20,region,Centro,Premium,28.3803,3173
2026-09-20,region,Centro,Regular,23.7160,3265
2026-09-20,region,Golfo,Diesel,26.9894,879
2026-09-20,region,Golfo,Premium,28.1158,993
2026-09-20,region,Golfo,Regular,23.8099,1064
2026-09-20,region,Noreste,Diesel,26.8791,1252
2026-09-20,region,Noreste,Premium,28.3148,1973
2026-09-20,region,Noreste,Regular,23.3808,2124
2026-09-20,region,Noroeste,Diesel,26.8720,1447
2026-09-20,region,Noroeste,Premium,28.8059,1935
2026-09-20,region,Noroeste,Regular,23.4878,2057
2026-09-20,region,Norte,Diesel,26.9442,586
2026-09-20,region,Norte,Premium,27.6073,675
2026-09-20,region,Norte,Regular,22.8854,822
2026-09-20,region,Occidente,Diesel,27.0656,2381
2026-09-20,region,Occidente,Premium,29.1660,2697
2026-09-20,region,Occidente,Regular,23.9404,2828
2026-09-20,region,Sur,Diesel,27.0835,786
2026-09-20,region,Sur,Premium,28.7588,873
2026-09-20,region,Sur,Regular,23.8921,899
2026-09-20,region,Sureste,Diesel,27.4469,581
2026-09-20,region,Sureste,Premium,28.5837,683
2026-09-20,region,Sureste,Regular,24.4705,727
2026-09-21,estado,Aguascalientes,Diesel,27.0347,158
2026-09-21,estado,Aguascalientes,Premium,29.1476,202
2026-09-21,estado,Aguascalientes,Regular,23.9174,204
2026-09-21,estado,Baja California,Diesel,26.1671,368
2026-09-21,estado,Baja California,Premium,28.1889,574
2026-09-21,estado,Baja California,Regular,22.8778,601
2026-09-21,estado,Baja California Sur,Diesel,27.6266,138
2026-09-21,estado,Baja California Sur,Premium,29.6164,171
2026-09-21,estado,Baja California Sur,Regular,24.4093,183
2026-09-21,estado,Campeche,Diesel,27.0582,118
2026-09-21,estado,Campeche,Premium,28.5929,116
2026-09-21,estado,Campeche,Regular,24.0363,126
2026-09-21,estado,Chiapas,Diesel,26.7392,305
2026-09-21,estado,Chiapas,Premium,28.2640,341
2026-09-21,estado,Chiapas,Regular,23.7614,353
2026-09-21,estado,Chihuahua,Diesel,26.8092,397
2026-09-21,estado,Chihuahua,Premium,26.9541,478
2026-09-21,estado,Chihuahua,Regular,22.4433,599
2026-09-21,estado,Ciudad de México,Diesel,26.9637,167
2026-09-21,estado,Ciudad de México,Premium,28.7567,351
2026-09-21,estado,Ciudad de México,Regular,23.7841,354
2026-09-21,estado,Coahuila,Diesel,27.0773,291
2026-09-21,estado,Coahuila,Premium,28.6691,472
2026-09-21,estado,Coahuila,Regular,23.7618,487
2026-09-21,estado,Colima,Diesel,27.0243,107
2026-09-21,estado,Colima,Premium,28.8937,126
2026-09-21,estado,Colima,Regular,23.8325,130
2026-09-21,estado,Durango,Diesel,27.2278,189
2026-09-21,estado,Durango,Premium,29.1922,197
2026-09-21,estado,Durango,Regular,24.0731,223
2026-09-21,estado,Guanajuato,Diesel,27.0246,610
2026-09-21,estado,Guanajuato,Premium,29.1497,695
2026-09-21,estado,Guanajuato,Regular,23.8593,724
2026-09-21,estado,Guerrero,Diesel,27.0716,201
2026-09-21,estado,Guerrero,Premium,28.9265,253
2026-09-21,estado,Guerrero,Regular,23.8619,251
2026-09-21,estado,Hidalgo,Diesel,26.9860,271
2026-09-21,estado,Hidalgo,Premium,28.1172,286
2026-09-21,estado,Hidalgo,Regular,23.6722,312
2026-09-21,estado,Jalisco,Diesel,27.1279,778
2026-09-21,estado,Jalisco,Premium,29.3765,942
2026-09-21,estado,Jalisco,Regular,23.9871,981
2026-09-21,estado,Michoacán,Diesel,27.0186,512
2026-09-21,estado,Michoacán,Premium,29.0059,542
2026-09-21,estado,Michoacán,Regular,23.9591,559
2026-09-21,estado,Morelos,Diesel,26.9833,159
2026-09-21,estado,Morelos,Premium,28.4556,189
2026-09-21,estado,Morelos,Regular,23.8066,189
2026-09-21,estado,México,Diesel,26.9760,1016
2026-09-21,estado,México,Premium,28.4597,1255
2026-09-21,estado,México,Regular,23.7017,1271
2026-09-21,estado,Nayarit,Diesel,27.3336,138
2026-09-21,estado,Nayarit,Premium,29.4617,148
2026-09-21,estado,Nayarit,Regular,23.9806,163
2026-09-21,estado,Nuevo León,Diesel,27.0315,368
2026-09-21,estado,Nuevo León,Premium,29.5479,710
2026-09-21,estado,Nuevo León,Regular,24.0896,731
2026-09-21,estado,Oaxaca,Diesel,27.4672,280
2026-09-21,estado,Oaxaca,Premium,29.2122,279
2026-09-21,estado,Oaxaca,Regular,24.0750,295
2026-09-21,estado,Puebla,Diesel,26.9888,534
2026-09-21,estado,Puebla,Premium,28.0571,596
2026-09-21,estado,Puebla,Regular,23.7305,628
2026-09-21,estado,Querétaro,Diesel,26.9040,316
2026-09-21,estado,Querétaro,Premium,28.5986,368
2026-09-21,estado,Querétaro,Regular,23.7372,371
2026-09-21,estado,Quintana Roo,Diesel,28.0771,211
2026-09-21,estado,Quintana Roo,Premium,29.1164,243
2026-09-21,estado,Quintana Roo,Regular,25.1105,258
2026-09-21,estado,San Luis Potosí,Diesel,27.0623,252
2026-09-21,estado,San Luis Potosí,Premium,28.4618,277
2026-09-21,estado,San Luis Potosí,Regular,23.9505,306
2026-09-21,estado,Sinaloa,Diesel,27.0241,442
2026-09-21,estado,Sinaloa,Premium,29.2274,528
2026-09-21,estado,Sinaloa,Regular,23.9357,558
2026-09-21,estado,Sonora,Diesel,26.9393,361
2026-09-21,estado,Sonora,Premium,28.6034,514
2026-09-21,estado,Sonora,Regular,23.2476,552
2026-09-21,estado,Tabasco,Diesel,26.9856,197
2026-09-21,estado,Tabasco,Premium,28.3166,240
2026-09-21,estado,Tabasco,Regular,23.8136,244
2026-09-21,estado,Tamaulipas,Diesel,26.4101,341
2026-09-21,estado,Tamaulipas,Premium,26.2070,514
2026-09-21,estado,Tamaulipas,Regular,21.9175,600
2026-09-21,estado,Tlaxcala,Diesel,26.7862,130
2026-09-21,estado,Tlaxcala,Premium,27.8820,128
2026-09-21,estado,Tlaxcala,Regular,23.5308,140
2026-09-21,estado,Veracruz,Diesel,26.9904,682
2026-09-21,estado,Veracruz,Premium,28.0537,753
2026-09-21,estado,Veracruz,Regular,23.8105,820
2026-09-21,estado,Yucatán,Diesel,27.1011,252
2026-09-21,estado,Yucatán,Premium,28.1809,324
2026-09-21,estado,Yucatán,Regular,24.1486,343
2026-09-21,estado,Zacatecas,Diesel,27.1113,216
2026-09-21,estado,Zacatecas,Premium,28.8482,190
2026-09-21,estado,Zacatecas,Regular,24.0396,229
2026-09-21,nacional,MX,Diesel,26.9999,10512
2026-09-21,nacional,MX,Premium,28.5719,13012
2026-09-21,nacional,MX,Regular,23.6852,13795
2026-09-21,region,Centro,Diesel,26.9610,2593
2026-09-21,region,Centro,Premium,28.3786,3173
2026-09-21,region,Centro,Regular,23.7162,3265
2026-09-21,region,Golfo,Diesel,26.9894,879
2026-09-21,region,Golfo,Premium,28.1172,993
2026-09-21,region,Golfo,Regular,23.8112,1064
2026-09-21,region,Noreste,Diesel,26.8791,1252
2026-09-21,region,Noreste,Premium,28.3148,1973
2026-09-21,region,Noreste,Regular,23.3808,2124
2026-09-21,region,Noroeste,Diesel,26.8720,1447
2026-09-21,region,Noroeste,Premium,28.8059,1935
2026-09-21,region,Noroeste,Regular,23.4877,2057
2026-09-21,region,Norte,Diesel,26.9442,586
2026-09-21,region,Norte,Premium,27.6073,675
2026-09-21,region,Norte,Regular,22.8854,822
2026-09-21,region,Occidente,Diesel,27.0656,2381
2026-09-21,region,Occidente,Premium,29.1667,2697
2026-09-21,region,Occidente,Regular,23.9410,2827
2026-09-21,region,Sur,Diesel,27.0835,786
2026-09-21,region,Sur,Premium,28.7590,873
2026-09-21,region,Sur,Regular,23.8924,899
2026-09-21,region,Sureste,Diesel,27.4469,581
2026-09-21,region,Sureste,Premium,28.5837,683
2026-09-21,region,Sureste,Regular,24.4705,727
2026-09-22,estado,Aguascalientes,Diesel,27.0347,158
2026-09-22,estado,Aguascalientes,Premium,29.1425,202
2026-09-22,estado,Aguascalientes,Regular,23.9174,204
2026-09-22,estado,Baja California,Diesel,26.2101,368
2026-09-22,estado,Baja California,Premium,28.1860,574
2026-09-22,estado,Baja California,Regular,22.8760,601
2026-09-22,estado,Baja California Sur,Diesel,27.6569,138
2026-09-22,estado,Baja California Sur,Premium,29.6298,171
2026-09-22,estado,Baja California Sur,Regular,24.4186,183
2026-09-22,estado,Campeche,Diesel,27.0582,118
2026-09-22,estado,Campeche,Premium,28.5929,116
2026-09-22,estado,Campeche,Regular,24.0363,126
2026-09-22,estado,Chiapas,Diesel,26.7392,305
2026-09-22,estado,Chiapas,Premium,28.2686,341
2026-09-22,estado,Chiapas,Regular,23.7707,353
2026-09-22,estado,Chihuahua,Diesel,26.8092,397
2026-09-22,estado,Chihuahua,Premium,26.9541,478
2026-09-22,estado,Chihuahua,Regular,22.4546,599
2026-09-22,estado,Ciudad de México,Diesel,26.9637,167
2026-09-22,estado,Ciudad de México,Premium,28.7491,351
2026-09-22,estado,Ciudad de México,Regular,23.7837,354
2026-09-22,estado,Coahuila,Diesel,27.0738,291
2026-09-22,estado,Coahuila,Premium,28.6691,472
2026-09-22,estado,Coahuila,Regular,23.7608,487
2026-09-22,estado,Colima,Diesel,27.0057,107
2026-09-22,estado,Colima,Premium,28.8937,126
2026-09-22,estado,Colima,Regular,23.8345,130
2026-09-22,estado,Durango,Diesel,27.2151,189
2026-09-22,estado,Durango,Premium,29.2096,197
2026-09-22,estado,Durango,Regular,24.0731,223
2026-09-22,estado,Guanajuato,Diesel,27.0248,610
2026-09-22,estado,Guanajuato,Premium,29.1523,695
2026-09-22,estado,Guanajuato,Regular,23.8632,724
2026-09-22,estado,Guerrero,Diesel,27.0716,201
2026-09-22,estado,Guerrero,Premium,28.9269,253
2026-09-22,estado,Guerrero,Regular,23.8619,251
2026-09-22,estado,Hidalgo,Diesel,26.9878,270
2026-09-22,estado,Hidalgo,Premium,28.1165,286
2026-09-22,estado,Hidalgo,Regular,23.6698,311
2026-09-22,estado,Jalisco,Diesel,27.1295,778
2026-09-22,estado,Jalisco,Premium,29.3773,943
2026-09-22,estado,Jalisco,Regular,23.9889,980
2026-09-22,estado,Michoacán,Diesel,27.0197,512
2026-09-22,estado,Michoacán,Premium,29.0085,542
2026-09-22,estado,Michoacán,Regular,23.9605,559
2026-09-22,estado,Morelos,Diesel,26.9833,159
2026-09-22,estado,Morelos,Premium,28.4526,189
2026-09-22,estado,Morelos,Regular,23.8066,189
2026-09-22,estado,México,Diesel,26.9763,1016
2026-09-22,estado,México,Premium,28.4616,1255
2026-09-22,estado,México,Regular,23.7024,1270
2026-09-22,estado,Nayarit,Diesel,27.3372,138
2026-09-22,estado,Nayarit,Premium,29.4634,148
2026-09-22,estado,Nayarit,Regular,23.9806,163
2026-09-22,estado,Nuevo León,Diesel,27.0310,368
2026-09-22,estado,Nuevo León,Premium,29.5479,710
2026-09-22,estado,Nuevo León,Regular,24.0919,730
2026-09-22,estado,Oaxaca,Diesel,27.4681,280
2026-09-22,estado,Oaxaca,Premium,29.2131,279
2026-09-22,estado,Oaxaca,Regular,24.0589,295
2026-09-22,estado,Puebla,Diesel,26.9890,534
2026-09-22,estado,Puebla,Premium,28.0613,596
2026-09-22,estado,Puebla,Regular,23.7319,628
2026-09-22,estado,Querétaro,Diesel,26.9045,316
2026-09-22,estado,Querétaro,Premium,28.5969,368
2026-09-22,estado,Querétaro,Regular,23.7363,371
2026-09-22,estado,Quintana Roo,Diesel,28.0771,211
2026-09-22,estado,Quintana Roo,Premium,29.1164,243
2026-09-22,estado,Quintana Roo,Regular,25.1105,258
2026-09-22,estado,San Luis Potosí,Diesel,27.0600,252
2026-09-22,estado,San Luis Potosí,Premium,28.4618,277
2026-09-22,estado,San Luis Potosí,Regular,23.9505,306
2026-09-22,estado,Sinaloa,Diesel,27.0218,442
2026-09-22,estado,Sinaloa,Premium,29.2289,528
2026-09-22,estado,Sinaloa,Regular,23.9358,557
2026-09-22,estado,Sonora,Diesel,26.9343,361
2026-09-22,estado,Sonora,Premium,28.6033,514
2026-09-22,estado,Sonora,Regular,23.2471,552
2026-09-22,estado,Tabasco,Diesel,26.9856,197
2026-09-22,estado,Tabasco,Premium,28.3166,240
2026-09-22,estado,Tabasco,Regular,23.8161,244
2026-09-22,estado,Tamaulipas,Diesel,26.4109,341
2026-09-22,estado,Tamaulipas,Premium,26.2071,514
2026-09-22,estado,Tamaulipas,Regular,21.9158,600
2026-09-22,estado,Tlaxcala,Diesel,26.7854,130
2026-09-22,estado,Tlaxcala,Premium,27.8824,128
2026-09-22,estado,Tlaxcala,Regular,23.5301,140
2026-09-22,estado,Veracruz,Diesel,26.9906,682
2026-09-22,estado,Veracruz,Premium,28.0561,753
2026-09-22,estado,Veracruz,Regular,23.8120,820
2026-09-22,estado,Yucatán,Diesel,27.1011,252
2026-09-22,estado,Yucatán,Premium,28.1763,324
2026-09-22,estado,Yucatán,Regular,24.1486,343
2026-09-22,estado,Zacatecas,Diesel,27.1113,216
2026-09-22,estado,Zacatecas,Premium,28.8482,190
2026-09-22,estado,Zacatecas,Regular,24.0396,229
2026-09-22,nacional,MX,Diesel,27.0014,10511
2026-09-22,nacional,MX,Premium,28.5728,13013
2026-09-22,nacional,MX,Regular,23.6861,13790
2026-09-22,region,Centro,Diesel,26.9614,2592
2026-09-22,region,Centro,Premium,28.3789,3173
2026-09-22,region,Centro,Regular,23.7163,3263
2026-09-22,region,Golfo,Diesel,26.9895,879
2026-09-22,region,Golfo,Premium,28.1191,993
2026-09-22,region,Golfo,Regular,23.8129,1064
2026-09-22,region,Noreste,Diesel,26.8779,1252
2026-09-22,region,Noreste,Premium,28.3149,1973
2026-09-22,region,Noreste,Regular,23.3806,2123
2026-09-22,region,Noroeste,Diesel,26.8842,1447
2026-09-22,region,Noroeste,Premium,28.8067,1935
2026-09-22,region,Noroeste,Regular,23.4876,2056
2026-09-22,region,Norte,Diesel,26.9401,586
2026-09-22,region,Norte,Premium,27.6124,675
2026-09-22,region,Norte,Regular,22.8937,822
2026-09-22,region,Occidente,Diesel,27.0656,2381
2026-09-22,region,Occidente,Premium,29.1678,2698
2026-09-22,region,Occidente,Regular,23.9429,2826
2026-09-22,region,Sur,Diesel,27.0839,786
2026-09-22,region,Sur,Premium,28.7612,873
2026-09-22,region,Sur,Regular,23.8907,899
2026-09-22,region,Sureste,Diesel,27.4468,581
2026-09-22,region,Sureste,Premium,28.5815,683
2026-09-22,region,Sureste,Regular,24.4705,727
2026-09-23,estado,Aguascalientes,Diesel,27.0347,158
2026-09-23,estado,Aguascalientes,Premium,29.1422,202
2026-09-23,estado,Aguascalientes,Regular,23.9195,204
2026-09-23,estado,Baja California,Diesel,26.2124,368
2026-09-23,estado,Baja California,Premium,28.1894,574
2026-09-23,estado,Baja California,Regular,22.8771,601
2026-09-23,estado,Baja California Sur,Diesel,27.6612,138
2026-09-23,estado,Baja California Sur,Premium,29.6316,171
2026-09-23,estado,Baja California Sur,Regular,24.4219,183
2026-09-23,estado,Campeche,Diesel,27.0608,118
2026-09-23,estado,Campeche,Premium,28.5929,116
2026-09-23,estado,Campeche,Regular,24.0363,126
2026-09-23,estado,Chiapas,Diesel,26.7402,305
2026-09-23,estado,Chiapas,Premium,28.2667,341
2026-09-23,estado,Chiapas,Regular,23.7665,353
2026-09-23,estado,Chihuahua,Diesel,26.8092,397
2026-09-23,estado,Chihuahua,Premium,26.9547,478
2026-09-23,estado,Chihuahua,Regular,22.4567,599
2026-09-23,estado,Ciudad de México,Diesel,26.9607,167
2026-09-23,estado,Ciudad de México,Premium,28.7464,351
2026-09-23,estado,Ciudad de México,Regular,23.7808,354
2026-09-23,estado,Coahuila,Diesel,27.0738,291
2026-09-23,estado,Coahuila,Premium,28.6702,472
2026-09-23,estado,Coahuila,Regular,23.7505,487
2026-09-23,estado,Colima,Diesel,27.0243,107
2026-09-23,estado,Colima,Premium,28.8937,126
2026-09-23,estado,Colima,Regular,23.8358,130
2026-09-23,estado,Durango,Diesel,27.2120,189
2026-09-23,estado,Durango,Premium,29.2096,197
2026-09-23,estado,Durango,Regular,24.0525,223
2026-09-23,estado,Guanajuato,Diesel,27.0270,610
2026-09-23,estado,Guanajuato,Premium,29.1541,695
2026-09-23,estado,Guanajuato,Regular,23.8603,724
2026-09-23,estado,Guerrero,Diesel,27.0692,201
2026-09-23,estado,Guerrero,Premium,28.9258,253
2026-09-23,estado,Guerrero,Regular,23.8619,251
2026-09-23,estado,Hidalgo,Diesel,26.9916,270
2026-09-23,estado,Hidalgo,Premium,28.1124,286
2026-09-23,estado,Hidalgo,Regular,23.6693,311
2026-09-23,estado,Jalisco,Diesel,27.1325,778
2026-09-23,estado,Jalisco,Premium,29.3781,943
2026-09-23,estado,Jalisco,Regular,23.9865,980
2026-09-23,estado,Michoacán,Diesel,27.0189,512
2026-09-23,estado,Michoacán,Premium,29.0051,542
2026-09-23,estado,Michoacán,Regular,23.9562,559
2026-09-23,estado,Morelos,Diesel,26.9833,159
2026-09-23,estado,Morelos,Premium,28.4443,189
2026-09-23,estado,Morelos,Regular,23.8068,189
2026-09-23,estado,México,Diesel,26.9782,1016
2026-09-23,estado,México,Premium,28.4609,1255
2026-09-23,estado,México,Regular,23.6992,1270
2026-09-23,estado,Nayarit,Diesel,27.3494,138
2026-09-23,estado,Nayarit,Premium,29.4579,148
2026-09-23,estado,Nayarit,Regular,23.9839,163
2026-09-23,estado,Nuevo León,Diesel,27.0306,368
2026-09-23,estado,Nuevo León,Premium,29.5488,710
2026-09-23,estado,Nuevo León,Regular,24.0928,730
2026-09-23,estado,Oaxaca,Diesel,27.4681,280
2026-09-23,estado,Oaxaca,Premium,29.2129,279
2026-09-23,estado,Oaxaca,Regular,24.0589,295
2026-09-23,estado,Puebla,Diesel,26.9896,534
2026-09-23,estado,Puebla,Premium,28.0606,596
2026-09-23,estado,Puebla,Regular,23.7236,628
2026-09-23,estado,Querétaro,Diesel,26.9045,316
2026-09-23,estado,Querétaro,Premium,28.5980,368
2026-09-23,estado,Querétaro,Regular,23.7317,371
2026-09-23,estado,Quintana Roo,Diesel,28.0771,211
2026-09-23,estado,Quintana Roo,Premium,29.1164,243
2026-09-23,estado,Quintana Roo,Regular,25.1105,258
2026-09-23,estado,San Luis Potosí,Diesel,27.0579,252
2026-09-23,estado,San Luis Potosí,Premium,28.4681,277
2026-09-23,estado,San Luis Potosí,Regular,23.9505,306
2026-09-23,estado,Sinaloa,Diesel,27.0229,442
2026-09-23,estado,Sinaloa,Premium,29.2281,528
2026-09-23,estado,Sinaloa,Regular,23.9360,557
2026-09-23,estado,Sonora,Diesel,26.9360,361
2026-09-23,estado,Sonora,Premium,28.6004,513
2026-09-23,estado,Sonora,Regular,23.2474,552
2026-09-23,estado,Tabasco,Diesel,27.0007,197
2026-09-23,estado,Tabasco,Premium,28.3154,240
2026-09-23,estado,Tabasco,Regular,23.8152,244
2026-09-23,estado,Tamaulipas,Diesel,26.4246,341
2026-09-23,estado,Tamaulipas,Premium,26.2071,514
2026-09-23,estado,Tamaulipas,Regular,21.9186,600
2026-09-23,estado,Tlaxcala,Diesel,26.7824,130
2026-09-23,estado,Tlaxcala,Premium,27.8734,128
2026-09-23,estado,Tlaxcala,Regular,23.5332,140
2026-09-23,estado,Veracruz,Diesel,26.9905,682
2026-09-23,estado,Veracruz,Premium,28.0559,753
2026-09-23,estado,Veracruz,Regular,23.8115,820
2026-09-23,estado,Yucatán,Diesel,27.1011,252
2026-09-23,estado,Yucatán,Premium,28.1757,324
2026-09-23,estado,Yucatán,Regular,24.1495,343
2026-09-23,estado,Zacatecas,Diesel,27.1113,216
2026-09-23,estado,Zacatecas,Premium,28.8482,190
2026-09-23,estado,Zacatecas,Regular,24.0417,229
2026-09-23,nacional,MX,Diesel,27.0031,10512
2026-09-23,nacional,MX,Premium,28.5725,13013
2026-09-23,nacional,MX,Regular,23.6844,13791
2026-09-23,region,Centro,Diesel,26.9623,2592
2026-09-23,region,Centro,Premium,28.3771,3173
2026-09-23,region,Centro,Regular,23.7127,3263
2026-09-23,region,Golfo,Diesel,26.9928,879
2026-09-23,region,Golfo,Premium,28.1186,993
2026-09-23,region,Golfo,Regular,23.8123,1064
2026-09-23,region,Noreste,Diesel,26.8811,1252
2026-09-23,region,Noreste,Premium,28.3163,1973
2026-09-23,region,Noreste,Regular,23.3793,2123
2026-09-23,region,Noroeste,Diesel,26.8871,1447
2026-09-23,region,Noroeste,Premium,28.8066,1934
2026-09-23,region,Noroeste,Regular,23.4886,2056
2026-09-23,region,Norte,Diesel,26.9391,586
2026-09-23,region,Norte,Premium,27.6128,675
2026-09-23,region,Norte,Regular,22.8896,822
2026-09-23,region,Occidente,Diesel,27.0678,2381
2026-09-23,region,Occidente,Premium,29.1679,2698
2026-09-23,region,Occidente,Regular,23.9409,2826
2026-09-23,region,Sur,Diesel,27.0836,786
2026-09-23,region,Sur,Premium,28.7601,873
2026-09-23,region,Sur,Regular,23.8891,899
2026-09-23,region,Sureste,Diesel,27.4473,581
2026-09-23,region,Sureste,Premium,28.5812,683
2026-09-23,region,Sureste,Regular,24.4709,727
2026-09-24,estado,Aguascalientes,Diesel,27.0159,158
2026-09-24,estado,Aguascalientes,Premium,29.1422,202
2026-09-24,estado,Aguascalientes,Regular,23.9195,204
2026-09-24,estado,Baja California,Diesel,26.2130,368
2026-09-24,estado,Baja California,Premium,28.1881,574
2026-09-24,estado,Baja California,Regular,22.8863,601
2026-09-24,estado,Baja California Sur,Diesel,27.5967,138
2026-09-24,estado,Baja California Sur,Premium,29.6333,171
2026-09-24,estado,Baja California Sur,Regular,24.4219,183
2026-09-24,estado,Campeche,Diesel,27.0608,118
2026-09-24,estado,Campeche,Premium,28.5929,116
2026-09-24,estado,Campeche,Regular,24.0363,126
2026-09-24,estado,Chiapas,Diesel,26.7402,305
2026-09-24,estado,Chiapas,Premium,28.2651,341
2026-09-24,estado,Chiapas,Regular,23.7677,353
2026-09-24,estado,Chihuahua,Diesel,26.8072,397
2026-09-24,estado,Chihuahua,Premium,26.9562,478
2026-09-24,estado,Chihuahua,Regular,22.4570,599
2026-09-24,estado,Ciudad de México,Diesel,26.9601,167
2026-09-24,estado,Ciudad de México,Premium,28.7413,351
2026-09-24,estado,Ciudad de México,Regular,23.7832,356
2026-09-24,estado,Coahuila,Diesel,27.0728,291
2026-09-24,estado,Coahuila,Premium,28.6719,472
2026-09-24,estado,Coahuila,Regular,23.7522,487
2026-09-24,estado,Colima,Diesel,27.0243,107
2026-09-24,estado,Colima,Premium,28.8937,126
2026-09-24,estado,Colima,Regular,23.8382,130
2026-09-24,estado,Durango,Diesel,27.2016,189
2026-09-24,estado,Durango,Premium,29.2081,197
2026-09-24,estado,Durango,Regular,24.0514,223
2026-09-24,estado,Guanajuato,Diesel,27.0238,610
2026-09-24,estado,Guanajuato,Premium,29.1548,695
2026-09-24,estado,Guanajuato,Regular,23.8664,724
2026-09-24,estado,Guerrero,Diesel,27.0697,201
2026-09-24,estado,Guerrero,Premium,28.9246,253
2026-09-24,estado,Guerrero,Regular,23.8618,251
2026-09-24,estado,Hidalgo,Diesel,26.9950,270
2026-09-24,estado,Hidalgo,Premium,28.1105,286
2026-09-24,estado,Hidalgo,Regular,23.6680,311
2026-09-24,estado,Jalisco,Diesel,27.1250,778
2026-09-24,estado,Jalisco,Premium,29.3896,943
2026-09-24,estado,Jalisco,Regular,23.9876,980
2026-09-24,estado,Michoacán,Diesel,27.0142,512
2026-09-24,estado,Michoacán,Premium,29.0104,542
2026-09-24,estado,Michoacán,Regular,23.9593,559
2026-09-24,estado,Morelos,Diesel,26.9833,159
2026-09-24,estado,Morelos,Premium,28.4375,189
2026-09-24,estado,Morelos,Regular,23.8068,189
2026-09-24,estado,México,Diesel,26.9776,1016
2026-09-24,estado,México,Premium,28.4555,1255
2026-09-24,estado,México,Regular,23.6985,1270
2026-09-24,estado,Nayarit,Diesel,27.3472,138
2026-09-24,estado,Nayarit,Premium,29.4579,148
2026-09-24,estado,Nayarit,Regular,23.9839,163
2026-09-24,estado,Nuevo León,Diesel,27.0311,368
2026-09-24,estado,Nuevo León,Premium,29.5488,710
2026-09-24,estado,Nuevo León,Regular,24.0928,730
2026-09-24,estado,Oaxaca,Diesel,27.4683,280
2026-09-24,estado,Oaxaca,Premium,29.2129,279
2026-09-24,estado,Oaxaca,Regular,24.0589,295
2026-09-24,estado,Puebla,Diesel,26.9897,534
2026-09-24,estado,Puebla,Premium,28.0653,596
2026-09-24,estado,Puebla,Regular,23.7252,628
2026-09-24,estado,Querétaro,Diesel,26.8951,316
2026-09-24,estado,Querétaro,Premium,28.5972,368
2026-09-24,estado,Querétaro,Regular,23.7169,371
2026-09-24,estado,Quintana Roo,Diesel,28.0801,211
2026-09-24,estado,Quintana Roo,Premium,29.1158,243
2026-09-24,estado,Quintana Roo,Regular,25.1087,258
2026-09-24,estado,San Luis Potosí,Diesel,27.0590,252
2026-09-24,estado,San Luis Potosí,Premium,28.4688,277
2026-09-24,estado,San Luis Potosí,Regular,23.9505,306
2026-09-24,estado,Sinaloa,Diesel,27.0229,442
2026-09-24,estado,Sinaloa,Premium,29.2283,528
2026-09-24,estado,Sinaloa,Regular,23.9363,557
2026-09-24,estado,Sonora,Diesel,26.9360,361
2026-09-24,estado,Sonora,Premium,28.6001,513
2026-09-24,estado,Sonora,Regular,23.2470,552
2026-09-24,estado,Tabasco,Diesel,27.0007,197
2026-09-24,estado,Tabasco,Premium,28.3137,240
2026-09-24,estado,Tabasco,Regular,23.8158,244
2026-09-24,estado,Tamaulipas,Diesel,26.4226,341
2026-09-24,estado,Tamaulipas,Premium,26.2073,514
2026-09-24,estado,Tamaulipas,Regular,21.9191,600
2026-09-24,estado,Tlaxcala,Diesel,26.7824,130
2026-09-24,estado,Tlaxcala,Premium,27.8763,128
2026-09-24,estado,Tlaxcala,Regular,23.5332,140
2026-09-24,estado,Veracruz,Diesel,26.9905,682
2026-09-24,estado,Veracruz,Premium,28.0557,753
2026-09-24,estado,Veracruz,Regular,23.8105,820
2026-09-24,estado,Yucatán,Diesel,27.1011,252
2026-09-24,estado,Yucatán,Premium,28.1757,324
2026-09-24,estado,Yucatán,Regular,24.1524,343
2026-09-24,estado,Zacatecas,Diesel,27.1007,216
2026-09-24,estado,Zacatecas,Premium,28.8498,190
2026-09-24,estado,Zacatecas,Regular,24.0024,229
2026-09-24,nacional,MX,Diesel,27.0003,10512
2026-09-24,nacional,MX,Premium,28.5730,13013
2026-09-24,nacional,MX,Regular,23.6845,13793
2026-09-24,region,Centro,Diesel,26.9613,2592
2026-09-24,region,Centro,Premium,28.3747,3173
2026-09-24,region,Centro,Regular,23.7112,3265
2026-09-24,region,Golfo,Diesel,26.9928,879
2026-09-24,region,Golfo,Premium,28.1180,993
2026-09-24,region,Golfo,Regular,23.8117,1064
2026-09-24,region,Noreste,Diesel,26.8807,1252
2026-09-24,region,Noreste,Premium,28.3169,1973
2026-09-24,region,Noreste,Regular,23.3798,2123
2026-09-24,region,Noroeste,Diesel,26.8809,1447
2026-09-24,region,Noroeste,Premium,28.8063,1934
2026-09-24,region,Noroeste,Regular,23.4913,2056
2026-09-24,region,Norte,Diesel,26.9344,586
2026-09-24,region,Norte,Premium,27.6134,675
2026-09-24,region,Norte,Regular,22.8896,822
2026-09-24,region,Occidente,Diesel,27.0613,2381
2026-09-24,region,Occidente,Premium,29.1732,2698
2026-09-24,region,Occidente,Regular,23.9404,2826
2026-09-24,region,Sur,Diesel,27.0838,786
2026-09-24,region,Sur,Premium,28.7592,873
2026-09-24,region,Sur,Regular,23.8895,899
2026-09-24,region,Sureste,Diesel,27.4485,581
2026-09-24,region,Sureste,Premium,28.5810,683
2026-09-24,region,Sureste,Regular,24.4717,727
2026-09-25,estado,Aguascalientes,Diesel,27.0159,158
2026-09-25,estado,Aguascalientes,Premium,29.1456,202
2026-09-25,estado,Aguascalientes,Regular,23.9195,204
2026-09-25,estado,Baja California,Diesel,26.2142,368
2026-09-25,estado,Baja California,Premium,28.1770,575
2026-09-25,estado,Baja California,Regular,22.9012,602
2026-09-25,estado,Baja California Sur,Diesel,27.6453,138
2026-09-25,estado,Baja California Sur,Premium,29.6206,170
2026-09-25,estado,Baja California Sur,Regular,24.4166,182
2026-09-25,estado,Campeche,Diesel,27.0608,118
2026-09-25,estado,Campeche,Premium,28.5947,116
2026-09-25,estado,Campeche,Regular,24.0363,126
2026-09-25,estado,Chiapas,Diesel,26.7402,305
2026-09-25,estado,Chiapas,Premium,28.2682,341
2026-09-25,estado,Chiapas,Regular,23.7718,353
2026-09-25,estado,Chihuahua,Diesel,26.8084,397
2026-09-25,estado,Chihuahua,Premium,26.9560,478
2026-09-25,estado,Chihuahua,Regular,22.4573,599
2026-09-25,estado,Ciudad de México,Diesel,26.9601,167
2026-09-25,estado,Ciudad de México,Premium,28.7482,351
2026-09-25,estado,Ciudad de México,Regular,23.7840,356
2026-09-25,estado,Coahuila,Diesel,27.0747,291
2026-09-25,estado,Coahuila,Premium,28.6729,471
2026-09-25,estado,Coahuila,Regular,23.7525,487
2026-09-25,estado,Colima,Diesel,27.0243,107
2026-09-25,estado,Colima,Premium,28.8913,126
2026-09-25,estado,Colima,Regular,23.8382,130
2026-09-25,estado,Durango,Diesel,27.2118,189
2026-09-25,estado,Durango,Premium,29.1979,194
2026-09-25,estado,Durango,Regular,24.0428,221
2026-09-25,estado,Guanajuato,Diesel,27.0245,610
2026-09-25,estado,Guanajuato,Premium,29.1536,695
2026-09-25,estado,Guanajuato,Regular,23.8648,724
2026-09-25,estado,Guerrero,Diesel,27.0697,201
2026-09-25,estado,Guerrero,Premium,28.9200,253
2026-09-25,estado,Guerrero,Regular,23.8618,251
2026-09-25,estado,Hidalgo,Diesel,26.9951,270
2026-09-25,estado,Hidalgo,Premium,28.1098,286
2026-09-25,estado,Hidalgo,Regular,23.6672,311
2026-09-25,estado,Jalisco,Diesel,27.0995,778
2026-09-25,estado,Jalisco,Premium,29.3902,943
2026-09-25,estado,Jalisco,Regular,23.9760,980
2026-09-25,estado,Michoacán,Diesel,27.0153,512
2026-09-25,estado,Michoacán,Premium,29.0059,542
2026-09-25,estado,Michoacán,Regular,23.9623,559
2026-09-25,estado,Morelos,Diesel,26.9769,159
2026-09-25,estado,Morelos,Premium,28.4364,189
2026-09-25,estado,Morelos,Regular,23.8068,189
2026-09-25,estado,México,Diesel,26.9785,1016
2026-09-25,estado,México,Premium,28.4565,1255
2026-09-25,estado,México,Regular,23.6981,1270
2026-09-25,estado,Nayarit,Diesel,27.2753,138
2026-09-25,estado,Nayarit,Premium,29.4579,148
2026-09-25,estado,Nayarit,Regular,23.9787,163
2026-09-25,estado,Nuevo León,Diesel,27.0295,368
2026-09-25,estado,Nuevo León,Premium,29.5488,710
2026-09-25,estado,Nuevo León,Regular,24.0966,730
2026-09-25,estado,Oaxaca,Diesel,27.4679,280
2026-09-25,estado,Oaxaca,Premium,29.2116,279
2026-09-25,estado,Oaxaca,Regular,24.0582,295
2026-09-25,estado,Puebla,Diesel,26.9902,534
2026-09-25,estado,Puebla,Premium,28.0652,596
2026-09-25,estado,Puebla,Regular,23.7247,628
2026-09-25,estado,Querétaro,Diesel,26.8951,316
2026-09-25,estado,Querétaro,Premium,28.5965,368
2026-09-25,estado,Querétaro,Regular,23.7170,371
2026-09-25,estado,Quintana Roo,Diesel,28.0723,211
2026-09-25,estado,Quintana Roo,Premium,29.1165,243
2026-09-25,estado,Quintana Roo,Regular,25.1074,258
2026-09-25,estado,San Luis Potosí,Diesel,27.0561,252
2026-09-25,estado,San Luis Potosí,Premium,28.4666,277
2026-09-25,estado,San Luis Potosí,Regular,23.9489,306
2026-09-25,estado,Sinaloa,Diesel,27.0251,443
2026-09-25,estado,Sinaloa,Premium,29.2280,529
2026-09-25,estado,Sinaloa,Regular,23.9364,558
2026-09-25,estado,Sonora,Diesel,26.9245,361
2026-09-25,estado,Sonora,Premium,28.5995,513
2026-09-25,estado,Sonora,Regular,23.2217,552
2026-09-25,estado,Tabasco,Diesel,26.9977,197
2026-09-25,estado,Tabasco,Premium,28.3137,240
2026-09-25,estado,Tabasco,Regular,23.8145,244
2026-09-25,estado,Tamaulipas,Diesel,26.4325,341
2026-09-25,estado,Tamaulipas,Premium,26.2055,514
2026-09-25,estado,Tamaulipas,Regular,21.9192,600
2026-09-25,estado,Tlaxcala,Diesel,26.7814,130
2026-09-25,estado,Tlaxcala,Premium,27.8755,128
2026-09-25,estado,Tlaxcala,Regular,23.5346,140
2026-09-25,estado,Veracruz,Diesel,26.9911,682
2026-09-25,estado,Veracruz,Premium,28.0572,753
2026-09-25,estado,Veracruz,Regular,23.8107,820
2026-09-25,estado,Yucatán,Diesel,27.1037,252
2026-09-25,estado,Yucatán,Premium,28.1779,324
2026-09-25,estado,Yucatán,Regular,24.1504,343
2026-09-25,estado,Zacatecas,Diesel,27.1007,216
2026-09-25,estado,Zacatecas,Premium,28.8498,190
2026-09-25,estado,Zacatecas,Regular,24.0024,229
2026-09-25,nacional,MX,Diesel,26.9983,10513
2026-09-25,nacional,MX,Premium,28.5720,13010
2026-09-25,nacional,MX,Regular,23.6831,13792
2026-09-25,region,Centro,Diesel,26.9613,2592
2026-09-25,region,Centro,Premium,28.3756,3173
2026-09-25,region,Centro,Regular,23.7111,3265
2026-09-25,region,Golfo,Diesel,26.9926,879
2026-09-25,region,Golfo,Premium,28.1192,993
2026-09-25,region,Golfo,Regular,23.8116,1064
2026-09-25,region,Noreste,Diesel,26.8828,1252
2026-09-25,region,Noreste,Premium,28.3161,1972
2026-09-25,region,Noreste,Regular,23.3810,2123
2026-09-25,region,Noroeste,Diesel,26.8769,1448
2026-09-25,region,Noroeste,Premium,28.8012,1935
2026-09-25,region,Noroeste,Regular,23.4875,2057
2026-09-25,region,Norte,Diesel,26.9385,586
2026-09-25,region,Norte,Premium,27.6032,672
2026-09-25,region,Norte,Regular,22.8846,820
2026-09-25,region,Occidente,Diesel,27.0534,2381
2026-09-25,region,Occidente,Premium,29.1724,2698
2026-09-25,region,Occidente,Regular,23.9365,2826
2026-09-25,region,Sur,Diesel,27.0837,786
2026-09-25,region,Sur,Premium,28.7586,873
2026-09-25,region,Sur,Regular,23.8909,899
2026-09-25,region,Sureste,Diesel,27.4468,581
2026-09-25,region,Sureste,Premium,28.5826,683
2026-09-25,region,Sureste,Regular,24.4702,727
2026-09-26,estado,Aguascalientes,Diesel,27.0159,158
2026-09-26,estado,Aguascalientes,Premium,29.1466,202
2026-09-26,estado,Aguascalientes,Regular,23.9175,204
2026-09-26,estado,Baja California,Diesel,26.2106,368
2026-09-26,estado,Baja California,Premium,28.1781,575
2026-09-26,estado,Baja California,Regular,22.9271,602
2026-09-26,estado,Baja California Sur,Diesel,27.6374,138
2026-09-26,estado,Baja California Sur,Premium,29.5925,170
2026-09-26,estado,Baja California Sur,Regular,24.4149,182
2026-09-26,estado,Campeche,Diesel,27.0582,118
2026-09-26,estado,Campeche,Premium,28.5947,116
2026-09-26,estado,Campeche,Regular,24.0363,126
2026-09-26,estado,Chiapas,Diesel,26.7418,305
2026-09-26,estado,Chiapas,Premium,28.2981,341
2026-09-26,estado,Chiapas,Regular,23.7718,353
2026-09-26,estado,Chihuahua,Diesel,26.8084,397
2026-09-26,estado,Chihuahua,Premium,26.9433,477
2026-09-26,estado,Chihuahua,Regular,22.4625,598
2026-09-26,estado,Ciudad de México,Diesel,26.9601,167
2026-09-26,estado,Ciudad de México,Premium,28.7579,351
2026-09-26,estado,Ciudad de México,Regular,23.7714,356
2026-09-26,estado,Coahuila,Diesel,27.0755,291
2026-09-26,estado,Coahuila,Premium,28.6702,471
2026-09-26,estado,Coahuila,Regular,23.7667,487
2026-09-26,estado,Colima,Diesel,27.0243,107
2026-09-26,estado,Colima,Premium,28.8921,126
2026-09-26,estado,Colima,Regular,23.8374,130
2026-09-26,estado,Durango,Diesel,27.2023,189
2026-09-26,estado,Durango,Premium,29.2021,194
2026-09-26,estado,Durango,Regular,24.0543,221
2026-09-26,estado,Guanajuato,Diesel,27.0235,610
2026-09-26,estado,Guanajuato,Premium,29.1554,695
2026-09-26,estado,Guanajuato,Regular,23.8618,724
2026-09-26,estado,Guerrero,Diesel,27.0697,201
2026-09-26,estado,Guerrero,Premium,28.9199,253
2026-09-26,estado,Guerrero,Regular,23.8618,251
2026-09-26,estado,Hidalgo,Diesel,26.9940,270
2026-09-26,estado,Hidalgo,Premium,28.1039,286
2026-09-26,estado,Hidalgo,Regular,23.6700,311
2026-09-26,estado,Jalisco,Diesel,27.1074,778
2026-09-26,estado,Jalisco,Premium,29.3854,943
2026-09-26,estado,Jalisco,Regular,23.9737,980
2026-09-26,estado,Michoacán,Diesel,27.0158,513
2026-09-26,estado,Michoacán,Premium,29.0180,543
2026-09-26,estado,Michoacán,Regular,23.9609,560
2026-09-26,estado,Morelos,Diesel,26.9769,159
2026-09-26,estado,Morelos,Premium,28.4343,189
2026-09-26,estado,Morelos,Regular,23.8110,189
2026-09-26,estado,México,Diesel,26.9763,1016
2026-09-26,estado,México,Premium,28.4536,1255
2026-09-26,estado,México,Regular,23.6999,1269
2026-09-26,estado,Nayarit,Diesel,27.1875,138
2026-09-26,estado,Nayarit,Premium,29.4520,148
2026-09-26,estado,Nayarit,Regular,23.9323,163
2026-09-26,estado,Nuevo León,Diesel,27.0265,368
2026-09-26,estado,Nuevo León,Premium,29.5475,710
2026-09-26,estado,Nuevo León,Regular,24.1134,729
2026-09-26,estado,Oaxaca,Diesel,27.4675,280
2026-09-26,estado,Oaxaca,Premium,29.2114,279
2026-09-26,estado,Oaxaca,Regular,24.0574,295
2026-09-26,estado,Puebla,Diesel,26.9926,534
2026-09-26,estado,Puebla,Premium,28.0575,596
2026-09-26,estado,Puebla,Regular,23.7285,628
2026-09-26,estado,Querétaro,Diesel,26.8969,316
2026-09-26,estado,Querétaro,Premium,28.5992,368
2026-09-26,estado,Querétaro,Regular,23.7212,371
2026-09-26,estado,Quintana Roo,Diesel,28.0723,211
2026-09-26,estado,Quintana Roo,Premium,29.1228,243
2026-09-26,estado,Quintana Roo,Regular,25.1074,258
2026-09-26,estado,San Luis Potosí,Diesel,27.0574,252
2026-09-26,estado,San Luis Potosí,Premium,28.4666,277
2026-09-26,estado,San Luis Potosí,Regular,23.9489,306
2026-09-26,estado,Sinaloa,Diesel,27.0251,443
2026-09-26,estado,Sinaloa,Premium,29.2337,529
2026-09-26,estado,Sinaloa,Regular,23.9475,558
2026-09-26,estado,Sonora,Diesel,26.9095,361
2026-09-26,estado,Sonora,Premium,28.6005,513
2026-09-26,estado,Sonora,Regular,23.2100,552
2026-09-26,estado,Tabasco,Diesel,26.9856,197
2026-09-26,estado,Tabasco,Premium,28.3129,240
2026-09-26,estado,Tabasco,Regular,23.8134,244
2026-09-26,estado,Tamaulipas,Diesel,26.4275,341
2026-09-26,estado,Tamaulipas,Premium,26.2054,514
2026-09-26,estado,Tamaulipas,Regular,21.9160,600
2026-09-26,estado,Tlaxcala,Diesel,26.7805,130
2026-09-26,estado,Tlaxcala,Premium,27.8735,128
2026-09-26,estado,Tlaxcala,Regular,23.5341,140
2026-09-26,estado,Veracruz,Diesel,26.9920,682
2026-09-26,estado,Veracruz,Premium,28.0608,753
2026-09-26,estado,Veracruz,Regular,23.8040,820
2026-09-26,estado,Yucatán,Diesel,27.1096,252
2026-09-26,estado,Yucatán,Premium,28.1728,324
2026-09-26,estado,Yucatán,Regular,24.1503,343
2026-09-26,estado,Zacatecas,Diesel,27.1002,216
2026-09-26,estado,Zacatecas,Premium,28.8540,190
2026-09-26,estado,Zacatecas,Regular,24.0026,228
2026-09-26,nacional,MX,Diesel,26.9965,10514
2026-09-26,nacional,MX,Premium,28.5723,13010
2026-09-26,nacional,MX,Regular,23.6847,13789
2026-09-26,region,Centro,Diesel,26.9610,2592
2026-09-26,region,Centro,Premium,28.3737,3173
2026-09-26,region,Centro,Regular,23.7121,3264
2026-09-26,region,Golfo,Diesel,26.9906,879
2026-09-26,region,Golfo,Premium,28.1217,993
2026-09-26,region,Golfo,Regular,23.8062,1064
2026-09-26,region,Noreste,Diesel,26.8810,1252
2026-09-26,region,Noreste,Premium,28.3150,1972
2026-09-26,region,Noreste,Regular,23.3888,2122
2026-09-26,region,Noroeste,Diesel,26.8631,1448
2026-09-26,region,Noroeste,Premium,28.8004,1935
2026-09-26,region,Noroeste,Regular,23.4911,2057
2026-09-26,region,Norte,Diesel,26.9354,586
2026-09-26,region,Norte,Premium,27.5964,671
2026-09-26,region,Norte,Regular,22.8920,819
2026-09-26,region,Occidente,Diesel,27.0557,2382
2026-09-26,region,Occidente,Premium,29.1739,2699
2026-09-26,region,Occidente,Regular,23.9345,2826
2026-09-26,region,Sur,Diesel,27.0841,786
2026-09-26,region,Sur,Premium,28.7702,873
2026-09-26,region,Sur,Regular,23.8906,899
2026-09-26,region,Sureste,Diesel,27.4488,581
2026-09-26,region,Sureste,Premium,28.5825,683
2026-09-26,region,Sureste,Regular,24.4702,727
2026-09-27,estado,Aguascalientes,Diesel,27.0159,158
2026-09-27,estado,Aguascalientes,Premium,29.1470,202
2026-09-27,estado,Aguascalientes,Regular,23.9182,204
2026-09-27,estado,Baja California,Diesel,26.2149,368
2026-09-27,estado,Baja California,Premium,28.1773,575
2026-09-27,estado,Baja California,Regular,22.9237,602
2026-09-27,estado,Baja California Sur,Diesel,27.6374,138
2026-09-27,estado,Baja California Sur,Premium,29.6043,170
2026-09-27,estado,Baja California Sur,Regular,24.4197,182
2026-09-27,estado,Campeche,Diesel,27.0582,118
2026-09-27,estado,Campeche,Premium,28.5947,116
2026-09-27,estado,Campeche,Regular,24.0363,126
2026-09-27,estado,Chiapas,Diesel,26.7453,305
2026-09-27,estado,Chiapas,Premium,28.3085,341
2026-09-27,estado,Chiapas,Regular,23.7631,353
2026-09-27,estado,Chihuahua,Diesel,26.8084,397
2026-09-27,estado,Chihuahua,Premium,26.9433,477
2026-09-27,estado,Chihuahua,Regular,22.4625,598
2026-09-27,estado,Ciudad de México,Diesel,26.9601,167
2026-09-27,estado,Ciudad de México,Premium,28.7613,351
2026-09-27,estado,Ciudad de México,Regular,23.7831,356
2026-09-27,estado,Coahuila,Diesel,27.0816,291
2026-09-27,estado,Coahuila,Premium,28.6889,471
2026-09-27,estado,Coahuila,Regular,23.7667,487
2026-09-27,estado,Colima,Diesel,27.0243,107
2026-09-27,estado,Colima,Premium,28.8930,126
2026-09-27,estado,Colima,Regular,23.8374,130
2026-09-27,estado,Durango,Diesel,27.2128,189
2026-09-27,estado,Durango,Premium,29.2021,194
2026-09-27,estado,Durango,Regular,24.0543,221
2026-09-27,estado,Guanajuato,Diesel,27.0229,610
2026-09-27,estado,Guanajuato,Premium,29.1575,695
2026-09-27,estado,Guanajuato,Regular,23.8623,724
2026-09-27,estado,Guerrero,Diesel,27.0697,201
2026-09-27,estado,Guerrero,Premium,28.9204,253
2026-09-27,estado,Guerrero,Regular,23.8618,251
2026-09-27,estado,Hidalgo,Diesel,26.9953,270
2026-09-27,estado,Hidalgo,Premium,28.1016,286
2026-09-27,estado,Hidalgo,Regular,23.6697,311
2026-09-27,estado,Jalisco,Diesel,27.1259,778
2026-09-27,estado,Jalisco,Premium,29.3860,943
2026-09-27,estado,Jalisco,Regular,23.9834,979
2026-09-27,estado,Michoacán,Diesel,27.0188,513
2026-09-27,estado,Michoacán,Premium,29.0161,542
2026-09-27,estado,Michoacán,Regular,23.9600,560
2026-09-27,estado,Morelos,Diesel,26.9769,159
2026-09-27,estado,Morelos,Premium,28.4335,189
2026-09-27,estado,Morelos,Regular,23.8111,189
2026-09-27,estado,México,Diesel,26.9754,1016
2026-09-27,estado,México,Premium,28.4551,1255
2026-09-27,estado,México,Regular,23.6997,1268
2026-09-27,estado,Nayarit,Diesel,27.3336,138
2026-09-27,estado,Nayarit,Premium,29.4459,148
2026-09-27,estado,Nayarit,Regular,23.9760,163
2026-09-27,estado,Nuevo León,Diesel,27.0238,368
2026-09-27,estado,Nuevo León,Premium,29.5620,710
2026-09-27,estado,Nuevo León,Regular,24.1155,727
2026-09-27,estado,Oaxaca,Diesel,27.4678,280
2026-09-27,estado,Oaxaca,Premium,29.2139,279
2026-09-27,estado,Oaxaca,Regular,24.0564,295
2026-09-27,estado,Puebla,Diesel,26.9974,534
2026-09-27,estado,Puebla,Premium,28.0579,596
2026-09-27,estado,Puebla,Regular,23.7300,627
2026-09-27,estado,Querétaro,Diesel,26.8975,316
2026-09-27,estado,Querétaro,Premium,28.6049,368
2026-09-27,estado,Querétaro,Regular,23.7209,371
2026-09-27,estado,Quintana Roo,Diesel,28.0834,211
2026-09-27,estado,Quintana Roo,Premium,29.1230,243
2026-09-27,estado,Quintana Roo,Regular,25.1076,258
2026-09-27,estado,San Luis Potosí,Diesel,27.0578,252
2026-09-27,estado,San Luis Potosí,Premium,28.4702,277
2026-09-27,estado,San Luis Potosí,Regular,23.9489,306
2026-09-27,estado,Sinaloa,Diesel,27.0231,443
2026-09-27,estado,Sinaloa,Premium,29.2330,529
2026-09-27,estado,Sinaloa,Regular,23.9475,557
2026-09-27,estado,Sonora,Diesel,26.9328,361
2026-09-27,estado,Sonora,Premium,28.5986,513
2026-09-27,estado,Sonora,Regular,23.2180,552
2026-09-27,estado,Tabasco,Diesel,26.9856,197
2026-09-27,estado,Tabasco,Premium,28.3129,240
2026-09-27,estado,Tabasco,Regular,23.8134,244
2026-09-27,estado,Tamaulipas,Diesel,26.4275,341
2026-09-27,estado,Tamaulipas,Premium,26.2054,514
2026-09-27,estado,Tamaulipas,Regular,21.9160,600
2026-09-27,estado,Tlaxcala,Diesel,26.7802,130
2026-09-27,estado,Tlaxcala,Premium,27.8450,128
2026-09-27,estado,Tlaxcala,Regular,23.5341,140
2026-09-27,estado,Veracruz,Diesel,26.9926,682
2026-09-27,estado,Veracruz,Premium,28.0598,753
2026-09-27,estado,Veracruz,Regular,23.8028,820
2026-09-27,estado,Yucatán,Diesel,27.1096,252
2026-09-27,estado,Yucatán,Premium,28.1721,324
2026-09-27,estado,Yucatán,Regular,24.1509,343
2026-09-27,estado,Zacatecas,Diesel,27.1002,216
2026-09-27,estado,Zacatecas,Premium,28.8540,190
2026-09-27,estado,Zacatecas,Regular,24.0026,228
2026-09-27,nacional,MX,Diesel,27.0016,10514
2026-09-27,nacional,MX,Premium,28.5742,13009
2026-09-27,nacional,MX,Regular,23.6862,13783
2026-09-27,region,Centro,Diesel,26.9618,2592
2026-09-27,region,Centro,Premium,28.3740,3173
2026-09-27,region,Centro,Regular,23.7135,3262
2026-09-27,region,Golfo,Diesel,26.9910,879
2026-09-27,region,Golfo,Premium,28.1210,993
2026-09-27,region,Golfo,Regular,23.8052,1064
2026-09-27,region,Noreste,Diesel,26.8817,1252
2026-09-27,region,Noreste,Premium,28.3252,1972
2026-09-27,region,Noreste,Regular,23.3888,2120
2026-09-27,region,Noroeste,Diesel,26.8833,1448
2026-09-27,region,Noroeste,Premium,28.8000,1935
2026-09-27,region,Noroeste,Regular,23.4959,2056
2026-09-27,region,Norte,Diesel,26.9388,586
2026-09-27,region,Norte,Premium,27.5964,671
2026-09-27,region,Norte,Regular,22.8920,819
2026-09-27,region,Occidente,Diesel,27.0623,2382
2026-09-27,region,Occidente,Premium,29.1744,2698
2026-09-27,region,Occidente,Regular,23.9378,2825
2026-09-27,region,Sur,Diesel,27.0856,786
2026-09-27,region,Sur,Premium,28.7752,873
2026-09-27,region,Sur,Regular,23.8869,899
2026-09-27,region,Sureste,Diesel,27.4528,581
2026-09-27,region,Sureste,Premium,28.5822,683
2026-09-27,region,Sureste,Regular,24.4706,727
2026-09-28,estado,Aguascalientes,Diesel,27.0159,158
2026-09-28,estado,Aguascalientes,Premium,29.1470,202
2026-09-28,estado,Aguascalientes,Regular,23.9182,204
2026-09-28,estado,Baja California,Diesel,26.2149,368
2026-09-28,estado,Baja California,Premium,28.1773,575
2026-09-28,estado,Baja California,Regular,22.9237,602
2026-09-28,estado,Baja California Sur,Diesel,27.6374,138
2026-09-28,estado,Baja California Sur,Premium,29.6043,170
2026-09-28,estado,Baja California Sur,Regular,24.4197,182
2026-09-28,estado,Campeche,Diesel,27.0582,118
2026-09-28,estado,Campeche,Premium,28.5947,116
2026-09-28,estado,Campeche,Regular,24.0363,126
2026-09-28,estado,Chiapas,Diesel,26.7454,305
2026-09-28,estado,Chiapas,Premium,28.3091,341
2026-09-28,estado,Chiapas,Regular,23.7637,353
2026-09-28,estado,Chihuahua,Diesel,26.8084,397
2026-09-28,estado,Chihuahua,Premium,26.9433,477
2026-09-28,estado,Chihuahua,Regular,22.4625,598
2026-09-28,estado,Ciudad de México,Diesel,26.9601,167
2026-09-28,estado,Ciudad de México,Premium,28.7616,351
2026-09-28,estado,Ciudad de México,Regular,23.7847,356
2026-09-28,estado,Coahuila,Diesel,27.0816,291
2026-09-28,estado,Coahuila,Premium,28.6889,471
2026-09-28,estado,Coahuila,Regular,23.7667,487
2026-09-28,estado,Colima,Diesel,27.0243,107
2026-09-28,estado,Colima,Premium,28.8930,126
2026-09-28,estado,Colima,Regular,23.8374,130
2026-09-28,estado,Durango,Diesel,27.2128,189
2026-09-28,estado,Durango,Premium,29.2021,194
2026-09-28,estado,Durango,Regular,24.0543,221
2026-09-28,estado,Guanajuato,Diesel,27.0229,610
2026-09-28,estado,Guanajuato,Premium,29.1583,694
2026-09-28,estado,Guanajuato,Regular,23.8549,723
2026-09-28,estado,Guerrero,Diesel,27.0697,201
2026-09-28,estado,Guerrero,Premium,28.9204,253
2026-09-28,estado,Guerrero,Regular,23.8618,251
2026-09-28,estado,Hidalgo,Diesel,26.9953,270
2026-09-28,estado,Hidalgo,Premium,28.1006,286
2026-09-28,estado,Hidalgo,Regular,23.6697,311
2026-09-28,estado,Jalisco,Diesel,27.1235,777
2026-09-28,estado,Jalisco,Premium,29.3862,943
2026-09-28,estado,Jalisco,Regular,23.9839,979
2026-09-28,estado,Michoacán,Diesel,27.0188,513
2026-09-28,estado,Michoacán,Premium,29.0175,542
2026-09-28,estado,Michoacán,Regular,23.9645,560
2026-09-28,estado,Morelos,Diesel,26.9746,159
2026-09-28,estado,Morelos,Premium,28.4330,189
2026-09-28,estado,Morelos,Regular,23.8111,189
2026-09-28,estado,México,Diesel,26.9754,1016
2026-09-28,estado,México,Premium,28.4559,1255
2026-09-28,estado,México,Regular,23.7015,1267
2026-09-28,estado,Nayarit,Diesel,27.3379,138
2026-09-28,estado,Nayarit,Premium,29.4480,148
2026-09-28,estado,Nayarit,Regular,23.9793,163
2026-09-28,estado,Nuevo León,Diesel,27.0238,368
2026-09-28,estado,Nuevo León,Premium,29.5620,710
2026-09-28,estado,Nuevo León,Regular,24.1155,727
2026-09-28,estado,Oaxaca,Diesel,27.4678,280
2026-09-28,estado,Oaxaca,Premium,29.2139,279
2026-09-28,estado,Oaxaca,Regular,24.0564,295
2026-09-28,estado,Puebla,Diesel,26.9981,534
2026-09-28,estado,Puebla,Premium,28.0567,596
2026-09-28,estado,Puebla,Regular,23.7308,627
2026-09-28,estado,Querétaro,Diesel,26.8975,316
2026-09-28,estado,Querétaro,Premium,28.6049,368
2026-09-28,estado,Querétaro,Regular,23.7195,371
2026-09-28,estado,Quintana Roo,Diesel,28.0834,211
2026-09-28,estado,Quintana Roo,Premium,29.1230,243
2026-09-28,estado,Quintana Roo,Regular,25.1076,258
2026-09-28,estado,San Luis Potosí,Diesel,27.0498,252
2026-09-28,estado,San Luis Potosí,Premium,28.4702,277
2026-09-28,estado,San Luis Potosí,Regular,23.9489,306
2026-09-28,estado,Sinaloa,Diesel,27.0231,443
2026-09-28,estado,Sinaloa,Premium,29.2330,529
2026-09-28,estado,Sinaloa,Regular,23.9475,557
2026-09-28,estado,Sonora,Diesel,26.9328,361
2026-09-28,estado,Sonora,Premium,28.5986,513
2026-09-28,estado,Sonora,Regular,23.2180,552
2026-09-28,estado,Tabasco,Diesel,26.9856,197
2026-09-28,estado,Tabasco,Premium,28.3129,240
2026-09-28,estado,Tabasco,Regular,23.8147,244
2026-09-28,estado,Tamaulipas,Diesel,26.4275,341
2026-09-28,estado,Tamaulipas,Premium,26.2054,514
2026-09-28,estado,Tamaulipas,Regular,21.9160,600
2026-09-28,estado,Tlaxcala,Diesel,26.7802,130
2026-09-28,estado,Tlaxcala,Premium,27.8411,128
2026-09-28,estado,Tlaxcala,Regular,23.5341,140
2026-09-28,estado,Veracruz,Diesel,26.9932,682
2026-09-28,estado,Veracruz,Premium,28.0585,753
2026-09-28,estado,Veracruz,Regular,23.8008,820
2026-09-28,estado,Yucatán,Diesel,27.1096,252
2026-09-28,estado,Yucatán,Premium,28.1721,324
2026-09-28,estado,Yucatán,Regular,24.1509,343
2026-09-28,estado,Zacatecas,Diesel,27.1002,216
2026-09-28,estado,Zacatecas,Premium,28.8540,190
2026-09-28,estado,Zacatecas,Regular,24.0026,228
2026-09-28,nacional,MX,Diesel,27.0013,10513
2026-09-28,nacional,MX,Premium,28.5742,13008
2026-09-28,nacional,MX,Regular,23.6862,13781
2026-09-28,region,Centro,Diesel,26.9618,2592
2026-09-28,region,Centro,Premium,28.3738,3173
2026-09-28,region,Centro,Regular,23.7144,3261
2026-09-28,region,Golfo,Diesel,26.9915,879
2026-09-28,region,Golfo,Premium,28.1200,993
2026-09-28,region,Golfo,Regular,23.8040,1064
2026-09-28,region,Noreste,Diesel,26.8801,1252
2026-09-28,region,Noreste,Premium,28.3252,1972
2026-09-28,region,Noreste,Regular,23.3888,2120
2026-09-28,region,Noroeste,Diesel,26.8837,1448
2026-09-28,region,Noroeste,Premium,28.8002,1935
2026-09-28,region,Noroeste,Regular,23.4962,2056
2026-09-28,region,Norte,Diesel,26.9388,586
2026-09-28,region,Norte,Premium,27.5964,671
2026-09-28,region,Norte,Regular,22.8920,819
2026-09-28,region,Occidente,Diesel,27.0615,2381
2026-09-28,region,Occidente,Premium,29.1750,2697
2026-09-28,region,Occidente,Regular,23.9371,2824
2026-09-28,region,Sur,Diesel,27.0857,786
2026-09-28,region,Sur,Premium,28.7754,873
2026-09-28,region,Sur,Regular,23.8871,899
2026-09-28,region,Sureste,Diesel,27.4528,581
2026-09-28,region,Sureste,Premium,28.5822,683
2026-09-28,region,Sureste,Regular,24.4706,727
2026-09-29,estado,Aguascalientes,Diesel,27.0159,158
2026-09-29,estado,Aguascalientes,Premium,29.1471,202
2026-09-29,estado,Aguascalientes,Regular,23.9202,204
2026-09-29,estado,Baja California,Diesel,26.2149,368
2026-09-29,estado,Baja California,Premium,28.1851,575
2026-09-29,estado,Baja California,Regular,22.9187,602
2026-09-29,estado,Baja California Sur,Diesel,27.6604,138
2026-09-29,estado,Baja California Sur,Premium,29.6096,170
2026-09-29,estado,Baja California Sur,Regular,24.4246,182
2026-09-29,estado,Campeche,Diesel,27.0608,118
2026-09-29,estado,Campeche,Premium,28.5947,116
2026-09-29,estado,Campeche,Regular,24.0363,126
2026-09-29,estado,Chiapas,Diesel,26.7464,305
2026-09-29,estado,Chiapas,Premium,28.3101,341
2026-09-29,estado,Chiapas,Regular,23.7715,353
2026-09-29,estado,Chihuahua,Diesel,26.8054,396
2026-09-29,estado,Chihuahua,Premium,26.9495,476
2026-09-29,estado,Chihuahua,Regular,22.4625,598
2026-09-29,estado,Ciudad de México,Diesel,26.9601,167
2026-09-29,estado,Ciudad de México,Premium,28.7644,351
2026-09-29,estado,Ciudad de México,Regular,23.7858,356
2026-09-29,estado,Coahuila,Diesel,27.0820,291
2026-09-29,estado,Coahuila,Premium,28.6889,471
2026-09-29,estado,Coahuila,Regular,23.7655,487
2026-09-29,estado,Colima,Diesel,27.0243,107
2026-09-29,estado,Colima,Premium,28.8930,126
2026-09-29,estado,Colima,Regular,23.8374,130
2026-09-29,estado,Durango,Diesel,27.2223,189
2026-09-29,estado,Durango,Premium,29.2021,194
2026-09-29,estado,Durango,Regular,24.0594,221
2026-09-29,estado,Guanajuato,Diesel,27.0250,610
2026-09-29,estado,Guanajuato,Premium,29.1582,694
2026-09-29,estado,Guanajuato,Regular,23.8579,723
2026-09-29,estado,Guerrero,Diesel,27.0697,201
2026-09-29,estado,Guerrero,Premium,28.9219,253
2026-09-29,estado,Guerrero,Regular,23.8618,251
2026-09-29,estado,Hidalgo,Diesel,26.9966,270
2026-09-29,estado,Hidalgo,Premium,28.0994,286
2026-09-29,estado,Hidalgo,Regular,23.6700,311
2026-09-29,estado,Jalisco,Diesel,27.1241,777
2026-09-29,estado,Jalisco,Premium,29.3896,943
2026-09-29,estado,Jalisco,Regular,23.9858,979
2026-09-29,estado,Michoacán,Diesel,27.0206,513
2026-09-29,estado,Michoacán,Premium,29.0180,542
2026-09-29,estado,Michoacán,Regular,23.9619,560
2026-09-29,estado,Morelos,Diesel,26.9752,159
2026-09-29,estado,Morelos,Premium,28.4288,189
2026-09-29,estado,Morelos,Regular,23.8116,189
2026-09-29,estado,México,Diesel,26.9766,1016
2026-09-29,estado,México,Premium,28.4556,1255
2026-09-29,estado,México,Regular,23.7014,1267
2026-09-29,estado,Nayarit,Diesel,27.3379,138
2026-09-29,estado,Nayarit,Premium,29.4480,148
2026-09-29,estado,Nayarit,Regular,23.9793,163
2026-09-29,estado,Nuevo León,Diesel,27.0235,368
2026-09-29,estado,Nuevo León,Premium,29.5622,710
2026-09-29,estado,Nuevo León,Regular,24.1172,727
2026-09-29,estado,Oaxaca,Diesel,27.4687,280
2026-09-29,estado,Oaxaca,Premium,29.2151,279
2026-09-29,estado,Oaxaca,Regular,24.0572,295
2026-09-29,estado,Puebla,Diesel,26.9987,534
2026-09-29,estado,Puebla,Premium,28.0624,596
2026-09-29,estado,Puebla,Regular,23.7351,627
2026-09-29,estado,Querétaro,Diesel,26.8925,316
2026-09-29,estado,Querétaro,Premium,28.6001,368
2026-09-29,estado,Querétaro,Regular,23.7146,371
2026-09-29,estado,Quintana Roo,Diesel,28.0834,211
2026-09-29,estado,Quintana Roo,Premium,29.1230,243
2026-09-29,estado,Quintana Roo,Regular,25.1076,258
2026-09-29,estado,San Luis Potosí,Diesel,27.0498,252
2026-09-29,estado,San Luis Potosí,Premium,28.4709,277
2026-09-29,estado,San Luis Potosí,Regular,23.9489,306
2026-09-29,estado,Sinaloa,Diesel,27.0219,443
2026-09-29,estado,Sinaloa,Premium,29.2330,529
2026-09-29,estado,Sinaloa,Regular,23.9484,558
2026-09-29,estado,Sonora,Diesel,26.9457,361
2026-09-29,estado,Sonora,Premium,28.5986,513
2026-09-29,estado,Sonora,Regular,23.2448,552
2026-09-29,estado,Tabasco,Diesel,27.0009,197
2026-09-29,estado,Tabasco,Premium,28.3132,240
2026-09-29,estado,Tabasco,Regular,23.8144,244
2026-09-29,estado,Tamaulipas,Diesel,26.4290,341
2026-09-29,estado,Tamaulipas,Premium,26.2054,514
2026-09-29,estado,Tamaulipas,Regular,21.9160,600
2026-09-29,estado,Tlaxcala,Diesel,26.7797,130
2026-09-29,estado,Tlaxcala,Premium,27.8450,128
2026-09-29,estado,Tlaxcala,Regular,23.5341,140
2026-09-29,estado,Veracruz,Diesel,26.9925,682
2026-09-29,estado,Veracruz,Premium,28.0626,753
2026-09-29,estado,Veracruz,Regular,23.8042,820
2026-09-29,estado,Yucatán,Diesel,27.1080,252
2026-09-29,estado,Yucatán,Premium,28.1699,324
2026-09-29,estado,Yucatán,Regular,24.1509,343
2026-09-29,estado,Zacatecas,Diesel,27.1002,216
2026-09-29,estado,Zacatecas,Premium,28.8540,190
2026-09-29,estado,Zacatecas,Regular,24.0026,228
2026-09-29,nacional,MX,Diesel,27.0027,10512
2026-09-29,nacional,MX,Premium,28.5757,13007
2026-09-29,nacional,MX,Regular,23.6880,13782
2026-09-29,region,Centro,Diesel,26.9620,2592
2026-09-29,region,Centro,Premium,28.3743,3173
2026-09-29,region,Centro,Regular,23.7148,3261
2026-09-29,region,Golfo,Diesel,26.9944,879
2026-09-29,region,Golfo,Premium,28.1231,993
2026-09-29,region,Golfo,Regular,23.8066,1064
2026-09-29,region,Noreste,Diesel,26.8805,1252
2026-09-29,region,Noreste,Premium,28.3254,1972
2026-09-29,region,Noreste,Regular,23.3891,2120
2026-09-29,region,Noroeste,Diesel,26.8888,1448
2026-09-29,region,Noroeste,Premium,28.8029,1935
2026-09-29,region,Noroeste,Regular,23.5028,2057
2026-09-29,region,Norte,Diesel,26.9401,585
2026-09-29,region,Norte,Premium,27.6018,670
2026-09-29,region,Norte,Regular,22.8934,819
2026-09-29,region,Occidente,Diesel,27.0626,2381
2026-09-29,region,Occidente,Premium,29.1763,2697
2026-09-29,region,Occidente,Regular,23.9381,2824
2026-09-29,region,Sur,Diesel,27.0864,786
2026-09-29,region,Sur,Premium,28.7766,873
2026-09-29,region,Sur,Regular,23.8905,899
2026-09-29,region,Sureste,Diesel,27.4526,581
2026-09-29,region,Sureste,Premium,28.5812,683
2026-09-29,region,Sureste,Regular,24.4706,727
2026-09-30,estado,Aguascalientes,Diesel,27.0159,158
2026-09-30,estado,Aguascalientes,Premium,29.1471,202
2026-09-30,estado,Aguascalientes,Regular,23.9202,204
2026-09-30,estado,Baja California,Diesel,26.2149,368
2026-09-30,estado,Baja California,Premium,28.1828,575
2026-09-30,estado,Baja California,Regular,22.9215,602
2026-09-30,estado,Baja California Sur,Diesel,27.6604,138
2026-09-30,estado,Baja California Sur,Premium,29.6096,170
2026-09-30,estado,Baja California Sur,Regular,24.4246,182
2026-09-30,estado,Campeche,Diesel,27.0608,118
2026-09-30,estado,Campeche,Premium,28.5860,116
2026-09-30,estado,Campeche,Regular,24.0363,126
2026-09-30,estado,Chiapas,Diesel,26.7464,305
2026-09-30,estado,Chiapas,Premium,28.3100,341
2026-09-30,estado,Chiapas,Regular,23.7634,353
2026-09-30,estado,Chihuahua,Diesel,26.8054,396
2026-09-30,estado,Chihuahua,Premium,26.9495,476
2026-09-30,estado,Chihuahua,Regular,22.4616,598
2026-09-30,estado,Ciudad de México,Diesel,26.9598,167
2026-09-30,estado,Ciudad de México,Premium,28.7623,351
2026-09-30,estado,Ciudad de México,Regular,23.7714,356
2026-09-30,estado,Coahuila,Diesel,27.0820,291
2026-09-30,estado,Coahuila,Premium,28.6900,471
2026-09-30,estado,Coahuila,Regular,23.7655,487
2026-09-30,estado,Colima,Diesel,26.9964,107
2026-09-30,estado,Colima,Premium,28.8930,126
2026-09-30,estado,Colima,Regular,23.8260,130
2026-09-30,estado,Durango,Diesel,27.2147,189
2026-09-30,estado,Durango,Premium,29.2021,194
2026-09-30,estado,Durango,Regular,24.0594,221
2026-09-30,estado,Guanajuato,Diesel,27.0257,610
2026-09-30,estado,Guanajuato,Premium,29.1619,694
2026-09-30,estado,Guanajuato,Regular,23.8563,723
2026-09-30,estado,Guerrero,Diesel,27.0697,201
2026-09-30,estado,Guerrero,Premium,28.9242,253
2026-09-30,estado,Guerrero,Regular,23.8618,251
2026-09-30,estado,Hidalgo,Diesel,26.9961,270
2026-09-30,estado,Hidalgo,Premium,28.1008,286
2026-09-30,estado,Hidalgo,Regular,23.6656,311
2026-09-30,estado,Jalisco,Diesel,27.1254,777
2026-09-30,estado,Jalisco,Premium,29.3912,943
2026-09-30,estado,Jalisco,Regular,23.9850,979
2026-09-30,estado,Michoacán,Diesel,27.0206,513
2026-09-30,estado,Michoacán,Premium,29.0189,542
2026-09-30,estado,Michoacán,Regular,23.9608,560
2026-09-30,estado,Morelos,Diesel,26.9752,159
2026-09-30,estado,Morelos,Premium,28.4272,189
2026-09-30,estado,Morelos,Regular,23.8116,189
2026-09-30,estado,México,Diesel,26.9781,1016
2026-09-30,estado,México,Premium,28.4557,1255
2026-09-30,estado,México,Regular,23.7010,1267
2026-09-30,estado,Nayarit,Diesel,27.3487,138
2026-09-30,estado,Nayarit,Premium,29.4473,148
2026-09-30,estado,Nayarit,Regular,23.9916,163
2026-09-30,estado,Nuevo León,Diesel,27.0245,368
2026-09-30,estado,Nuevo León,Premium,29.5577,710
2026-09-30,estado,Nuevo León,Regular,24.1160,727
2026-09-30,estado,Oaxaca,Diesel,27.4687,280
2026-09-30,estado,Oaxaca,Premium,29.2191,279
2026-09-30,estado,Oaxaca,Regular,24.0572,295
2026-09-30,estado,Puebla,Diesel,26.9987,534
2026-09-30,estado,Puebla,Premium,28.0634,596
2026-09-30,estado,Puebla,Regular,23.7358,627
2026-09-30,estado,Querétaro,Diesel,26.9007,316
2026-09-30,estado,Querétaro,Premium,28.5869,369
2026-09-30,estado,Querétaro,Regular,23.7185,372
2026-09-30,estado,Quintana Roo,Diesel,28.0819,211
2026-09-30,estado,Quintana Roo,Premium,29.1230,243
2026-09-30,estado,Quintana Roo,Regular,25.1066,258
2026-09-30,estado,San Luis Potosí,Diesel,27.0630,252
2026-09-30,estado,San Luis Potosí,Premium,28.4704,277
2026-09-30,estado,San Luis Potosí,Regular,23.9471,306
2026-09-30,estado,Sinaloa,Diesel,27.0219,443
2026-09-30,estado,Sinaloa,Premium,29.2332,529
2026-09-30,estado,Sinaloa,Regular,23.9489,557
2026-09-30,estado,Sonora,Diesel,26.9386,361
2026-09-30,estado,Sonora,Premium,28.5966,513
2026-09-30,estado,Sonora,Regular,23.2395,552
2026-09-30,estado,Tabasco,Diesel,27.0009,197
2026-09-30,estado,Tabasco,Premium,28.3132,240
2026-09-30,estado,Tabasco,Regular,23.8145,244
2026-09-30,estado,Tamaulipas,Diesel,26.4217,341
2026-09-30,estado,Tamaulipas,Premium,26.2049,514
2026-09-30,estado,Tamaulipas,Regular,21.9157,600
2026-09-30,estado,Tlaxcala,Diesel,26.7796,130
2026-09-30,estado,Tlaxcala,Premium,27.8445,128
2026-09-30,estado,Tlaxcala,Regular,23.5336,140
2026-09-30,estado,Veracruz,Diesel,26.9925,682
2026-09-30,estado,Veracruz,Premium,28.0618,753
2026-09-30,estado,Veracruz,Regular,23.8040,820
2026-09-30,estado,Yucatán,Diesel,27.1080,252
2026-09-30,estado,Yucatán,Premium,28.1660,324
2026-09-30,estado,Yucatán,Regular,24.1515,343
2026-09-30,estado,Zacatecas,Diesel,27.1002,216
2026-09-30,estado,Zacatecas,Premium,28.8540,190
2026-09-30,estado,Zacatecas,Regular,24.0026,228
2026-09-30,nacional,MX,Diesel,27.0028,10512
2026-09-30,nacional,MX,Premium,28.5751,13008
2026-09-30,nacional,MX,Regular,23.6870,13782
2026-09-30,region,Centro,Diesel,26.9635,2592
2026-09-30,region,Centro,Premium,28.3729,3174
2026-09-30,region,Centro,Regular,23.7132,3262
2026-09-30,region,Golfo,Diesel,26.9944,879
2026-09-30,region,Golfo,Premium,28.1225,993
2026-09-30,region,Golfo,Regular,23.8064,1064
2026-09-30,region,Noreste,Diesel,26.8814,1252
2026-09-30,region,Noreste,Premium,28.3238,1972
2026-09-30,region,Noreste,Regular,23.3884,2120
2026-09-30,region,Noroeste,Diesel,26.8880,1448
2026-09-30,region,Noroeste,Premium,28.8017,1935
2026-09-30,region,Noroeste,Regular,23.5031,2056
2026-09-30,region,Norte,Diesel,26.9376,585
2026-09-30,region,Norte,Premium,27.6018,670
2026-09-30,region,Norte,Regular,22.8928,819
2026-09-30,region,Occidente,Diesel,27.0619,2381
2026-09-30,region,Occidente,Premium,29.1780,2697
2026-09-30,region,Occidente,Regular,23.9367,2824
2026-09-30,region,Sur,Diesel,27.0864,786
2026-09-30,region,Sur,Premium,28.7785,873
2026-09-30,region,Sur,Regular,23.8873,899
2026-09-30,region,Sureste,Diesel,27.4521,581
2026-09-30,region,Sureste,Premium,28.5778,683
2026-09-30,region,Sureste,Regular,24.4705,727
2026-10-01,estado,Aguascalientes,Diesel,27.0159,158
2026-10-01,estado,Aguascalientes,Premium,29.1513,202
2026-10-01,estado,Aguascalientes,Regular,23.9197,204
2026-10-01,estado,Baja California,Diesel,26.2149,368
2026-10-01,estado,Baja California,Premium,28.1792,575
2026-10-01,estado,Baja California,Regular,22.9182,602
2026-10-01,estado,Baja California Sur,Diesel,27.5959,138
2026-10-01,estado,Baja California Sur,Premium,29.6096,170
2026-10-01,estado,Baja California Sur,Regular,24.4246,182
2026-10-01,estado,Campeche,Diesel,27.0608,118
2026-10-01,estado,Campeche,Premium,28.5947,116
2026-10-01,estado,Campeche,Regular,24.0363,126
2026-10-01,estado,Chiapas,Diesel,26.7463,305
2026-10-01,estado,Chiapas,Premium,28.3110,341
2026-10-01,estado,Chiapas,Regular,23.7673,353
2026-10-01,estado,Chihuahua,Diesel,26.8054,396
2026-10-01,estado,Chihuahua,Premium,26.9495,476
2026-10-01,estado,Chihuahua,Regular,22.4616,598
2026-10-01,estado,Ciudad de México,Diesel,26.9568,167
2026-10-01,estado,Ciudad de México,Premium,28.7669,350
2026-10-01,estado,Ciudad de México,Regular,23.7704,356
2026-10-01,estado,Coahuila,Diesel,27.0804,291
2026-10-01,estado,Coahuila,Premium,28.6899,471
2026-10-01,estado,Coahuila,Regular,23.7654,487
2026-10-01,estado,Colima,Diesel,27.0058,107
2026-10-01,estado,Colima,Premium,28.8946,126
2026-10-01,estado,Colima,Regular,23.8260,130
2026-10-01,estado,Durango,Diesel,27.2079,189
2026-10-01,estado,Durango,Premium,29.2010,194
2026-10-01,estado,Durango,Regular,24.0632,221
2026-10-01,estado,Guanajuato,Diesel,27.0243,610
2026-10-01,estado,Guanajuato,Premium,29.1612,694
2026-10-01,estado,Guanajuato,Regular,23.8603,723
2026-10-01,estado,Guerrero,Diesel,27.0697,201
2026-10-01,estado,Guerrero,Premium,28.9239,253
2026-10-01,estado,Guerrero,Regular,23.8618,251
2026-10-01,estado,Hidalgo,Diesel,26.9959,270
2026-10-01,estado,Hidalgo,Premium,28.1009,286
2026-10-01,estado,Hidalgo,Regular,23.6658,311
2026-10-01,estado,Jalisco,Diesel,27.1334,777
2026-10-01,estado,Jalisco,Premium,29.3915,943
2026-10-01,estado,Jalisco,Regular,23.9910,979
2026-10-01,estado,Michoacán,Diesel,27.0103,513
2026-10-01,estado,Michoacán,Premium,29.0184,542
2026-10-01,estado,Michoacán,Regular,23.9597,560
2026-10-01,estado,Morelos,Diesel,26.9562,159
2026-10-01,estado,Morelos,Premium,28.4354,188
2026-10-01,estado,Morelos,Regular,23.8075,189
2026-10-01,estado,México,Diesel,26.9783,1016
2026-10-01,estado,México,Premium,28.4585,1253
2026-10-01,estado,México,Regular,23.7022,1263
2026-10-01,estado,Nayarit,Diesel,27.3444,138
2026-10-01,estado,Nayarit,Premium,29.4486,148
2026-10-01,estado,Nayarit,Regular,23.9882,163
2026-10-01,estado,Nuevo León,Diesel,27.0245,368
2026-10-01,estado,Nuevo León,Premium,29.5585,710
2026-10-01,estado,Nuevo León,Regular,24.1160,727
2026-10-01,estado,Oaxaca,Diesel,27.4671,280
2026-10-01,estado,Oaxaca,Premium,29.2173,279
2026-10-01,estado,Oaxaca,Regular,24.0572,295
2026-10-01,estado,Puebla,Diesel,26.9987,534
2026-10-01,estado,Puebla,Premium,28.0659,596
2026-10-01,estado,Puebla,Regular,23.7362,627
2026-10-01,estado,Querétaro,Diesel,26.9011,316
2026-10-01,estado,Querétaro,Premium,28.5931,369
2026-10-01,estado,Querétaro,Regular,23.7317,372
2026-10-01,estado,Quintana Roo,Diesel,28.0819,211
2026-10-01,estado,Quintana Roo,Premium,29.1233,243
2026-10-01,estado,Quintana Roo,Regular,25.1065,258
2026-10-01,estado,San Luis Potosí,Diesel,27.0634,252
2026-10-01,estado,San Luis Potosí,Premium,28.4704,277
2026-10-01,estado,San Luis Potosí,Regular,23.9471,306
2026-10-01,estado,Sinaloa,Diesel,27.0219,443
2026-10-01,estado,Sinaloa,Premium,29.2334,529
2026-10-01,estado,Sinaloa,Regular,23.9480,557
2026-10-01,estado,Sonora,Diesel,26.9386,361
2026-10-01,estado,Sonora,Premium,28.5966,513
2026-10-01,estado,Sonora,Regular,23.2389,552
2026-10-01,estado,Tabasco,Diesel,27.0009,197
2026-10-01,estado,Tabasco,Premium,28.3128,240
2026-10-01,estado,Tabasco,Regular,23.8133,244
2026-10-01,estado,Tamaulipas,Diesel,26.4173,341
2026-10-01,estado,Tamaulipas,Premium,26.2050,514
2026-10-01,estado,Tamaulipas,Regular,21.9132,600
2026-10-01,estado,Tlaxcala,Diesel,26.7796,130
2026-10-01,estado,Tlaxcala,Premium,27.8453,128
2026-10-01,estado,Tlaxcala,Regular,23.5336,140
2026-10-01,estado,Veracruz,Diesel,26.9929,682
2026-10-01,estado,Veracruz,Premium,28.0622,753
2026-10-01,estado,Veracruz,Regular,23.8035,820
2026-10-01,estado,Yucatán,Diesel,27.1080,252
2026-10-01,estado,Yucatán,Premium,28.1653,324
2026-10-01,estado,Yucatán,Regular,24.1515,343
2026-10-01,estado,Zacatecas,Diesel,27.1002,216
2026-10-01,estado,Zacatecas,Premium,28.8540,190
2026-10-01,estado,Zacatecas,Regular,24.0026,228
2026-10-01,nacional,MX,Diesel,27.0013,10512
2026-10-01,nacional,MX,Premium,28.5760,13004
2026-10-01,nacional,MX,Regular,23.6878,13778
2026-10-01,region,Centro,Diesel,26.9622,2592
2026-10-01,region,Centro,Premium,28.3760,3170
2026-10-01,region,Centro,Regular,23.7150,3258
2026-10-01,region,Golfo,Diesel,26.9947,879
2026-10-01,region,Golfo,Premium,28.1227,993
2026-10-01,region,Golfo,Regular,23.8058,1064
2026-10-01,region,Noreste,Diesel,26.8799,1252
2026-10-01,region,Noreste,Premium,28.3241,1972
2026-10-01,region,Noreste,Regular,23.3877,2120
2026-10-01,region,Noroeste,Diesel,26.8815,1448
2026-10-01,region,Noroeste,Premium,28.8008,1935
2026-10-01,region,Noroeste,Regular,23.5015,2056
2026-10-01,region,Norte,Diesel,26.9354,585
2026-10-01,region,Norte,Premium,27.6014,670
2026-10-01,region,Norte,Regular,22.8938,819
2026-10-01,region,Occidente,Diesel,27.0624,2381
2026-10-01,region,Occidente,Premium,29.1782,2697
2026-10-01,region,Occidente,Regular,23.9395,2824
2026-10-01,region,Sur,Diesel,27.0858,786
2026-10-01,region,Sur,Premium,28.7782,873
2026-10-01,region,Sur,Regular,23.8888,899
2026-10-01,region,Sureste,Diesel,27.4521,581
2026-10-01,region,Sureste,Premium,28.5791,683
2026-10-01,region,Sureste,Regular,24.4705,727
2026-10-02,estado,Aguascalientes,Diesel,27.0159,158
2026-10-02,estado,Aguascalientes,Premium,29.1521,202
2026-10-02,estado,Aguascalientes,Regular,23.9197,204
2026-10-02,estado,Baja California,Diesel,26.2111,368
2026-10-02,estado,Baja California,Premium,28.1808,575
2026-10-02,estado,Baja California,Regular,22.9156,602
2026-10-02,estado,Baja California Sur,Diesel,27.6517,138
2026-10-02,estado,Baja California Sur,Premium,29.6043,170
2026-10-02,estado,Baja California Sur,Regular,24.4220,181
2026-10-02,estado,Campeche,Diesel,27.0608,118
2026-10-02,estado,Campeche,Premium,28.6179,116
2026-10-02,estado,Campeche,Regular,24.0363,126
2026-10-02,estado,Chiapas,Diesel,26.7463,305
2026-10-02,estado,Chiapas,Premium,28.3137,341
2026-10-02,estado,Chiapas,Regular,23.7711,353
2026-10-02,estado,Chihuahua,Diesel,26.8014,395
2026-10-02,estado,Chihuahua,Premium,26.9533,476
2026-10-02,estado,Chihuahua,Regular,22.4641,598
2026-10-02,estado,Ciudad de México,Diesel,26.9568,167
2026-10-02,estado,Ciudad de México,Premium,28.7652,350
2026-10-02,estado,Ciudad de México,Regular,23.7702,356
2026-10-02,estado,Coahuila,Diesel,27.0752,291
2026-10-02,estado,Coahuila,Premium,28.6893,471
2026-10-02,estado,Coahuila,Regular,23.7707,487
2026-10-02,estado,Colima,Diesel,27.0058,107
2026-10-02,estado,Colima,Premium,28.8946,126
2026-10-02,estado,Colima,Regular,23.8260,130
2026-10-02,estado,Durango,Diesel,27.2155,189
2026-10-02,estado,Durango,Premium,29.1990,194
2026-10-02,estado,Durango,Regular,24.0537,221
2026-10-02,estado,Guanajuato,Diesel,27.0248,610
2026-10-02,estado,Guanajuato,Premium,29.1604,694
2026-10-02,estado,Guanajuato,Regular,23.8581,722
2026-10-02,estado,Guerrero,Diesel,27.0714,201
2026-10-02,estado,Guerrero,Premium,28.9778,253
2026-10-02,estado,Guerrero,Regular,23.8618,251
2026-10-02,estado,Hidalgo,Diesel,26.9963,270
2026-10-02,estado,Hidalgo,Premium,28.1009,286
2026-10-02,estado,Hidalgo,Regular,23.6634,311
2026-10-02,estado,Jalisco,Diesel,27.1083,776
2026-10-02,estado,Jalisco,Premium,29.3919,941
2026-10-02,estado,Jalisco,Regular,23.9798,977
2026-10-02,estado,Michoacán,Diesel,27.0086,513
2026-10-02,estado,Michoacán,Premium,29.0166,542
2026-10-02,estado,Michoacán,Regular,23.9639,560
2026-10-02,estado,Morelos,Diesel,26.9561,159
2026-10-02,estado,Morelos,Premium,28.4392,188
2026-10-02,estado,Morelos,Regular,23.8038,189
2026-10-02,estado,México,Diesel,26.9783,1016
2026-10-02,estado,México,Premium,28.4621,1249
2026-10-02,estado,México,Regular,23.6989,1263
2026-10-02,estado,Nayarit,Diesel,27.1983,138
2026-10-02,estado,Nayarit,Premium,29.4486,148
2026-10-02,estado,Nayarit,Regular,23.9384,163
2026-10-02,estado,Nuevo León,Diesel,27.0240,368
2026-10-02,estado,Nuevo León,Premium,29.5554,710
2026-10-02,estado,Nuevo León,Regular,24.1248,727
2026-10-02,estado,Oaxaca,Diesel,27.4712,280
2026-10-02,estado,Oaxaca,Premium,29.2172,279
2026-10-02,estado,Oaxaca,Regular,24.0575,295
2026-10-02,estado,Puebla,Diesel,26.9944,534
2026-10-02,estado,Puebla,Premium,28.0665,596
2026-10-02,estado,Puebla,Regular,23.7266,627
2026-10-02,estado,Querétaro,Diesel,26.9011,316
2026-10-02,estado,Querétaro,Premium,28.6055,369
2026-10-02,estado,Querétaro,Regular,23.7301,372
2026-10-02,estado,Quintana Roo,Diesel,28.0827,211
2026-10-02,estado,Quintana Roo,Premium,29.1233,243
2026-10-02,estado,Quintana Roo,Regular,25.1067,258
2026-10-02,estado,San Luis Potosí,Diesel,27.0642,252
2026-10-02,estado,San Luis Potosí,Premium,28.4724,277
2026-10-02,estado,San Luis Potosí,Regular,23.9458,306
2026-10-02,estado,Sinaloa,Diesel,27.0197,443
2026-10-02,estado,Sinaloa,Premium,29.2334,529
2026-10-02,estado,Sinaloa,Regular,23.9464,555
2026-10-02,estado,Sonora,Diesel,26.9287,361
2026-10-02,estado,Sonora,Premium,28.5966,513
2026-10-02,estado,Sonora,Regular,23.2168,552
2026-10-02,estado,Tabasco,Diesel,27.0009,197
2026-10-02,estado,Tabasco,Premium,28.3128,240
2026-10-02,estado,Tabasco,Regular,23.8137,244
2026-10-02,estado,Tamaulipas,Diesel,26.4161,340
2026-10-02,estado,Tamaulipas,Premium,26.2081,512
2026-10-02,estado,Tamaulipas,Regular,21.9217,598
2026-10-02,estado,Tlaxcala,Diesel,26.7759,130
2026-10-02,estado,Tlaxcala,Premium,27.8416,128
2026-10-02,estado,Tlaxcala,Regular,23.5307,140
2026-10-02,estado,Veracruz,Diesel,26.9929,682
2026-10-02,estado,Veracruz,Premium,28.0626,753
2026-10-02,estado,Veracruz,Regular,23.8026,820
2026-10-02,estado,Yucatán,Diesel,27.1080,252
2026-10-02,estado,Yucatán,Premium,28.1653,324
2026-10-02,estado,Yucatán,Regular,24.1515,343
2026-10-02,estado,Zacatecas,Diesel,27.1002,216
2026-10-02,estado,Zacatecas,Premium,28.8530,190
2026-10-02,estado,Zacatecas,Regular,24.0013,228
2026-10-02,nacional,MX,Diesel,26.9974,10509
2026-10-02,nacional,MX,Premium,28.5783,12996
2026-10-02,nacional,MX,Regular,23.6855,13770
2026-10-02,region,Centro,Diesel,26.9612,2592
2026-10-02,region,Centro,Premium,28.3788,3166
2026-10-02,region,Centro,Regular,23.7111,3258
2026-10-02,region,Golfo,Diesel,26.9947,879
2026-10-02,region,Golfo,Premium,28.1230,993
2026-10-02,region,Golfo,Regular,23.8051,1064
2026-10-02,region,Noreste,Diesel,26.8788,1251
2026-10-02,region,Noreste,Premium,28.3261,1970
2026-10-02,region,Noreste,Regular,23.3955,2118
2026-10-02,region,Noroeste,Diesel,26.8688,1448
2026-10-02,region,Noroeste,Premium,28.8008,1935
2026-10-02,region,Noroeste,Regular,23.4893,2053
2026-10-02,region,Norte,Diesel,26.9354,584
2026-10-02,region,Norte,Premium,27.6035,670
2026-10-02,region,Norte,Regular,22.8930,819
2026-10-02,region,Occidente,Diesel,27.0539,2380
2026-10-02,region,Occidente,Premium,29.1776,2695
2026-10-02,region,Occidente,Regular,23.9358,2821
2026-10-02,region,Sur,Diesel,27.0877,786
2026-10-02,region,Sur,Premium,28.7949,873
2026-10-02,region,Sur,Regular,23.8904,899
2026-10-02,region,Sureste,Diesel,27.4524,581
2026-10-02,region,Sureste,Premium,28.5830,683
2026-10-02,region,Sureste,Regular,24.4705,727
2026-10-04,estado,Aguascalientes,Diesel,27.0153,158
2026-10-04,estado,Aguascalientes,Premium,29.1541,202
2026-10-04,estado,Aguascalientes,Regular,23.9166,204
2026-10-04,estado,Baja California,Diesel,25.9551,368
2026-10-04,estado,Baja California,Premium,28.1773,575
2026-10-04,estado,Baja California,Regular,22.9127,602
2026-10-04,estado,Baja California Sur,Diesel,27.6517,138
2026-10-04,estado,Baja California Sur,Premium,29.6161,170
2026-10-04,estado,Baja California Sur,Regular,24.4209,181
2026-10-04,estado,Campeche,Diesel,27.0582,118
2026-10-04,estado,Campeche,Premium,28.6195,116
2026-10-04,estado,Campeche,Regular,24.0363,126
2026-10-04,estado,Chiapas,Diesel,26.7387,305
2026-10-04,estado,Chiapas,Premium,28.2992,341
2026-10-04,estado,Chiapas,Regular,23.7595,353
2026-10-04,estado,Chihuahua,Diesel,26.7894,395
2026-10-04,estado,Chihuahua,Premium,26.9561,476
2026-10-04,estado,Chihuahua,Regular,22.4574,598
2026-10-04,estado,Ciudad de México,Diesel,26.9581,167
2026-10-04,estado,Ciudad de México,Premium,28.7834,349
2026-10-04,estado,Ciudad de México,Regular,23.8095,356
2026-10-04,estado,Coahuila,Diesel,27.0751,291
2026-10-04,estado,Coahuila,Premium,28.7218,472
2026-10-04,estado,Coahuila,Regular,23.7751,487
2026-10-04,estado,Colima,Diesel,26.9993,107
2026-10-04,estado,Colima,Premium,28.8986,126
2026-10-04,estado,Colima,Regular,23.8260,130
2026-10-04,estado,Durango,Diesel,27.2176,189
2026-10-04,estado,Durango,Premium,29.1837,194
2026-10-04,estado,Durango,Regular,24.0643,221
2026-10-04,estado,Guanajuato,Diesel,27.0185,610
2026-10-04,estado,Guanajuato,Premium,29.1605,694
2026-10-04,estado,Guanajuato,Regular,23.8569,722
2026-10-04,estado,Guerrero,Diesel,27.0730,201
2026-10-04,estado,Guerrero,Premium,28.9988,253
2026-10-04,estado,Guerrero,Regular,23.8619,251
2026-10-04,estado,Hidalgo,Diesel,26.9926,270
2026-10-04,estado,Hidalgo,Premium,28.1066,286
2026-10-04,estado,Hidalgo,Regular,23.6684,311
2026-10-04,estado,Jalisco,Diesel,27.1200,776
2026-10-04,estado,Jalisco,Premium,29.4083,941
2026-10-04,estado,Jalisco,Regular,23.9943,976
2026-10-04,estado,Michoacán,Diesel,27.0112,512
2026-10-04,estado,Michoacán,Premium,29.0163,541
2026-10-04,estado,Michoacán,Regular,23.9739,559
2026-10-04,estado,Morelos,Diesel,26.9548,159
2026-10-04,estado,Morelos,Premium,28.4455,188
2026-10-04,estado,Morelos,Regular,23.8048,189
2026-10-04,estado,México,Diesel,26.9793,1017
2026-10-04,estado,México,Premium,28.4621,1251
2026-10-04,estado,México,Regular,23.7052,1265
2026-10-04,estado,Nayarit,Diesel,27.3438,138
2026-10-04,estado,Nayarit,Premium,29.4816,148
2026-10-04,estado,Nayarit,Regular,23.9849,163
2026-10-04,estado,Nuevo León,Diesel,27.0244,368
2026-10-04,estado,Nuevo León,Premium,29.5644,710
2026-10-04,estado,Nuevo León,Regular,24.1341,727
2026-10-04,estado,Oaxaca,Diesel,27.4667,280
2026-10-04,estado,Oaxaca,Premium,29.2301,279
2026-10-04,estado,Oaxaca,Regular,24.0566,295
2026-10-04,estado,Puebla,Diesel,26.9858,534
2026-10-04,estado,Puebla,Premium,28.0638,596
2026-10-04,estado,Puebla,Regular,23.7384,627
2026-10-04,estado,Querétaro,Diesel,26.8847,316
2026-10-04,estado,Querétaro,Premium,28.6061,369
2026-10-04,estado,Querétaro,Regular,23.7268,372
2026-10-04,estado,Quintana Roo,Diesel,28.0827,211
2026-10-04,estado,Quintana Roo,Premium,29.0893,243
2026-10-04,estado,Quintana Roo,Regular,25.1071,258
2026-10-04,estado,San Luis Potosí,Diesel,27.0606,252
2026-10-04,estado,San Luis Potosí,Premium,28.4851,277
2026-10-04,estado,San Luis Potosí,Regular,23.9458,306
2026-10-04,estado,Sinaloa,Diesel,27.0803,443
2026-10-04,estado,Sinaloa,Premium,29.2424,527
2026-10-04,estado,Sinaloa,Regular,24.0584,555
2026-10-04,estado,Sonora,Diesel,26.9369,361
2026-10-04,estado,Sonora,Premium,28.5940,513
2026-10-04,estado,Sonora,Regular,23.2396,552
2026-10-04,estado,Tabasco,Diesel,26.9857,197
2026-10-04,estado,Tabasco,Premium,28.3101,240
2026-10-04,estado,Tabasco,Regular,23.8129,244
2026-10-04,estado,Tamaulipas,Diesel,26.4147,339
2026-10-04,estado,Tamaulipas,Premium,26.2117,512
2026-10-04,estado,Tamaulipas,Regular,21.9215,598
2026-10-04,estado,Tlaxcala,Diesel,26.7756,130
2026-10-04,estado,Tlaxcala,Premium,27.8402,128
2026-10-04,estado,Tlaxcala,Regular,23.5261,140
2026-10-04,estado,Veracruz,Diesel,26.9922,682
2026-10-04,estado,Veracruz,Premium,28.0560,753
2026-10-04,estado,Veracruz,Regular,23.8010,820
2026-10-04,estado,Yucatán,Diesel,27.1025,252
2026-10-04,estado,Yucatán,Premium,28.1676,324
2026-10-04,estado,Yucatán,Regular,24.1515,343
2026-10-04,estado,Zacatecas,Diesel,27.1002,216
2026-10-04,estado,Zacatecas,Premium,28.8517,190
2026-10-04,estado,Zacatecas,Regular,24.0011,229
2026-10-04,nacional,MX,Diesel,26.9915,10508
2026-10-04,nacional,MX,Premium,28.5818,12995
2026-10-04,nacional,MX,Regular,23.6949,13771
2026-10-04,region,Centro,Diesel,26.9574,2593
2026-10-04,region,Centro,Premium,28.3811,3167
2026-10-04,region,Centro,Regular,23.7200,3260
2026-10-04,region,Golfo,Diesel,26.9907,879
2026-10-04,region,Golfo,Premium,28.1174,993
2026-10-04,region,Golfo,Regular,23.8037,1064
2026-10-04,region,Noreste,Diesel,26.8781,1250
2026-10-04,region,Noreste,Premium,28.3400,1971
2026-10-04,region,Noreste,Regular,23.3996,2118
2026-10-04,region,Noroeste,Diesel,26.8382,1448
2026-10-04,region,Noroeste,Premium,28.8047,1933
2026-10-04,region,Noroeste,Regular,23.5284,2053
2026-10-04,region,Norte,Diesel,26.9280,584
2026-10-04,region,Norte,Premium,27.6011,670
2026-10-04,region,Norte,Regular,22.8910,819
2026-10-04,region,Occidente,Diesel,27.0564,2379
2026-10-04,region,Occidente,Premium,29.1836,2694
2026-10-04,region,Occidente,Regular,23.9423,2820
2026-10-04,region,Sur,Diesel,27.0835,786
2026-10-04,region,Sur,Premium,28.7995,873
2026-10-04,region,Sur,Regular,23.8856,899
2026-10-04,region,Sureste,Diesel,27.4494,581
2026-10-04,region,Sureste,Premium,28.5723,683
2026-10-04,region,Sureste,Regular,24.4706,727
