Fecha,Permiso CRE,Estacion,Estado,Municipio,Producto,Anterior,Nuevo,Cambio
2026-10-01,PL/997/EXP/ES/2015,GRUPO GASOLINERO COMBUSERVICIOS SA DE CV,Baja California,Tijuana,Regular,22.59,23.19,+0.60
2026-10-01,PL/9931/EXP/ES/2015,SERVICIO EL AGUILA DEL NORTE SA DE CV,Coahuila,Piedras Negras,Regular,20.13,19.90,-0.23
2026-10-01,PL/9931/EXP/ES/2015,SERVICIO EL AGUILA DEL NORTE SA DE CV,Coahuila,Piedras Negras,Premium,24.14,23.90,-0.24
2026-10-01,PL/9931/EXP/ES/2015,SERVICIO EL AGUILA DEL NORTE SA DE CV,Coahuila,Piedras Negras,Diesel,25.15,24.90,-0.25
2026-10-01,PL/977/EXP/ES/2015,ESTACION BOSQUE REAL S DE RL DE CV,México,Ecatepec de Morelos,Regular,24.19,23.99,-0.20
2026-10-01,PL/9729/EXP/ES/2015,EMPRESAS ANGUIANO SA DE CV,Michoacán,Morelos,Diesel,27.99,26.99,-1.00
2026-10-01,PL/9645/EXP/ES/2015,AUTOSERVICIO GASOLINERO MUÑOZ SA DE CV,Guanajuato,Pénjamo,Premium,28.69,28.89,+0.20
2026-10-01,PL/9645/EXP/ES/2015,AUTOSERVICIO GASOLINERO MUÑOZ SA DE CV,Guanajuato,Pénjamo,Diesel,27.49,27.00,-0.49
2026-10-01,PL/9585/EXP/ES/2015,OPERADORA KINZA SA DE CV,Jalisco,Zapopan,Regular,23.19,23.59,+0.40
2026-10-01,PL/9584/EXP/ES/2015,SERVICIO MEZQUITE SA DE CV,Jalisco,Guadalajara,Regular,23.39,23.79,+0.40
2026-10-01,PL/9582/EXP/ES/2015,SERVICIO MEZQUITE SA DE CV,Jalisco,Guadalajara,Regular,23.29,23.69,+0.40
2026-10-01,PL/9581/EXP/ES/2015,SERVICIO SAN MIGUEL DE MEZQUITAN SA DE CV,Jalisco,Guadalajara,Regular,23.35,23.75,+0.40
2026-10-01,PL/9504/EXP/ES/2015,VALORES ENERGETICOS SA DE CV,Morelos,Xochitepec,Regular,23.85,23.80,-0.05
2026-10-01,PL/9504/EXP/ES/2015,VALORES ENERGETICOS SA DE CV,Morelos,Xochitepec,Premium,27.67,27.80,+0.13
2026-10-01,PL/9503/EXP/ES/2015,VALORES ENERGETICOS SA DE CV,Morelos,Cuernavaca,Regular,23.85,23.80,-0.05
2026-10-01,PL/9503/EXP/ES/2015,VALORES ENERGETICOS SA DE CV,Morelos,Cuernavaca,Premium,27.67,27.80,+0.13
2026-10-01,PL/9449/EXP/ES/2015,GRUPO DE GASOLINEROS UNIDOS MI RIU SA DE CV,Jalisco,El Salto,Premium,28.69,27.99,-0.70
2026-10-01,PL/9425/EXP/ES/2015,ESTACION DE SERVICIO CIEN METROS SA DE CV,México,Gustavo A. Madero,Regular,23.79,23.63,-0.16
2026-10-01,PL/935/EXP/ES/2015,SERVICIO EL TRIANGULO DEL REFUGIO S DE RL DE CV,Baja California,Tijuana,Regular,23.20,23.40,+0.20
2026-10-01,PL/9322/EXP/ES/2015,SERVICIO SERRANO SA DE CV,México,Toluca,Regular,22.78,22.89,+0.11
2026-10-01,PL/9285/EXP/ES/2015,SERVICIOS GASOLINEROS DE MEXICO SA DE CV,Jalisco,Atotonilco el Alto,Regular,23.99,24.99,+1.00
2026-10-01,PL/9285/EXP/ES/2015,SERVICIOS GASOLINEROS DE MEXICO SA DE CV,Jalisco,Atotonilco el Alto,Diesel,27.00,27.99,+0.99
2026-10-01,PL/8911/EXP/ES/2015,GRUPO IBARRA FLORES SA DE CV,Baja California,No especificado,Regular,26.99,20.99,-6.00
2026-10-01,PL/8911/EXP/ES/2015,GRUPO IBARRA FLORES SA DE CV,Baja California,No especificado,Premium,26.99,25.56,-1.43
2026-10-01,PL/876/EXP/ES/2015,SERVICIO DRAKO S DE RL DE CV,Baja California,Tijuana,Regular,23.50,23.60,+0.10
2026-10-01,PL/8713/EXP/ES/2015,SUPER SERVICIO ATIZAPAN SA DE CV,México,Atizapán de Zaragoza,Regular,23.29,23.27,-0.02
2026-10-01,PL/8713/EXP/ES/2015,SUPER SERVICIO ATIZAPAN SA DE CV,México,Atizapán de Zaragoza,Premium,27.79,27.72,-0.07
2026-10-01,PL/8699/EXP/ES/2015,SERVICIO MANTARRAYA SA DE CV,Guerrero,Acapulco de Juárez,Premium,27.89,27.81,-0.08
2026-10-01,PL/8692/EXP/ES/2015,GASOLINERA BORJA SA DE CV,Sonora,Cajeme,Regular,23.29,22.99,-0.30
2026-10-01,PL/8616/EXP/ES/2015,SERVICIO CACAHOATAN SA DE CV,Chiapas,Tuxtla Chico,Premium,27.39,27.79,+0.40
2026-10-01,PL/8615/EXP/ES/2015,SERVICIO HUEHUETAN SA DE CV,Chiapas,Huehuetán,Regular,23.89,23.85,-0.04
2026-10-01,PL/8615/EXP/ES/2015,SERVICIO HUEHUETAN SA DE CV,Chiapas,Huehuetán,Premium,27.49,27.55,+0.06
2026-10-01,PL/8615/EXP/ES/2015,SERVICIO HUEHUETAN SA DE CV,Chiapas,Huehuetán,Diesel,27.00,26.97,-0.03
2026-10-01,PL/8571/EXP/ES/2015,SERVICIO GLORIETA LA LUNA SA DE CV,Morelos,Cuernavaca,Premium,28.95,28.99,+0.04
2026-10-01,PL/8405/EXP/ES/2015,JOSE FRANCISCO PONCE PEREZ,Michoacán,Puruándiro,Diesel,27.50,27.00,-0.50
2026-10-01,PL/835/EXP/ES/2015,GASOLINERIA REAL MADEIRA S DE RL DE CV,México,Ecatepec de Morelos,Regular,24.19,23.99,-0.20
2026-10-01,PL/8343/EXP/ES/2015,SERVICIO EL ONCE SA DE CV,Hidalgo,Mineral del Monte,Diesel,26.95,26.89,-0.06
2026-10-01,PL/8219/EXP/ES/2015,EDZON RUIZ ESQUIVEL,México,Ixtlahuaca,Regular,23.98,23.99,+0.01
2026-10-01,PL/8219/EXP/ES/2015,EDZON RUIZ ESQUIVEL,México,Ixtlahuaca,Premium,29.79,29.99,+0.20
2026-10-01,PL/8219/EXP/ES/2015,EDZON RUIZ ESQUIVEL,México,Ixtlahuaca,Diesel,26.99,27.00,+0.01
2026-10-01,PL/8214/EXP/ES/2015,JOSE VALENTIN FERNANDEZ ZARZA,Querétaro,Querétaro,Premium,28.79,23.99,-4.80
2026-10-01,PL/8186/EXP/ES/2015,INMOBILIARIA MONROY RUIZ SA DE CV,México,Toluca,Regular,23.89,23.69,-0.20
2026-10-01,PL/7790/EXP/ES/2015,SERVICIO COLOTLAN EXPRESS SA DE CV,Jalisco,Zapopan,Diesel,26.99,29.49,+2.50
2026-10-01,PL/7709/EXP/ES/2015,HIDROCARBUROS SAN ANTONIO SA DE CV,Jalisco,Ixtlahuacán del Río,Regular,24.49,24.90,+0.41
2026-10-01,PL/7672/EXP/ES/2015,SERVICIOS GASOLINEROS DE MEXICO SA DE CV,Coahuila,No especificado,Regular,23.99,24.49,+0.50
2026-10-01,PL/766/EXP/ES/2015,MARA ESTACION DE SERVICIOS SA DE CV,Aguascalientes,Aguascalientes,Premium,29.68,29.63,-0.05
2026-10-01,PL/7617/EXP/ES/2015,GASOEXPRESS EL VERDE SA DE CV,Jalisco,Guadalajara,Regular,23.99,24.24,+0.25
2026-10-01,PL/7616/EXP/ES/2015,HIDROCARBUROS DEL BAJIO SA DE CV,Guanajuato,Salamanca,Regular,23.89,23.99,+0.10
2026-10-01,PL/7579/EXP/ES/2015,OH MY GAS SA DE CV,Nayarit,Bahía de Banderas,Regular,24.55,24.00,-0.55
2026-10-01,PL/7579/EXP/ES/2015,OH MY GAS SA DE CV,Nayarit,Bahía de Banderas,Diesel,27.59,27.00,-0.59
2026-10-01,PL/7529/EXP/ES/2015,ESTACION ESCOBEDO SA DE CV,Sinaloa,Culiacán,Premium,28.57,28.66,+0.09
2026-10-01,PL/7480/EXP/ES/2015,SERVICIO EL ONCE SA DE CV,Hidalgo,Tepeji del Río de Ocampo,Regular,23.69,23.65,-0.04
2026-10-01,PL/7463/EXP/ES/2015,ESTACION DE SERVICIOS LAS ANIMAS SA DE CV,Puebla,Puebla,Premium,28.30,28.49,+0.19
2026-10-01,PL/7459/EXP/ES/2015,SERVICIO EL ONCE SA DE CV,México,San Mateo Atenco,Diesel,26.89,26.95,+0.06
2026-10-01,PL/7379/EXP/ES/2015,AUTOSERVICIOS DE BAJA CALIFORNIA SA DE CV,Baja California,No especificado,Regular,21.79,21.59,-0.20
2026-10-01,PL/7216/EXP/ES/2015,SERVICIO EL ONCE SA DE CV,Hidalgo,Zempoala,Premium,27.55,27.49,-0.06
2026-10-01,PL/711/EXP/ES/2015,ESTACION DE SERVICIO PUERTA GRANDE S DE RL DE CV,Baja California,Tijuana,Regular,23.50,23.60,+0.10
2026-10-01,PL/6930/EXP/ES/2015,GASOLINERIA TLAHUALILO SA DE CV,Durango,Tlahualilo,Diesel,27.35,27.45,+0.10
2026-10-01,PL/6924/EXP/ES/2015,GASOLINERA EL LUCERO SA DE CV,Durango,Tlahualilo,Diesel,27.35,27.45,+0.10
2026-10-01,PL/6907/EXP/ES/2015,SERVICIO REGIO DOS SA DE CV,Tabasco,Nacajuca,Regular,23.79,23.48,-0.31
2026-10-01,PL/684/EXP/ES/2015,VILLAFLORESTA DE TIJUANA SA DE CV,Baja California,Tijuana,Regular,23.49,23.60,+0.11
2026-10-01,PL/6812/EXP/ES/2015,SERVICIO BARR HER SA DE CV,Veracruz,Veracruz,Diesel,26.89,26.79,-0.10
2026-10-01,PL/6720/EXP/ES/2015,BAJA COAST ENERGY S A P I DE CV,Baja California Sur,No especificado,Diesel,27.99,27.00,-0.99
2026-10-01,PL/672/EXP/ES/2015,ESTACION LA VICTORIA SA DE CV,Baja California,Tijuana,Regular,22.79,23.39,+0.60
2026-10-01,PL/670/EXP/ES/2015,SERVICIO CIBOLA SA DE CV,Baja California,Tijuana,Regular,23.39,23.49,+0.10
2026-10-01,PL/6611/EXP/ES/2015,SERVICIOS AUTOPISTAS SA DE CV,Veracruz,Veracruz,Premium,26.46,26.64,+0.18
2026-10-01,PL/6579/EXP/ES/2015,SERVIEXPRESS BC SA DE CV,Michoacán,Pátzcuaro,Regular,23.99,23.39,-0.60
2026-10-01,PL/657/EXP/ES/2015,ESTACION LA VICTORIA SA DE CV,Baja California,Tecate,Regular,22.19,22.59,+0.40
2026-10-01,PL/656/EXP/ES/2015,ESTACION LA VICTORIA SA DE CV,Baja California,Tijuana,Regular,22.89,23.29,+0.40
2026-10-01,PL/6521/EXP/ES/2015,COMBURED SA DE CV,Nuevo León,Galeana,Premium,29.89,29.98,+0.09
2026-10-01,PL/652/EXP/ES/2015,SERVICIO LA GUITARRA S DE RL DE CV,México,Naucalpan de Juárez,Premium,29.59,29.49,-0.10
2026-10-01,PL/644/EXP/ES/2015,SERVICIO EL TRIANGULO DEL REFUGIO S DE RL DE CV,Baja California,Tijuana,Regular,23.60,23.70,+0.10
2026-10-01,PL/6424/EXP/ES/2015,SERVICIO FACIL DEL SURESTE SA DE CV,Veracruz,Coatzacoalcos,Regular,23.09,22.99,-0.10
2026-10-01,PL/642/EXP/ES/2015,ESTACION DE SERVICIO PUERTA GRANDE S DE RL DE CV,Baja California,Tijuana,Regular,23.60,23.70,+0.10
2026-10-01,PL/638/EXP/ES/2015,ESTACION LA VICTORIA SA DE CV,Baja California,Tijuana,Regular,22.19,22.39,+0.20
2026-10-01,PL/636/EXP/ES/2015,ESTACION LA VICTORIA SA DE CV,Baja California,Tijuana,Regular,22.99,23.39,+0.40
2026-10-01,PL/633/EXP/ES/2015,APOYOS Y SUMINISTROS COMERCIALES E INDUSTRIALES SA DE CV,Baja California,Tijuana,Regular,23.60,23.70,+0.10
2026-10-01,PL/628/EXP/ES/2015,OPERADORA ALIANZA DE ESTACIONES DE SERVICIO S DE RL DE CV,México,Huixquilucan,Regular,24.19,23.99,-0.20
2026-10-01,PL/6142/EXP/ES/2015,SERVICIO FACIL DEL SURESTE SA DE CV,Tabasco,Centro,Regular,23.29,23.19,-0.10
2026-10-01,PL/6031/EXP/ES/2015,SERVICIO ZAVALETA SA DE CV,Puebla,Puebla,Premium,27.06,27.27,+0.21
2026-10-01,PL/5970/EXP/ES/2015,FLORENTINO ESCOBEDO VALDEZ,Durango,Pueblo Nuevo,Diesel,27.49,27.00,-0.49
2026-10-01,PL/5948/EXP/ES/2015,PRODUCTOS FORESTALES PARA EXPORTACION DE EL SALTO SA DE CV,Durango,Pueblo Nuevo,Diesel,27.99,27.49,-0.50
2026-10-01,PL/5941/EXP/ES/2015,PRODUCTOS FORESTALES PARA EXPORTACION DE EL SALTO SA DE CV,Durango,Pueblo Nuevo,Diesel,27.49,27.00,-0.49
2026-10-01,PL/5840/EXP/ES/2015,SERVICIOS GASOLINEROS DE MEXICO SA DE CV,Jalisco,Poncitlán,Diesel,27.00,27.99,+0.99
2026-10-01,PL/5837/EXP/ES/2015,CORPORATIVO AP SA DE CV,México,Toluca,Regular,23.67,23.79,+0.12
2026-10-01,PL/5684/EXP/ES/2015,SUPER SERVICIO DLT SA DE CV,México,Atizapán de Zaragoza,Regular,23.89,23.93,+0.04
2026-10-01,PL/5684/EXP/ES/2015,SUPER SERVICIO DLT SA DE CV,México,Atizapán de Zaragoza,Premium,28.59,28.69,+0.10
2026-10-01,PL/5682/EXP/ES/2015,SUPER SERVICIO DLT SA DE CV,México,Atizapán de Zaragoza,Premium,27.69,27.79,+0.10
2026-10-01,PL/5679/EXP/ES/2015,SUPER SERVICIO DLT SA DE CV,México,San Mateo Atenco,Regular,23.09,23.19,+0.10
2026-10-01,PL/5679/EXP/ES/2015,SUPER SERVICIO DLT SA DE CV,México,San Mateo Atenco,Premium,27.83,27.89,+0.06
2026-10-01,PL/5648/EXP/ES/2015,DARA SERVICIOS SA DE CV,Jalisco,Zapopan,Regular,22.99,23.29,+0.30
2026-10-01,PL/552/EXP/ES/2015,PETROMAX SA DE CV,Tamaulipas,Reynosa,Regular,20.29,19.99,-0.30
2026-10-01,PL/5097/EXP/ES/2015,GRUPO EMPRESARIAL CACHANILLA SA DE CV,Baja California,No especificado,Premium,26.94,26.84,-0.10
2026-10-01,PL/5095/EXP/ES/2015,GRUPO EMPRESARIAL CACHANILLA SA DE CV,Baja California,No especificado,Premium,26.84,26.79,-0.05
2026-10-01,PL/4898/EXP/ES/2015,GASZEN DE QUERETARO SA DE CV,Querétaro,Querétaro,Regular,23.40,23.45,+0.05
2026-10-01,PL/4898/EXP/ES/2015,GASZEN DE QUERETARO SA DE CV,Querétaro,Querétaro,Premium,28.10,28.45,+0.35
2026-10-01,PL/4850/EXP/ES/2015,SERVICIOS PEREYRA SA DE CV,Colima,Colima,Premium,27.79,27.99,+0.20
2026-10-01,PL/4850/EXP/ES/2015,SERVICIOS PEREYRA SA DE CV,Colima,Colima,Diesel,25.99,26.99,+1.00
2026-10-01,PL/4844/EXP/ES/2015,ESTACION SUR PONIENTE SA DE CV,Querétaro,Querétaro,Regular,22.98,22.97,-0.01
2026-10-01,PL/4844/EXP/ES/2015,ESTACION SUR PONIENTE SA DE CV,Querétaro,Querétaro,Premium,27.97,28.98,+1.01
2026-10-01,PL/4844/EXP/ES/2015,ESTACION SUR PONIENTE SA DE CV,Querétaro,Querétaro,Diesel,26.98,26.99,+0.01
2026-10-01,PL/4586/EXP/ES/2015,GRUPO EMPRESARIAL CACHANILLA SA DE CV,Baja California,No especificado,Premium,26.84,26.79,-0.05
2026-10-01,PL/4567/EXP/ES/2015,GRUPO EMPRESARIAL CACHANILLA SA DE CV,Baja California,No especificado,Premium,26.84,26.79,-0.05
2026-10-01,PL/4549/EXP/ES/2015,GRUPO EMPRESARIAL CACHANILLA SA DE CV,Baja California,No especificado,Premium,26.94,26.84,-0.10
2026-10-01,PL/4526/EXP/ES/2015,GRUPO EMPRESARIAL CACHANILLA SA DE CV,Baja California,No especificado,Premium,26.84,26.79,-0.05
2026-10-01,PL/4209/EXP/ES/2015,GASOLINERA LA CENTRAL DE TAMAZULA SA DE CV,Jalisco,Tamazula de Gordiano,Premium,29.48,29.98,+0.50
2026-10-01,PL/4176/EXP/ES/2015,MULTISERVICIOS OJO DE AGUA SA DE CV,Guanajuato,Abasolo,Diesel,27.19,27.09,-0.10
2026-10-01,PL/4172/EXP/ES/2015,GASOLINERA SALAMANCA SA DE CV,Guanajuato,Salamanca,Diesel,27.19,27.09,-0.10
2026-10-01,PL/4152/EXP/ES/2015,GELOM SAN MIGUEL SA DE CV,Michoacán,Morelia,Premium,28.84,28.74,-0.10
2026-10-01,PL/403/EXP/ES/2015,GRUPO EMPRESARIAL CACHANILLA SA DE CV,Baja California,No especificado,Premium,26.94,26.84,-0.10
2026-10-01,PL/398/EXP/ES/2015,GRUPO EMPRESARIAL CACHANILLA SA DE CV,Baja California,No especificado,Premium,26.89,26.84,-0.05
2026-10-01,PL/3945/EXP/ES/2015,COMBUSTIBLES MURPA SA DE CV,Coahuila,No especificado,Regular,22.95,22.79,-0.16
2026-10-01,PL/3945/EXP/ES/2015,COMBUSTIBLES MURPA SA DE CV,Coahuila,No especificado,Premium,28.50,28.29,-0.21
2026-10-01,PL/3941/EXP/ES/2015,SERVICIO ZAGO SA DE CV,Coahuila,Saltillo,Premium,27.86,28.27,+0.41
2026-10-01,PL/3940/EXP/ES/2015,COMBUSTIBLES MURPA SA DE CV,Durango,Gómez Palacio,Regular,22.95,22.79,-0.16
2026-10-01,PL/3940/EXP/ES/2015,COMBUSTIBLES MURPA SA DE CV,Durango,Gómez Palacio,Premium,28.50,28.29,-0.21
2026-10-01,PL/394/EXP/ES/2015,GRUPO EMPRESARIAL CACHANILLA SA DE CV,Baja California,No especificado,Premium,26.94,26.84,-0.10
2026-10-01,PL/393/EXP/ES/2015,GRUPO EMPRESARIAL CACHANILLA SA DE CV,Baja California,No especificado,Premium,26.84,26.79,-0.05
2026-10-01,PL/3929/EXP/ES/2015,VICNAR SA DE CV,México,Huehuetoca,Regular,23.69,23.79,+0.10
2026-10-01,PL/3898/EXP/ES/2015,SOYAJA SERVICIOS SA DE CV,Hidalgo,Tepeji del Río de Ocampo,Regular,23.29,23.39,+0.10
2026-10-01,PL/389/EXP/ES/2015,GRUPO EMPRESARIAL CACHANILLA SA DE CV,Baja California,No especificado,Premium,26.84,26.79,-0.05
2026-10-01,PL/388/EXP/ES/2015,GRUPO EMPRESARIAL CACHANILLA SA DE CV,Baja California,No especificado,Premium,26.94,26.84,-0.10
2026-10-01,PL/385/EXP/ES/2015,GRUPO EMPRESARIAL CACHANILLA SA DE CV,Baja California,No especificado,Premium,26.84,26.79,-0.05
2026-10-01,PL/384/EXP/ES/2015,GRUPO EMPRESARIAL CACHANILLA SA DE CV,Baja California,No especificado,Premium,26.84,26.79,-0.05
2026-10-01,PL/3822/EXP/ES/2015,GRUPO SURCOS LARGOS S DE RL DE CV,México,Chalco,Premium,28.59,28.49,-0.10
2026-10-01,PL/382/EXP/ES/2015,GRUPO EMPRESARIAL CACHANILLA SA DE CV,Baja California,No especificado,Premium,26.94,26.84,-0.10
2026-10-01,PL/378/EXP/ES/2015,GRUPO EMPRESARIAL CACHANILLA SA DE CV,Baja California,No especificado,Premium,26.84,26.79,-0.05
2026-10-01,PL/3759/EXP/ES/2015,COMBUSTIBLES FOSILES DEL SURESTE SA DE CV,Veracruz,Córdoba,Premium,27.79,27.69,-0.10
2026-10-01,PL/3724/EXP/ES/2015,SERVICIO BACALAR SA DE CV,Quintana Roo,No especificado,Premium,28.19,28.26,+0.07
2026-10-01,PL/3659/EXP/ES/2015,SERVICIO BRISEÑO SA DE CV,Nayarit,Tecuala,Premium,28.98,29.18,+0.20
2026-10-01,PL/3597/EXP/ES/2015,ESTACION DE SERVICIO DIMA SA DE CV,Baja California,No especificado,Premium,26.84,26.79,-0.05
2026-10-01,PL/3501/EXP/ES/2015,NOVOGAS PANAMERICANA SA DE CV,Querétaro,Querétaro,Regular,22.98,23.97,+0.99
2026-10-01,PL/3501/EXP/ES/2015,NOVOGAS PANAMERICANA SA DE CV,Querétaro,Querétaro,Diesel,26.98,26.99,+0.01
2026-10-01,PL/3498/EXP/ES/2015,ESTACION FRAY JUNIPERO SERRA SA DE CV,Querétaro,Querétaro,Regular,23.98,23.97,-0.01
2026-10-01,PL/3498/EXP/ES/2015,ESTACION FRAY JUNIPERO SERRA SA DE CV,Querétaro,Querétaro,Premium,27.97,28.98,+1.01
2026-10-01,PL/3498/EXP/ES/2015,ESTACION FRAY JUNIPERO SERRA SA DE CV,Querétaro,Querétaro,Diesel,26.98,26.99,+0.01
2026-10-01,PL/3492/EXP/ES/2015,NOVOGAS LA GRIEGA SA DE CV,Querétaro,El Marqués,Regular,23.98,23.97,-0.01
2026-10-01,PL/3492/EXP/ES/2015,NOVOGAS LA GRIEGA SA DE CV,Querétaro,El Marqués,Diesel,26.98,26.99,+0.01
2026-10-01,PL/3430/EXP/ES/2015,NOVOGAS TLALOC SA DE CV,Querétaro,Querétaro,Regular,22.98,22.97,-0.01
2026-10-01,PL/3430/EXP/ES/2015,NOVOGAS TLALOC SA DE CV,Querétaro,Querétaro,Premium,27.97,28.98,+1.01
2026-10-01,PL/3430/EXP/ES/2015,NOVOGAS TLALOC SA DE CV,Querétaro,Querétaro,Diesel,26.98,26.99,+0.01
2026-10-01,PL/3428/EXP/ES/2015,NOVOGAS CELAYA SA DE CV,Guanajuato,Celaya,Regular,22.98,23.97,+0.99
2026-10-01,PL/3426/EXP/ES/2015,NOVOGAS GOMEZ FARIAS SA DE CV,Guanajuato,San José Iturbide,Regular,23.98,23.97,-0.01
2026-10-01,PL/3426/EXP/ES/2015,NOVOGAS GOMEZ FARIAS SA DE CV,Guanajuato,San José Iturbide,Diesel,26.98,26.99,+0.01
2026-10-01,PL/3421/EXP/ES/2015,NOVOGAS DE QUERETARO SA DE CV,Querétaro,Querétaro,Regular,22.98,23.97,+0.99
2026-10-01,PL/3405/EXP/ES/2015,NOVOGAS JURIQUILLA SA DE CV,Querétaro,Querétaro,Regular,22.98,23.97,+0.99
2026-10-01,PL/3405/EXP/ES/2015,NOVOGAS JURIQUILLA SA DE CV,Querétaro,Querétaro,Premium,27.97,28.98,+1.01
2026-10-01,PL/3393/EXP/ES/2015,SERVIGAS TECNOLOGICO SA DE CV,Querétaro,Querétaro,Regular,22.98,23.97,+0.99
2026-10-01,PL/3393/EXP/ES/2015,SERVIGAS TECNOLOGICO SA DE CV,Querétaro,Querétaro,Premium,27.97,28.98,+1.01
2026-10-01,PL/3393/EXP/ES/2015,SERVIGAS TECNOLOGICO SA DE CV,Querétaro,Querétaro,Diesel,26.98,26.99,+0.01
2026-10-01,PL/3382/EXP/ES/2015,CONSORCIO INTEGRAL GASOLINERO SA DE CV,Querétaro,Querétaro,Regular,23.98,23.97,-0.01
2026-10-01,PL/3382/EXP/ES/2015,CONSORCIO INTEGRAL GASOLINERO SA DE CV,Querétaro,Querétaro,Diesel,26.98,26.99,+0.01
2026-10-01,PL/3356/EXP/ES/2015,BAJA COAST ENERGY S A P I DE CV,Baja California Sur,No especificado,Diesel,27.99,27.00,-0.99
2026-10-01,PL/3258/EXP/ES/2015,INMOBILIARIA LAS PALMAS MAYA SA DE CV,Baja California Sur,No especificado,Diesel,27.99,27.00,-0.99
2026-10-01,PL/3016/EXP/ES/2015,NOVOGAS BAJIO SA DE CV,Querétaro,Querétaro,Regular,22.98,23.97,+0.99
2026-10-01,PL/2939/EXP/ES/2015,OPERADORA DE SERVICIOS TUCHTLAN SA DE CV,Chiapas,Tuxtla Gutiérrez,Regular,22.55,23.96,+1.41
2026-10-01,PL/2780/EXP/ES/2015,GAS SAL SA DE CV,Guanajuato,Salamanca,Premium,28.29,28.09,-0.20
2026-10-01,PL/2780/EXP/ES/2015,GAS SAL SA DE CV,Guanajuato,Salamanca,Diesel,27.19,27.09,-0.10
2026-10-01,PL/2776/EXP/ES/2015,SERVICIOS LA CATRINA DE PATZCUARO SA DE CV,Michoacán,Pátzcuaro,Regular,23.99,23.39,-0.60
2026-10-01,PL/2688/EXP/ES/2015,REMOT SA DE CV,San Luis Potosí,Salinas,Diesel,27.29,27.39,+0.10
2026-10-01,PL/2649/EXP/ES/2015,SERVICIO GASOLINERO VILLAS DE IRAPUATO SA DE CV,Guanajuato,Irapuato,Diesel,27.19,27.14,-0.05
2026-10-01,PL/2648/EXP/ES/2015,CENTRO DE SERVICIOS EL CRUCERO SA DE CV,Jalisco,Lagos de Moreno,Diesel,26.99,26.79,-0.20
2026-10-01,PL/2647/EXP/ES/2015,COMUNICACION NORTE SA DE CV,Guanajuato,Salamanca,Premium,28.09,27.99,-0.10
2026-10-01,PL/2645/EXP/ES/2015,LA PASADITA DE OBREGON SA DE CV,Guanajuato,Salamanca,Regular,23.79,23.69,-0.10
2026-10-01,PL/2636/EXP/ES/2015,DISTRIBUIDORA ALONSO SA DE CV,Puebla,Atlixco,Premium,27.55,27.49,-0.06
2026-10-01,PL/2627/EXP/ES/2015,SERVICIO SAN FRANCISCO ACATEPEC SA DE CV,Puebla,Atlixco,Premium,27.69,27.55,-0.14
2026-10-01,PL/25937/EXP/ES/2024,SERVICIO CUPULA SA DE CV,México,Ixtapaluca,Premium,28.29,27.99,-0.30
2026-10-01,PL/25534/EXP/ES/2024,SERVICIO ERANDINI S DE RL DE CV,Michoacán,Tangancícuaro,Premium,28.99,28.80,-0.19
2026-10-01,PL/25521/EXP/ES/2024,GAZPRO SA DE CV,Tamaulipas,Tampico,Premium,26.90,26.93,+0.03
2026-10-01,PL/25373/EXP/ES/2023,ALICANTE 20 11 SA DE CV,México,Huixquilucan,Regular,23.79,23.89,+0.10
2026-10-01,PL/25324/EXP/ES/2023,SERVIGAS LA NEGRETA SA DE CV,Querétaro,Corregidora,Regular,23.98,23.97,-0.01
2026-10-01,PL/25324/EXP/ES/2023,SERVIGAS LA NEGRETA SA DE CV,Querétaro,Corregidora,Diesel,26.98,26.99,+0.01
2026-10-01,PL/25293/EXP/ES/2023,JUAN ENRIQUE SANTIAGO SANTIAGO,Oaxaca,Santiago Matatlán,Premium,29.40,28.90,-0.50
2026-10-01,PL/24974/EXP/ES/2023,SERVICIO LA PRIMERA SA DE CV,Tlaxcala,La Magdalena Tlaltelulco,Premium,28.69,28.79,+0.10
2026-10-01,PL/24950/EXP/ES/2023,COMBUSTIBLES DE ORIENTE SA DE CV,Ciudad de México,Álvaro Obregón,Regular,20.49,20.09,-0.40
2026-10-01,PL/24950/EXP/ES/2023,COMBUSTIBLES DE ORIENTE SA DE CV,Ciudad de México,Álvaro Obregón,Diesel,26.99,26.49,-0.50
2026-10-01,PL/24917/EXP/ES/2023,GRUPO GASLUB DE CHIAPAS SA DE CV,Chiapas,Chiapa de Corzo,Premium,28.30,28.27,-0.03
2026-10-01,PL/24854/EXP/ES/2023,CIG ESTACION AEROPUERTO SA DE CV,Querétaro,Colón,Regular,23.98,23.97,-0.01
2026-10-01,PL/24854/EXP/ES/2023,CIG ESTACION AEROPUERTO SA DE CV,Querétaro,Colón,Diesel,26.98,26.99,+0.01
2026-10-01,PL/24693/EXP/ES/2022,SINERGIA RED SA DE CV,México,Ecatepec de Morelos,Regular,24.19,23.99,-0.20
2026-10-01,PL/24648/EXP/ES/2022,SERVICIO VILLA ALTA SA DE CV,Puebla,Chignahuapan,Regular,23.69,23.79,+0.10
2026-10-01,PL/24648/EXP/ES/2022,SERVICIO VILLA ALTA SA DE CV,Puebla,Chignahuapan,Premium,27.09,28.09,+1.00
2026-10-01,PL/24648/EXP/ES/2022,SERVICIO VILLA ALTA SA DE CV,Puebla,Chignahuapan,Diesel,26.88,26.89,+0.01
2026-10-01,PL/24641/EXP/ES/2022,DREAMS GAS SA DE CV,Veracruz,Ursulo Galván,Premium,28.45,28.65,+0.20
2026-10-01,PL/24641/EXP/ES/2022,DREAMS GAS SA DE CV,Veracruz,Ursulo Galván,Diesel,27.00,27.43,+0.43
2026-10-01,PL/24502/EXP/ES/2022,ESTACION DE SERVICIO MULATA SA DE CV,México,Huixquilucan,Regular,24.19,23.99,-0.20
2026-10-01,PL/24474/EXP/ES/2022,SERVICIO EL ONCE SA DE CV,México,Temamatla,Regular,23.29,23.39,+0.10
2026-10-01,PL/24474/EXP/ES/2022,SERVICIO EL ONCE SA DE CV,México,Temamatla,Diesel,26.85,26.95,+0.10
2026-10-01,PL/24400/EXP/ES/2022,FOMENTO GASOLINERO SA DE CV,Yucatán,Valladolid,Premium,28.79,28.58,-0.21
2026-10-01,PL/24153/EXP/ES/2022,"GASOLINERA ARPA, LATERAL DE LA ATLIXCAYOTL SA DE CV",Puebla,San Andrés Cholula,Premium,27.77,27.78,+0.01
2026-10-01,PL/2408/EXP/ES/2015,COMERCIALIZADORA NANDALUMI SA DE CV,Chiapas,Tuxtla Gutiérrez,Premium,28.45,28.39,-0.06
2026-10-01,PL/24071/EXP/ES/2022,MULTISERVICIOS ARIO DE ROSALES SA DE CV,Michoacán,Pátzcuaro,Regular,23.89,23.39,-0.50
2026-10-01,PL/24063/EXP/ES/2022,SERVICIO FACIL DEL SURESTE SA DE CV,Chiapas,Comitán de Domínguez,Premium,28.89,28.79,-0.10
2026-10-01,PL/23944/EXP/ES/2022,SERVICIO FACIL DEL SURESTE SA DE CV,Chiapas,Comitán de Domínguez,Premium,28.89,28.79,-0.10
2026-10-01,PL/23913/EXP/ES/2021,COMBUSTIBLES Y SERVICIOS JAGUAR SA DE CV,Chiapas,Comitán de Domínguez,Premium,28.59,27.99,-0.60
2026-10-01,PL/23753/EXP/ES/2021,SERVI REMDU SA DE CV,Puebla,San Andrés Cholula,Premium,27.45,27.49,+0.04
2026-10-01,PL/23654/EXP/ES/2020,ESTACION DE SERVICIOS RN SA DE CV,Hidalgo,Pachuca de Soto,Premium,27.77,27.57,-0.20
2026-10-01,PL/23650/EXP/ES/2020,COMBUSTIBLES Y SERVICIOS PERIMICH SA DE CV,Michoacán,Peribán,Diesel,29.61,26.61,-3.00
2026-10-01,PL/23330/EXP/ES/2020,SERVICIO FACIL DEL SURESTE SA DE CV,Tabasco,Cárdenas,Regular,22.99,23.09,+0.10
2026-10-01,PL/23231/EXP/ES/2020,GASOSERVICIOS DE LA PROVINCIA SA DE CV,Jalisco,Guadalajara,Regular,23.29,23.69,+0.40
2026-10-01,PL/23027/EXP/ES/2019,GRUPO EMPRESARIAL CACHANILLA SA DE CV,Baja California,No especificado,Premium,26.84,26.79,-0.05
2026-10-01,PL/2299/EXP/ES/2015,SERVICIOS 500'S ESCALONES SA DE CV,Veracruz,Ixtaczoquitlán,Diesel,26.91,26.80,-0.11
2026-10-01,PL/22836/EXP/ES/2019,COMBUSTIBLES DE ORIENTE SA DE CV,Tamaulipas,Reynosa,Regular,19.49,19.29,-0.20
2026-10-01,PL/22836/EXP/ES/2019,COMBUSTIBLES DE ORIENTE SA DE CV,Tamaulipas,Reynosa,Diesel,26.99,26.49,-0.50
2026-10-01,PL/22822/EXP/ES/2019,GRIÑON SA DE CV,Puebla,Puebla,Regular,22.79,22.95,+0.16
2026-10-01,PL/22822/EXP/ES/2019,GRIÑON SA DE CV,Puebla,Puebla,Premium,26.79,26.95,+0.16
2026-10-01,PL/22643/EXP/ES/2019,SERVICIOS GASOLINEROS DE MEXICO SA DE CV,Quintana Roo,Solidaridad,Regular,25.39,25.38,-0.01
2026-10-01,PL/22590/EXP/ES/2019,FUENTE DE CARGA ERIZO II S DE RL DE CV,México,Huixquilucan,Regular,24.19,23.99,-0.20
2026-10-01,PL/22408/EXP/ES/2019,NOVOGAS DON BOSCO SA DE CV,Querétaro,Querétaro,Regular,23.98,23.97,-0.01
2026-10-01,PL/22408/EXP/ES/2019,NOVOGAS DON BOSCO SA DE CV,Querétaro,Querétaro,Premium,27.97,28.98,+1.01
2026-10-01,PL/22408/EXP/ES/2019,NOVOGAS DON BOSCO SA DE CV,Querétaro,Querétaro,Diesel,26.98,26.99,+0.01
2026-10-01,PL/22397/EXP/ES/2019,GUZA ENERGETICOS SA DE CV,Puebla,Puebla,Premium,27.82,27.78,-0.04
2026-10-01,PL/22159/EXP/ES/2019,SERVIGAS HUIXTLA SA DE CV,Chiapas,Huixtla,Premium,28.55,28.99,+0.44
2026-10-01,PL/22157/EXP/ES/2019,SERVICIOS GASOLINEROS DE MEXICO SA DE CV,Jalisco,Poncitlán,Diesel,27.00,27.99,+0.99
2026-10-01,PL/21878/EXP/ES/2018,COMBUSTIBLES DE ORIENTE SA DE CV,Tamaulipas,Matamoros,Regular,19.99,19.49,-0.50
2026-10-01,PL/21878/EXP/ES/2018,COMBUSTIBLES DE ORIENTE SA DE CV,Tamaulipas,Matamoros,Diesel,26.99,26.49,-0.50
2026-10-01,PL/21722/EXP/ES/2018,COMBUSTIBLES DE ORIENTE SA DE CV,Tamaulipas,Matamoros,Regular,19.99,19.49,-0.50
2026-10-01,PL/21722/EXP/ES/2018,COMBUSTIBLES DE ORIENTE SA DE CV,Tamaulipas,Matamoros,Diesel,26.99,26.49,-0.50
2026-10-01,PL/21684/EXP/ES/2018,SERVICIOS ECOLOGICOS BENITO JUAREZ SA DE CV,Campeche,Campeche,Premium,27.59,28.59,+1.00
2026-10-01,PL/21675/EXP/ES/2018,GASOLINERIA PALENCIA S DE RL DE CV,Morelos,Cuernavaca,Premium,28.79,28.99,+0.20
2026-10-01,PL/21667/EXP/ES/2018,GRUPO GASOLINERO COMBUSERVICIOS SA DE CV,Baja California,Tijuana,Regular,22.79,23.19,+0.40
2026-10-01,PL/21611/EXP/ES/2018,LA GAS DE JARAL SA DE CV,Guanajuato,Jaral del Progreso,Premium,29.05,28.99,-0.06
2026-10-01,PL/21558/EXP/ES/2018,SERVICIOS GASOLINEROS DE MEXICO SA DE CV,Jalisco,Ocotlán,Regular,23.99,24.99,+1.00
2026-10-01,PL/21558/EXP/ES/2018,SERVICIOS GASOLINEROS DE MEXICO SA DE CV,Jalisco,Ocotlán,Diesel,27.00,27.99,+0.99
2026-10-01,PL/21444/EXP/ES/2018,GRUPO EMPRESARIAL CACHANILLA SA DE CV,Baja California,No especificado,Premium,26.89,26.84,-0.05
2026-10-01,PL/21442/EXP/ES/2018,EDUARDO CONTRERAS MARTINEZ,México,Almoloya de Juárez,Premium,26.98,27.98,+1.00
2026-10-01,PL/21340/EXP/ES/2018,SERVICIO FACIL DEL SURESTE SA DE CV,Querétaro,Querétaro,Premium,28.29,27.99,-0.30
2026-10-01,PL/21177/EXP/ES/2018,SERVICIO GASOLINERO LOPER SA DE CV,México,No especificado,Regular,23.89,23.69,-0.20
2026-10-01,PL/21130/EXP/ES/2018,SERVICIO CUPULA SA DE CV,México,Tecámac,Regular,24.00,23.89,-0.11
2026-10-01,PL/2111/EXP/ES/2015,EDUARDO DE LA GARZA S DE RL DE CV,Nuevo León,Linares,Premium,28.79,28.99,+0.20
2026-10-01,PL/21074/EXP/ES/2018,SERVICIO FELPON SA DE CV,Hidalgo,Tula de Allende,Premium,29.19,29.29,+0.10
2026-10-01,PL/2106/EXP/ES/2015,EDUARDO DE LA GARZA S DE RL DE CV,Nuevo León,Linares,Premium,28.79,28.99,+0.20
2026-10-01,PL/21028/EXP/ES/2018,SERVICIO EL ONCE SA DE CV,Ciudad de México,Azcapotzalco,Regular,23.25,23.29,+0.04
2026-10-01,PL/20959/EXP/ES/2018,GRUPO JGJ-LUAN SA DE CV,Jalisco,Zapopan,Premium,29.49,29.99,+0.50
2026-10-01,PL/20957/EXP/ES/2018,ESTACION DE SERVICIO AMORA S DE RL DE CV,México,Huixquilucan,Regular,24.19,23.99,-0.20
2026-10-01,PL/20951/EXP/ES/2018,ESTACION  DE CARGA ERMITA S DE RL DE CV,México,Huixquilucan,Regular,24.19,23.99,-0.20
2026-10-01,PL/20577/EXP/ES/2017,GRUPO GASOLINERO COMBUSERVICIOS SA DE CV,Baja California,Tijuana,Regular,23.39,23.69,+0.30
2026-10-01,PL/20549/EXP/ES/2017,SERVIEXPRESS 5 DE MAYO S DE RL DE CV,Jalisco,Guadalajara,Regular,23.39,23.79,+0.40
2026-10-01,PL/20445/EXP/ES/2017,ESTACION DE SERVICIO COPACE SA DE CV,México,Cuautitlán Izcalli,Regular,23.89,23.69,-0.20
2026-10-01,PL/19974/EXP/ES/2017,OPERADORA ENERCEN SA DE CV,México,San Mateo Atenco,Premium,27.83,27.89,+0.06
2026-10-01,PL/19839/EXP/ES/2017,SERVICIO EL ONCE SA DE CV,México,Cuautitlán Izcalli,Regular,23.25,23.39,+0.14
2026-10-01,PL/19825/EXP/ES/2016,CORPORACION INTEGRADORA EMPRESARIAL DEL BAJIO SA DE CV,Guanajuato,Celaya,Regular,22.99,23.99,+1.00
2026-10-01,PL/19517/EXP/ES/2016,NOVOGAS LA PIEDAD SA DE CV,Querétaro,El Marqués,Regular,22.98,22.97,-0.01
2026-10-01,PL/19517/EXP/ES/2016,NOVOGAS LA PIEDAD SA DE CV,Querétaro,El Marqués,Premium,27.97,28.98,+1.01
2026-10-01,PL/19517/EXP/ES/2016,NOVOGAS LA PIEDAD SA DE CV,Querétaro,El Marqués,Diesel,26.98,26.99,+0.01
2026-10-01,PL/19420/EXP/ES/2016,CARVI AUTOSERVICIOS SA DE CV,Tabasco,Centro,Regular,23.05,22.95,-0.10
2026-10-01,PL/19420/EXP/ES/2016,CARVI AUTOSERVICIOS SA DE CV,Tabasco,Centro,Premium,28.25,28.15,-0.10
2026-10-01,PL/19356/EXP/ES/2016,SERVIGAZ ARBOLEDAS SA DE CV,Aguascalientes,Aguascalientes,Premium,29.33,29.53,+0.20
2026-10-01,PL/18912/EXP/ES/2016,ESTACION DE SERVICIO LA CONCEPCION SA DE CV,Hidalgo,Pachuca de Soto,Premium,27.67,27.57,-0.10
2026-10-01,PL/1841/EXP/ES/2015,GALAGAS SA DE CV,México,Ixtapaluca,Regular,23.57,23.56,-0.01
2026-10-01,PL/1841/EXP/ES/2015,GALAGAS SA DE CV,México,Ixtapaluca,Premium,27.77,27.76,-0.01
2026-10-01,PL/1803/EXP/ES/2015,SERVICIO CERESO SA DE CV,Guanajuato,Irapuato,Premium,28.79,28.49,-0.30
2026-10-01,PL/1750/EXP/ES/2015,GASOLINERA CUATRO ESTRELLAS SA DE CV,Jalisco,Unión de Tula,Regular,24.00,24.49,+0.49
2026-10-01,PL/1713/EXP/ES/2015,COMBU-EXPRESS SA DE CV,Michoacán,Uruapan,Regular,22.89,23.99,+1.10
2026-10-01,PL/1709/EXP/ES/2015,SERVICIO AGAVE SA DE CV,Guanajuato,Salamanca,Premium,28.29,28.09,-0.20
2026-10-01,PL/1439/EXP/ES/2015,SERVICIO FACIL DEL SURESTE SA DE CV,Veracruz,Nanchital de Lázaro Cárdenas del Río,Regular,24.00,23.69,-0.31
2026-10-01,PL/13675/EXP/ES/2016,JOSE JORGE SARABIA SERRANO,Guanajuato,Tarimoro,Premium,28.68,28.82,+0.14
2026-10-01,PL/13598/EXP/ES/2016,MEGASERVICIO FIRA SA DE CV,Oaxaca,Oaxaca de Juárez,Diesel,27.45,27.00,-0.45
2026-10-01,PL/13363/EXP/ES/2016,PAMHER SERVICIO SA DE CV,Aguascalientes,Aguascalientes,Regular,23.90,23.80,-0.10
2026-10-01,PL/13128/EXP/ES/2016,FELIX ANGEL ELIZALDE CARRILLO,Morelos,Temixco,Regular,23.99,23.30,-0.69
2026-10-01,PL/13128/EXP/ES/2016,FELIX ANGEL ELIZALDE CARRILLO,Morelos,Temixco,Diesel,26.99,23.97,-3.02
2026-10-01,PL/13046/EXP/ES/2016,SERVICIO FACIL DEL SURESTE SA DE CV,Tabasco,Cárdenas,Regular,22.99,23.09,+0.10
2026-10-01,PL/12793/EXP/ES/2015,ALEJANDRO VARGAS MOLINA,Michoacán,Penjamillo,Diesel,27.77,27.00,-0.77
2026-10-01,PL/12769/EXP/ES/2015,GAS PLUS UNIVERSITARIOS SA DE CV,Sinaloa,Culiacán,Regular,23.99,23.49,-0.50
2026-10-01,PL/12677/EXP/ES/2015,CIG PARADOR SAN MIGUEL SA DE CV,Querétaro,Querétaro,Regular,23.98,23.97,-0.01
2026-10-01,PL/12677/EXP/ES/2015,CIG PARADOR SAN MIGUEL SA DE CV,Querétaro,Querétaro,Diesel,26.98,26.99,+0.01
2026-10-01,PL/1239/EXP/ES/2015,GRUPO EMPRESARIAL CACHANILLA SA DE CV,Baja California,No especificado,Premium,26.89,26.84,-0.05
2026-10-01,PL/1209/EXP/ES/2015,SERVICIO RENACIMIENTO SA DE CV,Guanajuato,Celaya,Regular,22.99,23.99,+1.00
2026-10-01,PL/12003/EXP/ES/2015,ADMINISTRADORA DEL COLORADO S DE RL DE CV,Baja California,No especificado,Premium,26.05,26.79,+0.74
2026-10-01,PL/1196/EXP/ES/2015,NOGALES ENERGETICOS SA DE CV,Baja California Sur,No especificado,Diesel,27.99,27.00,-0.99
2026-10-01,PL/1149/EXP/ES/2015,SERVICIO EXPRESS DEL BAJIO SA DE CV,Guanajuato,Comonfort,Regular,23.90,23.99,+0.09
2026-10-01,PL/1136/EXP/ES/2015,NOVOGAS BARCRIS SA DE CV,Guanajuato,Celaya,Regular,23.98,23.97,-0.01
2026-10-01,PL/1136/EXP/ES/2015,NOVOGAS BARCRIS SA DE CV,Guanajuato,Celaya,Diesel,26.98,26.99,+0.01
2026-10-01,PL/11340/EXP/ES/2015,SERVICIOS ECOLOGICOS DE CIUDAD DEL CARMEN SA DE CV,Aguascalientes,Aguascalientes,Premium,28.29,28.99,+0.70
2026-10-01,PL/11275/EXP/ES/2015,NOGALES ENERGETICOS SA DE CV,Baja California Sur,No especificado,Diesel,27.99,27.00,-0.99
2026-10-01,PL/11269/EXP/ES/2015,SURENERGY S A P I DE CV,Baja California Sur,No especificado,Diesel,27.99,27.00,-0.99
2026-10-01,PL/10999/EXP/ES/2015,SERVICIO AKISHINO SA DE CV,Chiapas,Tapachula,Premium,27.37,27.71,+0.34
2026-10-01,PL/10994/EXP/ES/2015,HIDROCARBUROS MODELO SA DE CV,Puebla,Acatzingo,Regular,23.85,23.84,-0.01
2026-10-01,PL/10994/EXP/ES/2015,HIDROCARBUROS MODELO SA DE CV,Puebla,Acatzingo,Premium,28.11,28.19,+0.08
2026-10-01,PL/10964/EXP/ES/2015,DESSERT SUPER SERVICIOS SA DE CV,Coahuila,No especificado,Regular,22.95,22.79,-0.16
2026-10-01,PL/10964/EXP/ES/2015,DESSERT SUPER SERVICIOS SA DE CV,Coahuila,No especificado,Diesel,28.50,28.29,-0.21
2026-10-01,PL/10942/EXP/ES/2015,SERVICIO GASTUR SA DE CV,Guanajuato,León,Regular,23.79,23.59,-0.20
2026-10-01,PL/10881/EXP/ES/2015,GRUPO EMPRESARIAL CACHANILLA SA DE CV,Baja California,No especificado,Premium,26.89,26.84,-0.05
2026-10-01,PL/10840/EXP/ES/2015,SERVICIOS GASOLINEROS DE MEXICO SA DE CV,Durango,Gómez Palacio,Regular,23.99,24.49,+0.50
2026-10-01,PL/10835/EXP/ES/2015,SERVICIOS GASOLINEROS DE MEXICO SA DE CV,Durango,Gómez Palacio,Regular,23.99,24.49,+0.50
2026-10-01,PL/1081/EXP/ES/2015,SERVICIO LOPSOL SA DE CV,Hidalgo,Tepeapulco,Premium,28.99,29.29,+0.30
2026-10-01,PL/1055/EXP/ES/2015,"Servicio Tres Mil, S.A. de C.V.",México,Huixquilucan,Regular,24.19,23.99,-0.20
2026-10-01,PL/10358/EXP/ES/2015,SURENERGY S A P I DE CV,Baja California Sur,No especificado,Diesel,27.99,27.00,-0.99
2026-10-01,PL/10357/EXP/ES/2015,SURENERGY S A P I DE CV,Baja California Sur,No especificado,Diesel,27.99,27.00,-0.99
2026-10-01,PL/10331/EXP/ES/2015,SURENERGY S A P I DE CV,Baja California Sur,No especificado,Diesel,27.99,27.00,-0.99
2026-10-01,PL/10177/EXP/ES/2015,GASOLINERA JAG SA DE CV,Nuevo León,Monterrey,Premium,28.89,28.99,+0.10
2026-10-01,CNE/PL/754/EXP/ES/2026,INMOBILIARIA MEDINA DEL CAMPO S DE RL DE CV,México,Texcoco,Regular,23.59,23.99,+0.40
2026-10-01,CNE/PL/754/EXP/ES/2026,INMOBILIARIA MEDINA DEL CAMPO S DE RL DE CV,México,Texcoco,Premium,27.99,28.29,+0.30
2026-10-02,PL/974/EXP/ES/2015,COMBU-EXPRESS SA DE CV,Nayarit,Ixtlán del Río,Diesel,27.49,27.00,-0.49
2026-10-02,PL/9699/EXP/ES/2015,COMBU-EXPRESS SA DE CV,Jalisco,Autlán de Navarro,Regular,24.49,24.00,-0.49
2026-10-02,PL/9699/EXP/ES/2015,COMBU-EXPRESS SA DE CV,Jalisco,Autlán de Navarro,Diesel,27.50,27.00,-0.50
2026-10-02,PL/967/EXP/ES/2015,MAXGAS S DE RL DE CV,Baja California,No especificado,Regular,21.89,21.79,-0.10
2026-10-02,PL/965/EXP/ES/2015,COMBU-EXPRESS SA DE CV,Nayarit,Ahuacatlán,Diesel,27.49,27.00,-0.49
2026-10-02,PL/964/EXP/ES/2015,COMBU-EXPRESS SA DE CV,Nayarit,Santa María del Oro,Diesel,27.49,27.00,-0.49
2026-10-02,PL/9633/EXP/ES/2015,CRUCERO DE PARACUARO SA DE CV,Michoacán,Parácuaro,Regular,23.90,24.00,+0.10
2026-10-02,PL/9633/EXP/ES/2015,CRUCERO DE PARACUARO SA DE CV,Michoacán,Parácuaro,Premium,29.72,29.55,-0.17
2026-10-02,PL/9631/EXP/ES/2015,ORBA GAS SA DE CV,Coahuila,Piedras Negras,Regular,19.99,19.90,-0.09
2026-10-02,PL/9631/EXP/ES/2015,ORBA GAS SA DE CV,Coahuila,Piedras Negras,Premium,24.00,23.90,-0.10
2026-10-02,PL/9631/EXP/ES/2015,ORBA GAS SA DE CV,Coahuila,Piedras Negras,Diesel,25.50,24.99,-0.51
2026-10-02,PL/9620/EXP/ES/2015,GONQUI SA DE CV,Michoacán,Morelia,Premium,28.69,28.79,+0.10
2026-10-02,PL/9619/EXP/ES/2015,ESTACION TINIJARO SA DE CV,Michoacán,Morelia,Regular,23.45,23.69,+0.24
2026-10-02,PL/9619/EXP/ES/2015,ESTACION TINIJARO SA DE CV,Michoacán,Morelia,Premium,28.40,28.50,+0.10
2026-10-02,PL/961/EXP/ES/2015,COMBU-EXPRESS SA DE CV,Nayarit,Compostela,Diesel,27.49,27.00,-0.49
2026-10-02,PL/9606/EXP/ES/2015,ESTACION PIRU SA DE CV,Baja California,Tecate,Premium,28.29,28.49,+0.20
2026-10-02,PL/9585/EXP/ES/2015,OPERADORA KINZA SA DE CV,Jalisco,Zapopan,Regular,23.59,23.19,-0.40
2026-10-02,PL/9584/EXP/ES/2015,SERVICIO MEZQUITE SA DE CV,Jalisco,Guadalajara,Regular,23.79,23.39,-0.40
2026-10-02,PL/9582/EXP/ES/2015,SERVICIO MEZQUITE SA DE CV,Jalisco,Guadalajara,Regular,23.69,23.29,-0.40
2026-10-02,PL/9581/EXP/ES/2015,SERVICIO SAN MIGUEL DE MEZQUITAN SA DE CV,Jalisco,Guadalajara,Regular,23.75,23.35,-0.40
2026-10-02,PL/958/EXP/ES/2015,COMBU-EXPRESS SA DE CV,Jalisco,Magdalena,Diesel,27.49,27.00,-0.49
2026-10-02,PL/9496/EXP/ES/2015,PETROMAX SA DE CV,Jalisco,Guadalajara,Regular,24.59,24.69,+0.10
2026-10-02,PL/9442/EXP/ES/2015,PETROMAX SA DE CV,Coahuila,No especificado,Regular,24.49,24.59,+0.10
2026-10-02,PL/9439/EXP/ES/2015,PETROMAX SA DE CV,Coahuila,No especificado,Regular,24.49,24.59,+0.10
2026-10-02,PL/9404/EXP/ES/2015,GASOLINERA ALPINA SA DE CV,Puebla,Puebla,Regular,23.99,23.49,-0.50
2026-10-02,PL/9372/EXP/ES/2015,ESTACION DE SERVICIO NORA SA DE CV,Puebla,Tepetitla de Lardizábal,Diesel,28.74,27.00,-1.74
2026-10-02,PL/9359/EXP/ES/2015,HIDROCARBUROS GUADALUPE SA DE CV,Puebla,Amozoc,Regular,23.89,23.95,+0.06
2026-10-02,PL/9359/EXP/ES/2015,HIDROCARBUROS GUADALUPE SA DE CV,Puebla,Amozoc,Premium,28.03,27.99,-0.04
2026-10-02,PL/9353/EXP/ES/2015,JORIMAR GASOLINEROS SA DE CV,Nayarit,Tepic,Regular,23.99,22.99,-1.00
2026-10-02,PL/9318/EXP/ES/2015,E.S.G.E.S SA DE CV,Campeche,Campeche,Premium,28.59,28.79,+0.20
2026-10-02,PL/9316/EXP/ES/2015,E.S.G.E.S SA DE CV,Campeche,Campeche,Premium,28.59,28.79,+0.20
2026-10-02,PL/9315/EXP/ES/2015,E.S.G.E.S SA DE CV,Campeche,Campeche,Premium,28.59,28.79,+0.20
2026-10-02,PL/9314/EXP/ES/2015,E.S.G.E.S SA DE CV,Campeche,Campeche,Premium,28.59,28.79,+0.20
2026-10-02,PL/9276/EXP/ES/2015,GRUPO OCTANO SA DE CV,Jalisco,Zapotlán el Grande,Regular,24.38,24.49,+0.11
2026-10-02,PL/9275/EXP/ES/2015,GRUPO OCTANO SA DE CV,Jalisco,Zapotlán el Grande,Regular,24.38,24.49,+0.11
2026-10-02,PL/9274/EXP/ES/2015,GRUPO OCTANO SA DE CV,Jalisco,Zapotlán el Grande,Regular,24.38,24.49,+0.11
2026-10-02,PL/9267/EXP/ES/2015,SERVICIO OLXO 3 SA DE CV,Puebla,Puebla,Diesel,26.45,26.99,+0.54
2026-10-02,PL/9143/EXP/ES/2015,GRUPO GASOLINERO MONMANI SA DE CV,Oaxaca,No especificado,Premium,28.15,28.16,+0.01
2026-10-02,PL/9143/EXP/ES/2015,GRUPO GASOLINERO MONMANI SA DE CV,Oaxaca,No especificado,Diesel,27.00,28.00,+1.00
2026-10-02,PL/9134/EXP/ES/2015,JOSE MANUEL JAVIER CERVANTES LOPEZ,Tlaxcala,Zacatelco,Regular,23.52,23.10,-0.42
2026-10-02,PL/9134/EXP/ES/2015,JOSE MANUEL JAVIER CERVANTES LOPEZ,Tlaxcala,Zacatelco,Premium,27.61,27.24,-0.37
2026-10-02,PL/9134/EXP/ES/2015,JOSE MANUEL JAVIER CERVANTES LOPEZ,Tlaxcala,Zacatelco,Diesel,26.98,26.50,-0.48
2026-10-02,PL/9095/EXP/ES/2015,E.S.G.E.S SA DE CV,Campeche,Campeche,Premium,28.59,28.79,+0.20
2026-10-02,PL/9079/EXP/ES/2015,GASOLEDAD SA DE CV,San Luis Potosí,Soledad de Graciano Sánchez,Regular,23.20,22.99,-0.21
2026-10-02,PL/9047/EXP/ES/2015,HR SOL SERVICIOS ADMINISTRATIVOS FONDO 3 SA DE CV,México,Tizayuca,Regular,24.49,23.99,-0.50
2026-10-02,PL/9045/EXP/ES/2015,HR SOL SERVICIOS ADMINISTRATIVOS FONDO 3 SA DE CV,México,Tizayuca,Regular,24.49,23.99,-0.50
2026-10-02,PL/9025/EXP/ES/2015,ENERGETICOS LA VALENTINA SA DE CV,Jalisco,Sayula,Premium,28.89,29.49,+0.60
2026-10-02,PL/9005/EXP/ES/2015,PETROMAX SA DE CV,Baja California,Tijuana,Premium,29.49,29.59,+0.10
2026-10-02,PL/897/EXP/ES/2015,ESTACION PIRU SA DE CV,Baja California,Playas de Rosarito,Premium,28.29,28.49,+0.20
2026-10-02,PL/8958/EXP/ES/2015,PETROLIFEROS LA TERRITORIAL S DE RL DE CV,Sonora,No especificado,Regular,20.09,19.89,-0.20
2026-10-02,PL/8942/EXP/ES/2015,AEROGAS DE SAN LUIS SA DE CV,San Luis Potosí,Guadalcázar,Premium,28.99,28.98,-0.01
2026-10-02,PL/893/EXP/ES/2015,ESTACIONES DE SERVICIO CAMINOS DE GUANAJUATO SA DE CV,Guanajuato,Dolores Hidalgo Cuna de la Independencia Nacional,Premium,28.82,28.99,+0.17
2026-10-02,PL/890/EXP/ES/2015,ENERGIA Y SERVICIOS COORDINADOS SA DE CV,Durango,Durango,Regular,24.49,23.99,-0.50
2026-10-02,PL/8871/EXP/ES/2015,ENERGIA Y SERVICIOS COORDINADOS SA DE CV,Querétaro,San Juan del Río,Regular,24.29,23.99,-0.30
2026-10-02,PL/8869/EXP/ES/2015,ESTACION DE SERVICIO AYUTLA SA DE CV,Guerrero,Tecoanapa,Premium,29.45,30.45,+1.00
2026-10-02,PL/863/EXP/ES/2015,PETROLIFEROS LA TERRITORIAL S DE RL DE CV,Baja California,No especificado,Regular,22.99,22.55,-0.44
2026-10-02,PL/8625/EXP/ES/2015,PETROMAX SA DE CV,Morelos,Cuernavaca,Premium,29.79,29.99,+0.20
2026-10-02,PL/8611/EXP/ES/2015,SINERGIA DE ENERGETICOS SA DE CV,Puebla,San Pedro Cholula,Regular,24.29,23.99,-0.30
2026-10-02,PL/8561/EXP/ES/2015,ENERGIA Y SERVICIOS COORDINADOS SA DE CV,Veracruz,Actopan,Regular,24.29,23.99,-0.30
2026-10-02,PL/8464/EXP/ES/2015,ENERGIA Y SERVICIOS COORDINADOS SA DE CV,Durango,Durango,Regular,24.49,23.99,-0.50
2026-10-02,PL/8450/EXP/ES/2015,COMERCIALIZADORA SAN FRANCISCO DE ASIS SA DE CV,Guerrero,Ometepec,Premium,29.24,30.24,+1.00
2026-10-02,PL/8441/EXP/ES/2015,ESTACION DE SERVICIO AYUTLA SA DE CV,Guerrero,Ayutla de los Libres,Premium,29.45,30.45,+1.00
2026-10-02,PL/8438/EXP/ES/2015,ESTACION DE SERVICIO AYUTLA SA DE CV,Guerrero,Ayutla de los Libres,Premium,29.45,30.45,+1.00
2026-10-02,PL/8436/EXP/ES/2015,ESTACIONES DE SERVICIO SAN JOSE DE A SA DE CV,Guerrero,Ometepec,Premium,29.24,30.44,+1.20
2026-10-02,PL/8431/EXP/ES/2015,SERVICIO ADAREN SA DE CV,Guerrero,Ometepec,Premium,29.24,30.24,+1.00
2026-10-02,PL/8429/EXP/ES/2015,SERVICIO ADAREN SA DE CV,Guerrero,Ometepec,Premium,29.24,30.24,+1.00
2026-10-02,PL/8424/EXP/ES/2015,SERVICIO COPALA SA DE CV,Guerrero,Copala,Premium,29.24,30.24,+1.00
2026-10-02,PL/8420/EXP/ES/2015,SERVICIO MARQUELIA SA DE CV,Guerrero,Marquelia,Premium,29.45,30.45,+1.00
2026-10-02,PL/8419/EXP/ES/2015,SERVICIO OMETEPEC SA DE CV,Guerrero,Ometepec,Premium,29.48,30.48,+1.00
2026-10-02,PL/8414/EXP/ES/2015,E.S.G.E.S SA DE CV,Campeche,No especificado,Premium,28.59,28.79,+0.20
2026-10-02,PL/8413/EXP/ES/2015,E.S.G.E.S SA DE CV,Campeche,Campeche,Premium,28.59,28.89,+0.30
2026-10-02,PL/837/EXP/ES/2015,GABINO CESAR FRANCO CUEVAS,Querétaro,Querétaro,Regular,23.39,23.29,-0.10
2026-10-02,PL/8343/EXP/ES/2015,SERVICIO EL ONCE SA DE CV,Hidalgo,Mineral del Monte,Diesel,26.89,26.95,+0.06
2026-10-02,PL/8314/EXP/ES/2015,ENERGETICOS DE TEPEACA SA DE CV,Puebla,Tepeaca,Regular,23.52,23.50,-0.02
2026-10-02,PL/8314/EXP/ES/2015,ENERGETICOS DE TEPEACA SA DE CV,Puebla,Tepeaca,Diesel,26.95,26.94,-0.01
2026-10-02,PL/829/EXP/ES/2015,ESTACION DE SERVICIO LEON S DE RL DE CV,Guanajuato,León,Regular,23.59,23.99,+0.40
2026-10-02,PL/8286/EXP/ES/2015,SERVICIO DEL MONTE SA DE CV,San Luis Potosí,Soledad de Graciano Sánchez,Premium,28.99,28.98,-0.01
2026-10-02,PL/8259/EXP/ES/2015,ENERGIA Y SERVICIOS COORDINADOS SA DE CV,Coahuila,No especificado,Regular,23.99,24.49,+0.50
2026-10-02,PL/8216/EXP/ES/2015,SINERGIA DE ENERGETICOS SA DE CV,Puebla,Puebla,Regular,24.29,23.99,-0.30
2026-10-02,PL/8214/EXP/ES/2015,JOSE VALENTIN FERNANDEZ ZARZA,Querétaro,Querétaro,Premium,23.99,28.79,+4.80
2026-10-02,PL/814/EXP/ES/2015,PETROMAX SA DE CV,Coahuila,Arteaga,Regular,24.59,24.69,+0.10
2026-10-02,PL/8133/EXP/ES/2015,SERVICIO GASOLINERO EL PRIMO SA DE CV,Durango,Durango,Premium,29.19,29.09,-0.10
2026-10-02,PL/8050/EXP/ES/2015,SINERGIA DE ENERGETICOS SA DE CV,Veracruz,Veracruz,Regular,24.49,23.99,-0.50
2026-10-02,PL/8039/EXP/ES/2015,ESTACION RAEL S DE RL DE CV,Baja California,No especificado,Diesel,26.99,26.70,-0.29
2026-10-02,PL/791/EXP/ES/2015,OPERADORA LAS CRUCES SA DE CV,Coahuila,Piedras Negras,Regular,19.75,19.70,-0.05
2026-10-02,PL/791/EXP/ES/2015,OPERADORA LAS CRUCES SA DE CV,Coahuila,Piedras Negras,Premium,24.00,23.90,-0.10
2026-10-02,PL/7862/EXP/ES/2015,PETROMAX SA DE CV,Chihuahua,Chihuahua,Regular,24.49,24.59,+0.10
2026-10-02,PL/7862/EXP/ES/2015,PETROMAX SA DE CV,Chihuahua,Chihuahua,Premium,29.49,29.59,+0.10
2026-10-02,PL/7828/EXP/ES/2015,SERVICIO DE GASOLINERA TAMAULIPAS SA DE CV,Tamaulipas,Tampico,Regular,23.69,23.71,+0.02
2026-10-02,PL/7825/EXP/ES/2015,E.S.G.E.S SA DE CV,Campeche,Campeche,Premium,28.59,28.79,+0.20
2026-10-02,PL/7795/EXP/ES/2015,ORBA GAS SA DE CV,Coahuila,Piedras Negras,Regular,19.97,19.90,-0.07
2026-10-02,PL/7795/EXP/ES/2015,ORBA GAS SA DE CV,Coahuila,Piedras Negras,Premium,24.00,23.90,-0.10
2026-10-02,PL/7790/EXP/ES/2015,SERVICIO COLOTLAN EXPRESS SA DE CV,Jalisco,Zapopan,Premium,29.29,29.49,+0.20
2026-10-02,PL/7790/EXP/ES/2015,SERVICIO COLOTLAN EXPRESS SA DE CV,Jalisco,Zapopan,Diesel,29.49,26.99,-2.50
2026-10-02,PL/7750/EXP/ES/2015,ENERGIA Y SERVICIOS COORDINADOS SA DE CV,Coahuila,No especificado,Regular,24.29,23.99,-0.30
2026-10-02,PL/7733/EXP/ES/2015,RED DE HIDROCARBUROS SA DE CV,Coahuila,No especificado,Regular,24.49,23.99,-0.50
2026-10-02,PL/7732/EXP/ES/2015,COMBUSTIBLES Y LUBRICANTES VHC SA DE CV,Baja California Sur,Los Cabos,Regular,24.79,24.49,-0.30
2026-10-02,PL/7732/EXP/ES/2015,COMBUSTIBLES Y LUBRICANTES VHC SA DE CV,Baja California Sur,Los Cabos,Premium,29.79,29.49,-0.30
2026-10-02,PL/7732/EXP/ES/2015,COMBUSTIBLES Y LUBRICANTES VHC SA DE CV,Baja California Sur,Los Cabos,Diesel,27.89,27.49,-0.40
2026-10-02,PL/772/EXP/ES/2015,ORBA GAS SA DE CV,Coahuila,Piedras Negras,Premium,24.00,23.90,-0.10
2026-10-02,PL/772/EXP/ES/2015,ORBA GAS SA DE CV,Coahuila,Piedras Negras,Diesel,25.50,24.99,-0.51
2026-10-02,PL/771/EXP/ES/2015,PETROMAX SA DE CV,Coahuila,Saltillo,Regular,24.59,24.69,+0.10
2026-10-02,PL/769/EXP/ES/2015,COMBU-EXPRESS SA DE CV,Nayarit,Tepic,Diesel,27.29,27.00,-0.29
2026-10-02,PL/764/EXP/ES/2015,PETROMAX SA DE CV,Coahuila,Saltillo,Regular,24.59,24.69,+0.10
2026-10-02,PL/7614/EXP/ES/2015,HIDROCARBUROS  DE TONALA SA DE CV,Jalisco,Tonalá,Regular,23.99,23.79,-0.20
2026-10-02,PL/7613/EXP/ES/2015,SERVICIO LA PAZ SA DE CV,Jalisco,Guadalajara,Diesel,28.00,26.99,-1.01
2026-10-02,PL/752/EXP/ES/2015,PETROMAX SA DE CV,Coahuila,Arteaga,Regular,24.59,24.69,+0.10
2026-10-02,PL/749/EXP/ES/2015,ESTACION ANAHUAC SA DE CV,Coahuila,Piedras Negras,Regular,20.15,19.98,-0.17
2026-10-02,PL/7480/EXP/ES/2015,SERVICIO EL ONCE SA DE CV,Hidalgo,Tepeji del Río de Ocampo,Diesel,26.95,26.99,+0.04
2026-10-02,PL/7459/EXP/ES/2015,SERVICIO EL ONCE SA DE CV,México,San Mateo Atenco,Regular,23.29,23.35,+0.06
2026-10-02,PL/7459/EXP/ES/2015,SERVICIO EL ONCE SA DE CV,México,San Mateo Atenco,Diesel,26.95,26.99,+0.04
2026-10-02,PL/7452/EXP/ES/2015,ESTACION PIRU SA DE CV,Sonora,Hermosillo,Regular,23.89,23.99,+0.10
2026-10-02,PL/740/EXP/ES/2015,PETROMAX SA DE CV,Coahuila,Saltillo,Regular,24.49,24.59,+0.10
2026-10-02,PL/7362/EXP/ES/2015,ENERGETICOS SAN JOSE SA DE CV,Puebla,Tepeaca,Regular,23.50,23.49,-0.01
2026-10-02,PL/7362/EXP/ES/2015,ENERGETICOS SAN JOSE SA DE CV,Puebla,Tepeaca,Diesel,26.95,26.94,-0.01
2026-10-02,PL/7216/EXP/ES/2015,SERVICIO EL ONCE SA DE CV,Hidalgo,Zempoala,Regular,23.29,23.35,+0.06
2026-10-02,PL/721/EXP/ES/2015,HILDA CUEVAS MARTINEZ,Querétaro,Querétaro,Regular,23.39,23.29,-0.10
2026-10-02,PL/7196/EXP/ES/2015,SINERGIA DE ENERGETICOS SA DE CV,Puebla,Puebla,Regular,24.49,23.99,-0.50
2026-10-02,PL/7166/EXP/ES/2015,ENERGETICOS SAN JUAN SA DE CV,Puebla,Los Reyes de Juárez,Regular,23.91,23.90,-0.01
2026-10-02,PL/7166/EXP/ES/2015,ENERGETICOS SAN JUAN SA DE CV,Puebla,Los Reyes de Juárez,Diesel,26.95,26.93,-0.02
2026-10-02,PL/712/EXP/ES/2015,ESTACION RAEL S DE RL DE CV,Baja California,No especificado,Regular,22.99,21.89,-1.10
2026-10-02,PL/6930/EXP/ES/2015,GASOLINERIA TLAHUALILO SA DE CV,Durango,Tlahualilo,Regular,24.29,24.39,+0.10
2026-10-02,PL/6924/EXP/ES/2015,GASOLINERA EL LUCERO SA DE CV,Durango,Tlahualilo,Regular,24.29,24.39,+0.10
2026-10-02,PL/685/EXP/ES/2015,SERVICIO CIBOLA SA DE CV,Coahuila,Acuña,Regular,21.39,21.49,+0.10
2026-10-02,PL/6802/EXP/ES/2015,GASOLINERA PERISUR SA DE CV,San Luis Potosí,San Luis Potosí,Premium,29.29,29.28,-0.01
2026-10-02,PL/6781/EXP/ES/2015,PETROMAX SA DE CV,Coahuila,Saltillo,Regular,24.59,24.69,+0.10
2026-10-02,PL/6779/EXP/ES/2015,PETROMAX SA DE CV,Coahuila,Saltillo,Regular,24.49,24.59,+0.10
2026-10-02,PL/676/EXP/ES/2015,SERVICIO CIBOLA SA DE CV,Coahuila,Acuña,Regular,21.39,21.49,+0.10
2026-10-02,PL/675/EXP/ES/2015,GASOLINERA TERAN SA DE CV,Chiapas,Tuxtla Gutiérrez,Regular,23.99,23.89,-0.10
2026-10-02,PL/6745/EXP/ES/2015,SINERGIA DE ENERGETICOS SA DE CV,Puebla,San Pedro Cholula,Regular,24.49,23.99,-0.50
2026-10-02,PL/6720/EXP/ES/2015,BAJA COAST ENERGY S A P I DE CV,Baja California Sur,No especificado,Diesel,27.00,27.99,+0.99
2026-10-02,PL/6639/EXP/ES/2015,CORPORATIVO ENERVISION S A P I DE CV,Sonora,Hermosillo,Regular,24.99,23.99,-1.00
2026-10-02,PL/6619/EXP/ES/2015,ESTACION ORO SA DE CV,Baja California,Playas de Rosarito,Premium,27.99,28.19,+0.20
2026-10-02,PL/6612/EXP/ES/2015,SINERGIA DE ENERGETICOS SA DE CV,Puebla,Puebla,Regular,24.49,23.99,-0.50
2026-10-02,PL/6579/EXP/ES/2015,SERVIEXPRESS BC SA DE CV,Michoacán,Pátzcuaro,Regular,23.39,23.99,+0.60
2026-10-02,PL/6545/EXP/ES/2015,PETROMAX SA DE CV,Nuevo León,Monterrey,Regular,24.59,24.69,+0.10
2026-10-02,PL/6525/EXP/ES/2015,CORPORATIVO ENERVISION S A P I DE CV,Sonora,Hermosillo,Regular,24.99,23.99,-1.00
2026-10-02,PL/6506/EXP/ES/2015,SERVICIOS ALCARAZ Y HERNANDEZ SA DE CV,Jalisco,Zapopan,Regular,23.89,23.79,-0.10
2026-10-02,PL/646/EXP/ES/2015,PETROMAX SA DE CV,Coahuila,Saltillo,Regular,24.49,24.59,+0.10
2026-10-02,PL/6423/EXP/ES/2015,SERVICIO FACIL DEL SURESTE SA DE CV,Tabasco,Centro,Regular,23.28,23.38,+0.10
2026-10-02,PL/6390/EXP/ES/2015,SERVICIO MAZACHULCO SA DE CV,México,Calimaya,Premium,27.21,27.25,+0.04
2026-10-02,PL/6383/EXP/ES/2015,SINERGIA DE ENERGETICOS SA DE CV,Puebla,Puebla,Regular,24.49,23.99,-0.50
2026-10-02,PL/6378/EXP/ES/2015,ENERGETICOS COMA SA DE CV,Puebla,Tepeaca,Regular,23.91,23.90,-0.01
2026-10-02,PL/6378/EXP/ES/2015,ENERGETICOS COMA SA DE CV,Puebla,Tepeaca,Premium,28.27,28.25,-0.02
2026-10-02,PL/6378/EXP/ES/2015,ENERGETICOS COMA SA DE CV,Puebla,Tepeaca,Diesel,26.90,26.88,-0.02
2026-10-02,PL/6373/EXP/ES/2015,ENERGETICOS ARCO SA DE CV,Puebla,Tepeaca,Regular,23.91,23.90,-0.01
2026-10-02,PL/6373/EXP/ES/2015,ENERGETICOS ARCO SA DE CV,Puebla,Tepeaca,Premium,28.27,28.25,-0.02
2026-10-02,PL/6373/EXP/ES/2015,ENERGETICOS ARCO SA DE CV,Puebla,Tepeaca,Diesel,26.90,26.88,-0.02
2026-10-02,PL/6343/EXP/ES/2015,ESTACION DE SERVICIO Y GASOLINERA LOS REYES S DE RL DE CV,México,Iztapalapa,Regular,23.81,23.55,-0.26
2026-10-02,PL/6337/EXP/ES/2015,GASOLINERA ALFA SA DE CV,México,Iztapalapa,Regular,23.81,23.55,-0.26
2026-10-02,PL/6334/EXP/ES/2015,ESTACION DE SERVICIO Y GASOLINERIA IGNACIO ZARAGOZA SA DE CV,México,Iztapalapa,Regular,23.81,23.55,-0.26
2026-10-02,PL/6331/EXP/ES/2015,SERVICIOS SANTA MARIA S DE RL DE CV,Ciudad de México,Iztapalapa,Regular,23.81,23.55,-0.26
2026-10-02,PL/6317/EXP/ES/2015,AUTO SERVICIO EL CHAMIZAL SA DE CV,Baja California,No especificado,Premium,27.55,26.95,-0.60
2026-10-02,PL/6317/EXP/ES/2015,AUTO SERVICIO EL CHAMIZAL SA DE CV,Baja California,No especificado,Diesel,25.99,25.39,-0.60
2026-10-02,PL/624/EXP/ES/2015,PETROMAX SA DE CV,Nuevo León,Monterrey,Regular,24.49,24.59,+0.10
2026-10-02,PL/623/EXP/ES/2015,PETROMAX SA DE CV,Jalisco,Tlajomulco de Zúñiga,Regular,24.49,24.59,+0.10
2026-10-02,PL/622/EXP/ES/2015,PETROMAX SA DE CV,Durango,Gómez Palacio,Regular,24.49,24.59,+0.10
2026-10-02,PL/621/EXP/ES/2015,PETROMAX SA DE CV,Nuevo León,Apodaca,Regular,24.49,24.59,+0.10
2026-10-02,PL/620/EXP/ES/2015,PETROMAX SA DE CV,Coahuila,Saltillo,Regular,24.49,24.59,+0.10
2026-10-02,PL/619/EXP/ES/2015,PETROMAX SA DE CV,Coahuila,Saltillo,Regular,24.59,24.69,+0.10
2026-10-02,PL/615/EXP/ES/2015,PETROMAX SA DE CV,Ciudad de México,Álvaro Obregón,Regular,24.49,24.59,+0.10
2026-10-02,PL/6133/EXP/ES/2015,GRUPO SOL DEL GOLFO SA DE CV,Baja California,No especificado,Premium,27.55,26.95,-0.60
2026-10-02,PL/6130/EXP/ES/2015,ESTACION DE SERVICIO PUERTA GRANDE S DE RL DE CV,Baja California,Tecate,Regular,23.19,22.99,-0.20
2026-10-02,PL/613/EXP/ES/2015,PETROMAX SA DE CV,Nuevo León,San Nicolás de los Garza,Regular,24.49,24.59,+0.10
2026-10-02,PL/612/EXP/ES/2015,PETROMAX SA DE CV,Coahuila,Saltillo,Regular,24.59,24.69,+0.10
2026-10-02,PL/6091/EXP/ES/2015,ESTACION DE SERVICIO GONZALEZ SA DE CV,Baja California,No especificado,Regular,21.95,22.45,+0.50
2026-10-02,PL/6091/EXP/ES/2015,ESTACION DE SERVICIO GONZALEZ SA DE CV,Baja California,No especificado,Premium,27.55,26.95,-0.60
2026-10-02,PL/6081/EXP/ES/2015,ESTACION PIRU SA DE CV,Baja California,Tijuana,Regular,23.49,23.59,+0.10
2026-10-02,PL/6081/EXP/ES/2015,ESTACION PIRU SA DE CV,Baja California,Tijuana,Premium,28.39,28.49,+0.10
2026-10-02,PL/605/EXP/ES/2015,PETROMAX SA DE CV,Baja California,Tijuana,Premium,29.29,28.99,-0.30
2026-10-02,PL/604/EXP/ES/2015,PETROMAX SA DE CV,Coahuila,Saltillo,Regular,24.49,24.59,+0.10
2026-10-02,PL/602/EXP/ES/2015,PETROMAX SA DE CV,Nuevo León,Monterrey,Regular,24.49,24.59,+0.10
2026-10-02,PL/601/EXP/ES/2015,PETROMAX SA DE CV,Baja California,No especificado,Regular,22.49,21.99,-0.50
2026-10-02,PL/601/EXP/ES/2015,PETROMAX SA DE CV,Baja California,No especificado,Premium,27.99,28.59,+0.60
2026-10-02,PL/6008/EXP/ES/2015,SUPER SERVICIO NUEVO LAREDO SA DE CV,Tamaulipas,Nuevo Laredo,Regular,23.23,23.73,+0.50
2026-10-02,PL/600/EXP/ES/2015,PETROMAX SA DE CV,Nuevo León,San Nicolás de los Garza,Regular,24.49,24.59,+0.10
2026-10-02,PL/599/EXP/ES/2015,PETROMAX SA DE CV,Nuevo León,San Nicolás de los Garza,Regular,24.49,24.59,+0.10
2026-10-02,PL/5989/EXP/ES/2015,NACIONAL DE COMBUSTIBLES Y LUBRICANTES SA DE CV,Morelos,Cuautla,Regular,24.29,23.99,-0.30
2026-10-02,PL/5988/EXP/ES/2015,NACIONAL DE COMBUSTIBLES Y LUBRICANTES SA DE CV,Morelos,Tepoztlán,Regular,24.49,23.99,-0.50
2026-10-02,PL/597/EXP/ES/2015,PETROMAX SA DE CV,Nuevo León,García,Regular,24.49,24.59,+0.10
2026-10-02,PL/5967/EXP/ES/2015,SINERGIA DE ENERGETICOS SA DE CV,Puebla,Puebla,Regular,24.29,23.99,-0.30
2026-10-02,PL/596/EXP/ES/2015,PETROMAX SA DE CV,Nuevo León,Apodaca,Regular,24.49,24.59,+0.10
2026-10-02,PL/595/EXP/ES/2015,PETROMAX SA DE CV,Nuevo León,Santa Catarina,Regular,24.49,24.59,+0.10
2026-10-02,PL/590/EXP/ES/2015,PETROMAX SA DE CV,Nuevo León,Gral. Escobedo,Regular,24.49,24.59,+0.10
2026-10-02,PL/589/EXP/ES/2015,PETROMAX SA DE CV,Nuevo León,Gral. Escobedo,Regular,24.49,24.59,+0.10
2026-10-02,PL/588/EXP/ES/2015,PETROMAX SA DE CV,Nuevo León,Santa Catarina,Regular,24.49,24.59,+0.10
2026-10-02,PL/584/EXP/ES/2015,PETROMAX SA DE CV,Baja California,No especificado,Premium,27.99,28.59,+0.60
2026-10-02,PL/581/EXP/ES/2015,PETROMAX SA DE CV,Nuevo León,Apodaca,Regular,24.59,24.69,+0.10
2026-10-02,PL/579/EXP/ES/2015,PETROMAX SA DE CV,Nuevo León,Monterrey,Regular,24.49,24.59,+0.10
2026-10-02,PL/577/EXP/ES/2015,PETROMAX SA DE CV,Coahuila,No especificado,Regular,24.49,24.59,+0.10
2026-10-02,PL/5758/EXP/ES/2015,ESTACION PIRU SA DE CV,Baja California,Tijuana,Premium,28.29,28.49,+0.20
2026-10-02,PL/573/EXP/ES/2015,PETROMAX SA DE CV,Nuevo León,Apodaca,Regular,24.49,24.59,+0.10
2026-10-02,PL/572/EXP/ES/2015,PETROMAX SA DE CV,Chihuahua,Chihuahua,Regular,24.59,24.69,+0.10
2026-10-02,PL/572/EXP/ES/2015,PETROMAX SA DE CV,Chihuahua,Chihuahua,Premium,29.49,29.59,+0.10
2026-10-02,PL/5703/EXP/ES/2015,GARAGE IMURIS SA DE CV,Sonora,Imuris,Diesel,27.59,27.30,-0.29
2026-10-02,PL/569/EXP/ES/2015,PETROMAX SA DE CV,Nuevo León,Monterrey,Regular,24.59,24.69,+0.10
2026-10-02,PL/568/EXP/ES/2015,PETROMAX SA DE CV,Tamaulipas,Reynosa,Regular,21.29,21.39,+0.10
2026-10-02,PL/567/EXP/ES/2015,PETROMAX SA DE CV,Nuevo León,San Nicolás de los Garza,Regular,24.49,24.59,+0.10
2026-10-02,PL/5664/EXP/ES/2015,SINERGIA DE ENERGETICOS SA DE CV,Puebla,Puebla,Regular,24.29,23.99,-0.30
2026-10-02,PL/5661/EXP/ES/2015,COMERCIALIZADORA CMBA S A P I DE CV,Nuevo León,Santa Catarina,Regular,24.49,24.59,+0.10
2026-10-02,PL/566/EXP/ES/2015,PETROMAX SA DE CV,Nuevo León,San Nicolás de los Garza,Regular,24.49,24.59,+0.10
2026-10-02,PL/565/EXP/ES/2015,PETROMAX SA DE CV,Coahuila,No especificado,Regular,24.49,24.59,+0.10
2026-10-02,PL/564/EXP/ES/2015,PETROMAX SA DE CV,Nuevo León,Monterrey,Regular,24.49,24.59,+0.10
2026-10-02,PL/561/EXP/ES/2015,PETROMAX SA DE CV,Nuevo León,Guadalupe,Regular,24.49,24.69,+0.20
2026-10-02,PL/560/EXP/ES/2015,PETROMAX SA DE CV,Nuevo León,San Pedro Garza García,Regular,24.59,24.69,+0.10
2026-10-02,PL/559/EXP/ES/2015,PETROMAX SA DE CV,Coahuila,Saltillo,Regular,24.49,24.59,+0.10
2026-10-02,PL/558/EXP/ES/2015,PETROMAX SA DE CV,Nuevo León,Guadalupe,Regular,24.49,24.59,+0.10
2026-10-02,PL/556/EXP/ES/2015,PETROMAX SA DE CV,Tamaulipas,Reynosa,Regular,21.29,21.39,+0.10
2026-10-02,PL/5546/EXP/ES/2015,GASOLINERA ENTRONQUE LAS PALMAS SA DE CV,Michoacán,Lázaro Cárdenas,Premium,28.37,28.17,-0.20
2026-10-02,PL/549/EXP/ES/2015,PETROMAX SA DE CV,Jalisco,Tonalá,Regular,24.49,24.69,+0.20
2026-10-02,PL/5468/EXP/ES/2015,SINERGIA DE ENERGETICOS SA DE CV,Puebla,Puebla,Regular,24.29,23.99,-0.30
2026-10-02,PL/546/EXP/ES/2015,PETROMAX SA DE CV,Jalisco,Tlaquepaque,Regular,24.49,24.59,+0.10
2026-10-02,PL/5453/EXP/ES/2015,GASOLINERA ZAPOTILTIC SA DE CV,Jalisco,Zapotiltic,Regular,24.39,24.00,-0.39
2026-10-02,PL/5453/EXP/ES/2015,GASOLINERA ZAPOTILTIC SA DE CV,Jalisco,Zapotiltic,Diesel,27.69,27.00,-0.69
2026-10-02,PL/543/EXP/ES/2015,PETROMAX SA DE CV,Durango,Gómez Palacio,Regular,24.49,24.59,+0.10
2026-10-02,PL/5411/EXP/ES/2015,SERVICIO MONTELONGO SA DE CV,San Luis Potosí,Soledad de Graciano Sánchez,Premium,28.99,28.98,-0.01
2026-10-02,PL/541/EXP/ES/2015,PETROMAX SA DE CV,Nuevo León,San Nicolás de los Garza,Regular,24.49,24.59,+0.10
2026-10-02,PL/538/EXP/ES/2015,PETROMAX SA DE CV,Nuevo León,Guadalupe,Regular,24.49,24.59,+0.10
2026-10-02,PL/537/EXP/ES/2015,PETROMAX SA DE CV,Ciudad de México,Gustavo A. Madero,Regular,24.49,24.59,+0.10
2026-10-02,PL/536/EXP/ES/2015,GRUPO OCTANO SA DE CV,Nayarit,Bahía de Banderas,Regular,24.89,24.00,-0.89
2026-10-02,PL/5352/EXP/ES/2015,COMBU-EXPRESS SA DE CV,Jalisco,Jamay,Diesel,27.39,27.00,-0.39
2026-10-02,PL/535/EXP/ES/2015,GRUPO OCTANO SA DE CV,Nayarit,Bahía de Banderas,Regular,24.89,24.00,-0.89
2026-10-02,PL/535/EXP/ES/2015,GRUPO OCTANO SA DE CV,Nayarit,Bahía de Banderas,Diesel,27.99,27.00,-0.99
2026-10-02,PL/534/EXP/ES/2015,GRUPO OCTANO SA DE CV,Jalisco,Puerto Vallarta,Regular,24.89,24.00,-0.89
2026-10-02,PL/534/EXP/ES/2015,GRUPO OCTANO SA DE CV,Jalisco,Puerto Vallarta,Diesel,27.99,27.00,-0.99
2026-10-02,PL/533/EXP/ES/2015,GRUPO OCTANO SA DE CV,Nayarit,Tepic,Diesel,27.49,27.00,-0.49
2026-10-02,PL/5300/EXP/ES/2015,ACEITES Y COMBUSTIBLES LOS ANGELES SA DE CV,Hidalgo,Tulancingo de Bravo,Regular,24.29,23.99,-0.30
2026-10-02,PL/530/EXP/ES/2015,PETROMAX SA DE CV,Coahuila,Saltillo,Regular,24.49,24.59,+0.10
2026-10-02,PL/529/EXP/ES/2015,PETROMAX SA DE CV,Coahuila,No especificado,Regular,24.59,24.69,+0.10
2026-10-02,PL/529/EXP/ES/2015,PETROMAX SA DE CV,Coahuila,No especificado,Premium,29.49,29.69,+0.20
2026-10-02,PL/528/EXP/ES/2015,PETROMAX SA DE CV,Durango,Gómez Palacio,Regular,24.49,24.59,+0.10
2026-10-02,PL/5276/EXP/ES/2015,SERVICIO NEVADO SA DE CV,México,Toluca,Regular,23.19,23.39,+0.20
2026-10-02,PL/5258/EXP/ES/2015,ACEITES Y COMBUSTIBLES LOS ANGELES SA DE CV,Hidalgo,Tulancingo de Bravo,Regular,24.29,23.99,-0.30
2026-10-02,PL/525/EXP/ES/2015,PETROMAX SA DE CV,Coahuila,Saltillo,Regular,24.49,24.59,+0.10
2026-10-02,PL/524/EXP/ES/2015,PETROMAX SA DE CV,Chihuahua,Chihuahua,Regular,24.59,24.69,+0.10
2026-10-02,PL/524/EXP/ES/2015,PETROMAX SA DE CV,Chihuahua,Chihuahua,Premium,29.49,29.59,+0.10
2026-10-02,PL/523/EXP/ES/2015,PETROMAX SA DE CV,Nuevo León,Monterrey,Regular,24.49,24.59,+0.10
2026-10-02,PL/521/EXP/ES/2015,PETROMAX SA DE CV,Nuevo León,San Nicolás de los Garza,Regular,24.49,24.59,+0.10
2026-10-02,PL/520/EXP/ES/2015,PETROMAX SA DE CV,Nuevo León,Guadalupe,Regular,24.49,24.59,+0.10
2026-10-02,PL/519/EXP/ES/2015,PETROMAX SA DE CV,Coahuila,Saltillo,Regular,24.49,24.59,+0.10
2026-10-02,PL/5189/EXP/ES/2015,OPERADORA RIO COLORADO S DE RL DE CV,Sonora,No especificado,Regular,19.55,19.59,+0.04
2026-10-02,PL/518/EXP/ES/2015,PETROMAX SA DE CV,Jalisco,Tlajomulco de Zúñiga,Regular,24.59,24.69,+0.10
2026-10-02,PL/517/EXP/ES/2015,PETROMAX SA DE CV,Nuevo León,Juárez,Regular,24.49,24.59,+0.10
2026-10-02,PL/516/EXP/ES/2015,PETROMAX SA DE CV,Nuevo León,Santa Catarina,Regular,24.49,24.59,+0.10
2026-10-02,PL/5157/EXP/ES/2015,SERVICIOS NORORREY SA DE CV,Sonora,Hermosillo,Regular,24.99,23.99,-1.00
2026-10-02,PL/515/EXP/ES/2015,PETROMAX SA DE CV,Nuevo León,Apodaca,Regular,24.49,24.59,+0.10
2026-10-02,PL/512/EXP/ES/2015,PETROMAX SA DE CV,Jalisco,Tlajomulco de Zúñiga,Regular,24.49,24.59,+0.10
2026-10-02,PL/509/EXP/ES/2015,GRUPO OCTANO SA DE CV,Nayarit,Bahía de Banderas,Regular,24.89,24.00,-0.89
2026-10-02,PL/509/EXP/ES/2015,GRUPO OCTANO SA DE CV,Nayarit,Bahía de Banderas,Diesel,27.99,27.00,-0.99
2026-10-02,PL/508/EXP/ES/2015,GRUPO OCTANO SA DE CV,Jalisco,Puerto Vallarta,Regular,24.89,24.00,-0.89
2026-10-02,PL/5076/EXP/ES/2015,GASOLINERAS EL GATO SA DE CV,Sinaloa,Culiacán,Regular,23.50,23.99,+0.49
2026-10-02,PL/5076/EXP/ES/2015,GASOLINERAS EL GATO SA DE CV,Sinaloa,Culiacán,Diesel,27.99,26.99,-1.00
2026-10-02,PL/507/EXP/ES/2015,GRUPO OCTANO SA DE CV,Nayarit,Bahía de Banderas,Regular,24.89,24.00,-0.89
2026-10-02,PL/507/EXP/ES/2015,GRUPO OCTANO SA DE CV,Nayarit,Bahía de Banderas,Diesel,27.99,27.00,-0.99
2026-10-02,PL/5063/EXP/ES/2015,UNION CASMO S DE RL DE CV,Jalisco,Unión de Tula,Regular,24.49,24.00,-0.49
2026-10-02,PL/5063/EXP/ES/2015,UNION CASMO S DE RL DE CV,Jalisco,Unión de Tula,Diesel,27.49,27.00,-0.49
2026-10-02,PL/506/EXP/ES/2015,GRUPO OCTANO SA DE CV,Nayarit,Tepic,Diesel,27.49,27.00,-0.49
2026-10-02,PL/496/EXP/ES/2015,PETROMAX SA DE CV,Coahuila,Ramos Arizpe,Regular,24.49,24.59,+0.10
2026-10-02,PL/4937/EXP/ES/2015,PETROMAX SA DE CV,Chihuahua,Chihuahua,Regular,24.49,24.59,+0.10
2026-10-02,PL/4937/EXP/ES/2015,PETROMAX SA DE CV,Chihuahua,Chihuahua,Premium,29.49,29.59,+0.10
2026-10-02,PL/4936/EXP/ES/2015,SINERGIA DE ENERGETICOS SA DE CV,Puebla,San Pedro Cholula,Regular,24.29,23.99,-0.30
2026-10-02,PL/493/EXP/ES/2015,PETROMAX SA DE CV,Tamaulipas,Reynosa,Regular,21.29,21.39,+0.10
2026-10-02,PL/4929/EXP/ES/2015,SINERGIA DE ENERGETICOS SA DE CV,Puebla,San Pedro Cholula,Regular,24.29,23.99,-0.30
2026-10-02,PL/490/EXP/ES/2015,PETROMAX SA DE CV,Chihuahua,Chihuahua,Regular,24.59,24.69,+0.10
2026-10-02,PL/490/EXP/ES/2015,PETROMAX SA DE CV,Chihuahua,Chihuahua,Premium,29.49,29.59,+0.10
2026-10-02,PL/4897/EXP/ES/2015,ESTACION QUIMON S DE RL DE CV,Baja California,No especificado,Diesel,25.99,25.39,-0.60
2026-10-02,PL/488/EXP/ES/2015,PETROMAX SA DE CV,Coahuila,Saltillo,Regular,24.49,24.59,+0.10
2026-10-02,PL/487/EXP/ES/2015,PETROMAX SA DE CV,Nuevo León,Apodaca,Regular,24.59,24.69,+0.10
2026-10-02,PL/4862/EXP/ES/2015,FELIPE SIMON OLVERA CASTELAN,Hidalgo,Santiago Tulantepec de Lugo Guerrero,Regular,23.88,23.99,+0.11
2026-10-02,PL/485/EXP/ES/2015,PETROMAX SA DE CV,Coahuila,Saltillo,Regular,24.49,24.59,+0.10
2026-10-02,PL/482/EXP/ES/2015,PETROMAX SA DE CV,Nuevo León,Monterrey,Regular,24.59,24.69,+0.10
2026-10-02,PL/481/EXP/ES/2015,PETROMAX SA DE CV,Nuevo León,Guadalupe,Regular,24.49,24.59,+0.10
2026-10-02,PL/480/EXP/ES/2015,PETROMAX SA DE CV,Chihuahua,Chihuahua,Premium,29.49,29.59,+0.10
2026-10-02,PL/478/EXP/ES/2015,PETROMAX SA DE CV,Chihuahua,Chihuahua,Regular,24.49,24.59,+0.10
2026-10-02,PL/478/EXP/ES/2015,PETROMAX SA DE CV,Chihuahua,Chihuahua,Premium,29.49,29.59,+0.10
2026-10-02,PL/474/EXP/ES/2015,PETROMAX SA DE CV,Nuevo León,Guadalupe,Regular,24.49,24.59,+0.10
2026-10-02,PL/472/EXP/ES/2015,PETROMAX SA DE CV,Ciudad de México,Iztapalapa,Regular,24.49,24.59,+0.10
2026-10-02,PL/471/EXP/ES/2015,PETROMAX SA DE CV,Durango,Gómez Palacio,Regular,24.59,24.69,+0.10
2026-10-02,PL/470/EXP/ES/2015,PETROMAX SA DE CV,Coahuila,No especificado,Regular,24.59,24.69,+0.10
2026-10-02,PL/468/EXP/ES/2015,PETROMAX SA DE CV,Tamaulipas,Reynosa,Regular,21.29,21.39,+0.10
2026-10-02,PL/467/EXP/ES/2015,PETROMAX SA DE CV,Tamaulipas,Reynosa,Regular,21.29,21.39,+0.10
2026-10-02,PL/465/EXP/ES/2015,PETROMAX SA DE CV,Jalisco,Zapopan,Regular,24.49,24.59,+0.10
2026-10-02,PL/460/EXP/ES/2015,PETROMAX SA DE CV,Tamaulipas,Reynosa,Regular,21.29,21.39,+0.10
2026-10-02,PL/459/EXP/ES/2015,PETROMAX SA DE CV,Coahuila,Saltillo,Regular,24.49,24.59,+0.10
2026-10-02,PL/4573/EXP/ES/2015,PETROMAX SA DE CV,Nuevo León,Monterrey,Regular,24.49,24.59,+0.10
2026-10-02,PL/456/EXP/ES/2015,PETROMAX SA DE CV,Coahuila,Saltillo,Regular,24.49,24.59,+0.10
2026-10-02,PL/454/EXP/ES/2015,PETROMAX SA DE CV,Tamaulipas,Reynosa,Regular,21.29,21.39,+0.10
2026-10-02,PL/4530/EXP/ES/2015,PETROMAX SA DE CV,Nuevo León,San Pedro Garza García,Regular,24.59,24.69,+0.10
2026-10-02,PL/452/EXP/ES/2015,PETROMAX SA DE CV,Jalisco,Tonalá,Regular,24.59,24.69,+0.10
2026-10-02,PL/4504/EXP/ES/2015,GAS MARA SA DE CV,Tlaxcala,Nanacamilpa de Mariano Arista,Regular,23.17,23.18,+0.01
2026-10-02,PL/450/EXP/ES/2015,PETROMAX SA DE CV,Nuevo León,Apodaca,Regular,24.49,24.69,+0.20
2026-10-02,PL/449/EXP/ES/2015,PETROMAX SA DE CV,Baja California,No especificado,Premium,28.49,28.99,+0.50
2026-10-02,PL/448/EXP/ES/2015,PETROMAX SA DE CV,Nuevo León,Gral. Escobedo,Regular,24.49,24.69,+0.20
2026-10-02,PL/447/EXP/ES/2015,PETROMAX SA DE CV,Nuevo León,Santa Catarina,Regular,24.49,24.59,+0.10
2026-10-02,PL/446/EXP/ES/2015,PETROMAX SA DE CV,Coahuila,Saltillo,Regular,24.49,24.59,+0.10
2026-10-02,PL/4450/EXP/ES/2015,MULTISERVICIO LA VILLITA SA DE CV,Zacatecas,Fresnillo,Regular,23.69,23.39,-0.30
2026-10-02,PL/445/EXP/ES/2015,PETROMAX SA DE CV,Nuevo León,Santiago,Regular,24.59,24.69,+0.10
2026-10-02,PL/442/EXP/ES/2015,PETROMAX SA DE CV,Tamaulipas,Reynosa,Regular,21.29,21.39,+0.10
2026-10-02,PL/440/EXP/ES/2015,PETROMAX SA DE CV,Nuevo León,Santiago,Regular,24.59,24.69,+0.10
2026-10-02,PL/437/EXP/ES/2015,PETROMAX SA DE CV,Nuevo León,Juárez,Regular,24.49,24.59,+0.10
2026-10-02,PL/434/EXP/ES/2015,PETROMAX SA DE CV,Coahuila,Arteaga,Regular,24.49,24.59,+0.10
2026-10-02,PL/433/EXP/ES/2015,PETROMAX SA DE CV,Nuevo León,San Nicolás de los Garza,Regular,24.49,24.59,+0.10
2026-10-02,PL/4328/EXP/ES/2015,SERVICIO DIAMANTE SA DE CV,Guerrero,Acapulco de Juárez,Premium,27.85,27.79,-0.06
2026-10-02,PL/4322/EXP/ES/2015,ESTACION PIRU SA DE CV,Baja California,Tijuana,Premium,28.29,28.49,+0.20
2026-10-02,PL/4321/EXP/ES/2015,ESTACION PIRU SA DE CV,Baja California,Tijuana,Regular,22.79,22.99,+0.20
2026-10-02,PL/4321/EXP/ES/2015,ESTACION PIRU SA DE CV,Baja California,Tijuana,Premium,28.29,28.49,+0.20
2026-10-02,PL/4306/EXP/ES/2015,GRUPO SOL DEL GOLFO SA DE CV,Baja California,No especificado,Premium,27.55,26.95,-0.60
2026-10-02,PL/426/EXP/ES/2015,PETROMAX SA DE CV,Nuevo León,Monterrey,Regular,24.59,24.69,+0.10
2026-10-02,PL/425/EXP/ES/2015,PETROMAX SA DE CV,Nuevo León,Monterrey,Regular,24.49,24.59,+0.10
2026-10-02,PL/424/EXP/ES/2015,GRUPO OCTANO SA DE CV,Nayarit,Compostela,Regular,24.89,24.00,-0.89
2026-10-02,PL/424/EXP/ES/2015,GRUPO OCTANO SA DE CV,Nayarit,Compostela,Diesel,27.99,27.00,-0.99
2026-10-02,PL/4232/EXP/ES/2015,ESTACION PIRU SA DE CV,Baja California,Tijuana,Premium,28.29,28.49,+0.20
2026-10-02,PL/423/EXP/ES/2015,GRUPO OCTANO SA DE CV,Nayarit,Bahía de Banderas,Regular,24.89,24.00,-0.89
2026-10-02,PL/423/EXP/ES/2015,GRUPO OCTANO SA DE CV,Nayarit,Bahía de Banderas,Diesel,27.99,27.00,-0.99
2026-10-02,PL/422/EXP/ES/2015,GRUPO OCTANO SA DE CV,Nayarit,Bahía de Banderas,Regular,24.89,24.00,-0.89
2026-10-02,PL/422/EXP/ES/2015,GRUPO OCTANO SA DE CV,Nayarit,Bahía de Banderas,Diesel,27.99,27.00,-0.99
2026-10-02,PL/421/EXP/ES/2015,GRUPO OCTANO SA DE CV,Jalisco,Puerto Vallarta,Regular,24.89,24.00,-0.89
2026-10-02,PL/421/EXP/ES/2015,GRUPO OCTANO SA DE CV,Jalisco,Puerto Vallarta,Diesel,27.99,27.00,-0.99
2026-10-02,PL/420/EXP/ES/2015,GRUPO OCTANO SA DE CV,Nayarit,Tepic,Diesel,27.49,27.00,-0.49
2026-10-02,PL/4192/EXP/ES/2015,GRUPO SOL DEL GOLFO SA DE CV,Baja California,No especificado,Premium,27.55,26.95,-0.60
2026-10-02,PL/4187/EXP/ES/2015,GRUPO SOL DEL GOLFO SA DE CV,Baja California,No especificado,Regular,22.55,22.45,-0.10
2026-10-02,PL/4176/EXP/ES/2015,MULTISERVICIOS OJO DE AGUA SA DE CV,Guanajuato,Abasolo,Diesel,27.09,27.19,+0.10
2026-10-02,PL/4172/EXP/ES/2015,GASOLINERA SALAMANCA SA DE CV,Guanajuato,Salamanca,Diesel,27.09,27.19,+0.10
2026-10-02,PL/417/EXP/ES/2015,GRUPO OCTANO SA DE CV,Nayarit,Tepic,Diesel,27.49,27.00,-0.49
2026-10-02,PL/4085/EXP/ES/2015,ESTACION PIRU SA DE CV,Baja California,Tijuana,Regular,23.19,23.29,+0.10
2026-10-02,PL/3973/EXP/ES/2015,GRUPO AMBAR PENINSULAR CALAFIA SA DE CV,Baja California,No especificado,Regular,22.75,22.45,-0.30
2026-10-02,PL/3969/EXP/ES/2015,ESTACION PIRU SA DE CV,Baja California,Tijuana,Regular,22.99,23.29,+0.30
2026-10-02,PL/3969/EXP/ES/2015,ESTACION PIRU SA DE CV,Baja California,Tijuana,Premium,27.99,28.29,+0.30
2026-10-02,PL/3967/EXP/ES/2015,ESTACION PIRU SA DE CV,Baja California,Tijuana,Regular,23.39,23.49,+0.10
2026-10-02,PL/3966/EXP/ES/2015,GRUPO AMBAR PENINSULAR CALAFIA SA DE CV,Baja California,No especificado,Premium,27.55,26.95,-0.60
2026-10-02,PL/3964/EXP/ES/2015,ESTACION PIRU SA DE CV,Baja California,Tijuana,Premium,28.29,28.49,+0.20
2026-10-02,PL/3959/EXP/ES/2015,ESTACION PIRU SA DE CV,Baja California,Tijuana,Regular,22.79,22.99,+0.20
2026-10-02,PL/3956/EXP/ES/2015,GASISLO 2000 SA DE CV,Zacatecas,Morelos,Premium,28.69,28.50,-0.19
2026-10-02,PL/3951/EXP/ES/2015,PETRO FUELS ZACATAL SA DE CV,Nuevo León,Cadereyta Jiménez,Premium,27.50,27.30,-0.20
2026-10-02,PL/3951/EXP/ES/2015,PETRO FUELS ZACATAL SA DE CV,Nuevo León,Cadereyta Jiménez,Diesel,26.75,26.60,-0.15
2026-10-02,PL/3899/EXP/ES/2015,MAXI SERVICIOS ABA S DE RL DE CV,Veracruz,Fortín,Premium,27.89,27.99,+0.10
2026-10-02,PL/3891/EXP/ES/2015,AUTO SERVICIO NENETZINTLA SA DE CV,Puebla,Amozoc,Premium,27.33,27.83,+0.50
2026-10-02,PL/3887/EXP/ES/2015,ESTACION PIRU SA DE CV,Baja California,Tijuana,Regular,22.79,22.89,+0.10
2026-10-02,PL/3887/EXP/ES/2015,ESTACION PIRU SA DE CV,Baja California,Tijuana,Premium,28.29,28.49,+0.20
2026-10-02,PL/3869/EXP/ES/2015,ESTACION PIRU SA DE CV,Baja California,Tijuana,Regular,22.79,22.99,+0.20
2026-10-02,PL/3869/EXP/ES/2015,ESTACION PIRU SA DE CV,Baja California,Tijuana,Premium,28.29,28.49,+0.20
2026-10-02,PL/3867/EXP/ES/2015,SERVICIO ACATLIPA SA DE CV,Morelos,Temixco,Premium,29.19,29.09,-0.10
2026-10-02,PL/386/EXP/ES/2015,COMBU-EXPRESS SA DE CV,Jalisco,Poncitlán,Diesel,27.79,27.00,-0.79
2026-10-02,PL/375/EXP/ES/2015,GRUPO OCTANO SA DE CV,Nayarit,Tepic,Diesel,27.49,27.00,-0.49
2026-10-02,PL/373/EXP/ES/2015,GRUPO OCTANO SA DE CV,Nayarit,Tepic,Diesel,27.49,27.00,-0.49
2026-10-02,PL/372/EXP/ES/2015,GRUPO OCTANO SA DE CV,Nayarit,Santiago Ixcuintla,Diesel,27.89,27.00,-0.89
2026-10-02,PL/368/EXP/ES/2015,GRUPO OCTANO SA DE CV,Nayarit,Tepic,Diesel,27.49,27.00,-0.49
2026-10-02,PL/366/EXP/ES/2015,GRUPO OCTANO SA DE CV,Nayarit,No especificado,Diesel,27.69,27.00,-0.69
2026-10-02,PL/3655/EXP/ES/2015,CORPORATIVO ENERVISION S A P I DE CV,Sonora,Hermosillo,Regular,24.99,23.99,-1.00
2026-10-02,PL/3655/EXP/ES/2015,CORPORATIVO ENERVISION S A P I DE CV,Sonora,Hermosillo,Diesel,27.99,27.00,-0.99
2026-10-02,PL/365/EXP/ES/2015,GRUPO OCTANO SA DE CV,Nayarit,No especificado,Diesel,27.69,27.00,-0.69
2026-10-02,PL/364/EXP/ES/2015,GRUPO OCTANO SA DE CV,Nayarit,Rosamorada,Diesel,27.99,27.00,-0.99
2026-10-02,PL/363/EXP/ES/2015,GRUPO OCTANO SA DE CV,Nayarit,Tepic,Diesel,27.49,27.00,-0.49
2026-10-02,PL/3566/EXP/ES/2015,NACIONAL DE COMBUSTIBLES Y LUBRICANTES SA DE CV,México,Tenango del Valle,Regular,24.49,23.99,-0.50
2026-10-02,PL/3563/EXP/ES/2015,SERVICIO SANTA MARIA DEL RIO SA DE CV,San Luis Potosí,Santa María del Río,Premium,28.99,28.98,-0.01
2026-10-02,PL/3551/EXP/ES/2015,JAIME IGNACIO VALDES GARDUÑO,México,Temascalcingo,Regular,23.88,23.98,+0.10
2026-10-02,PL/3549/EXP/ES/2015,NACIONAL DE COMBUSTIBLES Y LUBRICANTES SA DE CV,México,Tlalmanalco,Regular,24.49,23.99,-0.50
2026-10-02,PL/3543/EXP/ES/2015,AEROGAS DE SAN LUIS SA DE CV,San Luis Potosí,Soledad de Graciano Sánchez,Premium,28.99,28.98,-0.01
2026-10-02,PL/3543/EXP/ES/2015,AEROGAS DE SAN LUIS SA DE CV,San Luis Potosí,Soledad de Graciano Sánchez,Diesel,27.24,27.00,-0.24
2026-10-02,PL/3529/EXP/ES/2015,EUROGAS DE SAN LUIS SA DE CV,San Luis Potosí,San Luis Potosí,Premium,29.14,29.13,-0.01
2026-10-02,PL/3504/EXP/ES/2015,EUROPITS SA DE CV,San Luis Potosí,Soledad de Graciano Sánchez,Premium,28.99,28.98,-0.01
2026-10-02,PL/3455/EXP/ES/2015,CORPORATIVO ENERVISION S A P I DE CV,Sonora,Hermosillo,Regular,24.99,23.99,-1.00
2026-10-02,PL/3356/EXP/ES/2015,BAJA COAST ENERGY S A P I DE CV,Baja California Sur,No especificado,Diesel,27.00,27.99,+0.99
2026-10-02,PL/3347/EXP/ES/2015,SINERGIA DE ENERGETICOS SA DE CV,Puebla,San Pedro Cholula,Regular,24.29,23.99,-0.30
2026-10-02,PL/3298/EXP/ES/2015,SINERGIA DE ENERGETICOS SA DE CV,Puebla,Puebla,Regular,24.29,23.99,-0.30
2026-10-02,PL/3258/EXP/ES/2015,INMOBILIARIA LAS PALMAS MAYA SA DE CV,Baja California Sur,No especificado,Diesel,27.00,27.99,+0.99
2026-10-02,PL/3096/EXP/ES/2015,SERVICIO LA CENTRAL SA DE CV,Michoacán,Uruapan,Regular,22.89,22.99,+0.10
2026-10-02,PL/3046/EXP/ES/2015,SERVICIO MACOR SA DE CV,Oaxaca,No especificado,Premium,28.17,28.15,-0.02
2026-10-02,PL/3003/EXP/ES/2015,SERVICIO CORONA SA DE CV,San Luis Potosí,San Luis Potosí,Diesel,27.19,27.24,+0.05
2026-10-02,PL/3002/EXP/ES/2015,PETROMAX SA DE CV,Coahuila,No especificado,Regular,24.49,24.59,+0.10
2026-10-02,PL/2957/EXP/ES/2015,REMOT SA DE CV,San Luis Potosí,Rioverde,Diesel,27.29,27.39,+0.10
2026-10-02,PL/2900/EXP/ES/2015,ESTACION DE SERVICIO 0156 SA DE CV,Ciudad de México,Cuauhtémoc,Premium,29.99,29.39,-0.60
2026-10-02,PL/2880/EXP/ES/2015,COMBU-EXPRESS SA DE CV,Jalisco,El Grullo,Regular,24.49,24.00,-0.49
2026-10-02,PL/2880/EXP/ES/2015,COMBU-EXPRESS SA DE CV,Jalisco,El Grullo,Diesel,27.50,27.00,-0.50
2026-10-02,PL/2788/EXP/ES/2015,ESTACION SERVICIO LA CHARANDA SA DE CV,Michoacán,Uruapan,Regular,22.89,22.99,+0.10
2026-10-02,PL/2780/EXP/ES/2015,GAS SAL SA DE CV,Guanajuato,Salamanca,Diesel,27.09,27.19,+0.10
2026-10-02,PL/2776/EXP/ES/2015,SERVICIOS LA CATRINA DE PATZCUARO SA DE CV,Michoacán,Pátzcuaro,Regular,23.39,23.99,+0.60
2026-10-02,PL/2749/EXP/ES/2015,GASOLINERA LA VERBENA SA DE CV,Sonora,Hermosillo,Regular,24.99,23.99,-1.00
2026-10-02,PL/2725/EXP/ES/2015,SERVICIO GASOLINERO EL PRIMO SA DE CV,Durango,Durango,Premium,29.19,29.09,-0.10
2026-10-02,PL/2717/EXP/ES/2015,ADMINISTRADORA DEL COLORADO S DE RL DE CV,Baja California,No especificado,Regular,22.69,22.49,-0.20
2026-10-02,PL/2695/EXP/ES/2015,ENERGIA Y SERVICIOS COORDINADOS SA DE CV,Durango,Lerdo,Regular,24.29,23.99,-0.30
2026-10-02,PL/2671/EXP/ES/2015,VIRGINIA VANESSA LIEVANO MORENO,Chiapas,Teopisca,Regular,23.97,23.98,+0.01
2026-10-02,PL/2671/EXP/ES/2015,VIRGINIA VANESSA LIEVANO MORENO,Chiapas,Teopisca,Premium,27.97,27.98,+0.01
2026-10-02,PL/2671/EXP/ES/2015,VIRGINIA VANESSA LIEVANO MORENO,Chiapas,Teopisca,Diesel,26.97,26.98,+0.01
2026-10-02,PL/2655/EXP/ES/2015,REMOT SA DE CV,San Luis Potosí,Rioverde,Premium,28.79,28.99,+0.20
2026-10-02,PL/2655/EXP/ES/2015,REMOT SA DE CV,San Luis Potosí,Rioverde,Diesel,27.29,27.39,+0.10
2026-10-02,PL/2648/EXP/ES/2015,CENTRO DE SERVICIOS EL CRUCERO SA DE CV,Jalisco,Lagos de Moreno,Diesel,26.79,27.19,+0.40
2026-10-02,PL/2641/EXP/ES/2015,CRICSA COMBUSTIBLES SA DE CV,Oaxaca,Asunción Nochixtlán,Regular,24.10,24.18,+0.08
2026-10-02,PL/2641/EXP/ES/2015,CRICSA COMBUSTIBLES SA DE CV,Oaxaca,Asunción Nochixtlán,Diesel,27.15,27.30,+0.15
2026-10-02,PL/2608/EXP/ES/2015,REMOT SA DE CV,San Luis Potosí,Rioverde,Diesel,27.29,27.39,+0.10
2026-10-02,PL/2607/EXP/ES/2015,PETROMAX SA DE CV,Baja California,Tijuana,Premium,29.29,28.99,-0.30
2026-10-02,PL/26068/EXP/ES/2024,COMBU-EXPRESS SA DE CV,Jalisco,Atemajac de Brizuela,Regular,24.29,24.00,-0.29
2026-10-02,PL/26068/EXP/ES/2024,COMBU-EXPRESS SA DE CV,Jalisco,Atemajac de Brizuela,Diesel,27.29,27.00,-0.29
2026-10-02,PL/25999/EXP/ES/2024,ALPEZ GAS SA DE CV,Jalisco,Puerto Vallarta,Diesel,27.49,26.99,-0.50
2026-10-02,PL/25892/EXP/ES/2024,PETROMAX SA DE CV,Coahuila,Ramos Arizpe,Regular,24.59,24.69,+0.10
2026-10-02,PL/25887/EXP/ES/2024,SERVICIO CARRETERA 200 SA DE CV,Guerrero,Cuajinicuilapa,Premium,29.24,30.24,+1.00
2026-10-02,PL/25881/EXP/ES/2024,MARIA GUADALUPE RIVERO FERNANDEZ,México,Tecámac,Premium,28.19,27.89,-0.30
2026-10-02,PL/25755/EXP/ES/2024,SERVICIO AZOME SA DE CV,Guerrero,Azoyú,Premium,29.45,30.45,+1.00
2026-10-02,PL/25655/EXP/ES/2024,PETROMAX SA DE CV,Nuevo León,Gral. Escobedo,Regular,24.49,24.69,+0.20
2026-10-02,PL/25591/EXP/ES/2024,PETROMAX SA DE CV,Baja California,No especificado,Premium,28.29,28.59,+0.30
2026-10-02,PL/25579/EXP/ES/2024,COMBUSTIBLES Y LUBRICANTES VHC SA DE CV,Baja California Sur,Los Cabos,Regular,24.79,24.49,-0.30
2026-10-02,PL/25579/EXP/ES/2024,COMBUSTIBLES Y LUBRICANTES VHC SA DE CV,Baja California Sur,Los Cabos,Premium,29.79,29.49,-0.30
2026-10-02,PL/25579/EXP/ES/2024,COMBUSTIBLES Y LUBRICANTES VHC SA DE CV,Baja California Sur,Los Cabos,Diesel,27.89,27.49,-0.40
2026-10-02,PL/25573/EXP/ES/2024,COSERVIX SA DE CV,San Luis Potosí,Tamazunchale,Regular,23.70,23.90,+0.20
2026-10-02,PL/25573/EXP/ES/2024,COSERVIX SA DE CV,San Luis Potosí,Tamazunchale,Premium,27.35,27.50,+0.15
2026-10-02,PL/25542/EXP/ES/2024,COSTCO GAS SA DE CV,Coahuila,No especificado,Regular,23.99,23.89,-0.10
2026-10-02,PL/25525/EXP/ES/2024,ORBA GAS SA DE CV,Coahuila,Piedras Negras,Premium,24.00,23.90,-0.10
2026-10-02,PL/25525/EXP/ES/2024,ORBA GAS SA DE CV,Coahuila,Piedras Negras,Diesel,25.50,24.99,-0.51
2026-10-02,PL/25493/EXP/ES/2024,PETROMAX SA DE CV,Nuevo León,Cadereyta Jiménez,Regular,24.49,24.59,+0.10
2026-10-02,PL/2549/EXP/ES/2015,ENERGIA Y SERVICIOS COORDINADOS SA DE CV,Durango,Lerdo,Regular,24.29,23.99,-0.30
2026-10-02,PL/2543/EXP/ES/2015,HR SOL SERVICIOS ADMINISTRATIVOS FONDO 3 SA DE CV,México,Toluca,Regular,24.29,23.99,-0.30
2026-10-02,PL/25387/EXP/ES/2023,ESTACION DE SERVICIOS GMS S DE RL DE CV,Jalisco,San Gabriel,Regular,24.39,24.50,+0.11
2026-10-02,PL/25387/EXP/ES/2023,ESTACION DE SERVICIOS GMS S DE RL DE CV,Jalisco,San Gabriel,Premium,29.89,29.99,+0.10
2026-10-02,PL/25387/EXP/ES/2023,ESTACION DE SERVICIOS GMS S DE RL DE CV,Jalisco,San Gabriel,Diesel,27.49,27.59,+0.10
2026-10-02,PL/25259/EXP/ES/2023,SERVICIO GASOLINERO EL PRIMO SA DE CV,Durango,Durango,Diesel,26.99,27.35,+0.36
2026-10-02,PL/25158/EXP/ES/2023,COMBU-EXPRESS SA DE CV,Jalisco,Zacoalco de Torres,Regular,24.29,24.00,-0.29
2026-10-02,PL/25158/EXP/ES/2023,COMBU-EXPRESS SA DE CV,Jalisco,Zacoalco de Torres,Diesel,27.29,27.00,-0.29
2026-10-02,PL/25154/EXP/ES/2023,GAZPRO SA DE CV,Querétaro,Querétaro,Premium,27.96,27.98,+0.02
2026-10-02,PL/25118/EXP/ES/2023,ESTACIONES DE SERVICIO CAMINOS DE GUANAJUATO SA DE CV,Guanajuato,Dolores Hidalgo Cuna de la Independencia Nacional,Premium,28.80,28.99,+0.19
2026-10-02,PL/2502/EXP/ES/2015,ENERGIA Y SERVICIOS COORDINADOS SA DE CV,Durango,Gómez Palacio,Regular,24.29,23.99,-0.30
2026-10-02,PL/24738/EXP/ES/2022,PETROMAX SA DE CV,Nuevo León,García,Regular,24.59,24.69,+0.10
2026-10-02,PL/24682/EXP/ES/2022,E.S.G.E.S SA DE CV,Campeche,Campeche,Premium,28.59,28.89,+0.30
2026-10-02,PL/24501/EXP/ES/2022,PETROMAX SA DE CV,Jalisco,Tlaquepaque,Regular,24.49,24.59,+0.10
2026-10-02,PL/24486/EXP/ES/2022,SERVICIOS POCA LUZ SA DE CV,San Luis Potosí,Cedral,Premium,29.59,29.58,-0.01
2026-10-02,PL/24474/EXP/ES/2022,SERVICIO EL ONCE SA DE CV,México,Temamatla,Regular,23.39,23.45,+0.06
2026-10-02,PL/24474/EXP/ES/2022,SERVICIO EL ONCE SA DE CV,México,Temamatla,Diesel,26.95,26.85,-0.10
2026-10-02,PL/2447/EXP/ES/2015,ENERGIA Y SERVICIOS COORDINADOS SA DE CV,Coahuila,No especificado,Regular,24.49,23.99,-0.50
2026-10-02,PL/2444/EXP/ES/2015,ENERGIA Y SERVICIOS COORDINADOS SA DE CV,Coahuila,No especificado,Regular,24.49,24.59,+0.10
2026-10-02,PL/24406/EXP/ES/2022,GRUPO GASOLINERO S-91 SA DE CV,Tamaulipas,Reynosa,Premium,27.74,24.74,-3.00
2026-10-02,PL/24375/EXP/ES/2022,PETROMAX SA DE CV,Nuevo León,García,Regular,24.59,24.69,+0.10
2026-10-02,PL/24373/EXP/ES/2022,PETROMAX SA DE CV,Nuevo León,Apodaca,Regular,24.49,24.59,+0.10
2026-10-02,PL/24371/EXP/ES/2022,PETROMAX SA DE CV,Nuevo León,Santa Catarina,Regular,24.59,24.69,+0.10
2026-10-02,PL/24348/EXP/ES/2022,PETROMAX SA DE CV,Nuevo León,García,Regular,24.49,24.59,+0.10
2026-10-02,PL/24315/EXP/ES/2022,SERVICIO PETRO PESQUERIA 3 SA DE CV,Nuevo León,Pesquería,Premium,29.44,28.39,-1.05
2026-10-02,PL/24312/EXP/ES/2022,PETROMAX SA DE CV,Nuevo León,Monterrey,Regular,24.59,24.69,+0.10
2026-10-02,PL/24310/EXP/ES/2022,PETROMAX SA DE CV,Coahuila,Saltillo,Regular,24.59,24.69,+0.10
2026-10-02,PL/24304/EXP/ES/2022,PETROMAX SA DE CV,Nuevo León,Monterrey,Regular,24.59,24.69,+0.10
2026-10-02,PL/24302/EXP/ES/2022,PETROMAX SA DE CV,Nuevo León,Monterrey,Regular,24.59,24.69,+0.10
2026-10-02,PL/24289/EXP/ES/2022,COMBU-EXPRESS SA DE CV,Michoacán,Vista Hermosa,Diesel,27.39,27.00,-0.39
2026-10-02,PL/24288/EXP/ES/2022,COMBU-EXPRESS SA DE CV,Jalisco,Tecalitlán,Regular,24.39,24.00,-0.39
2026-10-02,PL/24288/EXP/ES/2022,COMBU-EXPRESS SA DE CV,Jalisco,Tecalitlán,Diesel,27.49,27.00,-0.49
2026-10-02,PL/2428/EXP/ES/2015,ENERGIA Y SERVICIOS COORDINADOS SA DE CV,Coahuila,Matamoros,Regular,24.49,23.99,-0.50
2026-10-02,PL/24071/EXP/ES/2022,MULTISERVICIOS ARIO DE ROSALES SA DE CV,Michoacán,Pátzcuaro,Regular,23.39,23.89,+0.50
2026-10-02,PL/23861/EXP/ES/2021,ENERGETICOS CUGO SA DE CV,Puebla,Puebla,Regular,23.39,22.99,-0.40
2026-10-02,PL/23800/EXP/ES/2021,SERVICIO GASOLINERO EL PRIMO SA DE CV,Durango,Durango,Premium,29.39,29.29,-0.10
2026-10-02,PL/23800/EXP/ES/2021,SERVICIO GASOLINERO EL PRIMO SA DE CV,Durango,Durango,Diesel,26.99,27.35,+0.36
2026-10-02,PL/23729/EXP/ES/2021,COSTCO GAS SA DE CV,México,No especificado,Regular,23.49,23.29,-0.20
2026-10-02,PL/23699/EXP/ES/2020,SERVICIO PETRO VALLE SA DE CV,Nuevo León,García,Premium,29.34,28.39,-0.95
2026-10-02,PL/23696/EXP/ES/2020,PETROMAX SA DE CV,Jalisco,Zapopan,Regular,24.49,24.59,+0.10
2026-10-02,PL/23695/EXP/ES/2020,PETROMAX SA DE CV,Jalisco,Guadalajara,Regular,24.59,24.69,+0.10
2026-10-02,PL/23681/EXP/ES/2020,PETROMAX SA DE CV,Jalisco,Zapopan,Regular,24.49,24.59,+0.10
2026-10-02,PL/23624/EXP/ES/2020,COSTCO GAS SA DE CV,Baja California,No especificado,Regular,21.79,21.69,-0.10
2026-10-02,PL/23251/EXP/ES/2020,PETROMAX SA DE CV,Coahuila,Saltillo,Regular,24.49,24.59,+0.10
2026-10-02,PL/23250/EXP/ES/2020,NACIONAL DE COMBUSTIBLES Y LUBRICANTES SA DE CV,México,No especificado,Regular,24.29,23.99,-0.30
2026-10-02,PL/23231/EXP/ES/2020,GASOSERVICIOS DE LA PROVINCIA SA DE CV,Jalisco,Guadalajara,Regular,23.69,23.29,-0.40
2026-10-02,PL/2317/EXP/ES/2015,NACIONAL DE COMBUSTIBLES Y LUBRICANTES SA DE CV,México,Texcoco,Regular,24.49,23.99,-0.50
2026-10-02,PL/2308/EXP/ES/2015,ENERGIA Y SERVICIOS COORDINADOS SA DE CV,Durango,Durango,Regular,24.49,23.99,-0.50
2026-10-02,PL/23043/EXP/ES/2019,PETROMAX SA DE CV,Morelos,Temixco,Regular,24.49,24.59,+0.10
2026-10-02,PL/23043/EXP/ES/2019,PETROMAX SA DE CV,Morelos,Temixco,Premium,29.29,29.99,+0.70
2026-10-02,PL/23042/EXP/ES/2019,PETROMAX SA DE CV,Durango,Gómez Palacio,Regular,24.49,24.59,+0.10
2026-10-02,PL/23020/EXP/ES/2019,EDUARDO CONTRERAS MARTINEZ,México,Polotitlán,Premium,26.48,27.98,+1.50
2026-10-02,PL/22872/EXP/ES/2019,REMOT SA DE CV,San Luis Potosí,Ciudad Fernández,Premium,28.69,28.99,+0.30
2026-10-02,PL/22872/EXP/ES/2019,REMOT SA DE CV,San Luis Potosí,Ciudad Fernández,Diesel,27.29,27.39,+0.10
2026-10-02,PL/22869/EXP/ES/2019,PETROMAX SA DE CV,Nuevo León,García,Regular,24.49,24.59,+0.10
2026-10-02,PL/22841/EXP/ES/2019,E.S.G.E.S SA DE CV,Campeche,Campeche,Premium,28.59,28.79,+0.20
2026-10-02,PL/22636/EXP/ES/2019,SERVICIO OACEMEXGAS SA DE CV,México,Tianguistenco,Regular,23.49,23.69,+0.20
2026-10-02,PL/22393/EXP/ES/2019,GRUPO GASOLINERO GOGAESDA SA DE CV,Tlaxcala,Apizaco,Premium,27.99,27.89,-0.10
2026-10-02,PL/22344/EXP/ES/2019,AUTOSERVICIO LAS POZAS DE ZIHUATANEJO SA DE CV,Guerrero,Zihuatanejo de Azueta,Diesel,27.92,28.28,+0.36
2026-10-02,PL/22335/EXP/ES/2019,ADMINISTRADORA DEL COLORADO S DE RL DE CV,Baja California,No especificado,Regular,22.79,22.59,-0.20
2026-10-02,PL/22225/EXP/ES/2019,COMERCIALIZADORA DE COMBUSTIBLES MIRAMAR SA DE CV,Tamaulipas,Altamira,Regular,23.65,23.80,+0.15
2026-10-02,PL/22225/EXP/ES/2019,COMERCIALIZADORA DE COMBUSTIBLES MIRAMAR SA DE CV,Tamaulipas,Altamira,Premium,27.60,27.75,+0.15
2026-10-02,PL/22225/EXP/ES/2019,COMERCIALIZADORA DE COMBUSTIBLES MIRAMAR SA DE CV,Tamaulipas,Altamira,Diesel,26.95,27.10,+0.15
2026-10-02,PL/21982/EXP/ES/2018,ASCHA GASOLINERA SA DE CV,Sinaloa,Guasave,Regular,23.89,23.70,-0.19
2026-10-02,PL/21896/EXP/ES/2018,RED INTERGAS S DE RL DE CV,Aguascalientes,Aguascalientes,Premium,29.59,29.69,+0.10
2026-10-02,PL/2182/EXP/ES/2015,ESTACION ARB SA DE CV,Jalisco,Guadalajara,Premium,29.49,28.90,-0.59
2026-10-02,PL/21791/EXP/ES/2018,PETROMAX SA DE CV,Nuevo León,Pesquería,Regular,24.59,24.69,+0.10
2026-10-02,PL/21781/EXP/ES/2018,COMBUSTIBLES Y LUBRICANTES VHC II SA DE CV,Baja California Sur,Los Cabos,Regular,24.79,24.49,-0.30
2026-10-02,PL/21781/EXP/ES/2018,COMBUSTIBLES Y LUBRICANTES VHC II SA DE CV,Baja California Sur,Los Cabos,Premium,29.79,29.49,-0.30
2026-10-02,PL/21781/EXP/ES/2018,COMBUSTIBLES Y LUBRICANTES VHC II SA DE CV,Baja California Sur,Los Cabos,Diesel,27.89,27.49,-0.40
2026-10-02,PL/2174/EXP/ES/2015,SERVICIO LILAMAR SA DE CV,Oaxaca,No especificado,Premium,28.16,28.15,-0.01
2026-10-02,PL/2160/EXP/ES/2015,"SERVICIO LA LOMA LOS CEDROS, S.A. DE C.V",Michoacán,La Piedad,Regular,23.48,23.98,+0.50
2026-10-02,PL/21361/EXP/ES/2018,COSTCO GAS SA DE CV,Jalisco,Puerto Vallarta,Regular,23.99,23.89,-0.10
2026-10-02,PL/21132/EXP/ES/2018,SUPER SERVICIO VALLE DE ZAPATA SA DE CV,Morelos,Temixco,Premium,28.89,28.81,-0.08
2026-10-02,PL/21132/EXP/ES/2018,SUPER SERVICIO VALLE DE ZAPATA SA DE CV,Morelos,Temixco,Diesel,26.81,26.79,-0.02
2026-10-02,PL/21020/EXP/ES/2018,PETROMAX SA DE CV,Chihuahua,Chihuahua,Regular,24.49,24.59,+0.10
2026-10-02,PL/21020/EXP/ES/2018,PETROMAX SA DE CV,Chihuahua,Chihuahua,Premium,29.49,29.59,+0.10
2026-10-02,PL/21004/EXP/ES/2018,COMBU-EXPRESS SA DE CV,Jalisco,Zapotiltic,Regular,24.39,24.00,-0.39
2026-10-02,PL/21004/EXP/ES/2018,COMBU-EXPRESS SA DE CV,Jalisco,Zapotiltic,Diesel,27.69,27.00,-0.69
2026-10-02,PL/20960/EXP/ES/2018,GRUPO OCTANO SA DE CV,Nayarit,Tepic,Diesel,27.49,27.00,-0.49
2026-10-02,PL/20845/EXP/ES/2018,GRUPO OCTANO SA DE CV,Nayarit,Tepic,Diesel,27.49,27.00,-0.49
2026-10-02,PL/20803/EXP/ES/2018,E.S.G.E.S SA DE CV,Campeche,Campeche,Premium,28.59,28.79,+0.20
2026-10-02,PL/20579/EXP/ES/2017,FELIX FRANCO CUEVAS,Querétaro,El Marqués,Premium,27.79,27.78,-0.01
2026-10-02,PL/20549/EXP/ES/2017,SERVIEXPRESS 5 DE MAYO S DE RL DE CV,Jalisco,Guadalajara,Regular,23.79,23.39,-0.40
2026-10-02,PL/20445/EXP/ES/2017,ESTACION DE SERVICIO COPACE SA DE CV,México,Cuautitlán Izcalli,Regular,23.69,23.89,+0.20
2026-10-02,PL/20330/EXP/ES/2017,PETROMAX SA DE CV,Durango,Gómez Palacio,Regular,24.59,24.69,+0.10
2026-10-02,PL/20294/EXP/ES/2017,COMERCIALIZADORA SAN FRANCISCO DE ASIS SA DE CV,Guerrero,Xochistlahuaca,Premium,29.54,31.04,+1.50
2026-10-02,PL/20280/EXP/ES/2017,ESTACION DE SERVICIO ARTEMISA SA DE CV,Puebla,Puebla,Diesel,27.99,26.99,-1.00
2026-10-02,PL/20238/EXP/ES/2017,COSTCO GAS SA DE CV,Sinaloa,Culiacán,Regular,23.49,23.39,-0.10
2026-10-02,PL/20165/EXP/ES/2017,OPERADORA DE SERVICIOS CAMINO REAL A COPOYA SA DE CV,Chiapas,Tuxtla Gutiérrez,Regular,22.55,23.99,+1.44
2026-10-02,PL/20165/EXP/ES/2017,OPERADORA DE SERVICIOS CAMINO REAL A COPOYA SA DE CV,Chiapas,Tuxtla Gutiérrez,Premium,27.17,28.09,+0.92
2026-10-02,PL/20009/EXP/ES/2017,PETROMAX SA DE CV,Baja California,Tijuana,Premium,29.49,29.59,+0.10
2026-10-02,PL/19999/EXP/ES/2017,COMBUSTIBLES Y LUBRICANTES DE TIJUANA. S DE R.L. DE C.V.,Baja California,Tijuana,Regular,22.99,22.79,-0.20
2026-10-02,PL/19962/EXP/ES/2017,ADMINISTRACION DE ESTACIONES DEL SURESTE SA DE CV,Campeche,Campeche,Premium,28.59,28.89,+0.30
2026-10-02,PL/19949/EXP/ES/2017,COSTCO GAS SA DE CV,San Luis Potosí,San Luis Potosí,Regular,23.59,23.39,-0.20
2026-10-02,PL/19904/EXP/ES/2017,GASOLINERA CORUPO SA DE CV,Michoacán,Uruapan,Regular,23.90,23.50,-0.40
2026-10-02,PL/19904/EXP/ES/2017,GASOLINERA CORUPO SA DE CV,Michoacán,Uruapan,Premium,28.90,28.40,-0.50
2026-10-02,PL/19903/EXP/ES/2017,PETROMAX SA DE CV,Chihuahua,Chihuahua,Regular,24.49,24.59,+0.10
2026-10-02,PL/19903/EXP/ES/2017,PETROMAX SA DE CV,Chihuahua,Chihuahua,Premium,29.49,29.59,+0.10
2026-10-02,PL/19839/EXP/ES/2017,SERVICIO EL ONCE SA DE CV,México,Cuautitlán Izcalli,Diesel,26.85,26.95,+0.10
2026-10-02,PL/19825/EXP/ES/2016,CORPORACION INTEGRADORA EMPRESARIAL DEL BAJIO SA DE CV,Guanajuato,Celaya,Regular,23.99,22.99,-1.00
2026-10-02,PL/19785/EXP/ES/2016,P Y C DEL BAJIO SA DE CV,Querétaro,San Juan del Río,Premium,27.99,27.75,-0.24
2026-10-02,PL/1974/EXP/ES/2015,ENERGETICOS DE LA LAGUNA SA DE CV,Nuevo León,Juárez,Regular,24.49,23.99,-0.50
2026-10-02,PL/19711/EXP/ES/2016,COMBU-EXPRESS SA DE CV,Jalisco,Zapotlán del Rey,Diesel,27.79,27.00,-0.79
2026-10-02,PL/19708/EXP/ES/2016,COMBU-EXPRESS SA DE CV,Nayarit,Ixtlán del Río,Diesel,27.49,27.00,-0.49
2026-10-02,PL/19707/EXP/ES/2016,COMBU-EXPRESS SA DE CV,Nayarit,Tepic,Diesel,27.29,27.00,-0.29
2026-10-02,PL/19706/EXP/ES/2016,COMBU-EXPRESS SA DE CV,Nayarit,Tepic,Diesel,27.29,27.00,-0.29
2026-10-02,PL/1958/EXP/ES/2015,ENERGETICOS DE LA LAGUNA SA DE CV,Nuevo León,San Nicolás de los Garza,Regular,24.49,23.99,-0.50
2026-10-02,PL/19574/EXP/ES/2016,GRUPO GASLUB DE CHIAPAS SA DE CV,Chiapas,Chiapa de Corzo,Premium,28.30,28.29,-0.01
2026-10-02,PL/1953/EXP/ES/2015,ENERGETICOS DE LA LAGUNA SA DE CV,Nuevo León,Apodaca,Regular,24.49,23.99,-0.50
2026-10-02,PL/19509/EXP/ES/2016,ENERGETICOS TECAM SA DE CV,Puebla,Tecamachalco,Regular,23.60,23.58,-0.02
2026-10-02,PL/19509/EXP/ES/2016,ENERGETICOS TECAM SA DE CV,Puebla,Tecamachalco,Premium,28.32,28.28,-0.04
2026-10-02,PL/19509/EXP/ES/2016,ENERGETICOS TECAM SA DE CV,Puebla,Tecamachalco,Diesel,26.95,26.93,-0.02
2026-10-02,PL/19487/EXP/ES/2016,GASOLINEXPRESSOLEDAD SA DE CV,San Luis Potosí,Soledad de Graciano Sánchez,Regular,23.20,22.99,-0.21
2026-10-02,PL/1941/EXP/ES/2015,ESTACION ORO SA DE CV,Baja California,Tijuana,Diesel,25.29,25.39,+0.10
2026-10-02,PL/19325/EXP/ES/2016,PETROMAX SA DE CV,Chihuahua,Chihuahua,Premium,29.49,29.59,+0.10
2026-10-02,PL/19253/EXP/ES/2016,ESTACIONES DE SERVICIO CAMINOS DE GUANAJUATO SA DE CV,Guanajuato,San Luis de la Paz,Premium,28.82,28.99,+0.17
2026-10-02,PL/1923/EXP/ES/2015,ENERGETICOS DE LA LAGUNA SA DE CV,Nuevo León,Gral. Escobedo,Regular,24.49,23.99,-0.50
2026-10-02,PL/1922/EXP/ES/2015,SINERGIA DE ENERGETICOS SA DE CV,Hidalgo,Pachuca de Soto,Regular,24.29,23.99,-0.30
2026-10-02,PL/19218/EXP/ES/2016,TRACTO CENTER MANTE SA DE CV,Tamaulipas,Tampico,Regular,23.67,23.69,+0.02
2026-10-02,PL/1917/EXP/ES/2015,PETROMAX SA DE CV,Nuevo León,Cadereyta Jiménez,Regular,24.59,24.69,+0.10
2026-10-02,PL/1909/EXP/ES/2015,ENERGETICOS DE LA LAGUNA SA DE CV,Nuevo León,Santiago,Regular,23.99,24.49,+0.50
2026-10-02,PL/18945/EXP/ES/2016,PETROMAX SA DE CV,Tamaulipas,Río Bravo,Regular,21.29,21.39,+0.10
2026-10-02,PL/18919/EXP/ES/2016,SERVICIO PASO REAL SA DE CV,Jalisco,Zapopan,Diesel,27.49,26.99,-0.50
2026-10-02,PL/18905/EXP/ES/2016,PETROMAX SA DE CV,Baja California,Tijuana,Premium,29.69,29.59,-0.10
2026-10-02,PL/1869/EXP/ES/2015,SERVICIO TUCAN SA DE CV,Ciudad de México,Nezahualcóyotl,Regular,22.99,22.89,-0.10
2026-10-02,PL/1841/EXP/ES/2015,GALAGAS SA DE CV,México,Ixtapaluca,Regular,23.56,23.55,-0.01
2026-10-02,PL/1841/EXP/ES/2015,GALAGAS SA DE CV,México,Ixtapaluca,Premium,27.76,27.75,-0.01
2026-10-02,PL/1840/EXP/ES/2015,ENERGETICOS DE LA LAGUNA SA DE CV,Nuevo León,García,Regular,23.99,24.49,+0.50
2026-10-02,PL/1792/EXP/ES/2015,HR SOL SERVICIOS ADMINISTRATIVOS FONDO 3 SA DE CV,México,Cuautitlán Izcalli,Regular,24.49,23.99,-0.50
2026-10-02,PL/1766/EXP/ES/2015,SERVICIO RAMIREZ DE TEPATITLAN SA DE CV,Jalisco,Tepatitlán de Morelos,Regular,23.99,23.59,-0.40
2026-10-02,PL/1766/EXP/ES/2015,SERVICIO RAMIREZ DE TEPATITLAN SA DE CV,Jalisco,Tepatitlán de Morelos,Diesel,27.00,26.84,-0.16
2026-10-02,PL/1757/EXP/ES/2015,SERVICIO RAMIREZ DE TEPATITLAN SA DE CV,Jalisco,Tepatitlán de Morelos,Regular,23.99,23.59,-0.40
2026-10-02,PL/1722/EXP/ES/2015,PETROMAX SA DE CV,Chihuahua,Chihuahua,Premium,29.49,29.59,+0.10
2026-10-02,PL/1672/EXP/ES/2015,PETROMAX SA DE CV,Chihuahua,Chihuahua,Regular,24.49,24.59,+0.10
2026-10-02,PL/1672/EXP/ES/2015,PETROMAX SA DE CV,Chihuahua,Chihuahua,Premium,29.49,29.59,+0.10
2026-10-02,PL/1661/EXP/ES/2015,PETROMAX SA DE CV,Chihuahua,Chihuahua,Regular,24.49,24.59,+0.10
2026-10-02,PL/1661/EXP/ES/2015,PETROMAX SA DE CV,Chihuahua,Chihuahua,Premium,29.49,29.59,+0.10
2026-10-02,PL/1558/EXP/ES/2015,ESTACION DE SERVICIOS PORTICOS SA DE CV,Baja California,Tijuana,Premium,27.99,28.19,+0.20
2026-10-02,PL/1548/EXP/ES/2015,COMBU-EXPRESS SA DE CV,Jalisco,Sayula,Premium,28.98,29.49,+0.51
2026-10-02,PL/1547/EXP/ES/2015,ESTACION ORO SA DE CV,Baja California,Tijuana,Premium,27.99,28.19,+0.20
2026-10-02,PL/13716/EXP/ES/2016,PETROMAX SA DE CV,Jalisco,Zapopan,Regular,24.49,24.59,+0.10
2026-10-02,PL/13671/EXP/ES/2016,ENERGIA Y SERVICIOS COORDINADOS SA DE CV,Durango,Lerdo,Regular,24.49,23.99,-0.50
2026-10-02,PL/13667/EXP/ES/2016,GRUPO OCTANO SA DE CV,Nayarit,Tepic,Diesel,27.49,27.00,-0.49
2026-10-02,PL/13614/EXP/ES/2016,GRUPO OCTANO SA DE CV,Nayarit,Bahía de Banderas,Regular,24.89,24.00,-0.89
2026-10-02,PL/13614/EXP/ES/2016,GRUPO OCTANO SA DE CV,Nayarit,Bahía de Banderas,Diesel,27.99,27.00,-0.99
2026-10-02,PL/1361/EXP/ES/2015,RED SIGLO XXI SA DE CV,Aguascalientes,Aguascalientes,Premium,29.64,29.70,+0.06
2026-10-02,PL/13583/EXP/ES/2016,PETROMAX SA DE CV,Nuevo León,Gral. Escobedo,Regular,24.49,24.59,+0.10
2026-10-02,PL/13582/EXP/ES/2016,PETROMAX SA DE CV,Nuevo León,Gral. Escobedo,Regular,24.59,24.69,+0.10
2026-10-02,PL/13581/EXP/ES/2016,PETROMAX SA DE CV,Coahuila,Arteaga,Regular,24.49,24.59,+0.10
2026-10-02,PL/13580/EXP/ES/2016,PETROMAX SA DE CV,Nuevo León,Pesquería,Regular,24.49,24.59,+0.10
2026-10-02,PL/13547/EXP/ES/2016,CORPORATIVO ENERVISION S A P I DE CV,Sonora,Hermosillo,Regular,24.99,23.99,-1.00
2026-10-02,PL/13415/EXP/ES/2016,COMBU-EXPRESS SA DE CV,Nayarit,Compostela,Diesel,27.49,27.00,-0.49
2026-10-02,PL/13358/EXP/ES/2016,GASOLINERA MIRANDA SA DE CV,Querétaro,El Marqués,Regular,24.00,24.19,+0.19
2026-10-02,PL/13219/EXP/ES/2016,GASOLINERA LIBRAMIENTO LA ORILLA SA DE CV,Michoacán,Lázaro Cárdenas,Premium,28.15,27.83,-0.32
2026-10-02,PL/1291/EXP/ES/2015,PETROMAX SA DE CV,Chihuahua,Chihuahua,Regular,24.59,24.69,+0.10
2026-10-02,PL/1291/EXP/ES/2015,PETROMAX SA DE CV,Chihuahua,Chihuahua,Premium,29.49,29.59,+0.10
2026-10-02,PL/1288/EXP/ES/2015,PETROMAX SA DE CV,Coahuila,No especificado,Regular,24.49,24.59,+0.10
2026-10-02,PL/1286/EXP/ES/2015,PETROMAX SA DE CV,Chihuahua,Chihuahua,Regular,24.49,24.59,+0.10
2026-10-02,PL/1286/EXP/ES/2015,PETROMAX SA DE CV,Chihuahua,Chihuahua,Premium,29.49,29.59,+0.10
2026-10-02,PL/1285/EXP/ES/2015,PETROMAX SA DE CV,Nuevo León,Santa Catarina,Regular,24.49,24.59,+0.10
2026-10-02,PL/1284/EXP/ES/2015,PETROMAX SA DE CV,Nuevo León,Gral. Escobedo,Regular,24.49,24.59,+0.10
2026-10-02,PL/1282/EXP/ES/2015,PETROMAX SA DE CV,Nuevo León,Guadalupe,Regular,24.49,24.69,+0.20
2026-10-02,PL/1280/EXP/ES/2015,PETROMAX SA DE CV,Coahuila,Ramos Arizpe,Regular,24.49,24.59,+0.10
2026-10-02,PL/1279/EXP/ES/2015,PETROMAX SA DE CV,Nuevo León,San Pedro Garza García,Regular,24.59,24.69,+0.10
2026-10-02,PL/1278/EXP/ES/2015,PETROMAX SA DE CV,México,Cuautitlán Izcalli,Premium,28.99,29.99,+1.00
2026-10-02,PL/1277/EXP/ES/2015,COMBU-EXPRESS SA DE CV,Jalisco,Autlán de Navarro,Regular,24.49,24.00,-0.49
2026-10-02,PL/1277/EXP/ES/2015,COMBU-EXPRESS SA DE CV,Jalisco,Autlán de Navarro,Diesel,27.50,27.00,-0.50
2026-10-02,PL/1260/EXP/ES/2015,COMBU-EXPRESS SA DE CV,Jalisco,Zapotlán el Grande,Regular,24.39,24.00,-0.39
2026-10-02,PL/1260/EXP/ES/2015,COMBU-EXPRESS SA DE CV,Jalisco,Zapotlán el Grande,Diesel,27.49,27.00,-0.49
2026-10-02,PL/12593/EXP/ES/2015,PETROMAX SA DE CV,Nuevo León,Monterrey,Regular,24.49,24.59,+0.10
2026-10-02,PL/1259/EXP/ES/2015,COMBU-EXPRESS SA DE CV,Jalisco,Zapotlán el Grande,Regular,24.39,24.00,-0.39
2026-10-02,PL/1259/EXP/ES/2015,COMBU-EXPRESS SA DE CV,Jalisco,Zapotlán el Grande,Diesel,27.49,27.00,-0.49
2026-10-02,PL/1245/EXP/ES/2015,COMBU-EXPRESS SA DE CV,Jalisco,La Huerta,Regular,24.59,24.00,-0.59
2026-10-02,PL/1245/EXP/ES/2015,COMBU-EXPRESS SA DE CV,Jalisco,La Huerta,Diesel,27.39,27.00,-0.39
2026-10-02,PL/1244/EXP/ES/2015,COMBU-EXPRESS SA DE CV,Jalisco,Casimiro Castillo,Regular,24.59,24.00,-0.59
2026-10-02,PL/1244/EXP/ES/2015,COMBU-EXPRESS SA DE CV,Jalisco,Casimiro Castillo,Diesel,27.39,27.00,-0.39
2026-10-02,PL/1243/EXP/ES/2015,COMBU-EXPRESS SA DE CV,Jalisco,Casimiro Castillo,Regular,24.59,24.00,-0.59
2026-10-02,PL/1243/EXP/ES/2015,COMBU-EXPRESS SA DE CV,Jalisco,Casimiro Castillo,Diesel,27.39,27.00,-0.39
2026-10-02,PL/1242/EXP/ES/2015,COMBU-EXPRESS SA DE CV,Jalisco,Villa Purificación,Regular,24.59,24.00,-0.59
2026-10-02,PL/1242/EXP/ES/2015,COMBU-EXPRESS SA DE CV,Jalisco,Villa Purificación,Diesel,27.39,27.00,-0.39
2026-10-02,PL/1241/EXP/ES/2015,COMBU-EXPRESS SA DE CV,Nayarit,Tepic,Diesel,27.29,27.00,-0.29
2026-10-02,PL/1213/EXP/ES/2015,ESTACION DE SERVICIO PUERTA GRANDE S DE RL DE CV,Guanajuato,León,Regular,23.59,23.99,+0.40
2026-10-02,PL/11996/EXP/ES/2015,HR SOL SERVICIOS ADMINISTRATIVOS FONDO 3 SA DE CV,Querétaro,San Juan del Río,Regular,24.29,23.99,-0.30
2026-10-02,PL/1196/EXP/ES/2015,NOGALES ENERGETICOS SA DE CV,Baja California Sur,No especificado,Diesel,27.00,27.99,+0.99
2026-10-02,PL/11951/EXP/ES/2015,PETROMAX SA DE CV,Jalisco,Guadalajara,Regular,24.49,24.59,+0.10
2026-10-02,PL/11950/EXP/ES/2015,GRUPO OCTANO SA DE CV,Nayarit,Tepic,Diesel,27.49,27.00,-0.49
2026-10-02,PL/1189/EXP/ES/2015,INMOBILIARIA 16 SA DE CV,Baja California,Tijuana,Premium,27.99,28.19,+0.20
2026-10-02,PL/1168/EXP/ES/2015,SERVICIO EXPRESS EL SAUZ SA DE CV,Guanajuato,Celaya,Regular,23.99,22.69,-1.30
2026-10-02,PL/1168/EXP/ES/2015,SERVICIO EXPRESS EL SAUZ SA DE CV,Guanajuato,Celaya,Premium,28.79,27.99,-0.80
2026-10-02,PL/1152/EXP/ES/2015,SERVICIO GASOLINERO EL PRIMO SA DE CV,Durango,Durango,Premium,29.19,29.09,-0.10
2026-10-02,PL/1152/EXP/ES/2015,SERVICIO GASOLINERO EL PRIMO SA DE CV,Durango,Durango,Diesel,26.99,27.35,+0.36
2026-10-02,PL/11451/EXP/ES/2015,MERCANTIL VIHESA SA DE CV,Michoacán,Irimbo,Diesel,27.50,27.00,-0.50
2026-10-02,PL/11414/EXP/ES/2015,PETROMAX SA DE CV,Nuevo León,Guadalupe,Regular,24.49,24.59,+0.10
2026-10-02,PL/11365/EXP/ES/2015,SERVICIO LAS MOJONERAS SA DE CV,Jalisco,Puerto Vallarta,Premium,29.15,29.45,+0.30
2026-10-02,PL/11275/EXP/ES/2015,NOGALES ENERGETICOS SA DE CV,Baja California Sur,No especificado,Diesel,27.00,27.99,+0.99
2026-10-02,PL/11269/EXP/ES/2015,SURENERGY S A P I DE CV,Baja California Sur,No especificado,Diesel,27.00,27.99,+0.99
2026-10-02,PL/11263/EXP/ES/2015,FEDERACION DE COOPERATIVAS PESQUERAS GASOLINERA HOLBOX SC DE RS,Quintana Roo,Lázaro Cárdenas,Regular,25.60,25.64,+0.04
2026-10-02,PL/11263/EXP/ES/2015,FEDERACION DE COOPERATIVAS PESQUERAS GASOLINERA HOLBOX SC DE RS,Quintana Roo,Lázaro Cárdenas,Diesel,29.60,29.75,+0.15
2026-10-02,PL/10856/EXP/ES/2015,SERVICIOS RODRIGUEZ EGUIA SA DE CV,San Luis Potosí,Matehuala,Premium,29.59,29.58,-0.01
2026-10-02,PL/1082/EXP/ES/2015,SERVICIO GASOLINERO EL PRIMO SA DE CV,Durango,Canatlán,Diesel,26.99,27.35,+0.36
2026-10-02,PL/10772/EXP/ES/2015,CORPORATIVO ENERVISION S A P I DE CV,Sonora,Hermosillo,Regular,24.99,23.99,-1.00
2026-10-02,PL/10772/EXP/ES/2015,CORPORATIVO ENERVISION S A P I DE CV,Sonora,Hermosillo,Diesel,27.99,27.00,-0.99
2026-10-02,PL/10769/EXP/ES/2015,CORPORATIVO ENERVISION S A P I DE CV,Sonora,Hermosillo,Regular,24.99,23.99,-1.00
2026-10-02,PL/10768/EXP/ES/2015,CORPORATIVO ENERVISION S A P I DE CV,Sonora,Hermosillo,Regular,24.99,23.99,-1.00
2026-10-02,PL/10768/EXP/ES/2015,CORPORATIVO ENERVISION S A P I DE CV,Sonora,Hermosillo,Diesel,27.99,27.00,-0.99
2026-10-02,PL/10767/EXP/ES/2015,PETROMAX SA DE CV,Chihuahua,Chihuahua,Regular,24.49,24.59,+0.10
2026-10-02,PL/10767/EXP/ES/2015,PETROMAX SA DE CV,Chihuahua,Chihuahua,Premium,29.49,29.59,+0.10
2026-10-02,PL/10764/EXP/ES/2015,CORPORATIVO ENERVISION S A P I DE CV,Sonora,Hermosillo,Regular,24.99,23.99,-1.00
2026-10-02,PL/10763/EXP/ES/2015,CORPORATIVO ENERVISION S A P I DE CV,Sonora,Hermosillo,Regular,24.99,23.99,-1.00
2026-10-02,PL/10696/EXP/ES/2015,ESTACION PIRU SA DE CV,Sonora,Hermosillo,Regular,23.59,23.69,+0.10
2026-10-02,PL/10660/EXP/ES/2015,GASOLINERIA MORELIA SA DE CV,Michoacán,Morelia,Premium,28.72,28.71,-0.01
2026-10-02,PL/10592/EXP/ES/2015,ENERGIA Y SERVICIOS COORDINADOS SA DE CV,México,Polotitlán,Regular,24.29,23.99,-0.30
2026-10-02,PL/10560/EXP/ES/2015,ESTACION PIRU SA DE CV,Baja California,Tijuana,Regular,23.19,23.29,+0.10
2026-10-02,PL/10549/EXP/ES/2015,PETROMAX SA DE CV,Chihuahua,Chihuahua,Regular,24.49,24.59,+0.10
2026-10-02,PL/10549/EXP/ES/2015,PETROMAX SA DE CV,Chihuahua,Chihuahua,Premium,29.49,29.59,+0.10
2026-10-02,PL/10548/EXP/ES/2015,PETROMAX SA DE CV,Jalisco,Zapopan,Regular,24.49,24.59,+0.10
2026-10-02,PL/10547/EXP/ES/2015,PETROMAX SA DE CV,Coahuila,No especificado,Regular,24.49,24.59,+0.10
2026-10-02,PL/10546/EXP/ES/2015,PETROMAX SA DE CV,Coahuila,No especificado,Regular,24.49,24.59,+0.10
2026-10-02,PL/10358/EXP/ES/2015,SURENERGY S A P I DE CV,Baja California Sur,No especificado,Diesel,27.00,27.99,+0.99
2026-10-02,PL/10357/EXP/ES/2015,SURENERGY S A P I DE CV,Baja California Sur,No especificado,Diesel,27.00,27.99,+0.99
2026-10-02,PL/10331/EXP/ES/2015,SURENERGY S A P I DE CV,Baja California Sur,No especificado,Diesel,27.00,27.99,+0.99
2026-10-02,PL/10298/EXP/ES/2015,TRACTO CENTER SA DE CV,Tamaulipas,Altamira,Regular,23.66,23.68,+0.02
2026-10-02,PL/10296/EXP/ES/2015,TRACTO CENTER SA DE CV,Tamaulipas,Tampico,Regular,23.69,23.71,+0.02
2026-10-02,PL/10267/EXP/ES/2015,GRUPO GASOLINERO TITAN SA DE CV,México,Tecámac,Regular,24.00,23.89,-0.11
2026-10-02,PL/1025/EXP/ES/2015,PETROLIFEROS LA TERRITORIAL S DE RL DE CV,Sonora,Santa Ana,Regular,24.49,24.25,-0.24
2026-10-02,PL/1025/EXP/ES/2015,PETROLIFEROS LA TERRITORIAL S DE RL DE CV,Sonora,Santa Ana,Diesel,27.59,27.30,-0.29
2026-10-02,PL/1010/EXP/ES/2015,COMBU-EXPRESS SA DE CV,Jalisco,Zapotiltic,Regular,24.39,24.00,-0.39
2026-10-02,PL/1010/EXP/ES/2015,COMBU-EXPRESS SA DE CV,Jalisco,Zapotiltic,Diesel,27.69,27.00,-0.69
2026-10-02,PL/1009/EXP/ES/2015,COMBU-EXPRESS SA DE CV,Jalisco,Zapotlán el Grande,Regular,24.39,24.00,-0.39
2026-10-02,PL/1009/EXP/ES/2015,COMBU-EXPRESS SA DE CV,Jalisco,Zapotlán el Grande,Diesel,27.49,27.00,-0.49
2026-10-02,PL/1008/EXP/ES/2015,COMBU-EXPRESS SA DE CV,Jalisco,Zapotlán el Grande,Regular,24.39,24.00,-0.39
2026-10-02,PL/1008/EXP/ES/2015,COMBU-EXPRESS SA DE CV,Jalisco,Zapotlán el Grande,Diesel,27.49,27.00,-0.49
2026-10-02,PL/1007/EXP/ES/2015,COMBU-EXPRESS SA DE CV,Jalisco,Zapotlán el Grande,Regular,24.39,24.00,-0.39
2026-10-02,PL/1007/EXP/ES/2015,COMBU-EXPRESS SA DE CV,Jalisco,Zapotlán el Grande,Diesel,27.49,27.00,-0.49
2026-10-02,PL/1005/EXP/ES/2015,SERVICIO IRRIGACION SA DE CV,Guanajuato,Celaya,Premium,28.29,27.99,-0.30
2026-10-02,PL/10010/EXP/ES/2015,GRUPO OCTANO SA DE CV,Jalisco,Tuxpan,Regular,24.00,24.79,+0.79
2026-10-02,PL/10009/EXP/ES/2015,GRUPO OCTANO SA DE CV,Jalisco,Tuxpan,Regular,24.00,24.79,+0.79
2026-10-02,CNE/PL/66/EXP/ES/2025,COMBU-EXPRESS SA DE CV,Jalisco,Tapalpa,Regular,24.09,24.00,-0.09
2026-10-02,CNE/PL/66/EXP/ES/2025,COMBU-EXPRESS SA DE CV,Jalisco,Tapalpa,Diesel,27.10,27.00,-0.10
2026-10-02,CNE/PL/556/EXP/ES/2025,PETROMAX SA DE CV,Coahuila,Saltillo,Regular,24.49,24.59,+0.10
2026-10-02,CNE/PL/496/EXP/ES/2025,ENERRED S DE RL DE CV,Coahuila,Acuña,Regular,20.99,21.19,+0.20
2026-10-02,CNE/PL/454/EXP/ES/2025,CIMARRON LUBRICANTES SA DE CV,Chihuahua,Chihuahua,Regular,23.38,23.45,+0.07
2026-10-02,CNE/PL/454/EXP/ES/2025,CIMARRON LUBRICANTES SA DE CV,Chihuahua,Chihuahua,Premium,27.60,27.69,+0.09
2026-10-02,CNE/PL/346/EXP/ES/2025,COMBUSTIBLES RIO MEDIO SA DE CV,Veracruz,Veracruz,Premium,26.33,26.54,+0.21
2026-10-02,CNE/PL/306/EXP/ES/2025,ADUGAS SA DE CV,Puebla,Puebla,Regular,23.79,23.39,-0.40
