Fecha,Producto,Bloque,Clave,Estaciones,Promedio,Minimo,Maximo,Diferencial_vs_minimo,P25,Mediana,P75,P90,Estacion_extremo,Permiso_extremo
2026-08-19,Regular,nacional,MX,15034,23.5020,22.50,24.50,1.00,,,,,PETROMAX SA DE CV,PL/18945/EXP/ES/2016
2026-08-19,Regular,marca,ARCO NORTE,1,23.3900,23.39,23.39,0.89,,,,,ARCO NORTE COMBUSTIBLES S DE RL DE CV,PL/1896/EXP/ES/2015
2026-08-19,Regular,marca,BP,36,23.6608,22.52,24.47,1.16,,,,,BP ESTACIONES Y SERVICIOS ENERGETICOS SA DE CV,PL/882/EXP/ES/2015
2026-08-19,Regular,marca,TOTALENERGIES,1,22.8000,22.80,22.80,0.30,,,,,TOTALENERGIES MARKETING MEXICO SA DE CV,PL/22347/EXP/ES/2019
2026-08-19,Regular,region,Centro,3560,23.5025,22.50,24.50,1.00,,,,,S.G. GASOLINEROS SA DE CV,PL/3480/EXP/ES/2015
2026-08-19,Regular,region,Golfo,1157,23.4820,22.50,24.50,0.98,,,,,SERVICIO LOS CAFETOS SA DE CV,PL/9991/EXP/ES/2015
2026-08-19,Regular,region,Noreste,2351,23.5005,22.50,24.50,1.00,,,,,PETROMAX SA DE CV,PL/18945/EXP/ES/2016
2026-08-19,Regular,region,Noroeste,2170,23.5103,22.50,24.50,1.01,,,,,ROSBELT SA DE CV,PL/5485/EXP/ES/2015
2026-08-19,Regular,region,Norte,891,23.4843,22.50,24.49,0.98,,,,,MULTISERVICIOS EL GRANILLO SA DE CV,PL/2013/EXP/ES/2015
2026-08-19,Regular,region,Occidente,3046,23.5103,22.50,24.50,1.01,,,,,GASOLINERA SERVICIO FRANCO S DE RL DE CV,PL/7992/EXP/ES/2015
2026-08-19,Regular,region,Sur,972,23.4932,22.51,24.50,0.99,,,,,LEONARDO DIAZ CRUZ,PL/4507/EXP/ES/2015
2026-08-19,Regular,region,Sureste,789,23.5065,22.50,24.50,1.01,,,,,SERVICIOS ECOLOGICOS MUYIL SA DE CV,PL/13137/EXP/ES/2016
2026-08-19,Premium,nacional,MX,13530,28.5002,27.50,29.50,1.00,,,,,ENERGIA Y SERVICIOS COORDINADOS SA DE CV,PL/11514/EXP/ES/2015
2026-08-19,Premium,marca,BP,32,28.5116,27.55,29.45,1.01,,,,,BP ESTACIONES Y SERVICIOS ENERGETICOS SA DE CV,PL/1576/EXP/ES/2015
2026-08-19,Premium,marca,TOTALENERGIES,1,27.6000,27.60,27.60,0.10,,,,,TOTALENERGIES MARKETING MEXICO SA DE CV,PL/22347/EXP/ES/2019
2026-08-19,Premium,region,Centro,3206,28.4987,27.50,29.50,1.00,,,,,HR SOL SERVICIOS ADMINISTRATIVOS FONDO 3 SA DE CV,PL/2543/EXP/ES/2015
2026-08-19,Premium,region,Golfo,1044,28.5056,27.51,29.50,1.01,,,,,"AUTOBUSES DE ORIENTE, A.D.O., S.A DE C.V.",PL/12916/EXP/ESA/2015
2026-08-19,Premium,region,Noreste,2115,28.5000,27.50,29.50,1.00,,,,,GASOLINERA BALLESTEROS IBARRA SA DE CV,PL/1826/EXP/ES/2015
2026-08-19,Premium,region,Noroeste,1972,28.4970,27.50,29.50,1.00,,,,,CORPORATIVO EMPRENDEDOR DEL NOROESTE SA DE CV,PL/7991/EXP/ES/2015
2026-08-19,Premium,region,Norte,808,28.4789,27.50,29.50,0.98,,,,,ENERGIA Y SERVICIOS COORDINADOS SA DE CV,PL/11514/EXP/ES/2015
2026-08-19,Premium,region,Occidente,2724,28.5095,27.50,29.50,1.01,,,,,ESTACION EL CRUCERO SA DE CV,PL/2031/EXP/ES/2015
2026-08-19,Premium,region,Sur,874,28.5148,27.50,29.50,1.01,,,,,ADOLFO YAIR MIJANGOS GOMEZ,PL/4648/EXP/ES/2015
2026-08-19,Premium,region,Sureste,703,28.4842,27.50,29.49,0.98,,,,,ESTACION DE SERVICIOS MERICAM SA DE CV,PL/3605/EXP/ES/2015
2026-08-19,Diesel,nacional,MX,10022,27.2537,26.50,28.00,0.75,,,,,SERVICIO AGUA DULCE S DE RL DE CV,PL/2122/EXP/ES/2015
2026-08-19,Diesel,marca,BP,25,27.2544,26.52,27.98,0.75,,,,,BP ESTACIONES Y SERVICIOS ENERGETICOS SA DE CV,PL/12897/EXP/ES/2015
2026-08-19,Diesel,region,Centro,2380,27.2521,26.50,28.00,0.75,,,,,GRUPO EMPRESARIAL MORSAL SA DE CV,CNE/PL/186/EXP/ES/2025
2026-08-19,Diesel,region,Golfo,757,27.2640,26.50,28.00,0.76,,,,,KANZ COMBUSTIBLES TRES SA DE CV,PL/2176/EXP/ES/2015
2026-08-19,Diesel,region,Noreste,1549,27.2428,26.50,28.00,0.74,,,,,ENERGIA Y SERVICIOS COORDINADOS SA DE CV,PL/2334/EXP/ES/2015
2026-08-19,Diesel,region,Noroeste,1505,27.2687,26.50,28.00,0.77,,,,,DAGAL SA DE CV,PL/6753/EXP/ES/2015
2026-08-19,Diesel,region,Norte,606,27.2480,26.51,28.00,0.75,,,,,GASOLINERA 7 LEGUAS SA DE CV,PL/22057/EXP/ES/2019
2026-08-19,Diesel,region,Occidente,2001,27.2583,26.50,28.00,0.76,,,,,SIMBA EXPRESS SA DE CV,PL/7363/EXP/ES/2015
2026-08-19,Diesel,region,Sur,621,27.2331,26.50,28.00,0.73,,,,,JOSE LOPEZ GOMEZ,PL/25890/EXP/ES/2024
2026-08-19,Diesel,region,Sureste,536,27.2406,26.50,28.00,0.74,,,,,SERVICIO AGUA DULCE S DE RL DE CV,PL/2122/EXP/ES/2015
2026-08-20,Regular,nacional,MX,13771,23.6847,15.95,29.99,7.73,,,,,SERVICIO TRES ENCINAS SA DE CV,PL/5306/EXP/ES/2015
2026-08-20,Regular,marca,ARCO NORTE,1,23.9500,23.95,23.95,8.00,,,,,ARCO NORTE COMBUSTIBLES S DE RL DE CV,PL/1896/EXP/ES/2015
2026-08-20,Regular,marca,BP,36,23.7917,18.65,23.99,7.84,,,,,BP ESTACIONES Y SERVICIOS ENERGETICOS SA DE CV,PL/10149/EXP/ES/2015
2026-08-20,Regular,region,Centro,3263,23.7096,19.25,29.99,7.76,,,,,SERVICIO TRES ENCINAS SA DE CV,PL/5306/EXP/ES/2015
2026-08-20,Regular,region,Golfo,1064,23.8096,20.35,25.29,7.86,,,,,SERVICIO LA NUEVA VICTORIA SA DE CV,PL/11457/EXP/ES/2015
2026-08-20,Regular,region,Noreste,2122,23.4065,18.65,27.74,7.46,,,,,HIDROCARBUROS EL MIRADOR SA DE CV,PL/12075/EXP/ES/2015
2026-08-20,Regular,region,Noroeste,2052,23.4689,15.95,27.50,7.52,,,,,SERVICIOS COSTA VELEROS SA DE CV,PL/19867/EXP/ES/2017
2026-08-20,Regular,region,Norte,820,22.9090,18.29,27.00,6.96,,,,,UNION DE EJIDOS DE PRODUCCION Y COMERCIALIZACION AGROPECUARIA Y FORESTAL ZONA URIQUE SIN TIPO DE SOCIEDAD,PL/4415/EXP/ES/2015
2026-08-20,Regular,region,Occidente,2820,23.9307,21.09,29.20,7.98,,,,,LUIS GERARDO HERNANDEZ ESPINOSA,PL/10189/EXP/ES/2015
2026-08-20,Regular,region,Sur,897,23.9018,19.59,29.90,7.95,,,,,ESTACION DE SERVICIOS SIGLO 2000 SA DE CV,PL/9356/EXP/ES/2015
2026-08-20,Regular,region,Sureste,726,24.4721,22.99,26.90,8.52,,,,,ENRIQUE LIMA ZUNO,PL/7627/EXP/ES/2015
2026-08-20,Premium,nacional,MX,12988,28.5063,17.44,31.99,11.07,,,,,SERVICIO SIERRA ESMERALDA SA DE CV,PL/7076/EXP/ES/2015
2026-08-20,Premium,marca,ARCO NORTE,1,27.4900,27.49,27.49,10.05,,,,,ARCO NORTE COMBUSTIBLES S DE RL DE CV,PL/1896/EXP/ES/2015
2026-08-20,Premium,marca,BP,36,28.5500,20.55,29.99,11.11,,,,,BP ESTACIONES Y SERVICIOS ENERGETICOS SA DE CV,PL/1178/EXP/ES/2015
2026-08-20,Premium,region,Centro,3169,28.2844,20.49,29.99,10.84,,,,,SERVICIOS GASOLINEROS DE MEXICO SA DE CV,PL/10986/EXP/ES/2015
2026-08-20,Premium,region,Golfo,993,28.0707,19.50,29.99,10.63,,,,,PRADERA CARDENAS SA DE CV,PL/25249/EXP/ES/2023
2026-08-20,Premium,region,Noreste,1970,28.2988,17.44,30.49,10.86,,,,,SERVICIO ANCIRA SA DE CV,PL/2720/EXP/ES/2015
2026-08-20,Premium,region,Noroeste,1934,28.7731,17.65,31.36,11.33,,,,,COMBUSTIBLES BAJA SUR SA DE CV,PL/22349/EXP/ES/2019
2026-08-20,Premium,region,Norte,673,27.5704,20.69,30.99,10.13,,,,,GASOLINERA TAMAZULA SA DE CV,PL/5200/EXP/ES/2015
2026-08-20,Premium,region,Occidente,2690,29.0925,23.99,31.99,11.65,,,,,SERVICIO SIERRA ESMERALDA SA DE CV,PL/7076/EXP/ES/2015
2026-08-20,Premium,region,Sur,870,28.7361,17.67,31.59,11.30,,,,,SERVICIOS MGM SA DE CV,PL/6272/EXP/ES/2015
2026-08-20,Premium,region,Sureste,682,28.3400,23.89,29.76,10.90,,,,,INMOBILIARIA OSTUNI SA DE CV,PL/2040/EXP/ES/2015
2026-08-20,Diesel,nacional,MX,10489,27.0148,17.99,31.99,9.02,,,,,SERVICIOS COSTA VELEROS SA DE CV,PL/19867/EXP/ES/2017
2026-08-20,Diesel,marca,ARCO NORTE,1,26.9700,26.97,26.97,8.98,,,,,ARCO NORTE COMBUSTIBLES S DE RL DE CV,PL/1896/EXP/ES/2015
2026-08-20,Diesel,marca,BP,23,26.0252,19.99,27.00,8.04,,,,,BP LOS TAMARINDOS SA DE CV,PL/24313/EXP/ES/2022
2026-08-20,Diesel,region,Centro,2588,26.9682,20.35,29.99,8.98,,,,,GASOLINERA DIMARO SA DE CV,PL/12650/EXP/ES/2015
2026-08-20,Diesel,region,Golfo,879,26.9920,22.20,28.98,9.00,,,,,SINERGIA PETROLERA DEL SURESTE SA DE CV,PL/20813/EXP/ES/2018
2026-08-20,Diesel,region,Noreste,1250,26.9154,18.30,29.99,8.93,,,,,MARIA CONCEPCION SANTOS RAMIREZ,PL/7558/EXP/ES/2015
2026-08-20,Diesel,region,Noroeste,1446,26.8982,19.99,31.99,8.91,,,,,SERVICIOS COSTA VELEROS SA DE CV,PL/19867/EXP/ES/2017
2026-08-20,Diesel,region,Norte,584,26.9596,23.99,29.99,8.97,,,,,GASOLINERA FAZA SA DE CV,PL/12608/EXP/ES/2015
2026-08-20,Diesel,region,Occidente,2373,27.0739,17.99,30.50,9.08,,,,,EMILIO RUIZ MENDEZ,PL/5631/EXP/ES/2015
2026-08-20,Diesel,region,Sur,784,27.1041,20.50,29.55,9.11,,,,,PRIMEROGAS SA DE CV,PL/12019/EXP/ES/2015
2026-08-20,Diesel,region,Sureste,580,27.4588,26.89,30.50,9.47,,,,,ENRIQUE LIMA ZUNO,PL/7627/EXP/ES/2015
2026-08-21,Regular,nacional,MX,13773,23.6831,15.94,29.90,7.74,,,,,ESTACION DE SERVICIOS SIGLO 2000 SA DE CV,PL/9356/EXP/ES/2015
2026-08-21,Regular,marca,ARCO NORTE,1,23.9500,23.95,23.95,8.01,,,,,ARCO NORTE COMBUSTIBLES S DE RL DE CV,PL/1896/EXP/ES/2015
2026-08-21,Regular,marca,BP,36,23.7917,18.65,23.99,7.85,,,,,BP ESTACIONES Y SERVICIOS ENERGETICOS SA DE CV,PL/10149/EXP/ES/2015
2026-08-21,Regular,region,Centro,3264,23.7070,15.94,27.65,7.77,,,,,CECAPIEM SA DE CV,PL/4674/EXP/ES/2015
2026-08-21,Regular,region,Golfo,1064,23.8085,20.35,25.29,7.87,,,,,SERVICIO LA NUEVA VICTORIA SA DE CV,PL/11457/EXP/ES/2015
2026-08-21,Regular,region,Noreste,2122,23.4060,18.65,27.74,7.47,,,,,HIDROCARBUROS EL MIRADOR SA DE CV,PL/12075/EXP/ES/2015
2026-08-21,Regular,region,Noroeste,2052,23.4635,15.95,27.50,7.52,,,,,SERVICIOS COSTA VELEROS SA DE CV,PL/19867/EXP/ES/2017
2026-08-21,Regular,region,Norte,820,22.9074,18.29,27.00,6.97,,,,,UNION DE EJIDOS DE PRODUCCION Y COMERCIALIZACION AGROPECUARIA Y FORESTAL ZONA URIQUE SIN TIPO DE SOCIEDAD,PL/4415/EXP/ES/2015
2026-08-21,Regular,region,Occidente,2821,23.9310,21.09,29.20,7.99,,,,,LUIS GERARDO HERNANDEZ ESPINOSA,PL/10189/EXP/ES/2015
2026-08-21,Regular,region,Sur,897,23.9017,19.59,29.90,7.96,,,,,ESTACION DE SERVICIOS SIGLO 2000 SA DE CV,PL/9356/EXP/ES/2015
2026-08-21,Regular,region,Sureste,726,24.4729,22.99,26.90,8.53,,,,,ENRIQUE LIMA ZUNO,PL/7627/EXP/ES/2015
2026-08-21,Premium,nacional,MX,12988,28.5059,17.44,31.99,11.07,,,,,SERVICIO SIERRA ESMERALDA SA DE CV,PL/7076/EXP/ES/2015
2026-08-21,Premium,marca,ARCO NORTE,1,27.4900,27.49,27.49,10.05,,,,,ARCO NORTE COMBUSTIBLES S DE RL DE CV,PL/1896/EXP/ES/2015
2026-08-21,Premium,marca,BP,36,28.5500,20.55,29.99,11.11,,,,,BP ESTACIONES Y SERVICIOS ENERGETICOS SA DE CV,PL/1178/EXP/ES/2015
2026-08-21,Premium,region,Centro,3169,28.2828,20.49,29.99,10.84,,,,,SERVICIOS GASOLINEROS DE MEXICO SA DE CV,PL/10986/EXP/ES/2015
2026-08-21,Premium,region,Golfo,993,28.0691,19.50,29.99,10.63,,,,,PRADERA CARDENAS SA DE CV,PL/25249/EXP/ES/2023
2026-08-21,Premium,region,Noreste,1970,28.2997,17.44,30.49,10.86,,,,,SERVICIO ANCIRA SA DE CV,PL/2720/EXP/ES/2015
2026-08-21,Premium,region,Noroeste,1934,28.7720,17.65,31.36,11.33,,,,,COMBUSTIBLES BAJA SUR SA DE CV,PL/22349/EXP/ES/2019
2026-08-21,Premium,region,Norte,673,27.5704,20.69,30.99,10.13,,,,,GASOLINERA TAMAZULA SA DE CV,PL/5200/EXP/ES/2015
2026-08-21,Premium,region,Occidente,2690,29.0930,23.99,31.99,11.65,,,,,SERVICIO SIERRA ESMERALDA SA DE CV,PL/7076/EXP/ES/2015
2026-08-21,Premium,region,Sur,870,28.7361,17.67,31.59,11.30,,,,,SERVICIOS MGM SA DE CV,PL/6272/EXP/ES/2015
2026-08-21,Premium,region,Sureste,682,28.3400,23.89,29.76,10.90,,,,,INMOBILIARIA OSTUNI SA DE CV,PL/2040/EXP/ES/2015
2026-08-21,Diesel,nacional,MX,10491,27.0116,16.88,31.99,10.13,,,,,SERVICIOS COSTA VELEROS SA DE CV,PL/19867/EXP/ES/2017
2026-08-21,Diesel,marca,ARCO NORTE,1,26.9700,26.97,26.97,10.09,,,,,ARCO NORTE COMBUSTIBLES S DE RL DE CV,PL/1896/EXP/ES/2015
2026-08-21,Diesel,marca,BP,23,26.0252,19.99,27.00,9.15,,,,,BP LOS TAMARINDOS SA DE CV,PL/24313/EXP/ES/2022
2026-08-21,Diesel,region,Centro,2589,26.9634,16.88,29.99,10.08,,,,,GASOLINERA DIMARO SA DE CV,PL/12650/EXP/ES/2015
2026-08-21,Diesel,region,Golfo,879,26.9924,22.20,28.98,10.11,,,,,SINERGIA PETROLERA DEL SURESTE SA DE CV,PL/20813/EXP/ES/2018
2026-08-21,Diesel,region,Noreste,1250,26.9135,18.30,29.99,10.03,,,,,MARIA CONCEPCION SANTOS RAMIREZ,PL/7558/EXP/ES/2015
2026-08-21,Diesel,region,Noroeste,1446,26.8892,19.99,31.99,10.01,,,,,SERVICIOS COSTA VELEROS SA DE CV,PL/19867/EXP/ES/2017
2026-08-21,Diesel,region,Norte,584,26.9574,23.99,29.99,10.08,,,,,GASOLINERA FAZA SA DE CV,PL/12608/EXP/ES/2015
2026-08-21,Diesel,region,Occidente,2374,27.0715,17.99,30.50,10.19,,,,,EMILIO RUIZ MENDEZ,PL/5631/EXP/ES/2015
2026-08-21,Diesel,region,Sur,784,27.1040,20.50,29.55,10.22,,,,,PRIMEROGAS SA DE CV,PL/12019/EXP/ES/2015
2026-08-21,Diesel,region,Sureste,580,27.4605,26.89,30.49,10.58,,,,,SERVICIOS GASOLINEROS DE MEXICO SA DE CV,PL/7471/EXP/ES/2015
2026-08-22,Regular,nacional,MX,13779,23.6841,15.94,29.90,7.74,,,,,ESTACION DE SERVICIOS SIGLO 2000 SA DE CV,PL/9356/EXP/ES/2015
2026-08-22,Regular,marca,ARCO NORTE,1,23.9500,23.95,23.95,8.01,,,,,ARCO NORTE COMBUSTIBLES S DE RL DE CV,PL/1896/EXP/ES/2015
2026-08-22,Regular,marca,BP,36,23.7917,18.65,23.99,7.85,,,,,BP ESTACIONES Y SERVICIOS ENERGETICOS SA DE CV,PL/10149/EXP/ES/2015
2026-08-22,Regular,region,Centro,3267,23.7058,15.94,26.69,7.77,,,,,GS GAS Q. SA DE CV,PL/6578/EXP/ES/2015
2026-08-22,Regular,region,Golfo,1064,23.8089,20.35,25.29,7.87,,,,,SERVICIO LA NUEVA VICTORIA SA DE CV,PL/11457/EXP/ES/2015
2026-08-22,Regular,region,Noreste,2125,23.4054,18.65,27.74,7.47,,,,,HIDROCARBUROS EL MIRADOR SA DE CV,PL/12075/EXP/ES/2015
2026-08-22,Regular,region,Noroeste,2052,23.4713,18.65,29.25,7.53,,,,,SUPER SERVICIO STEPHENS SA DE CV,PL/12894/EXP/ES/2015
2026-08-22,Regular,region,Norte,820,22.9090,18.29,27.00,6.97,,,,,UNION DE EJIDOS DE PRODUCCION Y COMERCIALIZACION AGROPECUARIA Y FORESTAL ZONA URIQUE SIN TIPO DE SOCIEDAD,PL/4415/EXP/ES/2015
2026-08-22,Regular,region,Occidente,2821,23.9325,21.09,29.20,7.99,,,,,LUIS GERARDO HERNANDEZ ESPINOSA,PL/10189/EXP/ES/2015
2026-08-22,Regular,region,Sur,897,23.8989,19.59,29.90,7.96,,,,,ESTACION DE SERVICIOS SIGLO 2000 SA DE CV,PL/9356/EXP/ES/2015
2026-08-22,Regular,region,Sureste,726,24.4732,22.99,26.90,8.53,,,,,ENRIQUE LIMA ZUNO,PL/7627/EXP/ES/2015
2026-08-22,Premium,nacional,MX,12991,28.5085,17.44,31.99,11.07,,,,,SERVICIO SIERRA ESMERALDA SA DE CV,PL/7076/EXP/ES/2015
2026-08-22,Premium,marca,ARCO NORTE,1,27.4900,27.49,27.49,10.05,,,,,ARCO NORTE COMBUSTIBLES S DE RL DE CV,PL/1896/EXP/ES/2015
2026-08-22,Premium,marca,BP,36,28.5500,20.55,29.99,11.11,,,,,BP ESTACIONES Y SERVICIOS ENERGETICOS SA DE CV,PL/1178/EXP/ES/2015
2026-08-22,Premium,region,Centro,3171,28.2817,20.49,29.99,10.84,,,,,SERVICIOS GASOLINEROS DE MEXICO SA DE CV,PL/10986/EXP/ES/2015
2026-08-22,Premium,region,Golfo,992,28.0694,19.50,29.99,10.63,,,,,PRADERA CARDENAS SA DE CV,PL/25249/EXP/ES/2023
2026-08-22,Premium,region,Noreste,1972,28.2987,17.44,30.49,10.86,,,,,SERVICIO ANCIRA SA DE CV,PL/2720/EXP/ES/2015
2026-08-22,Premium,region,Noroeste,1934,28.7801,20.55,31.36,11.34,,,,,COMBUSTIBLES BAJA SUR SA DE CV,PL/22349/EXP/ES/2019
2026-08-22,Premium,region,Norte,673,27.5670,20.69,30.99,10.13,,,,,GASOLINERA TAMAZULA SA DE CV,PL/5200/EXP/ES/2015
2026-08-22,Premium,region,Occidente,2690,29.1003,23.99,31.99,11.66,,,,,SERVICIO SIERRA ESMERALDA SA DE CV,PL/7076/EXP/ES/2015
2026-08-22,Premium,region,Sur,870,28.7373,17.67,31.59,11.30,,,,,SERVICIOS MGM SA DE CV,PL/6272/EXP/ES/2015
2026-08-22,Premium,region,Sureste,682,28.3470,24.89,29.76,10.91,,,,,INMOBILIARIA OSTUNI SA DE CV,PL/2040/EXP/ES/2015
2026-08-22,Diesel,nacional,MX,10495,27.0086,16.88,31.99,10.13,,,,,SERVICIOS COSTA VELEROS SA DE CV,PL/19867/EXP/ES/2017
2026-08-22,Diesel,marca,ARCO NORTE,1,26.9700,26.97,26.97,10.09,,,,,ARCO NORTE COMBUSTIBLES S DE RL DE CV,PL/1896/EXP/ES/2015
2026-08-22,Diesel,marca,BP,23,26.0252,19.99,27.00,9.15,,,,,BP LOS TAMARINDOS SA DE CV,PL/24313/EXP/ES/2022
2026-08-22,Diesel,region,Centro,2591,26.9628,16.88,29.99,10.08,,,,,GASOLINERA DIMARO SA DE CV,PL/12650/EXP/ES/2015
2026-08-22,Diesel,region,Golfo,879,26.9917,22.20,28.98,10.11,,,,,SINERGIA PETROLERA DEL SURESTE SA DE CV,PL/20813/EXP/ES/2018
2026-08-22,Diesel,region,Noreste,1252,26.9083,18.30,29.99,10.03,,,,,MARIA CONCEPCION SANTOS RAMIREZ,PL/7558/EXP/ES/2015
2026-08-22,Diesel,region,Noroeste,1446,26.8817,19.99,31.99,10.00,,,,,SERVICIOS COSTA VELEROS SA DE CV,PL/19867/EXP/ES/2017
2026-08-22,Diesel,region,Norte,584,26.9610,23.99,29.99,10.08,,,,,GASOLINERA FAZA SA DE CV,PL/12608/EXP/ES/2015
2026-08-22,Diesel,region,Occidente,2374,27.0659,17.99,30.50,10.19,,,,,EMILIO RUIZ MENDEZ,PL/5631/EXP/ES/2015
2026-08-22,Diesel,region,Sur,784,27.1021,20.50,29.55,10.22,,,,,PRIMEROGAS SA DE CV,PL/12019/EXP/ES/2015
2026-08-22,Diesel,region,Sureste,580,27.4629,26.89,30.49,10.58,,,,,SERVICIOS GASOLINEROS DE MEXICO SA DE CV,PL/7471/EXP/ES/2015
2026-08-23,Regular,nacional,MX,13780,23.6843,15.94,29.90,7.74,,,,,ESTACION DE SERVICIOS SIGLO 2000 SA DE CV,PL/9356/EXP/ES/2015
2026-08-23,Regular,marca,ARCO NORTE,1,23.9500,23.95,23.95,8.01,,,,,ARCO NORTE COMBUSTIBLES S DE RL DE CV,PL/1896/EXP/ES/2015
2026-08-23,Regular,marca,BP,36,23.7917,18.65,23.99,7.85,,,,,BP ESTACIONES Y SERVICIOS ENERGETICOS SA DE CV,PL/10149/EXP/ES/2015
2026-08-23,Regular,region,Centro,3267,23.7048,15.94,26.69,7.76,,,,,GS GAS Q. SA DE CV,PL/6578/EXP/ES/2015
2026-08-23,Regular,region,Golfo,1064,23.8045,20.35,25.29,7.86,,,,,SERVICIO LA NUEVA VICTORIA SA DE CV,PL/11457/EXP/ES/2015
2026-08-23,Regular,region,Noreste,2125,23.4054,18.65,27.74,7.47,,,,,HIDROCARBUROS EL MIRADOR SA DE CV,PL/12075/EXP/ES/2015
2026-08-23,Regular,region,Noroeste,2053,23.4763,18.65,29.25,7.54,,,,,SUPER SERVICIO STEPHENS SA DE CV,PL/12894/EXP/ES/2015
2026-08-23,Regular,region,Norte,820,22.9084,18.29,27.00,6.97,,,,,UNION DE EJIDOS DE PRODUCCION Y COMERCIALIZACION AGROPECUARIA Y FORESTAL ZONA URIQUE SIN TIPO DE SOCIEDAD,PL/4415/EXP/ES/2015
2026-08-23,Regular,region,Occidente,2821,23.9329,21.09,29.20,7.99,,,,,LUIS GERARDO HERNANDEZ ESPINOSA,PL/10189/EXP/ES/2015
2026-08-23,Regular,region,Sur,897,23.8983,19.59,29.90,7.96,,,,,ESTACION DE SERVICIOS SIGLO 2000 SA DE CV,PL/9356/EXP/ES/2015
2026-08-23,Regular,region,Sureste,726,24.4725,22.99,26.90,8.53,,,,,ENRIQUE LIMA ZUNO,PL/7627/EXP/ES/2015
2026-08-23,Premium,nacional,MX,12991,28.5112,17.44,31.99,11.07,,,,,SERVICIO SIERRA ESMERALDA SA DE CV,PL/7076/EXP/ES/2015
2026-08-23,Premium,marca,ARCO NORTE,1,27.4900,27.49,27.49,10.05,,,,,ARCO NORTE COMBUSTIBLES S DE RL DE CV,PL/1896/EXP/ES/2015
2026-08-23,Premium,marca,BP,36,28.5500,20.55,29.99,11.11,,,,,BP ESTACIONES Y SERVICIOS ENERGETICOS SA DE CV,PL/1178/EXP/ES/2015
2026-08-23,Premium,region,Centro,3171,28.2863,20.49,29.99,10.85,,,,,SERVICIOS GASOLINEROS DE MEXICO SA DE CV,PL/10986/EXP/ES/2015
2026-08-23,Premium,region,Golfo,992,28.0680,19.50,29.99,10.63,,,,,PRADERA CARDENAS SA DE CV,PL/25249/EXP/ES/2023
2026-08-23,Premium,region,Noreste,1972,28.2982,17.44,30.49,10.86,,,,,SERVICIO ANCIRA SA DE CV,PL/2720/EXP/ES/2015
2026-08-23,Premium,region,Noroeste,1934,28.7812,20.55,31.36,11.34,,,,,COMBUSTIBLES BAJA SUR SA DE CV,PL/22349/EXP/ES/2019
2026-08-23,Premium,region,Norte,673,27.5767,20.69,30.99,10.14,,,,,GASOLINERA TAMAZULA SA DE CV,PL/5200/EXP/ES/2015
2026-08-23,Premium,region,Occidente,2690,29.1053,23.99,31.99,11.67,,,,,SERVICIO SIERRA ESMERALDA SA DE CV,PL/7076/EXP/ES/2015
2026-08-23,Premium,region,Sur,870,28.7388,17.67,31.59,11.30,,,,,SERVICIOS MGM SA DE CV,PL/6272/EXP/ES/2015
2026-08-23,Premium,region,Sureste,682,28.3470,24.89,29.76,10.91,,,,,INMOBILIARIA OSTUNI SA DE CV,PL/2040/EXP/ES/2015
2026-08-23,Diesel,nacional,MX,10495,27.0115,16.88,31.99,10.13,,,,,SERVICIOS COSTA VELEROS SA DE CV,PL/19867/EXP/ES/2017
2026-08-23,Diesel,marca,ARCO NORTE,1,26.9700,26.97,26.97,10.09,,,,,ARCO NORTE COMBUSTIBLES S DE RL DE CV,PL/1896/EXP/ES/2015
2026-08-23,Diesel,marca,BP,23,26.0252,19.99,27.00,9.15,,,,,BP LOS TAMARINDOS SA DE CV,PL/24313/EXP/ES/2022
2026-08-23,Diesel,region,Centro,2591,26.9634,16.88,29.99,10.08,,,,,GASOLINERA DIMARO SA DE CV,PL/12650/EXP/ES/2015
2026-08-23,Diesel,region,Golfo,879,26.9916,22.20,28.98,10.11,,,,,SINERGIA PETROLERA DEL SURESTE SA DE CV,PL/20813/EXP/ES/2018
2026-08-23,Diesel,region,Noreste,1252,26.9052,18.30,29.99,10.03,,,,,MARIA CONCEPCION SANTOS RAMIREZ,PL/7558/EXP/ES/2015
2026-08-23,Diesel,region,Noroeste,1446,26.8935,19.99,31.99,10.01,,,,,SERVICIOS COSTA VELEROS SA DE CV,PL/19867/EXP/ES/2017
2026-08-23,Diesel,region,Norte,584,26.9682,23.99,29.99,10.09,,,,,GASOLINERA FAZA SA DE CV,PL/12608/EXP/ES/2015
2026-08-23,Diesel,region,Occidente,2374,27.0728,22.29,30.50,10.19,,,,,EMILIO RUIZ MENDEZ,PL/5631/EXP/ES/2015
2026-08-23,Diesel,region,Sur,784,27.1020,20.50,29.55,10.22,,,,,PRIMEROGAS SA DE CV,PL/12019/EXP/ES/2015
2026-08-23,Diesel,region,Sureste,580,27.4538,26.89,30.49,10.57,,,,,SERVICIOS GASOLINEROS DE MEXICO SA DE CV,PL/7471/EXP/ES/2015
2026-08-24,Regular,nacional,MX,13781,23.6848,15.94,29.90,7.74,,,,,ESTACION DE SERVICIOS SIGLO 2000 SA DE CV,PL/9356/EXP/ES/2015
2026-08-24,Regular,marca,ARCO NORTE,1,23.9500,23.95,23.95,8.01,,,,,ARCO NORTE COMBUSTIBLES S DE RL DE CV,PL/1896/EXP/ES/2015
2026-08-24,Regular,marca,BP,36,23.7917,18.65,23.99,7.85,,,,,BP ESTACIONES Y SERVICIOS ENERGETICOS SA DE CV,PL/10149/EXP/ES/2015
2026-08-24,Regular,region,Centro,3267,23.7054,15.94,26.69,7.77,,,,,GS GAS Q. SA DE CV,PL/6578/EXP/ES/2015
2026-08-24,Regular,region,Golfo,1064,23.8047,20.35,25.29,7.86,,,,,SERVICIO LA NUEVA VICTORIA SA DE CV,PL/11457/EXP/ES/2015
2026-08-24,Regular,region,Noreste,2125,23.4054,18.65,27.74,7.47,,,,,HIDROCARBUROS EL MIRADOR SA DE CV,PL/12075/EXP/ES/2015
2026-08-24,Regular,region,Noroeste,2053,23.4772,18.65,27.50,7.54,,,,,SERVICIOS COSTA VELEROS SA DE CV,PL/19867/EXP/ES/2017
2026-08-24,Regular,region,Norte,820,22.9084,18.29,27.00,6.97,,,,,UNION DE EJIDOS DE PRODUCCION Y COMERCIALIZACION AGROPECUARIA Y FORESTAL ZONA URIQUE SIN TIPO DE SOCIEDAD,PL/4415/EXP/ES/2015
2026-08-24,Regular,region,Occidente,2822,23.9339,21.09,29.20,7.99,,,,,LUIS GERARDO HERNANDEZ ESPINOSA,PL/10189/EXP/ES/2015
2026-08-24,Regular,region,Sur,897,23.8985,19.59,29.90,7.96,,,,,ESTACION DE SERVICIOS SIGLO 2000 SA DE CV,PL/9356/EXP/ES/2015
2026-08-24,Regular,region,Sureste,726,24.4725,22.99,26.90,8.53,,,,,ENRIQUE LIMA ZUNO,PL/7627/EXP/ES/2015
2026-08-24,Premium,nacional,MX,12992,28.5119,17.44,31.99,11.07,,,,,SERVICIO SIERRA ESMERALDA SA DE CV,PL/7076/EXP/ES/2015
2026-08-24,Premium,marca,ARCO NORTE,1,27.4900,27.49,27.49,10.05,,,,,ARCO NORTE COMBUSTIBLES S DE RL DE CV,PL/1896/EXP/ES/2015
2026-08-24,Premium,marca,BP,36,28.5500,20.55,29.99,11.11,,,,,BP ESTACIONES Y SERVICIOS ENERGETICOS SA DE CV,PL/1178/EXP/ES/2015
2026-08-24,Premium,region,Centro,3171,28.2873,20.49,29.99,10.85,,,,,SERVICIOS GASOLINEROS DE MEXICO SA DE CV,PL/10986/EXP/ES/2015
2026-08-24,Premium,region,Golfo,992,28.0683,19.50,29.99,10.63,,,,,PRADERA CARDENAS SA DE CV,PL/25249/EXP/ES/2023
2026-08-24,Premium,region,Noreste,1972,28.2988,17.44,30.49,10.86,,,,,SERVICIO ANCIRA SA DE CV,PL/2720/EXP/ES/2015
2026-08-24,Premium,region,Noroeste,1934,28.7814,20.55,31.36,11.34,,,,,COMBUSTIBLES BAJA SUR SA DE CV,PL/22349/EXP/ES/2019
2026-08-24,Premium,region,Norte,673,27.5767,20.69,30.99,10.14,,,,,GASOLINERA TAMAZULA SA DE CV,PL/5200/EXP/ES/2015
2026-08-24,Premium,region,Occidente,2691,29.1057,23.99,31.99,11.67,,,,,SERVICIO SIERRA ESMERALDA SA DE CV,PL/7076/EXP/ES/2015
2026-08-24,Premium,region,Sur,870,28.7415,17.67,31.59,11.30,,,,,SERVICIOS MGM SA DE CV,PL/6272/EXP/ES/2015
2026-08-24,Premium,region,Sureste,682,28.3470,24.89,29.76,10.91,,,,,INMOBILIARIA OSTUNI SA DE CV,PL/2040/EXP/ES/2015
2026-08-24,Diesel,nacional,MX,10496,27.0118,16.88,31.99,10.13,,,,,SERVICIOS COSTA VELEROS SA DE CV,PL/19867/EXP/ES/2017
2026-08-24,Diesel,marca,ARCO NORTE,1,26.9700,26.97,26.97,10.09,,,,,ARCO NORTE COMBUSTIBLES S DE RL DE CV,PL/1896/EXP/ES/2015
2026-08-24,Diesel,marca,BP,23,26.0252,19.99,27.00,9.15,,,,,BP LOS TAMARINDOS SA DE CV,PL/24313/EXP/ES/2022
2026-08-24,Diesel,region,Centro,2591,26.9632,16.88,29.99,10.08,,,,,GASOLINERA DIMARO SA DE CV,PL/12650/EXP/ES/2015
2026-08-24,Diesel,region,Golfo,879,26.9916,22.20,28.98,10.11,,,,,SINERGIA PETROLERA DEL SURESTE SA DE CV,PL/20813/EXP/ES/2018
2026-08-24,Diesel,region,Noreste,1252,26.9020,18.30,29.99,10.02,,,,,MARIA CONCEPCION SANTOS RAMIREZ,PL/7558/EXP/ES/2015
2026-08-24,Diesel,region,Noroeste,1446,26.8981,19.99,31.99,10.02,,,,,SERVICIOS COSTA VELEROS SA DE CV,PL/19867/EXP/ES/2017
2026-08-24,Diesel,region,Norte,584,26.9682,23.99,29.99,10.09,,,,,GASOLINERA FAZA SA DE CV,PL/12608/EXP/ES/2015
2026-08-24,Diesel,region,Occidente,2375,27.0737,22.29,30.50,10.19,,,,,EMILIO RUIZ MENDEZ,PL/5631/EXP/ES/2015
2026-08-24,Diesel,region,Sur,784,27.1013,20.50,29.55,10.22,,,,,PRIMEROGAS SA DE CV,PL/12019/EXP/ES/2015
2026-08-24,Diesel,region,Sureste,580,27.4538,26.89,30.49,10.57,,,,,SERVICIOS GASOLINEROS DE MEXICO SA DE CV,PL/7471/EXP/ES/2015
2026-08-25,Regular,nacional,MX,13781,23.6857,15.94,29.90,7.75,,,,,ESTACION DE SERVICIOS SIGLO 2000 SA DE CV,PL/9356/EXP/ES/2015
2026-08-25,Regular,marca,ARCO NORTE,1,23.9500,23.95,23.95,8.01,,,,,ARCO NORTE COMBUSTIBLES S DE RL DE CV,PL/1896/EXP/ES/2015
2026-08-25,Regular,marca,BP,36,23.7917,18.65,23.99,7.85,,,,,BP ESTACIONES Y SERVICIOS ENERGETICOS SA DE CV,PL/10149/EXP/ES/2015
2026-08-25,Regular,region,Centro,3267,23.7062,15.94,26.69,7.77,,,,,GS GAS Q. SA DE CV,PL/6578/EXP/ES/2015
2026-08-25,Regular,region,Golfo,1064,23.8092,20.35,25.29,7.87,,,,,SERVICIO LA NUEVA VICTORIA SA DE CV,PL/11457/EXP/ES/2015
2026-08-25,Regular,region,Noreste,2125,23.4051,18.65,27.74,7.47,,,,,HIDROCARBUROS EL MIRADOR SA DE CV,PL/12075/EXP/ES/2015
2026-08-25,Regular,region,Noroeste,2053,23.4801,18.65,27.50,7.54,,,,,SERVICIOS COSTA VELEROS SA DE CV,PL/19867/EXP/ES/2017
2026-08-25,Regular,region,Norte,820,22.9075,18.29,27.00,6.97,,,,,UNION DE EJIDOS DE PRODUCCION Y COMERCIALIZACION AGROPECUARIA Y FORESTAL ZONA URIQUE SIN TIPO DE SOCIEDAD,PL/4415/EXP/ES/2015
2026-08-25,Regular,region,Occidente,2822,23.9339,21.09,29.20,7.99,,,,,LUIS GERARDO HERNANDEZ ESPINOSA,PL/10189/EXP/ES/2015
2026-08-25,Regular,region,Sur,897,23.9001,19.59,29.90,7.96,,,,,ESTACION DE SERVICIOS SIGLO 2000 SA DE CV,PL/9356/EXP/ES/2015
2026-08-25,Regular,region,Sureste,726,24.4725,22.99,26.90,8.53,,,,,ENRIQUE LIMA ZUNO,PL/7627/EXP/ES/2015
2026-08-25,Premium,nacional,MX,12992,28.5175,17.44,31.99,11.08,,,,,SERVICIO SIERRA ESMERALDA SA DE CV,PL/7076/EXP/ES/2015
2026-08-25,Premium,marca,ARCO NORTE,1,27.4900,27.49,27.49,10.05,,,,,ARCO NORTE COMBUSTIBLES S DE RL DE CV,PL/1896/EXP/ES/2015
2026-08-25,Premium,marca,BP,36,28.5500,20.55,29.99,11.11,,,,,BP ESTACIONES Y SERVICIOS ENERGETICOS SA DE CV,PL/1178/EXP/ES/2015
2026-08-25,Premium,region,Centro,3171,28.2960,20.49,29.99,10.86,,,,,SERVICIOS GASOLINEROS DE MEXICO SA DE CV,PL/10986/EXP/ES/2015
2026-08-25,Premium,region,Golfo,992,28.0829,19.50,29.99,10.64,,,,,PRADERA CARDENAS SA DE CV,PL/25249/EXP/ES/2023
2026-08-25,Premium,region,Noreste,1972,28.3028,17.44,30.49,10.86,,,,,SERVICIO ANCIRA SA DE CV,PL/2720/EXP/ES/2015
2026-08-25,Premium,region,Noroeste,1934,28.7837,20.55,31.36,11.34,,,,,COMBUSTIBLES BAJA SUR SA DE CV,PL/22349/EXP/ES/2019
2026-08-25,Premium,region,Norte,673,27.5771,20.69,30.99,10.14,,,,,GASOLINERA TAMAZULA SA DE CV,PL/5200/EXP/ES/2015
2026-08-25,Premium,region,Occidente,2691,29.1131,23.99,31.99,11.67,,,,,SERVICIO SIERRA ESMERALDA SA DE CV,PL/7076/EXP/ES/2015
2026-08-25,Premium,region,Sur,870,28.7463,17.67,31.59,11.31,,,,,SERVICIOS MGM SA DE CV,PL/6272/EXP/ES/2015
2026-08-25,Premium,region,Sureste,682,28.3388,23.99,29.76,10.90,,,,,INMOBILIARIA OSTUNI SA DE CV,PL/2040/EXP/ES/2015
2026-08-25,Diesel,nacional,MX,10496,27.0115,16.88,31.99,10.13,,,,,SERVICIOS COSTA VELEROS SA DE CV,PL/19867/EXP/ES/2017
2026-08-25,Diesel,marca,ARCO NORTE,1,26.9700,26.97,26.97,10.09,,,,,ARCO NORTE COMBUSTIBLES S DE RL DE CV,PL/1896/EXP/ES/2015
2026-08-25,Diesel,marca,BP,23,26.0252,19.99,27.00,9.15,,,,,BP LOS TAMARINDOS SA DE CV,PL/24313/EXP/ES/2022
2026-08-25,Diesel,region,Centro,2591,26.9621,16.88,29.99,10.08,,,,,GASOLINERA DIMARO SA DE CV,PL/12650/EXP/ES/2015
2026-08-25,Diesel,region,Golfo,879,26.9928,22.20,28.98,10.11,,,,,SINERGIA PETROLERA DEL SURESTE SA DE CV,PL/20813/EXP/ES/2018
2026-08-25,Diesel,region,Noreste,1252,26.9067,18.30,29.99,10.03,,,,,MARIA CONCEPCION SANTOS RAMIREZ,PL/7558/EXP/ES/2015
2026-08-25,Diesel,region,Noroeste,1446,26.8951,19.99,31.99,10.02,,,,,SERVICIOS COSTA VELEROS SA DE CV,PL/19867/EXP/ES/2017
2026-08-25,Diesel,region,Norte,584,26.9655,23.99,29.99,10.09,,,,,GASOLINERA FAZA SA DE CV,PL/12608/EXP/ES/2015
2026-08-25,Diesel,region,Occidente,2375,27.0723,22.29,30.50,10.19,,,,,EMILIO RUIZ MENDEZ,PL/5631/EXP/ES/2015
2026-08-25,Diesel,region,Sur,784,27.1013,20.50,29.55,10.22,,,,,PRIMEROGAS SA DE CV,PL/12019/EXP/ES/2015
2026-08-25,Diesel,region,Sureste,580,27.4562,26.89,30.49,10.58,,,,,SERVICIOS GASOLINEROS DE MEXICO SA DE CV,PL/7471/EXP/ES/2015
2026-08-26,Regular,nacional,MX,13781,23.6851,15.94,29.90,7.75,,,,,ESTACION DE SERVICIOS SIGLO 2000 SA DE CV,PL/9356/EXP/ES/2015
2026-08-26,Regular,marca,ARCO NORTE,1,23.9500,23.95,23.95,8.01,,,,,ARCO NORTE COMBUSTIBLES S DE RL DE CV,PL/1896/EXP/ES/2015
2026-08-26,Regular,marca,BP,36,23.7917,18.65,23.99,7.85,,,,,BP ESTACIONES Y SERVICIOS ENERGETICOS SA DE CV,PL/10149/EXP/ES/2015
2026-08-26,Regular,region,Centro,3267,23.7040,15.94,26.69,7.76,,,,,GS GAS Q. SA DE CV,PL/6578/EXP/ES/2015
2026-08-26,Regular,region,Golfo,1064,23.8092,20.35,25.29,7.87,,,,,SERVICIO LA NUEVA VICTORIA SA DE CV,PL/11457/EXP/ES/2015
2026-08-26,Regular,region,Noreste,2124,23.4049,18.65,27.74,7.46,,,,,HIDROCARBUROS EL MIRADOR SA DE CV,PL/12075/EXP/ES/2015
2026-08-26,Regular,region,Noroeste,2053,23.4816,18.65,27.50,7.54,,,,,SERVICIOS COSTA VELEROS SA DE CV,PL/19867/EXP/ES/2017
2026-08-26,Regular,region,Norte,820,22.9076,18.29,27.00,6.97,,,,,UNION DE EJIDOS DE PRODUCCION Y COMERCIALIZACION AGROPECUARIA Y FORESTAL ZONA URIQUE SIN TIPO DE SOCIEDAD,PL/4415/EXP/ES/2015
2026-08-26,Regular,region,Occidente,2823,23.9316,21.09,29.20,7.99,,,,,LUIS GERARDO HERNANDEZ ESPINOSA,PL/10189/EXP/ES/2015
2026-08-26,Regular,region,Sur,897,23.9009,19.59,29.90,7.96,,,,,ESTACION DE SERVICIOS SIGLO 2000 SA DE CV,PL/9356/EXP/ES/2015
2026-08-26,Regular,region,Sureste,726,24.4725,22.99,26.90,8.53,,,,,ENRIQUE LIMA ZUNO,PL/7627/EXP/ES/2015
2026-08-26,Premium,nacional,MX,12993,28.5287,17.44,31.99,11.09,,,,,SERVICIO SIERRA ESMERALDA SA DE CV,PL/7076/EXP/ES/2015
2026-08-26,Premium,marca,ARCO NORTE,1,27.8900,27.89,27.89,10.45,,,,,ARCO NORTE COMBUSTIBLES S DE RL DE CV,PL/1896/EXP/ES/2015
2026-08-26,Premium,marca,BP,36,28.5500,20.55,29.99,11.11,,,,,BP ESTACIONES Y SERVICIOS ENERGETICOS SA DE CV,PL/1178/EXP/ES/2015
2026-08-26,Premium,region,Centro,3171,28.3036,20.49,29.99,10.86,,,,,SERVICIOS GASOLINEROS DE MEXICO SA DE CV,PL/10986/EXP/ES/2015
2026-08-26,Premium,region,Golfo,992,28.0858,19.50,29.99,10.65,,,,,PRADERA CARDENAS SA DE CV,PL/25249/EXP/ES/2023
2026-08-26,Premium,region,Noreste,1972,28.3033,17.44,30.49,10.86,,,,,SERVICIO ANCIRA SA DE CV,PL/2720/EXP/ES/2015
2026-08-26,Premium,region,Noroeste,1934,28.7829,20.55,31.36,11.34,,,,,COMBUSTIBLES BAJA SUR SA DE CV,PL/22349/EXP/ES/2019
2026-08-26,Premium,region,Norte,673,27.5796,20.69,30.99,10.14,,,,,GASOLINERA TAMAZULA SA DE CV,PL/5200/EXP/ES/2015
2026-08-26,Premium,region,Occidente,2692,29.1146,23.99,31.99,11.67,,,,,SERVICIO SIERRA ESMERALDA SA DE CV,PL/7076/EXP/ES/2015
2026-08-26,Premium,region,Sur,870,28.7512,17.67,31.59,11.31,,,,,SERVICIOS MGM SA DE CV,PL/6272/EXP/ES/2015
2026-08-26,Premium,region,Sureste,682,28.4956,24.89,29.96,11.06,,,,,INMOBILIARIA OSTUNI SA DE CV,PL/2040/EXP/ES/2015
2026-08-26,Diesel,nacional,MX,10496,27.0110,16.88,31.99,10.13,,,,,SERVICIOS COSTA VELEROS SA DE CV,PL/19867/EXP/ES/2017
2026-08-26,Diesel,marca,ARCO NORTE,1,26.9700,26.97,26.97,10.09,,,,,ARCO NORTE COMBUSTIBLES S DE RL DE CV,PL/1896/EXP/ES/2015
2026-08-26,Diesel,marca,BP,23,26.0252,19.99,27.00,9.15,,,,,BP LOS TAMARINDOS SA DE CV,PL/24313/EXP/ES/2022
2026-08-26,Diesel,region,Centro,2591,26.9595,16.88,29.99,10.08,,,,,GASOLINERA DIMARO SA DE CV,PL/12650/EXP/ES/2015
2026-08-26,Diesel,region,Golfo,879,26.9928,22.20,28.98,10.11,,,,,SINERGIA PETROLERA DEL SURESTE SA DE CV,PL/20813/EXP/ES/2018
2026-08-26,Diesel,region,Noreste,1251,26.9081,18.30,29.99,10.03,,,,,MARIA CONCEPCION SANTOS RAMIREZ,PL/7558/EXP/ES/2015
2026-08-26,Diesel,region,Noroeste,1446,26.8957,19.99,31.99,10.02,,,,,SERVICIOS COSTA VELEROS SA DE CV,PL/19867/EXP/ES/2017
2026-08-26,Diesel,region,Norte,584,26.9612,23.99,29.99,10.08,,,,,GASOLINERA FAZA SA DE CV,PL/12608/EXP/ES/2015
2026-08-26,Diesel,region,Occidente,2376,27.0734,22.29,30.50,10.19,,,,,EMILIO RUIZ MENDEZ,PL/5631/EXP/ES/2015
2026-08-26,Diesel,region,Sur,784,27.1007,20.50,29.55,10.22,,,,,PRIMEROGAS SA DE CV,PL/12019/EXP/ES/2015
2026-08-26,Diesel,region,Sureste,580,27.4552,26.89,30.10,10.58,,,,,FEDERACION DE COOPERATIVAS PESQUERAS GASOLINERA HOLBOX SC DE RS,PL/11263/EXP/ES/2015
2026-08-27,Regular,nacional,MX,13783,23.6852,15.94,29.90,7.75,,,,,ESTACION DE SERVICIOS SIGLO 2000 SA DE CV,PL/9356/EXP/ES/2015
2026-08-27,Regular,marca,ARCO NORTE,1,23.9500,23.95,23.95,8.01,,,,,ARCO NORTE COMBUSTIBLES S DE RL DE CV,PL/1896/EXP/ES/2015
2026-08-27,Regular,marca,BP,36,23.7917,18.65,23.99,7.85,,,,,BP ESTACIONES Y SERVICIOS ENERGETICOS SA DE CV,PL/10149/EXP/ES/2015
2026-08-27,Regular,region,Centro,3267,23.7044,15.94,26.69,7.76,,,,,GS GAS Q. SA DE CV,PL/6578/EXP/ES/2015
2026-08-27,Regular,region,Golfo,1064,23.8098,20.35,25.29,7.87,,,,,SERVICIO LA NUEVA VICTORIA SA DE CV,PL/11457/EXP/ES/2015
2026-08-27,Regular,region,Noreste,2124,23.4016,18.65,27.74,7.46,,,,,HIDROCARBUROS EL MIRADOR SA DE CV,PL/12075/EXP/ES/2015
2026-08-27,Regular,region,Noroeste,2053,23.4820,18.65,27.50,7.54,,,,,SERVICIOS COSTA VELEROS SA DE CV,PL/19867/EXP/ES/2017
2026-08-27,Regular,region,Norte,820,22.9085,18.29,27.00,6.97,,,,,UNION DE EJIDOS DE PRODUCCION Y COMERCIALIZACION AGROPECUARIA Y FORESTAL ZONA URIQUE SIN TIPO DE SOCIEDAD,PL/4415/EXP/ES/2015
2026-08-27,Regular,region,Occidente,2823,23.9330,21.09,29.20,7.99,,,,,LUIS GERARDO HERNANDEZ ESPINOSA,PL/10189/EXP/ES/2015
2026-08-27,Regular,region,Sur,898,23.9004,19.59,29.90,7.96,,,,,ESTACION DE SERVICIOS SIGLO 2000 SA DE CV,PL/9356/EXP/ES/2015
2026-08-27,Regular,region,Sureste,727,24.4738,22.99,26.90,8.53,,,,,ENRIQUE LIMA ZUNO,PL/7627/EXP/ES/2015
2026-08-27,Premium,nacional,MX,12995,28.5338,17.44,31.99,11.09,,,,,SERVICIO SIERRA ESMERALDA SA DE CV,PL/7076/EXP/ES/2015
2026-08-27,Premium,marca,ARCO NORTE,1,27.8900,27.89,27.89,10.45,,,,,ARCO NORTE COMBUSTIBLES S DE RL DE CV,PL/1896/EXP/ES/2015
2026-08-27,Premium,marca,BP,36,28.5500,20.55,29.99,11.11,,,,,BP ESTACIONES Y SERVICIOS ENERGETICOS SA DE CV,PL/1178/EXP/ES/2015
2026-08-27,Premium,region,Centro,3171,28.3103,20.49,29.99,10.87,,,,,SERVICIOS GASOLINEROS DE MEXICO SA DE CV,PL/10986/EXP/ES/2015
2026-08-27,Premium,region,Golfo,992,28.0872,19.50,29.99,10.65,,,,,PRADERA CARDENAS SA DE CV,PL/25249/EXP/ES/2023
2026-08-27,Premium,region,Noreste,1972,28.3038,17.44,30.49,10.86,,,,,SERVICIO ANCIRA SA DE CV,PL/2720/EXP/ES/2015
2026-08-27,Premium,region,Noroeste,1934,28.7912,20.55,31.36,11.35,,,,,COMBUSTIBLES BAJA SUR SA DE CV,PL/22349/EXP/ES/2019
2026-08-27,Premium,region,Norte,673,27.5763,20.69,30.99,10.14,,,,,GASOLINERA TAMAZULA SA DE CV,PL/5200/EXP/ES/2015
2026-08-27,Premium,region,Occidente,2692,29.1174,23.99,31.99,11.68,,,,,SERVICIO SIERRA ESMERALDA SA DE CV,PL/7076/EXP/ES/2015
2026-08-27,Premium,region,Sur,871,28.7557,17.67,31.59,11.32,,,,,SERVICIOS MGM SA DE CV,PL/6272/EXP/ES/2015
2026-08-27,Premium,region,Sureste,683,28.5204,24.89,29.96,11.08,,,,,INMOBILIARIA OSTUNI SA DE CV,PL/2040/EXP/ES/2015
2026-08-27,Diesel,nacional,MX,10498,27.0101,16.88,31.99,10.13,,,,,SERVICIOS COSTA VELEROS SA DE CV,PL/19867/EXP/ES/2017
2026-08-27,Diesel,marca,ARCO NORTE,1,26.9700,26.97,26.97,10.09,,,,,ARCO NORTE COMBUSTIBLES S DE RL DE CV,PL/1896/EXP/ES/2015
2026-08-27,Diesel,marca,BP,23,26.0252,19.99,27.00,9.15,,,,,BP LOS TAMARINDOS SA DE CV,PL/24313/EXP/ES/2022
2026-08-27,Diesel,region,Centro,2591,26.9595,16.88,29.99,10.08,,,,,GASOLINERA DIMARO SA DE CV,PL/12650/EXP/ES/2015
2026-08-27,Diesel,region,Golfo,879,26.9930,22.20,28.98,10.11,,,,,SINERGIA PETROLERA DEL SURESTE SA DE CV,PL/20813/EXP/ES/2018
2026-08-27,Diesel,region,Noreste,1251,26.9075,18.30,29.99,10.03,,,,,MARIA CONCEPCION SANTOS RAMIREZ,PL/7558/EXP/ES/2015
2026-08-27,Diesel,region,Noroeste,1446,26.8905,19.99,31.99,10.01,,,,,SERVICIOS COSTA VELEROS SA DE CV,PL/19867/EXP/ES/2017
2026-08-27,Diesel,region,Norte,584,26.9560,23.99,29.99,10.08,,,,,GASOLINERA FAZA SA DE CV,PL/12608/EXP/ES/2015
2026-08-27,Diesel,region,Occidente,2376,27.0734,22.29,30.50,10.19,,,,,EMILIO RUIZ MENDEZ,PL/5631/EXP/ES/2015
2026-08-27,Diesel,region,Sur,785,27.1014,20.50,29.55,10.22,,,,,PRIMEROGAS SA DE CV,PL/12019/EXP/ES/2015
2026-08-27,Diesel,region,Sureste,581,27.4565,26.89,30.10,10.58,,,,,FEDERACION DE COOPERATIVAS PESQUERAS GASOLINERA HOLBOX SC DE RS,PL/11263/EXP/ES/2015
2026-08-28,Regular,nacional,MX,13784,23.6839,15.94,29.90,7.74,,,,,ESTACION DE SERVICIOS SIGLO 2000 SA DE CV,PL/9356/EXP/ES/2015
2026-08-28,Regular,marca,ARCO NORTE,1,23.9500,23.95,23.95,8.01,,,,,ARCO NORTE COMBUSTIBLES S DE RL DE CV,PL/1896/EXP/ES/2015
2026-08-28,Regular,marca,BP,36,23.7917,18.65,23.99,7.85,,,,,BP ESTACIONES Y SERVICIOS ENERGETICOS SA DE CV,PL/10149/EXP/ES/2015
2026-08-28,Regular,region,Centro,3267,23.7041,15.94,26.69,7.76,,,,,GS GAS Q. SA DE CV,PL/6578/EXP/ES/2015
2026-08-28,Regular,region,Golfo,1064,23.8084,20.35,25.29,7.87,,,,,SERVICIO LA NUEVA VICTORIA SA DE CV,PL/11457/EXP/ES/2015
2026-08-28,Regular,region,Noreste,2124,23.3998,18.65,27.74,7.46,,,,,HIDROCARBUROS EL MIRADOR SA DE CV,PL/12075/EXP/ES/2015
2026-08-28,Regular,region,Noroeste,2053,23.4801,18.65,27.50,7.54,,,,,SERVICIOS COSTA VELEROS SA DE CV,PL/19867/EXP/ES/2017
2026-08-28,Regular,region,Norte,820,22.9073,18.29,27.00,6.97,,,,,UNION DE EJIDOS DE PRODUCCION Y COMERCIALIZACION AGROPECUARIA Y FORESTAL ZONA URIQUE SIN TIPO DE SOCIEDAD,PL/4415/EXP/ES/2015
2026-08-28,Regular,region,Occidente,2824,23.9307,21.09,29.20,7.99,,,,,LUIS GERARDO HERNANDEZ ESPINOSA,PL/10189/EXP/ES/2015
2026-08-28,Regular,region,Sur,898,23.9004,19.59,29.90,7.96,,,,,ESTACION DE SERVICIOS SIGLO 2000 SA DE CV,PL/9356/EXP/ES/2015
2026-08-28,Regular,region,Sureste,727,24.4738,22.99,26.90,8.53,,,,,ENRIQUE LIMA ZUNO,PL/7627/EXP/ES/2015
2026-08-28,Premium,nacional,MX,12997,28.5365,17.44,31.99,11.10,,,,,SERVICIO SIERRA ESMERALDA SA DE CV,PL/7076/EXP/ES/2015
2026-08-28,Premium,marca,ARCO NORTE,1,27.8900,27.89,27.89,10.45,,,,,ARCO NORTE COMBUSTIBLES S DE RL DE CV,PL/1896/EXP/ES/2015
2026-08-28,Premium,marca,BP,36,28.5500,20.55,29.99,11.11,,,,,BP ESTACIONES Y SERVICIOS ENERGETICOS SA DE CV,PL/1178/EXP/ES/2015
2026-08-28,Premium,region,Centro,3171,28.3148,20.49,29.99,10.87,,,,,SERVICIOS GASOLINEROS DE MEXICO SA DE CV,PL/10986/EXP/ES/2015
2026-08-28,Premium,region,Golfo,993,28.0873,19.50,29.99,10.65,,,,,PRADERA CARDENAS SA DE CV,PL/25249/EXP/ES/2023
2026-08-28,Premium,region,Noreste,1972,28.3039,17.44,30.49,10.86,,,,,SERVICIO ANCIRA SA DE CV,PL/2720/EXP/ES/2015
2026-08-28,Premium,region,Noroeste,1934,28.7930,20.55,31.36,11.35,,,,,COMBUSTIBLES BAJA SUR SA DE CV,PL/22349/EXP/ES/2019
2026-08-28,Premium,region,Norte,673,27.5762,20.69,30.99,10.14,,,,,GASOLINERA TAMAZULA SA DE CV,PL/5200/EXP/ES/2015
2026-08-28,Premium,region,Occidente,2693,29.1214,23.99,31.99,11.68,,,,,SERVICIO SIERRA ESMERALDA SA DE CV,PL/7076/EXP/ES/2015
2026-08-28,Premium,region,Sur,871,28.7579,17.67,31.59,11.32,,,,,SERVICIOS MGM SA DE CV,PL/6272/EXP/ES/2015
2026-08-28,Premium,region,Sureste,683,28.5289,24.89,29.96,11.09,,,,,INMOBILIARIA OSTUNI SA DE CV,PL/2040/EXP/ES/2015
2026-08-28,Diesel,nacional,MX,10499,27.0072,16.88,31.99,10.13,,,,,SERVICIOS COSTA VELEROS SA DE CV,PL/19867/EXP/ES/2017
2026-08-28,Diesel,marca,ARCO NORTE,1,26.9700,26.97,26.97,10.09,,,,,ARCO NORTE COMBUSTIBLES S DE RL DE CV,PL/1896/EXP/ES/2015
2026-08-28,Diesel,marca,BP,23,26.0252,19.99,27.00,9.15,,,,,BP LOS TAMARINDOS SA DE CV,PL/24313/EXP/ES/2022
2026-08-28,Diesel,region,Centro,2591,26.9604,16.88,29.99,10.08,,,,,GASOLINERA DIMARO SA DE CV,PL/12650/EXP/ES/2015
2026-08-28,Diesel,region,Golfo,879,26.9926,22.20,28.98,10.11,,,,,SINERGIA PETROLERA DEL SURESTE SA DE CV,PL/20813/EXP/ES/2018
2026-08-28,Diesel,region,Noreste,1251,26.9052,18.30,29.99,10.03,,,,,MARIA CONCEPCION SANTOS RAMIREZ,PL/7558/EXP/ES/2015
2026-08-28,Diesel,region,Noroeste,1446,26.8801,19.99,31.99,10.00,,,,,SERVICIOS COSTA VELEROS SA DE CV,PL/19867/EXP/ES/2017
2026-08-28,Diesel,region,Norte,584,26.9538,23.99,29.99,10.07,,,,,GASOLINERA FAZA SA DE CV,PL/12608/EXP/ES/2015
2026-08-28,Diesel,region,Occidente,2377,27.0677,22.29,30.50,10.19,,,,,EMILIO RUIZ MENDEZ,PL/5631/EXP/ES/2015
2026-08-28,Diesel,region,Sur,785,27.1014,20.50,29.55,10.22,,,,,PRIMEROGAS SA DE CV,PL/12019/EXP/ES/2015
2026-08-28,Diesel,region,Sureste,581,27.4569,26.89,30.10,10.58,,,,,FEDERACION DE COOPERATIVAS PESQUERAS GASOLINERA HOLBOX SC DE RS,PL/11263/EXP/ES/2015
2026-08-29,Regular,nacional,MX,13785,23.6792,15.94,29.99,7.74,,,,,COMBUSTIBLES FLOHIN SA DE CV,PL/26001/EXP/ES/2024
2026-08-29,Regular,marca,ARCO NORTE,1,23.9500,23.95,23.95,8.01,,,,,ARCO NORTE COMBUSTIBLES S DE RL DE CV,PL/1896/EXP/ES/2015
2026-08-29,Regular,marca,BP,36,23.7917,18.65,23.99,7.85,,,,,BP ESTACIONES Y SERVICIOS ENERGETICOS SA DE CV,PL/10149/EXP/ES/2015
2026-08-29,Regular,region,Centro,3267,23.7044,15.94,26.69,7.76,,,,,GS GAS Q. SA DE CV,PL/6578/EXP/ES/2015
2026-08-29,Regular,region,Golfo,1064,23.8088,20.35,25.29,7.87,,,,,SERVICIO LA NUEVA VICTORIA SA DE CV,PL/11457/EXP/ES/2015
2026-08-29,Regular,region,Noreste,2124,23.3699,18.65,29.99,7.43,,,,,COMBUSTIBLES FLOHIN SA DE CV,PL/26001/EXP/ES/2024
2026-08-29,Regular,region,Noroeste,2053,23.4894,18.65,27.50,7.55,,,,,SERVICIOS COSTA VELEROS SA DE CV,PL/19867/EXP/ES/2017
2026-08-29,Regular,region,Norte,820,22.8968,18.29,27.00,6.96,,,,,UNION DE EJIDOS DE PRODUCCION Y COMERCIALIZACION AGROPECUARIA Y FORESTAL ZONA URIQUE SIN TIPO DE SOCIEDAD,PL/4415/EXP/ES/2015
2026-08-29,Regular,region,Occidente,2825,23.9285,21.09,29.20,7.99,,,,,LUIS GERARDO HERNANDEZ ESPINOSA,PL/10189/EXP/ES/2015
2026-08-29,Regular,region,Sur,898,23.8918,19.59,25.80,7.95,,,,,RUBEN CUELLAR SAAVEDRA,PL/11321/EXP/ES/2015
2026-08-29,Regular,region,Sureste,727,24.4738,22.99,26.90,8.53,,,,,ENRIQUE LIMA ZUNO,PL/7627/EXP/ES/2015
2026-08-29,Premium,nacional,MX,12998,28.5402,17.44,31.99,11.10,,,,,SERVICIO SIERRA ESMERALDA SA DE CV,PL/7076/EXP/ES/2015
2026-08-29,Premium,marca,ARCO NORTE,1,27.8900,27.89,27.89,10.45,,,,,ARCO NORTE COMBUSTIBLES S DE RL DE CV,PL/1896/EXP/ES/2015
2026-08-29,Premium,marca,BP,36,28.5500,20.55,29.99,11.11,,,,,BP ESTACIONES Y SERVICIOS ENERGETICOS SA DE CV,PL/1178/EXP/ES/2015
2026-08-29,Premium,region,Centro,3171,28.3249,20.49,29.99,10.88,,,,,SERVICIOS GASOLINEROS DE MEXICO SA DE CV,PL/10986/EXP/ES/2015
2026-08-29,Premium,region,Golfo,993,28.0844,19.50,29.99,10.64,,,,,PRADERA CARDENAS SA DE CV,PL/25249/EXP/ES/2023
2026-08-29,Premium,region,Noreste,1972,28.2996,17.44,30.49,10.86,,,,,SERVICIO ANCIRA SA DE CV,PL/2720/EXP/ES/2015
2026-08-29,Premium,region,Noroeste,1934,28.7940,20.55,31.36,11.35,,,,,COMBUSTIBLES BAJA SUR SA DE CV,PL/22349/EXP/ES/2019
2026-08-29,Premium,region,Norte,673,27.5727,20.69,30.99,10.13,,,,,GASOLINERA TAMAZULA SA DE CV,PL/5200/EXP/ES/2015
2026-08-29,Premium,region,Occidente,2694,29.1285,23.99,31.99,11.69,,,,,SERVICIO SIERRA ESMERALDA SA DE CV,PL/7076/EXP/ES/2015
2026-08-29,Premium,region,Sur,871,28.7530,17.67,31.59,11.31,,,,,SERVICIOS MGM SA DE CV,PL/6272/EXP/ES/2015
2026-08-29,Premium,region,Sureste,683,28.5456,24.89,29.96,11.11,,,,,INMOBILIARIA OSTUNI SA DE CV,PL/2040/EXP/ES/2015
2026-08-29,Diesel,nacional,MX,10499,27.0099,16.88,31.99,10.13,,,,,SERVICIOS COSTA VELEROS SA DE CV,PL/19867/EXP/ES/2017
2026-08-29,Diesel,marca,ARCO NORTE,1,26.9700,26.97,26.97,10.09,,,,,ARCO NORTE COMBUSTIBLES S DE RL DE CV,PL/1896/EXP/ES/2015
2026-08-29,Diesel,marca,BP,23,26.0252,19.99,27.00,9.15,,,,,BP LOS TAMARINDOS SA DE CV,PL/24313/EXP/ES/2022
2026-08-29,Diesel,region,Centro,2590,26.9622,16.88,29.99,10.08,,,,,GASOLINERA DIMARO SA DE CV,PL/12650/EXP/ES/2015
2026-08-29,Diesel,region,Golfo,879,26.9912,22.20,28.98,10.11,,,,,SINERGIA PETROLERA DEL SURESTE SA DE CV,PL/20813/EXP/ES/2018
2026-08-29,Diesel,region,Noreste,1251,26.9015,18.30,29.99,10.02,,,,,MARIA CONCEPCION SANTOS RAMIREZ,PL/7558/EXP/ES/2015
2026-08-29,Diesel,region,Noroeste,1446,26.8870,19.99,31.99,10.01,,,,,SERVICIOS COSTA VELEROS SA DE CV,PL/19867/EXP/ES/2017
2026-08-29,Diesel,region,Norte,584,26.9621,23.99,29.99,10.08,,,,,GASOLINERA FAZA SA DE CV,PL/12608/EXP/ES/2015
2026-08-29,Diesel,region,Occidente,2378,27.0735,22.29,30.50,10.19,,,,,EMILIO RUIZ MENDEZ,PL/5631/EXP/ES/2015
2026-08-29,Diesel,region,Sur,785,27.1023,20.50,29.55,10.22,,,,,PRIMEROGAS SA DE CV,PL/12019/EXP/ES/2015
2026-08-29,Diesel,region,Sureste,581,27.4577,26.89,30.10,10.58,,,,,FEDERACION DE COOPERATIVAS PESQUERAS GASOLINERA HOLBOX SC DE RS,PL/11263/EXP/ES/2015
2026-08-30,Regular,nacional,MX,13786,23.6784,15.94,29.99,7.74,,,,,COMBUSTIBLES FLOHIN SA DE CV,PL/26001/EXP/ES/2024
2026-08-30,Regular,marca,ARCO NORTE,1,23.9500,23.95,23.95,8.01,,,,,ARCO NORTE COMBUSTIBLES S DE RL DE CV,PL/1896/EXP/ES/2015
2026-08-30,Regular,marca,BP,36,23.7917,18.65,23.99,7.85,,,,,BP ESTACIONES Y SERVICIOS ENERGETICOS SA DE CV,PL/10149/EXP/ES/2015
2026-08-30,Regular,region,Centro,3266,23.7020,15.94,26.69,7.76,,,,,GS GAS Q. SA DE CV,PL/6578/EXP/ES/2015
2026-08-30,Regular,region,Golfo,1064,23.8064,20.35,25.29,7.87,,,,,SERVICIO LA NUEVA VICTORIA SA DE CV,PL/11457/EXP/ES/2015
2026-08-30,Regular,region,Noreste,2124,23.3710,18.65,29.99,7.43,,,,,COMBUSTIBLES FLOHIN SA DE CV,PL/26001/EXP/ES/2024
2026-08-30,Regular,region,Noroeste,2053,23.4896,18.65,27.50,7.55,,,,,SERVICIOS COSTA VELEROS SA DE CV,PL/19867/EXP/ES/2017
2026-08-30,Regular,region,Norte,820,22.8969,18.29,27.00,6.96,,,,,UNION DE EJIDOS DE PRODUCCION Y COMERCIALIZACION AGROPECUARIA Y FORESTAL ZONA URIQUE SIN TIPO DE SOCIEDAD,PL/4415/EXP/ES/2015
2026-08-30,Regular,region,Occidente,2827,23.9274,21.09,29.20,7.99,,,,,LUIS GERARDO HERNANDEZ ESPINOSA,PL/10189/EXP/ES/2015
2026-08-30,Regular,region,Sur,898,23.8919,19.59,25.80,7.95,,,,,RUBEN CUELLAR SAAVEDRA,PL/11321/EXP/ES/2015
2026-08-30,Regular,region,Sureste,727,24.4738,22.99,26.90,8.53,,,,,ENRIQUE LIMA ZUNO,PL/7627/EXP/ES/2015
2026-08-30,Premium,nacional,MX,12999,28.5453,17.44,31.99,11.11,,,,,SERVICIO SIERRA ESMERALDA SA DE CV,PL/7076/EXP/ES/2015
2026-08-30,Premium,marca,ARCO NORTE,1,27.8900,27.89,27.89,10.45,,,,,ARCO NORTE COMBUSTIBLES S DE RL DE CV,PL/1896/EXP/ES/2015
2026-08-30,Premium,marca,BP,36,28.5500,20.55,29.99,11.11,,,,,BP ESTACIONES Y SERVICIOS ENERGETICOS SA DE CV,PL/1178/EXP/ES/2015
2026-08-30,Premium,region,Centro,3170,28.3308,20.49,29.99,10.89,,,,,SERVICIOS GASOLINEROS DE MEXICO SA DE CV,PL/10986/EXP/ES/2015
2026-08-30,Premium,region,Golfo,993,28.0959,19.50,29.99,10.66,,,,,PRADERA CARDENAS SA DE CV,PL/25249/EXP/ES/2023
2026-08-30,Premium,region,Noreste,1972,28.3033,17.44,30.49,10.86,,,,,SERVICIO ANCIRA SA DE CV,PL/2720/EXP/ES/2015
2026-08-30,Premium,region,Noroeste,1934,28.7979,20.55,31.36,11.36,,,,,COMBUSTIBLES BAJA SUR SA DE CV,PL/22349/EXP/ES/2019
2026-08-30,Premium,region,Norte,673,27.5770,20.69,30.99,10.14,,,,,GASOLINERA TAMAZULA SA DE CV,PL/5200/EXP/ES/2015
2026-08-30,Premium,region,Occidente,2696,29.1325,23.99,31.99,11.69,,,,,SERVICIO SIERRA ESMERALDA SA DE CV,PL/7076/EXP/ES/2015
2026-08-30,Premium,region,Sur,871,28.7565,17.67,31.59,11.32,,,,,SERVICIOS MGM SA DE CV,PL/6272/EXP/ES/2015
2026-08-30,Premium,region,Sureste,683,28.5508,24.89,29.96,11.11,,,,,INMOBILIARIA OSTUNI SA DE CV,PL/2040/EXP/ES/2015
2026-08-30,Diesel,nacional,MX,10500,27.0121,16.88,31.99,10.13,,,,,SERVICIOS COSTA VELEROS SA DE CV,PL/19867/EXP/ES/2017
2026-08-30,Diesel,marca,ARCO NORTE,1,26.9700,26.97,26.97,10.09,,,,,ARCO NORTE COMBUSTIBLES S DE RL DE CV,PL/1896/EXP/ES/2015
2026-08-30,Diesel,marca,BP,23,26.0252,19.99,27.00,9.15,,,,,BP LOS TAMARINDOS SA DE CV,PL/24313/EXP/ES/2022
2026-08-30,Diesel,region,Centro,2589,26.9629,16.88,29.99,10.08,,,,,GRUPO REYOLGAS SA DE CV,CNE/PL/632/EXP/ES/2026
2026-08-30,Diesel,region,Golfo,879,26.9918,22.20,28.98,10.11,,,,,SINERGIA PETROLERA DEL SURESTE SA DE CV,PL/20813/EXP/ES/2018
2026-08-30,Diesel,region,Noreste,1251,26.9023,18.30,29.99,10.02,,,,,MARIA CONCEPCION SANTOS RAMIREZ,PL/7558/EXP/ES/2015
2026-08-30,Diesel,region,Noroeste,1446,26.8962,19.99,31.99,10.02,,,,,SERVICIOS COSTA VELEROS SA DE CV,PL/19867/EXP/ES/2017
2026-08-30,Diesel,region,Norte,584,26.9676,23.99,29.99,10.09,,,,,GASOLINERA FAZA SA DE CV,PL/12608/EXP/ES/2015
2026-08-30,Diesel,region,Occidente,2380,27.0748,22.29,30.50,10.19,,,,,EMILIO RUIZ MENDEZ,PL/5631/EXP/ES/2015
2026-08-30,Diesel,region,Sur,785,27.1013,20.50,29.55,10.22,,,,,PRIMEROGAS SA DE CV,PL/12019/EXP/ES/2015
2026-08-30,Diesel,region,Sureste,581,27.4577,26.89,30.10,10.58,,,,,FEDERACION DE COOPERATIVAS PESQUERAS GASOLINERA HOLBOX SC DE RS,PL/11263/EXP/ES/2015
2026-08-31,Regular,nacional,MX,13786,23.6767,15.94,29.99,7.74,,,,,COMBUSTIBLES FLOHIN SA DE CV,PL/26001/EXP/ES/2024
2026-08-31,Regular,marca,ARCO NORTE,1,23.9500,23.95,23.95,8.01,,,,,ARCO NORTE COMBUSTIBLES S DE RL DE CV,PL/1896/EXP/ES/2015
2026-08-31,Regular,marca,BP,36,23.7917,18.65,23.99,7.85,,,,,BP ESTACIONES Y SERVICIOS ENERGETICOS SA DE CV,PL/10149/EXP/ES/2015
2026-08-31,Regular,region,Centro,3266,23.7028,15.94,26.69,7.76,,,,,GS GAS Q. SA DE CV,PL/6578/EXP/ES/2015
2026-08-31,Regular,region,Golfo,1064,23.8084,20.35,25.29,7.87,,,,,SERVICIO LA NUEVA VICTORIA SA DE CV,PL/11457/EXP/ES/2015
2026-08-31,Regular,region,Noreste,2124,23.3602,18.65,29.99,7.42,,,,,COMBUSTIBLES FLOHIN SA DE CV,PL/26001/EXP/ES/2024
2026-08-31,Regular,region,Noroeste,2053,23.4897,18.65,27.50,7.55,,,,,SERVICIOS COSTA VELEROS SA DE CV,PL/19867/EXP/ES/2017
2026-08-31,Regular,region,Norte,820,22.8883,18.29,27.00,6.95,,,,,UNION DE EJIDOS DE PRODUCCION Y COMERCIALIZACION AGROPECUARIA Y FORESTAL ZONA URIQUE SIN TIPO DE SOCIEDAD,PL/4415/EXP/ES/2015
2026-08-31,Regular,region,Occidente,2827,23.9279,21.09,29.20,7.99,,,,,LUIS GERARDO HERNANDEZ ESPINOSA,PL/10189/EXP/ES/2015
2026-08-31,Regular,region,Sur,898,23.8921,19.59,25.80,7.95,,,,,RUBEN CUELLAR SAAVEDRA,PL/11321/EXP/ES/2015
2026-08-31,Regular,region,Sureste,727,24.4738,22.99,26.90,8.53,,,,,ENRIQUE LIMA ZUNO,PL/7627/EXP/ES/2015
2026-08-31,Premium,nacional,MX,12999,28.5459,17.44,31.99,11.11,,,,,SERVICIO SIERRA ESMERALDA SA DE CV,PL/7076/EXP/ES/2015
2026-08-31,Premium,marca,ARCO NORTE,1,27.8900,27.89,27.89,10.45,,,,,ARCO NORTE COMBUSTIBLES S DE RL DE CV,PL/1896/EXP/ES/2015
2026-08-31,Premium,marca,BP,36,28.5500,20.55,29.99,11.11,,,,,BP ESTACIONES Y SERVICIOS ENERGETICOS SA DE CV,PL/1178/EXP/ES/2015
2026-08-31,Premium,region,Centro,3170,28.3310,20.49,29.99,10.89,,,,,SERVICIOS GASOLINEROS DE MEXICO SA DE CV,PL/10986/EXP/ES/2015
2026-08-31,Premium,region,Golfo,993,28.0973,19.50,29.99,10.66,,,,,PRADERA CARDENAS SA DE CV,PL/25249/EXP/ES/2023
2026-08-31,Premium,region,Noreste,1972,28.3033,17.44,30.49,10.86,,,,,SERVICIO ANCIRA SA DE CV,PL/2720/EXP/ES/2015
2026-08-31,Premium,region,Noroeste,1934,28.7984,20.55,31.36,11.36,,,,,COMBUSTIBLES BAJA SUR SA DE CV,PL/22349/EXP/ES/2019
2026-08-31,Premium,region,Norte,673,27.5770,20.69,30.99,10.14,,,,,GASOLINERA TAMAZULA SA DE CV,PL/5200/EXP/ES/2015
2026-08-31,Premium,region,Occidente,2696,29.1333,23.99,31.99,11.69,,,,,SERVICIO SIERRA ESMERALDA SA DE CV,PL/7076/EXP/ES/2015
2026-08-31,Premium,region,Sur,871,28.7580,17.67,31.59,11.32,,,,,SERVICIOS MGM SA DE CV,PL/6272/EXP/ES/2015
2026-08-31,Premium,region,Sureste,683,28.5520,24.89,29.96,11.11,,,,,INMOBILIARIA OSTUNI SA DE CV,PL/2040/EXP/ES/2015
2026-08-31,Diesel,nacional,MX,10500,27.0121,16.88,31.99,10.13,,,,,SERVICIOS COSTA VELEROS SA DE CV,PL/19867/EXP/ES/2017
2026-08-31,Diesel,marca,ARCO NORTE,1,26.9700,26.97,26.97,10.09,,,,,ARCO NORTE COMBUSTIBLES S DE RL DE CV,PL/1896/EXP/ES/2015
2026-08-31,Diesel,marca,BP,23,26.0252,19.99,27.00,9.15,,,,,BP LOS TAMARINDOS SA DE CV,PL/24313/EXP/ES/2022
2026-08-31,Diesel,region,Centro,2589,26.9633,16.88,29.99,10.08,,,,,GRUPO REYOLGAS SA DE CV,CNE/PL/632/EXP/ES/2026
2026-08-31,Diesel,region,Golfo,879,26.9927,22.20,28.98,10.11,,,,,SINERGIA PETROLERA DEL SURESTE SA DE CV,PL/20813/EXP/ES/2018
2026-08-31,Diesel,region,Noreste,1251,26.9023,18.30,29.99,10.02,,,,,MARIA CONCEPCION SANTOS RAMIREZ,PL/7558/EXP/ES/2015
2026-08-31,Diesel,region,Noroeste,1446,26.8953,19.99,31.99,10.02,,,,,SERVICIOS COSTA VELEROS SA DE CV,PL/19867/EXP/ES/2017
2026-08-31,Diesel,region,Norte,584,26.9676,23.99,29.99,10.09,,,,,GASOLINERA FAZA SA DE CV,PL/12608/EXP/ES/2015
2026-08-31,Diesel,region,Occidente,2380,27.0748,22.29,30.50,10.19,,,,,EMILIO RUIZ MENDEZ,PL/5631/EXP/ES/2015
2026-08-31,Diesel,region,Sur,785,27.1014,20.50,29.55,10.22,,,,,PRIMEROGAS SA DE CV,PL/12019/EXP/ES/2015
2026-08-31,Diesel,region,Sureste,581,27.4577,26.89,30.10,10.58,,,,,FEDERACION DE COOPERATIVAS PESQUERAS GASOLINERA HOLBOX SC DE RS,PL/11263/EXP/ES/2015
2026-09-01,Regular,nacional,MX,13788,23.6761,15.94,29.99,7.74,,,,,COMBUSTIBLES FLOHIN SA DE CV,PL/26001/EXP/ES/2024
2026-09-01,Regular,marca,ARCO NORTE,1,23.9500,23.95,23.95,8.01,,,,,ARCO NORTE COMBUSTIBLES S DE RL DE CV,PL/1896/EXP/ES/2015
2026-09-01,Regular,marca,BP,36,23.7917,18.65,23.99,7.85,,,,,BP ESTACIONES Y SERVICIOS ENERGETICOS SA DE CV,PL/10149/EXP/ES/2015
2026-09-01,Regular,region,Centro,3267,23.7015,15.94,26.69,7.76,,,,,GS GAS Q. SA DE CV,PL/6578/EXP/ES/2015
2026-09-01,Regular,region,Golfo,1064,23.8097,20.35,25.29,7.87,,,,,SERVICIO LA NUEVA VICTORIA SA DE CV,PL/11457/EXP/ES/2015
2026-09-01,Regular,region,Noreste,2124,23.3581,18.65,29.99,7.42,,,,,COMBUSTIBLES FLOHIN SA DE CV,PL/26001/EXP/ES/2024
2026-09-01,Regular,region,Noroeste,2053,23.4925,18.65,27.50,7.55,,,,,SERVICIOS COSTA VELEROS SA DE CV,PL/19867/EXP/ES/2017
2026-09-01,Regular,region,Norte,820,22.8737,18.29,27.00,6.93,,,,,UNION DE EJIDOS DE PRODUCCION Y COMERCIALIZACION AGROPECUARIA Y FORESTAL ZONA URIQUE SIN TIPO DE SOCIEDAD,PL/4415/EXP/ES/2015
2026-09-01,Regular,region,Occidente,2828,23.9291,21.09,29.20,7.99,,,,,LUIS GERARDO HERNANDEZ ESPINOSA,PL/10189/EXP/ES/2015
2026-09-01,Regular,region,Sur,898,23.8932,19.59,25.80,7.95,,,,,RUBEN CUELLAR SAAVEDRA,PL/11321/EXP/ES/2015
2026-09-01,Regular,region,Sureste,727,24.4738,22.99,26.90,8.53,,,,,ENRIQUE LIMA ZUNO,PL/7627/EXP/ES/2015
2026-09-01,Premium,nacional,MX,13001,28.5510,17.44,31.99,11.11,,,,,SERVICIO SIERRA ESMERALDA SA DE CV,PL/7076/EXP/ES/2015
2026-09-01,Premium,marca,ARCO NORTE,1,27.8900,27.89,27.89,10.45,,,,,ARCO NORTE COMBUSTIBLES S DE RL DE CV,PL/1896/EXP/ES/2015
2026-09-01,Premium,marca,BP,36,28.5500,20.55,29.99,11.11,,,,,BP ESTACIONES Y SERVICIOS ENERGETICOS SA DE CV,PL/1178/EXP/ES/2015
2026-09-01,Premium,region,Centro,3171,28.3388,20.49,29.99,10.90,,,,,SERVICIOS GASOLINEROS DE MEXICO SA DE CV,PL/10986/EXP/ES/2015
2026-09-01,Premium,region,Golfo,993,28.1049,19.50,29.99,10.66,,,,,PRADERA CARDENAS SA DE CV,PL/25249/EXP/ES/2023
2026-09-01,Premium,region,Noreste,1972,28.3073,17.44,30.49,10.87,,,,,SERVICIO ANCIRA SA DE CV,PL/2720/EXP/ES/2015
2026-09-01,Premium,region,Noroeste,1934,28.8005,20.55,31.71,11.36,,,,,EXACTO COMBUSTIBLES SA DE CV,PL/5823/EXP/ES/2015
2026-09-01,Premium,region,Norte,673,27.5783,20.69,30.99,10.14,,,,,GASOLINERA TAMAZULA SA DE CV,PL/5200/EXP/ES/2015
2026-09-01,Premium,region,Occidente,2697,29.1376,23.99,31.99,11.70,,,,,SERVICIO SIERRA ESMERALDA SA DE CV,PL/7076/EXP/ES/2015
2026-09-01,Premium,region,Sur,871,28.7669,17.67,31.59,11.33,,,,,SERVICIOS MGM SA DE CV,PL/6272/EXP/ES/2015
2026-09-01,Premium,region,Sureste,683,28.5552,24.89,29.96,11.12,,,,,INMOBILIARIA OSTUNI SA DE CV,PL/2040/EXP/ES/2015
2026-09-01,Diesel,nacional,MX,10502,27.0113,16.88,31.99,10.13,,,,,SERVICIOS COSTA VELEROS SA DE CV,PL/19867/EXP/ES/2017
2026-09-01,Diesel,marca,ARCO NORTE,1,26.9700,26.97,26.97,10.09,,,,,ARCO NORTE COMBUSTIBLES S DE RL DE CV,PL/1896/EXP/ES/2015
2026-09-01,Diesel,marca,BP,23,26.0252,19.99,27.00,9.15,,,,,BP LOS TAMARINDOS SA DE CV,PL/24313/EXP/ES/2022
2026-09-01,Diesel,region,Centro,2590,26.9619,16.88,29.99,10.08,,,,,GRUPO REYOLGAS SA DE CV,CNE/PL/632/EXP/ES/2026
2026-09-01,Diesel,region,Golfo,879,26.9912,22.20,28.98,10.11,,,,,SINERGIA PETROLERA DEL SURESTE SA DE CV,PL/20813/EXP/ES/2018
2026-09-01,Diesel,region,Noreste,1251,26.9038,18.30,29.99,10.02,,,,,MARIA CONCEPCION SANTOS RAMIREZ,PL/7558/EXP/ES/2015
2026-09-01,Diesel,region,Noroeste,1446,26.8933,19.99,31.99,10.01,,,,,SERVICIOS COSTA VELEROS SA DE CV,PL/19867/EXP/ES/2017
2026-09-01,Diesel,region,Norte,584,26.9694,23.99,29.99,10.09,,,,,GASOLINERA FAZA SA DE CV,PL/12608/EXP/ES/2015
2026-09-01,Diesel,region,Occidente,2381,27.0733,22.29,30.50,10.19,,,,,EMILIO RUIZ MENDEZ,PL/5631/EXP/ES/2015
2026-09-01,Diesel,region,Sur,785,27.1014,20.50,29.55,10.22,,,,,PRIMEROGAS SA DE CV,PL/12019/EXP/ES/2015
2026-09-01,Diesel,region,Sureste,581,27.4576,26.89,30.10,10.58,,,,,FEDERACION DE COOPERATIVAS PESQUERAS GASOLINERA HOLBOX SC DE RS,PL/11263/EXP/ES/2015
2026-09-02,Regular,nacional,MX,13788,23.6722,15.94,29.99,7.73,,,,,COMBUSTIBLES FLOHIN SA DE CV,PL/26001/EXP/ES/2024
2026-09-02,Regular,marca,ARCO NORTE,1,23.9500,23.95,23.95,8.01,,,,,ARCO NORTE COMBUSTIBLES S DE RL DE CV,PL/1896/EXP/ES/2015
2026-09-02,Regular,marca,BP,36,23.7917,18.65,23.99,7.85,,,,,BP ESTACIONES Y SERVICIOS ENERGETICOS SA DE CV,PL/10149/EXP/ES/2015
2026-09-02,Regular,region,Centro,3267,23.7007,15.94,24.99,7.76,,,,,GASOLINERA DIMARO SA DE CV,PL/12650/EXP/ES/2015
2026-09-02,Regular,region,Golfo,1064,23.8093,20.35,25.29,7.87,,,,,SERVICIO LA NUEVA VICTORIA SA DE CV,PL/11457/EXP/ES/2015
2026-09-02,Regular,region,Noreste,2124,23.3448,18.65,29.99,7.40,,,,,COMBUSTIBLES FLOHIN SA DE CV,PL/26001/EXP/ES/2024
2026-09-02,Regular,region,Noroeste,2053,23.4884,18.65,27.50,7.55,,,,,SERVICIOS COSTA VELEROS SA DE CV,PL/19867/EXP/ES/2017
2026-09-02,Regular,region,Norte,820,22.8703,18.29,27.00,6.93,,,,,UNION DE EJIDOS DE PRODUCCION Y COMERCIALIZACION AGROPECUARIA Y FORESTAL ZONA URIQUE SIN TIPO DE SOCIEDAD,PL/4415/EXP/ES/2015
2026-09-02,Regular,region,Occidente,2828,23.9258,21.09,29.20,7.99,,,,,LUIS GERARDO HERNANDEZ ESPINOSA,PL/10189/EXP/ES/2015
2026-09-02,Regular,region,Sur,898,23.8916,19.59,25.80,7.95,,,,,RUBEN CUELLAR SAAVEDRA,PL/11321/EXP/ES/2015
2026-09-02,Regular,region,Sureste,727,24.4738,22.99,26.90,8.53,,,,,ENRIQUE LIMA ZUNO,PL/7627/EXP/ES/2015
2026-09-02,Premium,nacional,MX,13001,28.5556,17.44,31.99,11.12,,,,,SERVICIO SIERRA ESMERALDA SA DE CV,PL/7076/EXP/ES/2015
2026-09-02,Premium,marca,ARCO NORTE,1,27.8900,27.89,27.89,10.45,,,,,ARCO NORTE COMBUSTIBLES S DE RL DE CV,PL/1896/EXP/ES/2015
2026-09-02,Premium,marca,BP,36,28.5500,20.55,29.99,11.11,,,,,BP ESTACIONES Y SERVICIOS ENERGETICOS SA DE CV,PL/1178/EXP/ES/2015
2026-09-02,Premium,region,Centro,3171,28.3485,20.49,29.99,10.91,,,,,SERVICIOS GASOLINEROS DE MEXICO SA DE CV,PL/10986/EXP/ES/2015
2026-09-02,Premium,region,Golfo,993,28.1132,19.50,29.99,10.67,,,,,PRADERA CARDENAS SA DE CV,PL/25249/EXP/ES/2023
2026-09-02,Premium,region,Noreste,1972,28.3089,17.44,30.49,10.87,,,,,SERVICIO ANCIRA SA DE CV,PL/2720/EXP/ES/2015
2026-09-02,Premium,region,Noroeste,1934,28.8015,20.55,31.71,11.36,,,,,EXACTO COMBUSTIBLES SA DE CV,PL/5823/EXP/ES/2015
2026-09-02,Premium,region,Norte,673,27.5811,20.69,30.99,10.14,,,,,GASOLINERA TAMAZULA SA DE CV,PL/5200/EXP/ES/2015
2026-09-02,Premium,region,Occidente,2697,29.1404,23.99,31.99,11.70,,,,,SERVICIO SIERRA ESMERALDA SA DE CV,PL/7076/EXP/ES/2015
2026-09-02,Premium,region,Sur,871,28.7685,17.67,31.59,11.33,,,,,SERVICIOS MGM SA DE CV,PL/6272/EXP/ES/2015
2026-09-02,Premium,region,Sureste,683,28.5608,24.89,29.96,11.12,,,,,INMOBILIARIA OSTUNI SA DE CV,PL/2040/EXP/ES/2015
2026-09-02,Diesel,nacional,MX,10502,27.0114,16.88,31.99,10.13,,,,,SERVICIOS COSTA VELEROS SA DE CV,PL/19867/EXP/ES/2017
2026-09-02,Diesel,marca,ARCO NORTE,1,26.9700,26.97,26.97,10.09,,,,,ARCO NORTE COMBUSTIBLES S DE RL DE CV,PL/1896/EXP/ES/2015
2026-09-02,Diesel,marca,BP,23,26.0252,19.99,27.00,9.15,,,,,BP LOS TAMARINDOS SA DE CV,PL/24313/EXP/ES/2022
2026-09-02,Diesel,region,Centro,2590,26.9617,16.88,29.99,10.08,,,,,GRUPO REYOLGAS SA DE CV,CNE/PL/632/EXP/ES/2026
2026-09-02,Diesel,region,Golfo,879,26.9904,22.20,28.98,10.11,,,,,SINERGIA PETROLERA DEL SURESTE SA DE CV,PL/20813/EXP/ES/2018
2026-09-02,Diesel,region,Noreste,1251,26.9039,18.30,29.99,10.02,,,,,MARIA CONCEPCION SANTOS RAMIREZ,PL/7558/EXP/ES/2015
2026-09-02,Diesel,region,Noroeste,1446,26.8927,19.99,31.99,10.01,,,,,SERVICIOS COSTA VELEROS SA DE CV,PL/19867/EXP/ES/2017
2026-09-02,Diesel,region,Norte,584,26.9697,23.99,29.99,10.09,,,,,GASOLINERA FAZA SA DE CV,PL/12608/EXP/ES/2015
2026-09-02,Diesel,region,Occidente,2381,27.0750,22.29,30.50,10.20,,,,,EMILIO RUIZ MENDEZ,PL/5631/EXP/ES/2015
2026-09-02,Diesel,region,Sur,785,27.0994,20.50,29.55,10.22,,,,,PRIMEROGAS SA DE CV,PL/12019/EXP/ES/2015
2026-09-02,Diesel,region,Sureste,581,27.4576,26.89,30.10,10.58,,,,,FEDERACION DE COOPERATIVAS PESQUERAS GASOLINERA HOLBOX SC DE RS,PL/11263/EXP/ES/2015
2026-09-03,Regular,nacional,MX,13789,23.6787,15.94,29.99,7.74,,,,,COMBUSTIBLES FLOHIN SA DE CV,PL/26001/EXP/ES/2024
2026-09-03,Regular,marca,ARCO NORTE,1,23.9500,23.95,23.95,8.01,,,,,ARCO NORTE COMBUSTIBLES S DE RL DE CV,PL/1896/EXP/ES/2015
2026-09-03,Regular,marca,BP,36,23.7917,18.65,23.99,7.85,,,,,BP ESTACIONES Y SERVICIOS ENERGETICOS SA DE CV,PL/10149/EXP/ES/2015
2026-09-03,Regular,region,Centro,3268,23.7011,15.94,24.99,7.76,,,,,GASOLINERA DIMARO SA DE CV,PL/12650/EXP/ES/2015
2026-09-03,Regular,region,Golfo,1064,23.8089,20.35,25.29,7.87,,,,,SERVICIO LA NUEVA VICTORIA SA DE CV,PL/11457/EXP/ES/2015
2026-09-03,Regular,region,Noreste,2124,23.3769,18.65,29.99,7.44,,,,,COMBUSTIBLES FLOHIN SA DE CV,PL/26001/EXP/ES/2024
2026-09-03,Regular,region,Noroeste,2053,23.4883,18.65,27.50,7.55,,,,,SERVICIOS COSTA VELEROS SA DE CV,PL/19867/EXP/ES/2017
2026-09-03,Regular,region,Norte,820,22.8802,18.29,27.00,6.94,,,,,UNION DE EJIDOS DE PRODUCCION Y COMERCIALIZACION AGROPECUARIA Y FORESTAL ZONA URIQUE SIN TIPO DE SOCIEDAD,PL/4415/EXP/ES/2015
2026-09-03,Regular,region,Occidente,2828,23.9299,21.09,29.20,7.99,,,,,LUIS GERARDO HERNANDEZ ESPINOSA,PL/10189/EXP/ES/2015
2026-09-03,Regular,region,Sur,898,23.8932,19.59,25.80,7.95,,,,,RUBEN CUELLAR SAAVEDRA,PL/11321/EXP/ES/2015
2026-09-03,Regular,region,Sureste,727,24.4729,22.99,26.90,8.53,,,,,ENRIQUE LIMA ZUNO,PL/7627/EXP/ES/2015
2026-09-03,Premium,nacional,MX,13002,28.5594,17.44,31.99,11.12,,,,,SERVICIO SIERRA ESMERALDA SA DE CV,PL/7076/EXP/ES/2015
2026-09-03,Premium,marca,ARCO NORTE,1,27.8900,27.89,27.89,10.45,,,,,ARCO NORTE COMBUSTIBLES S DE RL DE CV,PL/1896/EXP/ES/2015
2026-09-03,Premium,marca,BP,36,28.5500,20.55,29.99,11.11,,,,,BP ESTACIONES Y SERVICIOS ENERGETICOS SA DE CV,PL/1178/EXP/ES/2015
2026-09-03,Premium,region,Centro,3172,28.3550,20.49,29.99,10.92,,,,,SERVICIOS GASOLINEROS DE MEXICO SA DE CV,PL/10986/EXP/ES/2015
2026-09-03,Premium,region,Golfo,993,28.1159,19.50,29.99,10.68,,,,,PRADERA CARDENAS SA DE CV,PL/25249/EXP/ES/2023
2026-09-03,Premium,region,Noreste,1972,28.3110,17.44,30.49,10.87,,,,,SERVICIO ANCIRA SA DE CV,PL/2720/EXP/ES/2015
2026-09-03,Premium,region,Noroeste,1934,28.8023,20.55,31.71,11.36,,,,,EXACTO COMBUSTIBLES SA DE CV,PL/5823/EXP/ES/2015
2026-09-03,Premium,region,Norte,673,27.5911,20.69,30.99,10.15,,,,,GASOLINERA TAMAZULA SA DE CV,PL/5200/EXP/ES/2015
2026-09-03,Premium,region,Occidente,2697,29.1439,23.99,31.99,11.70,,,,,SERVICIO SIERRA ESMERALDA SA DE CV,PL/7076/EXP/ES/2015
2026-09-03,Premium,region,Sur,871,28.7721,17.67,31.59,11.33,,,,,SERVICIOS MGM SA DE CV,PL/6272/EXP/ES/2015
2026-09-03,Premium,region,Sureste,683,28.5637,24.89,29.96,11.12,,,,,INMOBILIARIA OSTUNI SA DE CV,PL/2040/EXP/ES/2015
2026-09-03,Diesel,nacional,MX,10503,27.0096,16.88,31.99,10.13,,,,,SERVICIOS COSTA VELEROS SA DE CV,PL/19867/EXP/ES/2017
2026-09-03,Diesel,marca,ARCO NORTE,1,26.9700,26.97,26.97,10.09,,,,,ARCO NORTE COMBUSTIBLES S DE RL DE CV,PL/1896/EXP/ES/2015
2026-09-03,Diesel,marca,BP,23,26.0252,19.99,27.00,9.15,,,,,BP LOS TAMARINDOS SA DE CV,PL/24313/EXP/ES/2022
2026-09-03,Diesel,region,Centro,2591,26.9612,16.88,29.99,10.08,,,,,GRUPO REYOLGAS SA DE CV,CNE/PL/632/EXP/ES/2026
2026-09-03,Diesel,region,Golfo,879,26.9891,22.20,28.98,10.11,,,,,SINERGIA PETROLERA DEL SURESTE SA DE CV,PL/20813/EXP/ES/2018
2026-09-03,Diesel,region,Noreste,1251,26.9029,18.30,29.99,10.02,,,,,MARIA CONCEPCION SANTOS RAMIREZ,PL/7558/EXP/ES/2015
2026-09-03,Diesel,region,Noroeste,1446,26.8846,19.99,31.99,10.00,,,,,SERVICIOS COSTA VELEROS SA DE CV,PL/19867/EXP/ES/2017
2026-09-03,Diesel,region,Norte,584,26.9599,23.99,29.99,10.08,,,,,GASOLINERA FAZA SA DE CV,PL/12608/EXP/ES/2015
2026-09-03,Diesel,region,Occidente,2381,27.0757,22.29,30.50,10.20,,,,,EMILIO RUIZ MENDEZ,PL/5631/EXP/ES/2015
2026-09-03,Diesel,region,Sur,785,27.1001,20.50,29.55,10.22,,,,,PRIMEROGAS SA DE CV,PL/12019/EXP/ES/2015
2026-09-03,Diesel,region,Sureste,581,27.4576,26.89,30.10,10.58,,,,,FEDERACION DE COOPERATIVAS PESQUERAS GASOLINERA HOLBOX SC DE RS,PL/11263/EXP/ES/2015
2026-09-04,Regular,nacional,MX,13791,23.6766,15.94,29.99,7.74,,,,,COMBUSTIBLES FLOHIN SA DE CV,PL/26001/EXP/ES/2024
2026-09-04,Regular,marca,ARCO NORTE,1,23.9500,23.95,23.95,8.01,,,,,ARCO NORTE COMBUSTIBLES S DE RL DE CV,PL/1896/EXP/ES/2015
2026-09-04,Regular,marca,BP,36,23.7917,18.65,23.99,7.85,,,,,BP ESTACIONES Y SERVICIOS ENERGETICOS SA DE CV,PL/10149/EXP/ES/2015
2026-09-04,Regular,region,Centro,3268,23.7010,15.94,24.99,7.76,,,,,GASOLINERA DIMARO SA DE CV,PL/12650/EXP/ES/2015
2026-09-04,Regular,region,Golfo,1064,23.8092,20.35,25.29,7.87,,,,,SERVICIO LA NUEVA VICTORIA SA DE CV,PL/11457/EXP/ES/2015
2026-09-04,Regular,region,Noreste,2125,23.3768,18.65,29.99,7.44,,,,,COMBUSTIBLES FLOHIN SA DE CV,PL/26001/EXP/ES/2024
2026-09-04,Regular,region,Noroeste,2053,23.4764,18.65,27.50,7.54,,,,,SERVICIOS COSTA VELEROS SA DE CV,PL/19867/EXP/ES/2017
2026-09-04,Regular,region,Norte,820,22.8787,18.29,27.00,6.94,,,,,UNION DE EJIDOS DE PRODUCCION Y COMERCIALIZACION AGROPECUARIA Y FORESTAL ZONA URIQUE SIN TIPO DE SOCIEDAD,PL/4415/EXP/ES/2015
2026-09-04,Regular,region,Occidente,2828,23.9281,21.09,29.20,7.99,,,,,LUIS GERARDO HERNANDEZ ESPINOSA,PL/10189/EXP/ES/2015
2026-09-04,Regular,region,Sur,898,23.8937,19.59,25.80,7.95,,,,,RUBEN CUELLAR SAAVEDRA,PL/11321/EXP/ES/2015
2026-09-04,Regular,region,Sureste,728,24.4728,22.99,26.90,8.53,,,,,ENRIQUE LIMA ZUNO,PL/7627/EXP/ES/2015
2026-09-04,Premium,nacional,MX,13004,28.5625,17.44,31.99,11.12,,,,,SERVICIO SIERRA ESMERALDA SA DE CV,PL/7076/EXP/ES/2015
2026-09-04,Premium,marca,ARCO NORTE,1,27.8900,27.89,27.89,10.45,,,,,ARCO NORTE COMBUSTIBLES S DE RL DE CV,PL/1896/EXP/ES/2015
2026-09-04,Premium,marca,BP,36,28.5500,20.55,29.99,11.11,,,,,BP ESTACIONES Y SERVICIOS ENERGETICOS SA DE CV,PL/1178/EXP/ES/2015
2026-09-04,Premium,region,Centro,3172,28.3621,20.49,29.99,10.92,,,,,SERVICIOS GASOLINEROS DE MEXICO SA DE CV,PL/10986/EXP/ES/2015
2026-09-04,Premium,region,Golfo,993,28.1175,19.50,29.99,10.68,,,,,PRADERA CARDENAS SA DE CV,PL/25249/EXP/ES/2023
2026-09-04,Premium,region,Noreste,1973,28.3095,17.44,30.49,10.87,,,,,SERVICIO ANCIRA SA DE CV,PL/2720/EXP/ES/2015
2026-09-04,Premium,region,Noroeste,1934,28.8030,20.55,31.71,11.36,,,,,EXACTO COMBUSTIBLES SA DE CV,PL/5823/EXP/ES/2015
2026-09-04,Premium,region,Norte,673,27.5994,20.69,30.99,10.16,,,,,GASOLINERA TAMAZULA SA DE CV,PL/5200/EXP/ES/2015
2026-09-04,Premium,region,Occidente,2697,29.1488,23.99,31.99,11.71,,,,,SERVICIO SIERRA ESMERALDA SA DE CV,PL/7076/EXP/ES/2015
2026-09-04,Premium,region,Sur,871,28.7738,17.67,31.59,11.33,,,,,SERVICIOS MGM SA DE CV,PL/6272/EXP/ES/2015
2026-09-04,Premium,region,Sureste,684,28.5598,24.89,29.96,11.12,,,,,INMOBILIARIA OSTUNI SA DE CV,PL/2040/EXP/ES/2015
2026-09-04,Diesel,nacional,MX,10506,27.0074,16.88,31.99,10.13,,,,,SERVICIOS COSTA VELEROS SA DE CV,PL/19867/EXP/ES/2017
2026-09-04,Diesel,marca,ARCO NORTE,1,26.9700,26.97,26.97,10.09,,,,,ARCO NORTE COMBUSTIBLES S DE RL DE CV,PL/1896/EXP/ES/2015
2026-09-04,Diesel,marca,BP,23,26.0252,19.99,27.00,9.15,,,,,BP LOS TAMARINDOS SA DE CV,PL/24313/EXP/ES/2022
2026-09-04,Diesel,region,Centro,2592,26.9623,16.88,29.99,10.08,,,,,GRUPO REYOLGAS SA DE CV,CNE/PL/632/EXP/ES/2026
2026-09-04,Diesel,region,Golfo,879,26.9890,22.20,28.98,10.11,,,,,SINERGIA PETROLERA DEL SURESTE SA DE CV,PL/20813/EXP/ES/2018
2026-09-04,Diesel,region,Noreste,1252,26.9028,18.30,29.99,10.02,,,,,MARIA CONCEPCION SANTOS RAMIREZ,PL/7558/EXP/ES/2015
2026-09-04,Diesel,region,Noroeste,1446,26.8761,19.99,31.99,10.00,,,,,SERVICIOS COSTA VELEROS SA DE CV,PL/19867/EXP/ES/2017
2026-09-04,Diesel,region,Norte,584,26.9513,23.99,29.99,10.07,,,,,GASOLINERA FAZA SA DE CV,PL/12608/EXP/ES/2015
2026-09-04,Diesel,region,Occidente,2381,27.0745,22.29,30.50,10.19,,,,,EMILIO RUIZ MENDEZ,PL/5631/EXP/ES/2015
2026-09-04,Diesel,region,Sur,785,27.0939,20.50,29.55,10.21,,,,,PRIMEROGAS SA DE CV,PL/12019/EXP/ES/2015
2026-09-04,Diesel,region,Sureste,582,27.4568,26.89,30.10,10.58,,,,,FEDERACION DE COOPERATIVAS PESQUERAS GASOLINERA HOLBOX SC DE RS,PL/11263/EXP/ES/2015
2026-09-05,Regular,nacional,MX,13789,23.6764,15.94,29.20,7.74,,,,,LUIS GERARDO HERNANDEZ ESPINOSA,PL/10189/EXP/ES/2015
2026-09-05,Regular,marca,ARCO NORTE,1,23.9500,23.95,23.95,8.01,,,,,ARCO NORTE COMBUSTIBLES S DE RL DE CV,PL/1896/EXP/ES/2015
2026-09-05,Regular,marca,BP,36,23.7917,18.65,23.99,7.85,,,,,BP ESTACIONES Y SERVICIOS ENERGETICOS SA DE CV,PL/10149/EXP/ES/2015
2026-09-05,Regular,region,Centro,3268,23.7001,15.94,24.99,7.76,,,,,GASOLINERA DIMARO SA DE CV,PL/12650/EXP/ES/2015
2026-09-05,Regular,region,Golfo,1063,23.8090,20.35,25.29,7.87,,,,,SERVICIO LA NUEVA VICTORIA SA DE CV,PL/11457/EXP/ES/2015
2026-09-05,Regular,region,Noreste,2125,23.3713,18.65,28.99,7.43,,,,,ENERGIA Y SERVICIOS COORDINADOS SA DE CV,PL/2343/EXP/ES/2015
2026-09-05,Regular,region,Noroeste,2053,23.4818,18.65,27.50,7.54,,,,,SERVICIOS COSTA VELEROS SA DE CV,PL/19867/EXP/ES/2017
2026-09-05,Regular,region,Norte,820,22.8791,18.29,27.00,6.94,,,,,UNION DE EJIDOS DE PRODUCCION Y COMERCIALIZACION AGROPECUARIA Y FORESTAL ZONA URIQUE SIN TIPO DE SOCIEDAD,PL/4415/EXP/ES/2015
2026-09-05,Regular,region,Occidente,2827,23.9285,21.09,29.20,7.99,,,,,LUIS GERARDO HERNANDEZ ESPINOSA,PL/10189/EXP/ES/2015
2026-09-05,Regular,region,Sur,898,23.8941,19.59,25.80,7.95,,,,,RUBEN CUELLAR SAAVEDRA,PL/11321/EXP/ES/2015
2026-09-05,Regular,region,Sureste,728,24.4724,22.99,26.90,8.53,,,,,ENRIQUE LIMA ZUNO,PL/7627/EXP/ES/2015
2026-09-05,Premium,nacional,MX,13004,28.5663,17.44,31.99,11.13,,,,,SERVICIO SIERRA ESMERALDA SA DE CV,PL/7076/EXP/ES/2015
2026-09-05,Premium,marca,ARCO NORTE,1,27.8900,27.89,27.89,10.45,,,,,ARCO NORTE COMBUSTIBLES S DE RL DE CV,PL/1896/EXP/ES/2015
2026-09-05,Premium,marca,BP,36,28.5500,20.55,29.99,11.11,,,,,BP ESTACIONES Y SERVICIOS ENERGETICOS SA DE CV,PL/1178/EXP/ES/2015
2026-09-05,Premium,region,Centro,3172,28.3675,20.49,29.99,10.93,,,,,SERVICIOS GASOLINEROS DE MEXICO SA DE CV,PL/10986/EXP/ES/2015
2026-09-05,Premium,region,Golfo,993,28.1171,19.50,29.99,10.68,,,,,PRADERA CARDENAS SA DE CV,PL/25249/EXP/ES/2023
2026-09-05,Premium,region,Noreste,1973,28.3115,17.44,30.49,10.87,,,,,SERVICIO ANCIRA SA DE CV,PL/2720/EXP/ES/2015
2026-09-05,Premium,region,Noroeste,1934,28.7989,20.55,31.71,11.36,,,,,EXACTO COMBUSTIBLES SA DE CV,PL/5823/EXP/ES/2015
2026-09-05,Premium,region,Norte,673,27.6065,20.69,30.99,10.17,,,,,GASOLINERA TAMAZULA SA DE CV,PL/5200/EXP/ES/2015
2026-09-05,Premium,region,Occidente,2697,29.1560,23.99,31.99,11.72,,,,,SERVICIO SIERRA ESMERALDA SA DE CV,PL/7076/EXP/ES/2015
2026-09-05,Premium,region,Sur,871,28.7809,17.67,31.59,11.34,,,,,SERVICIOS MGM SA DE CV,PL/6272/EXP/ES/2015
2026-09-05,Premium,region,Sureste,684,28.5696,24.89,29.96,11.13,,,,,INMOBILIARIA OSTUNI SA DE CV,PL/2040/EXP/ES/2015
2026-09-05,Diesel,nacional,MX,10506,27.0058,16.88,31.99,10.13,,,,,SERVICIOS COSTA VELEROS SA DE CV,PL/19867/EXP/ES/2017
2026-09-05,Diesel,marca,ARCO NORTE,1,26.9700,26.97,26.97,10.09,,,,,ARCO NORTE COMBUSTIBLES S DE RL DE CV,PL/1896/EXP/ES/2015
2026-09-05,Diesel,marca,BP,23,26.0252,19.99,27.00,9.15,,,,,BP LOS TAMARINDOS SA DE CV,PL/24313/EXP/ES/2022
2026-09-05,Diesel,region,Centro,2592,26.9631,16.88,29.99,10.08,,,,,GRUPO REYOLGAS SA DE CV,CNE/PL/632/EXP/ES/2026
2026-09-05,Diesel,region,Golfo,879,26.9878,22.20,28.98,10.11,,,,,SINERGIA PETROLERA DEL SURESTE SA DE CV,PL/20813/EXP/ES/2018
2026-09-05,Diesel,region,Noreste,1252,26.9030,18.30,29.99,10.02,,,,,LYMOSA ENERGY SA DE CV,PL/25653/EXP/ES/2024
2026-09-05,Diesel,region,Noroeste,1446,26.8830,19.99,31.99,10.00,,,,,SERVICIOS COSTA VELEROS SA DE CV,PL/19867/EXP/ES/2017
2026-09-05,Diesel,region,Norte,584,26.9342,23.39,29.98,10.05,,,,,GLORIA ESTHER LERMA HERRERA,PL/5108/EXP/ES/2015
2026-09-05,Diesel,region,Occidente,2381,27.0712,22.29,30.50,10.19,,,,,EMILIO RUIZ MENDEZ,PL/5631/EXP/ES/2015
2026-09-05,Diesel,region,Sur,785,27.0878,20.50,29.55,10.21,,,,,PRIMEROGAS SA DE CV,PL/12019/EXP/ES/2015
2026-09-05,Diesel,region,Sureste,582,27.4465,26.89,30.09,10.57,,,,,CHIQUILA OPERADORA DE SERVICIOS SA DE CV,PL/24579/EXP/ES/2022
2026-09-06,Regular,nacional,MX,13790,23.6767,15.94,29.20,7.74,,,,,LUIS GERARDO HERNANDEZ ESPINOSA,PL/10189/EXP/ES/2015
2026-09-06,Regular,marca,ARCO NORTE,1,23.9500,23.95,23.95,8.01,,,,,ARCO NORTE COMBUSTIBLES S DE RL DE CV,PL/1896/EXP/ES/2015
2026-09-06,Regular,marca,BP,36,23.7917,18.65,23.99,7.85,,,,,BP ESTACIONES Y SERVICIOS ENERGETICOS SA DE CV,PL/10149/EXP/ES/2015
2026-09-06,Regular,region,Centro,3270,23.7001,15.94,24.99,7.76,,,,,GASOLINERA DIMARO SA DE CV,PL/12650/EXP/ES/2015
2026-09-06,Regular,region,Golfo,1063,23.8074,20.35,25.29,7.87,,,,,SERVICIO LA NUEVA VICTORIA SA DE CV,PL/11457/EXP/ES/2015
2026-09-06,Regular,region,Noreste,2125,23.3691,18.65,27.74,7.43,,,,,HIDROCARBUROS EL MIRADOR SA DE CV,PL/12075/EXP/ES/2015
2026-09-06,Regular,region,Noroeste,2053,23.4865,18.65,27.50,7.55,,,,,SERVICIOS COSTA VELEROS SA DE CV,PL/19867/EXP/ES/2017
2026-09-06,Regular,region,Norte,820,22.8791,18.29,27.00,6.94,,,,,UNION DE EJIDOS DE PRODUCCION Y COMERCIALIZACION AGROPECUARIA Y FORESTAL ZONA URIQUE SIN TIPO DE SOCIEDAD,PL/4415/EXP/ES/2015
2026-09-06,Regular,region,Occidente,2826,23.9298,21.09,29.20,7.99,,,,,LUIS GERARDO HERNANDEZ ESPINOSA,PL/10189/EXP/ES/2015
2026-09-06,Regular,region,Sur,898,23.8927,19.59,25.80,7.95,,,,,RUBEN CUELLAR SAAVEDRA,PL/11321/EXP/ES/2015
2026-09-06,Regular,region,Sureste,728,24.4724,22.99,26.90,8.53,,,,,ENRIQUE LIMA ZUNO,PL/7627/EXP/ES/2015
2026-09-06,Premium,nacional,MX,13003,28.5662,17.44,31.99,11.13,,,,,SERVICIO SIERRA ESMERALDA SA DE CV,PL/7076/EXP/ES/2015
2026-09-06,Premium,marca,ARCO NORTE,1,27.8900,27.89,27.89,10.45,,,,,ARCO NORTE COMBUSTIBLES S DE RL DE CV,PL/1896/EXP/ES/2015
2026-09-06,Premium,marca,BP,36,28.5500,20.55,29.99,11.11,,,,,BP ESTACIONES Y SERVICIOS ENERGETICOS SA DE CV,PL/1178/EXP/ES/2015
2026-09-06,Premium,region,Centro,3172,28.3690,20.49,29.99,10.93,,,,,SERVICIOS GASOLINEROS DE MEXICO SA DE CV,PL/10986/EXP/ES/2015
2026-09-06,Premium,region,Golfo,993,28.1162,19.50,29.99,10.68,,,,,PRADERA CARDENAS SA DE CV,PL/25249/EXP/ES/2023
2026-09-06,Premium,region,Noreste,1973,28.3111,17.44,30.49,10.87,,,,,SERVICIO ANCIRA SA DE CV,PL/2720/EXP/ES/2015
2026-09-06,Premium,region,Noroeste,1934,28.7982,20.55,31.71,11.36,,,,,EXACTO COMBUSTIBLES SA DE CV,PL/5823/EXP/ES/2015
2026-09-06,Premium,region,Norte,673,27.6068,20.69,30.99,10.17,,,,,GASOLINERA TAMAZULA SA DE CV,PL/5200/EXP/ES/2015
2026-09-06,Premium,region,Occidente,2696,29.1549,23.99,31.99,11.71,,,,,SERVICIO SIERRA ESMERALDA SA DE CV,PL/7076/EXP/ES/2015
2026-09-06,Premium,region,Sur,871,28.7795,17.67,31.59,11.34,,,,,SERVICIOS MGM SA DE CV,PL/6272/EXP/ES/2015
2026-09-06,Premium,region,Sureste,684,28.5711,24.89,29.96,11.13,,,,,INMOBILIARIA OSTUNI SA DE CV,PL/2040/EXP/ES/2015
2026-09-06,Diesel,nacional,MX,10505,27.0086,16.88,31.99,10.13,,,,,SERVICIOS COSTA VELEROS SA DE CV,PL/19867/EXP/ES/2017
2026-09-06,Diesel,marca,ARCO NORTE,1,26.9700,26.97,26.97,10.09,,,,,ARCO NORTE COMBUSTIBLES S DE RL DE CV,PL/1896/EXP/ES/2015
2026-09-06,Diesel,marca,BP,23,26.0252,19.99,27.00,9.15,,,,,BP LOS TAMARINDOS SA DE CV,PL/24313/EXP/ES/2022
2026-09-06,Diesel,region,Centro,2592,26.9629,16.88,29.99,10.08,,,,,GRUPO REYOLGAS SA DE CV,CNE/PL/632/EXP/ES/2026
2026-09-06,Diesel,region,Golfo,879,26.9879,22.20,28.98,10.11,,,,,SINERGIA PETROLERA DEL SURESTE SA DE CV,PL/20813/EXP/ES/2018
2026-09-06,Diesel,region,Noreste,1252,26.9042,18.30,29.99,10.02,,,,,LYMOSA ENERGY SA DE CV,PL/25653/EXP/ES/2024
2026-09-06,Diesel,region,Noroeste,1446,26.8950,19.99,31.99,10.01,,,,,SERVICIOS COSTA VELEROS SA DE CV,PL/19867/EXP/ES/2017
2026-09-06,Diesel,region,Norte,584,26.9376,23.39,29.98,10.06,,,,,GLORIA ESTHER LERMA HERRERA,PL/5108/EXP/ES/2015
2026-09-06,Diesel,region,Occidente,2380,27.0748,22.29,30.50,10.19,,,,,EMILIO RUIZ MENDEZ,PL/5631/EXP/ES/2015
2026-09-06,Diesel,region,Sur,785,27.0886,20.50,29.55,10.21,,,,,PRIMEROGAS SA DE CV,PL/12019/EXP/ES/2015
2026-09-06,Diesel,region,Sureste,582,27.4465,26.89,30.09,10.57,,,,,CHIQUILA OPERADORA DE SERVICIOS SA DE CV,PL/24579/EXP/ES/2022
2026-09-07,Regular,nacional,MX,13790,23.6766,15.94,29.20,7.74,,,,,LUIS GERARDO HERNANDEZ ESPINOSA,PL/10189/EXP/ES/2015
2026-09-07,Regular,marca,ARCO NORTE,1,23.9500,23.95,23.95,8.01,,,,,ARCO NORTE COMBUSTIBLES S DE RL DE CV,PL/1896/EXP/ES/2015
2026-09-07,Regular,marca,BP,36,23.7917,18.65,23.99,7.85,,,,,BP ESTACIONES Y SERVICIOS ENERGETICOS SA DE CV,PL/10149/EXP/ES/2015
2026-09-07,Regular,region,Centro,3270,23.7004,15.94,24.99,7.76,,,,,GASOLINERA DIMARO SA DE CV,PL/12650/EXP/ES/2015
2026-09-07,Regular,region,Golfo,1063,23.8065,20.35,25.29,7.87,,,,,SERVICIO LA NUEVA VICTORIA SA DE CV,PL/11457/EXP/ES/2015
2026-09-07,Regular,region,Noreste,2125,23.3691,18.65,27.74,7.43,,,,,HIDROCARBUROS EL MIRADOR SA DE CV,PL/12075/EXP/ES/2015
2026-09-07,Regular,region,Noroeste,2053,23.4857,18.65,27.50,7.55,,,,,SERVICIOS COSTA VELEROS SA DE CV,PL/19867/EXP/ES/2017
2026-09-07,Regular,region,Norte,820,22.8791,18.29,27.00,6.94,,,,,UNION DE EJIDOS DE PRODUCCION Y COMERCIALIZACION AGROPECUARIA Y FORESTAL ZONA URIQUE SIN TIPO DE SOCIEDAD,PL/4415/EXP/ES/2015
2026-09-07,Regular,region,Occidente,2826,23.9304,21.09,29.20,7.99,,,,,LUIS GERARDO HERNANDEZ ESPINOSA,PL/10189/EXP/ES/2015
2026-09-07,Regular,region,Sur,898,23.8911,19.59,25.80,7.95,,,,,RUBEN CUELLAR SAAVEDRA,PL/11321/EXP/ES/2015
2026-09-07,Regular,region,Sureste,728,24.4724,22.99,26.90,8.53,,,,,ENRIQUE LIMA ZUNO,PL/7627/EXP/ES/2015
2026-09-07,Premium,nacional,MX,13003,28.5662,17.44,31.99,11.13,,,,,SERVICIO SIERRA ESMERALDA SA DE CV,PL/7076/EXP/ES/2015
2026-09-07,Premium,marca,ARCO NORTE,1,27.8900,27.89,27.89,10.45,,,,,ARCO NORTE COMBUSTIBLES S DE RL DE CV,PL/1896/EXP/ES/2015
2026-09-07,Premium,marca,BP,36,28.5500,20.55,29.99,11.11,,,,,BP ESTACIONES Y SERVICIOS ENERGETICOS SA DE CV,PL/1178/EXP/ES/2015
2026-09-07,Premium,region,Centro,3172,28.3688,20.49,29.99,10.93,,,,,SERVICIOS GASOLINEROS DE MEXICO SA DE CV,PL/10986/EXP/ES/2015
2026-09-07,Premium,region,Golfo,993,28.1149,19.50,29.99,10.67,,,,,PRADERA CARDENAS SA DE CV,PL/25249/EXP/ES/2023
2026-09-07,Premium,region,Noreste,1973,28.3113,17.44,30.49,10.87,,,,,SERVICIO ANCIRA SA DE CV,PL/2720/EXP/ES/2015
2026-09-07,Premium,region,Noroeste,1934,28.7978,20.55,31.71,11.36,,,,,EXACTO COMBUSTIBLES SA DE CV,PL/5823/EXP/ES/2015
2026-09-07,Premium,region,Norte,673,27.6086,20.69,30.99,10.17,,,,,GASOLINERA TAMAZULA SA DE CV,PL/5200/EXP/ES/2015
2026-09-07,Premium,region,Occidente,2696,29.1561,23.99,31.99,11.72,,,,,SERVICIO SIERRA ESMERALDA SA DE CV,PL/7076/EXP/ES/2015
2026-09-07,Premium,region,Sur,871,28.7783,17.67,31.59,11.34,,,,,SERVICIOS MGM SA DE CV,PL/6272/EXP/ES/2015
2026-09-07,Premium,region,Sureste,684,28.5711,24.89,29.96,11.13,,,,,INMOBILIARIA OSTUNI SA DE CV,PL/2040/EXP/ES/2015
2026-09-07,Diesel,nacional,MX,10505,27.0086,16.88,31.99,10.13,,,,,SERVICIOS COSTA VELEROS SA DE CV,PL/19867/EXP/ES/2017
2026-09-07,Diesel,marca,ARCO NORTE,1,26.9700,26.97,26.97,10.09,,,,,ARCO NORTE COMBUSTIBLES S DE RL DE CV,PL/1896/EXP/ES/2015
2026-09-07,Diesel,marca,BP,23,26.0252,19.99,27.00,9.15,,,,,BP LOS TAMARINDOS SA DE CV,PL/24313/EXP/ES/2022
2026-09-07,Diesel,region,Centro,2592,26.9626,16.88,29.99,10.08,,,,,GRUPO REYOLGAS SA DE CV,CNE/PL/632/EXP/ES/2026
2026-09-07,Diesel,region,Golfo,879,26.9879,22.20,28.98,10.11,,,,,SINERGIA PETROLERA DEL SURESTE SA DE CV,PL/20813/EXP/ES/2018
2026-09-07,Diesel,region,Noreste,1252,26.9042,18.30,29.99,10.02,,,,,LYMOSA ENERGY SA DE CV,PL/25653/EXP/ES/2024
2026-09-07,Diesel,region,Noroeste,1446,26.8945,19.99,31.99,10.01,,,,,SERVICIOS COSTA VELEROS SA DE CV,PL/19867/EXP/ES/2017
2026-09-07,Diesel,region,Norte,584,26.9376,23.39,29.98,10.06,,,,,GLORIA ESTHER LERMA HERRERA,PL/5108/EXP/ES/2015
2026-09-07,Diesel,region,Occidente,2380,27.0756,22.29,30.50,10.20,,,,,EMILIO RUIZ MENDEZ,PL/5631/EXP/ES/2015
2026-09-07,Diesel,region,Sur,785,27.0886,20.50,29.55,10.21,,,,,PRIMEROGAS SA DE CV,PL/12019/EXP/ES/2015
2026-09-07,Diesel,region,Sureste,582,27.4465,26.89,30.09,10.57,,,,,CHIQUILA OPERADORA DE SERVICIOS SA DE CV,PL/24579/EXP/ES/2022
2026-09-08,Regular,nacional,MX,13789,23.6785,15.94,29.20,7.74,,,,,LUIS GERARDO HERNANDEZ ESPINOSA,PL/10189/EXP/ES/2015
2026-09-08,Regular,marca,ARCO NORTE,1,23.9500,23.95,23.95,8.01,,,,,ARCO NORTE COMBUSTIBLES S DE RL DE CV,PL/1896/EXP/ES/2015
2026-09-08,Regular,marca,BP,36,23.7917,18.65,23.99,7.85,,,,,BP ESTACIONES Y SERVICIOS ENERGETICOS SA DE CV,PL/10149/EXP/ES/2015
2026-09-08,Regular,region,Centro,3269,23.7034,15.94,24.99,7.76,,,,,GASOLINERA DIMARO SA DE CV,PL/12650/EXP/ES/2015
2026-09-08,Regular,region,Golfo,1063,23.8112,20.35,25.29,7.87,,,,,SERVICIO LA NUEVA VICTORIA SA DE CV,PL/11457/EXP/ES/2015
2026-09-08,Regular,region,Noreste,2124,23.3699,18.65,27.74,7.43,,,,,HIDROCARBUROS EL MIRADOR SA DE CV,PL/12075/EXP/ES/2015
2026-09-08,Regular,region,Noroeste,2053,23.4847,18.65,27.50,7.54,,,,,SERVICIOS COSTA VELEROS SA DE CV,PL/19867/EXP/ES/2017
2026-09-08,Regular,region,Norte,821,22.8802,18.29,27.00,6.94,,,,,UNION DE EJIDOS DE PRODUCCION Y COMERCIALIZACION AGROPECUARIA Y FORESTAL ZONA URIQUE SIN TIPO DE SOCIEDAD,PL/4415/EXP/ES/2015
2026-09-08,Regular,region,Occidente,2826,23.9337,21.09,29.20,7.99,,,,,LUIS GERARDO HERNANDEZ ESPINOSA,PL/10189/EXP/ES/2015
2026-09-08,Regular,region,Sur,898,23.8932,19.59,25.80,7.95,,,,,RUBEN CUELLAR SAAVEDRA,PL/11321/EXP/ES/2015
2026-09-08,Regular,region,Sureste,728,24.4716,22.99,26.90,8.53,,,,,ENRIQUE LIMA ZUNO,PL/7627/EXP/ES/2015
2026-09-08,Premium,nacional,MX,13003,28.5710,17.44,31.99,11.13,,,,,SERVICIO SIERRA ESMERALDA SA DE CV,PL/7076/EXP/ES/2015
2026-09-08,Premium,marca,ARCO NORTE,1,27.8900,27.89,27.89,10.45,,,,,ARCO NORTE COMBUSTIBLES S DE RL DE CV,PL/1896/EXP/ES/2015
2026-09-08,Premium,marca,BP,36,28.5500,20.55,29.99,11.11,,,,,BP ESTACIONES Y SERVICIOS ENERGETICOS SA DE CV,PL/1178/EXP/ES/2015
2026-09-08,Premium,region,Centro,3171,28.3771,20.49,29.99,10.94,,,,,SERVICIOS GASOLINEROS DE MEXICO SA DE CV,PL/10986/EXP/ES/2015
2026-09-08,Premium,region,Golfo,993,28.1213,19.50,29.99,10.68,,,,,PRADERA CARDENAS SA DE CV,PL/25249/EXP/ES/2023
2026-09-08,Premium,region,Noreste,1973,28.3143,17.44,30.49,10.87,,,,,SERVICIO ANCIRA SA DE CV,PL/2720/EXP/ES/2015
2026-09-08,Premium,region,Noroeste,1934,28.8044,20.55,31.71,11.36,,,,,EXACTO COMBUSTIBLES SA DE CV,PL/5823/EXP/ES/2015
2026-09-08,Premium,region,Norte,674,27.6096,20.69,30.99,10.17,,,,,GASOLINERA TAMAZULA SA DE CV,PL/5200/EXP/ES/2015
2026-09-08,Premium,region,Occidente,2696,29.1600,23.99,31.99,11.72,,,,,SERVICIO SIERRA ESMERALDA SA DE CV,PL/7076/EXP/ES/2015
2026-09-08,Premium,region,Sur,871,28.7789,17.67,31.59,11.34,,,,,SERVICIOS MGM SA DE CV,PL/6272/EXP/ES/2015
2026-09-08,Premium,region,Sureste,684,28.5713,24.89,29.96,11.13,,,,,INMOBILIARIA OSTUNI SA DE CV,PL/2040/EXP/ES/2015
2026-09-08,Diesel,nacional,MX,10504,27.0094,16.88,31.99,10.13,,,,,SERVICIOS COSTA VELEROS SA DE CV,PL/19867/EXP/ES/2017
2026-09-08,Diesel,marca,ARCO NORTE,1,26.9700,26.97,26.97,10.09,,,,,ARCO NORTE COMBUSTIBLES S DE RL DE CV,PL/1896/EXP/ES/2015
2026-09-08,Diesel,marca,BP,23,26.0252,19.99,27.00,9.15,,,,,BP LOS TAMARINDOS SA DE CV,PL/24313/EXP/ES/2022
2026-09-08,Diesel,region,Centro,2591,26.9616,16.88,29.99,10.08,,,,,GASOLINERA DIMARO SA DE CV,PL/12650/EXP/ES/2015
2026-09-08,Diesel,region,Golfo,879,26.9894,22.20,28.98,10.11,,,,,SINERGIA PETROLERA DEL SURESTE SA DE CV,PL/20813/EXP/ES/2018
2026-09-08,Diesel,region,Noreste,1251,26.9093,18.30,29.99,10.03,,,,,LYMOSA ENERGY SA DE CV,PL/25653/EXP/ES/2024
2026-09-08,Diesel,region,Noroeste,1446,26.8958,19.99,31.99,10.02,,,,,SERVICIOS COSTA VELEROS SA DE CV,PL/19867/EXP/ES/2017
2026-09-08,Diesel,region,Norte,585,26.9370,23.39,29.98,10.06,,,,,GLORIA ESTHER LERMA HERRERA,PL/5108/EXP/ES/2015
2026-09-08,Diesel,region,Occidente,2380,27.0764,22.29,30.50,10.20,,,,,EMILIO RUIZ MENDEZ,PL/5631/EXP/ES/2015
2026-09-08,Diesel,region,Sur,785,27.0885,20.50,29.55,10.21,,,,,PRIMEROGAS SA DE CV,PL/12019/EXP/ES/2015
2026-09-08,Diesel,region,Sureste,582,27.4465,26.89,30.09,10.57,,,,,CHIQUILA OPERADORA DE SERVICIOS SA DE CV,PL/24579/EXP/ES/2022
2026-09-09,Regular,nacional,MX,13789,23.6799,15.94,29.20,7.74,,,,,LUIS GERARDO HERNANDEZ ESPINOSA,PL/10189/EXP/ES/2015
2026-09-09,Regular,marca,ARCO NORTE,1,23.9500,23.95,23.95,8.01,,,,,ARCO NORTE COMBUSTIBLES S DE RL DE CV,PL/1896/EXP/ES/2015
2026-09-09,Regular,marca,BP,36,23.7917,18.65,23.99,7.85,,,,,BP ESTACIONES Y SERVICIOS ENERGETICOS SA DE CV,PL/10149/EXP/ES/2015
2026-09-09,Regular,region,Centro,3269,23.7062,15.94,24.99,7.77,,,,,GASOLINERA DIMARO SA DE CV,PL/12650/EXP/ES/2015
2026-09-09,Regular,region,Golfo,1063,23.8113,20.35,25.29,7.87,,,,,SERVICIO LA NUEVA VICTORIA SA DE CV,PL/11457/EXP/ES/2015
2026-09-09,Regular,region,Noreste,2124,23.3793,18.65,27.74,7.44,,,,,HIDROCARBUROS EL MIRADOR SA DE CV,PL/12075/EXP/ES/2015
2026-09-09,Regular,region,Noroeste,2053,23.4822,18.65,27.50,7.54,,,,,SERVICIOS COSTA VELEROS SA DE CV,PL/19867/EXP/ES/2017
2026-09-09,Regular,region,Norte,821,22.8806,18.29,27.00,6.94,,,,,UNION DE EJIDOS DE PRODUCCION Y COMERCIALIZACION AGROPECUARIA Y FORESTAL ZONA URIQUE SIN TIPO DE SOCIEDAD,PL/4415/EXP/ES/2015
2026-09-09,Regular,region,Occidente,2826,23.9324,21.09,29.20,7.99,,,,,LUIS GERARDO HERNANDEZ ESPINOSA,PL/10189/EXP/ES/2015
2026-09-09,Regular,region,Sur,898,23.8916,19.59,25.80,7.95,,,,,RUBEN CUELLAR SAAVEDRA,PL/11321/EXP/ES/2015
2026-09-09,Regular,region,Sureste,728,24.4721,22.99,26.90,8.53,,,,,ENRIQUE LIMA ZUNO,PL/7627/EXP/ES/2015
2026-09-09,Premium,nacional,MX,13004,28.5710,17.44,31.99,11.13,,,,,SERVICIO SIERRA ESMERALDA SA DE CV,PL/7076/EXP/ES/2015
2026-09-09,Premium,marca,ARCO NORTE,1,27.8900,27.89,27.89,10.45,,,,,ARCO NORTE COMBUSTIBLES S DE RL DE CV,PL/1896/EXP/ES/2015
2026-09-09,Premium,marca,BP,36,28.5500,20.55,29.99,11.11,,,,,BP ESTACIONES Y SERVICIOS ENERGETICOS SA DE CV,PL/1178/EXP/ES/2015
2026-09-09,Premium,region,Centro,3172,28.3772,20.49,29.99,10.94,,,,,SERVICIOS GASOLINEROS DE MEXICO SA DE CV,PL/10986/EXP/ES/2015
2026-09-09,Premium,region,Golfo,993,28.1198,19.50,29.99,10.68,,,,,PRADERA CARDENAS SA DE CV,PL/25249/EXP/ES/2023
2026-09-09,Premium,region,Noreste,1973,28.3151,17.44,30.49,10.88,,,,,SERVICIO ANCIRA SA DE CV,PL/2720/EXP/ES/2015
2026-09-09,Premium,region,Noroeste,1934,28.8065,20.55,31.71,11.37,,,,,EXACTO COMBUSTIBLES SA DE CV,PL/5823/EXP/ES/2015
2026-09-09,Premium,region,Norte,674,27.6110,20.69,30.99,10.17,,,,,GASOLINERA TAMAZULA SA DE CV,PL/5200/EXP/ES/2015
2026-09-09,Premium,region,Occidente,2696,29.1581,19.15,31.99,11.72,,,,,SERVICIO SIERRA ESMERALDA SA DE CV,PL/7076/EXP/ES/2015
2026-09-09,Premium,region,Sur,871,28.7785,17.67,31.59,11.34,,,,,SERVICIOS MGM SA DE CV,PL/6272/EXP/ES/2015
2026-09-09,Premium,region,Sureste,684,28.5715,24.89,29.96,11.13,,,,,INMOBILIARIA OSTUNI SA DE CV,PL/2040/EXP/ES/2015
2026-09-09,Diesel,nacional,MX,10505,27.0094,16.88,31.99,10.13,,,,,SERVICIOS COSTA VELEROS SA DE CV,PL/19867/EXP/ES/2017
2026-09-09,Diesel,marca,ARCO NORTE,1,26.9700,26.97,26.97,10.09,,,,,ARCO NORTE COMBUSTIBLES S DE RL DE CV,PL/1896/EXP/ES/2015
2026-09-09,Diesel,marca,BP,23,26.0252,19.99,27.00,9.15,,,,,BP LOS TAMARINDOS SA DE CV,PL/24313/EXP/ES/2022
2026-09-09,Diesel,region,Centro,2592,26.9621,16.88,29.99,10.08,,,,,GASOLINERA DIMARO SA DE CV,PL/12650/EXP/ES/2015
2026-09-09,Diesel,region,Golfo,879,26.9893,22.20,28.98,10.11,,,,,SINERGIA PETROLERA DEL SURESTE SA DE CV,PL/20813/EXP/ES/2018
2026-09-09,Diesel,region,Noreste,1251,26.9089,18.30,29.99,10.03,,,,,LYMOSA ENERGY SA DE CV,PL/25653/EXP/ES/2024
2026-09-09,Diesel,region,Noroeste,1446,26.8956,19.99,31.99,10.02,,,,,SERVICIOS COSTA VELEROS SA DE CV,PL/19867/EXP/ES/2017
2026-09-09,Diesel,region,Norte,585,26.9345,23.39,29.98,10.05,,,,,GLORIA ESTHER LERMA HERRERA,PL/5108/EXP/ES/2015
2026-09-09,Diesel,region,Occidente,2380,27.0764,22.29,30.50,10.20,,,,,EMILIO RUIZ MENDEZ,PL/5631/EXP/ES/2015
2026-09-09,Diesel,region,Sur,785,27.0867,20.50,29.55,10.21,,,,,PRIMEROGAS SA DE CV,PL/12019/EXP/ES/2015
2026-09-09,Diesel,region,Sureste,582,27.4501,26.89,30.00,10.57,,,,,ENRIQUE LIMA ZUNO,PL/7627/EXP/ES/2015
2026-09-10,Regular,nacional,MX,13792,23.6797,15.94,29.20,7.74,,,,,LUIS GERARDO HERNANDEZ ESPINOSA,PL/10189/EXP/ES/2015
2026-09-10,Regular,marca,ARCO NORTE,1,23.9500,23.95,23.95,8.01,,,,,ARCO NORTE COMBUSTIBLES S DE RL DE CV,PL/1896/EXP/ES/2015
2026-09-10,Regular,marca,BP,36,23.7917,18.65,23.99,7.85,,,,,BP ESTACIONES Y SERVICIOS ENERGETICOS SA DE CV,PL/10149/EXP/ES/2015
2026-09-10,Regular,region,Centro,3268,23.7072,15.94,24.99,7.77,,,,,GASOLINERA DIMARO SA DE CV,PL/12650/EXP/ES/2015
2026-09-10,Regular,region,Golfo,1063,23.8115,20.35,25.29,7.87,,,,,SERVICIO LA NUEVA VICTORIA SA DE CV,PL/11457/EXP/ES/2015
2026-09-10,Regular,region,Noreste,2124,23.3783,18.65,27.74,7.44,,,,,HIDROCARBUROS EL MIRADOR SA DE CV,PL/12075/EXP/ES/2015
2026-09-10,Regular,region,Noroeste,2055,23.4764,18.65,27.50,7.54,,,,,SERVICIOS COSTA VELEROS SA DE CV,PL/19867/EXP/ES/2017
2026-09-10,Regular,region,Norte,821,22.8797,18.29,27.00,6.94,,,,,UNION DE EJIDOS DE PRODUCCION Y COMERCIALIZACION AGROPECUARIA Y FORESTAL ZONA URIQUE SIN TIPO DE SOCIEDAD,PL/4415/EXP/ES/2015
2026-09-10,Regular,region,Occidente,2828,23.9354,21.09,29.20,8.00,,,,,LUIS GERARDO HERNANDEZ ESPINOSA,PL/10189/EXP/ES/2015
2026-09-10,Regular,region,Sur,898,23.8918,19.59,25.80,7.95,,,,,RUBEN CUELLAR SAAVEDRA,PL/11321/EXP/ES/2015
2026-09-10,Regular,region,Sureste,728,24.4715,22.99,26.90,8.53,,,,,ENRIQUE LIMA ZUNO,PL/7627/EXP/ES/2015
2026-09-10,Premium,nacional,MX,13008,28.5716,17.44,31.99,11.13,,,,,SERVICIO SIERRA ESMERALDA SA DE CV,PL/7076/EXP/ES/2015
2026-09-10,Premium,marca,ARCO NORTE,1,27.8900,27.89,27.89,10.45,,,,,ARCO NORTE COMBUSTIBLES S DE RL DE CV,PL/1896/EXP/ES/2015
2026-09-10,Premium,marca,BP,36,28.5500,20.55,29.99,11.11,,,,,BP ESTACIONES Y SERVICIOS ENERGETICOS SA DE CV,PL/1178/EXP/ES/2015
2026-09-10,Premium,region,Centro,3173,28.3785,20.49,29.99,10.94,,,,,SERVICIOS GASOLINEROS DE MEXICO SA DE CV,PL/10986/EXP/ES/2015
2026-09-10,Premium,region,Golfo,993,28.1207,19.50,29.99,10.68,,,,,PRADERA CARDENAS SA DE CV,PL/25249/EXP/ES/2023
2026-09-10,Premium,region,Noreste,1973,28.3129,17.44,30.49,10.87,,,,,SERVICIO ANCIRA SA DE CV,PL/2720/EXP/ES/2015
2026-09-10,Premium,region,Noroeste,1935,28.8071,20.55,31.71,11.37,,,,,EXACTO COMBUSTIBLES SA DE CV,PL/5823/EXP/ES/2015
2026-09-10,Premium,region,Norte,674,27.6108,20.69,30.99,10.17,,,,,GASOLINERA TAMAZULA SA DE CV,PL/5200/EXP/ES/2015
2026-09-10,Premium,region,Occidente,2698,29.1604,19.15,31.99,11.72,,,,,SERVICIO SIERRA ESMERALDA SA DE CV,PL/7076/EXP/ES/2015
2026-09-10,Premium,region,Sur,871,28.7769,17.67,31.59,11.34,,,,,SERVICIOS MGM SA DE CV,PL/6272/EXP/ES/2015
2026-09-10,Premium,region,Sureste,684,28.5724,24.89,29.96,11.13,,,,,INMOBILIARIA OSTUNI SA DE CV,PL/2040/EXP/ES/2015
2026-09-10,Diesel,nacional,MX,10509,27.0075,16.88,31.99,10.13,,,,,SERVICIOS COSTA VELEROS SA DE CV,PL/19867/EXP/ES/2017
2026-09-10,Diesel,marca,ARCO NORTE,1,26.9700,26.97,26.97,10.09,,,,,ARCO NORTE COMBUSTIBLES S DE RL DE CV,PL/1896/EXP/ES/2015
2026-09-10,Diesel,marca,BP,23,26.0252,19.99,27.00,9.15,,,,,BP LOS TAMARINDOS SA DE CV,PL/24313/EXP/ES/2022
2026-09-10,Diesel,region,Centro,2593,26.9617,16.88,29.99,10.08,,,,,GASOLINERA DIMARO SA DE CV,PL/12650/EXP/ES/2015
2026-09-10,Diesel,region,Golfo,879,26.9895,22.20,28.98,10.11,,,,,SINERGIA PETROLERA DEL SURESTE SA DE CV,PL/20813/EXP/ES/2018
2026-09-10,Diesel,region,Noreste,1251,26.9070,18.30,29.99,10.03,,,,,LYMOSA ENERGY SA DE CV,PL/25653/EXP/ES/2024
2026-09-10,Diesel,region,Noroeste,1447,26.8855,19.99,31.99,10.01,,,,,SERVICIOS COSTA VELEROS SA DE CV,PL/19867/EXP/ES/2017
2026-09-10,Diesel,region,Norte,585,26.9318,23.39,29.98,10.05,,,,,GLORIA ESTHER LERMA HERRERA,PL/5108/EXP/ES/2015
2026-09-10,Diesel,region,Occidente,2382,27.0764,22.29,30.50,10.20,,,,,EMILIO RUIZ MENDEZ,PL/5631/EXP/ES/2015
2026-09-10,Diesel,region,Sur,785,27.0867,20.50,29.55,10.21,,,,,PRIMEROGAS SA DE CV,PL/12019/EXP/ES/2015
2026-09-10,Diesel,region,Sureste,582,27.4496,26.89,30.00,10.57,,,,,ENRIQUE LIMA ZUNO,PL/7627/EXP/ES/2015
2026-09-11,Regular,nacional,MX,13793,23.6771,15.94,29.20,7.74,,,,,LUIS GERARDO HERNANDEZ ESPINOSA,PL/10189/EXP/ES/2015
2026-09-11,Regular,marca,ARCO NORTE,1,23.9500,23.95,23.95,8.01,,,,,ARCO NORTE COMBUSTIBLES S DE RL DE CV,PL/1896/EXP/ES/2015
2026-09-11,Regular,marca,BP,36,23.7917,18.65,23.99,7.85,,,,,BP ESTACIONES Y SERVICIOS ENERGETICOS SA DE CV,PL/10149/EXP/ES/2015
2026-09-11,Regular,region,Centro,3269,23.7083,15.94,24.99,7.77,,,,,GASOLINERA DIMARO SA DE CV,PL/12650/EXP/ES/2015
2026-09-11,Regular,region,Golfo,1063,23.8110,20.35,25.29,7.87,,,,,SERVICIO LA NUEVA VICTORIA SA DE CV,PL/11457/EXP/ES/2015
2026-09-11,Regular,region,Noreste,2124,23.3787,18.65,27.74,7.44,,,,,HIDROCARBUROS EL MIRADOR SA DE CV,PL/12075/EXP/ES/2015
2026-09-11,Regular,region,Noroeste,2055,23.4718,18.65,27.50,7.53,,,,,SERVICIOS COSTA VELEROS SA DE CV,PL/19867/EXP/ES/2017
2026-09-11,Regular,region,Norte,821,22.8835,18.29,27.00,6.94,,,,,UNION DE EJIDOS DE PRODUCCION Y COMERCIALIZACION AGROPECUARIA Y FORESTAL ZONA URIQUE SIN TIPO DE SOCIEDAD,PL/4415/EXP/ES/2015
2026-09-11,Regular,region,Occidente,2828,23.9329,21.09,29.20,7.99,,,,,LUIS GERARDO HERNANDEZ ESPINOSA,PL/10189/EXP/ES/2015
2026-09-11,Regular,region,Sur,898,23.8914,19.59,25.80,7.95,,,,,RUBEN CUELLAR SAAVEDRA,PL/11321/EXP/ES/2015
2026-09-11,Regular,region,Sureste,728,24.4368,22.99,26.90,8.50,,,,,ENRIQUE LIMA ZUNO,PL/7627/EXP/ES/2015
2026-09-11,Premium,nacional,MX,13008,28.5718,17.44,31.99,11.13,,,,,SERVICIO SIERRA ESMERALDA SA DE CV,PL/7076/EXP/ES/2015
2026-09-11,Premium,marca,ARCO NORTE,1,27.8900,27.89,27.89,10.45,,,,,ARCO NORTE COMBUSTIBLES S DE RL DE CV,PL/1896/EXP/ES/2015
2026-09-11,Premium,marca,BP,36,28.5500,20.55,29.99,11.11,,,,,BP ESTACIONES Y SERVICIOS ENERGETICOS SA DE CV,PL/1178/EXP/ES/2015
2026-09-11,Premium,region,Centro,3173,28.3795,20.49,29.99,10.94,,,,,SERVICIOS GASOLINEROS DE MEXICO SA DE CV,PL/10986/EXP/ES/2015
2026-09-11,Premium,region,Golfo,993,28.1212,19.50,29.99,10.68,,,,,PRADERA CARDENAS SA DE CV,PL/25249/EXP/ES/2023
2026-09-11,Premium,region,Noreste,1973,28.3135,17.44,30.49,10.87,,,,,SERVICIO ANCIRA SA DE CV,PL/2720/EXP/ES/2015
2026-09-11,Premium,region,Noroeste,1935,28.8058,20.55,31.71,11.37,,,,,EXACTO COMBUSTIBLES SA DE CV,PL/5823/EXP/ES/2015
2026-09-11,Premium,region,Norte,674,27.6126,20.69,30.99,10.17,,,,,GASOLINERA TAMAZULA SA DE CV,PL/5200/EXP/ES/2015
2026-09-11,Premium,region,Occidente,2698,29.1600,19.15,31.99,11.72,,,,,SERVICIO SIERRA ESMERALDA SA DE CV,PL/7076/EXP/ES/2015
2026-09-11,Premium,region,Sur,871,28.7764,17.67,31.59,11.34,,,,,SERVICIOS MGM SA DE CV,PL/6272/EXP/ES/2015
2026-09-11,Premium,region,Sureste,684,28.5724,24.89,29.96,11.13,,,,,INMOBILIARIA OSTUNI SA DE CV,PL/2040/EXP/ES/2015
2026-09-11,Diesel,nacional,MX,10509,27.0030,16.88,31.99,10.12,,,,,SERVICIOS COSTA VELEROS SA DE CV,PL/19867/EXP/ES/2017
2026-09-11,Diesel,marca,ARCO NORTE,1,26.9700,26.97,26.97,10.09,,,,,ARCO NORTE COMBUSTIBLES S DE RL DE CV,PL/1896/EXP/ES/2015
2026-09-11,Diesel,marca,BP,23,26.0252,19.99,27.00,9.15,,,,,BP LOS TAMARINDOS SA DE CV,PL/24313/EXP/ES/2022
2026-09-11,Diesel,region,Centro,2593,26.9619,16.88,29.99,10.08,,,,,GASOLINERA DIMARO SA DE CV,PL/12650/EXP/ES/2015
2026-09-11,Diesel,region,Golfo,879,26.9894,22.20,28.98,10.11,,,,,SINERGIA PETROLERA DEL SURESTE SA DE CV,PL/20813/EXP/ES/2018
2026-09-11,Diesel,region,Noreste,1251,26.8904,18.30,29.99,10.01,,,,,MARIA CONCEPCION SANTOS RAMIREZ,PL/7558/EXP/ES/2015
2026-09-11,Diesel,region,Noroeste,1447,26.8764,19.99,31.99,10.00,,,,,SERVICIOS COSTA VELEROS SA DE CV,PL/19867/EXP/ES/2017
2026-09-11,Diesel,region,Norte,585,26.9327,23.39,29.98,10.05,,,,,GLORIA ESTHER LERMA HERRERA,PL/5108/EXP/ES/2015
2026-09-11,Diesel,region,Occidente,2382,27.0751,22.29,30.50,10.20,,,,,EMILIO RUIZ MENDEZ,PL/5631/EXP/ES/2015
2026-09-11,Diesel,region,Sur,785,27.0867,20.50,29.55,10.21,,,,,PRIMEROGAS SA DE CV,PL/12019/EXP/ES/2015
2026-09-11,Diesel,region,Sureste,582,27.4292,26.89,30.00,10.55,,,,,ENRIQUE LIMA ZUNO,PL/7627/EXP/ES/2015
2026-09-12,Regular,nacional,MX,13794,23.6757,15.94,29.98,7.74,,,,,J CRUZ BOJORGES CASTRO,PL/21788/EXP/ES/2018
2026-09-12,Regular,marca,ARCO NORTE,1,23.9500,23.95,23.95,8.01,,,,,ARCO NORTE COMBUSTIBLES S DE RL DE CV,PL/1896/EXP/ES/2015
2026-09-12,Regular,marca,BP,36,23.7917,18.65,23.99,7.85,,,,,BP ESTACIONES Y SERVICIOS ENERGETICOS SA DE CV,PL/10149/EXP/ES/2015
2026-09-12,Regular,region,Centro,3266,23.7039,15.94,29.98,7.76,,,,,J CRUZ BOJORGES CASTRO,PL/21788/EXP/ES/2018
2026-09-12,Regular,region,Golfo,1064,23.8181,20.35,28.89,7.88,,,,,OPERADORA DE ESTACIONES Y PARADORES SA DE CV,PL/22400/EXP/ES/2019
2026-09-12,Regular,region,Noreste,2124,23.3797,18.65,27.74,7.44,,,,,HIDROCARBUROS EL MIRADOR SA DE CV,PL/12075/EXP/ES/2015
2026-09-12,Regular,region,Noroeste,2055,23.4845,18.65,27.50,7.54,,,,,SERVICIOS COSTA VELEROS SA DE CV,PL/19867/EXP/ES/2017
2026-09-12,Regular,region,Norte,821,22.8829,18.29,27.00,6.94,,,,,UNION DE EJIDOS DE PRODUCCION Y COMERCIALIZACION AGROPECUARIA Y FORESTAL ZONA URIQUE SIN TIPO DE SOCIEDAD,PL/4415/EXP/ES/2015
2026-09-12,Regular,region,Occidente,2829,23.9302,21.09,29.20,7.99,,,,,LUIS GERARDO HERNANDEZ ESPINOSA,PL/10189/EXP/ES/2015
2026-09-12,Regular,region,Sur,898,23.8958,19.59,29.39,7.96,,,,,GASOLINERA LA PIEDRA SA DE CV,PL/10147/EXP/ES/2015
2026-09-12,Regular,region,Sureste,728,24.3869,22.99,26.90,8.45,,,,,ENRIQUE LIMA ZUNO,PL/7627/EXP/ES/2015
2026-09-12,Premium,nacional,MX,13010,28.5739,17.44,31.99,11.13,,,,,SERVICIO SIERRA ESMERALDA SA DE CV,PL/7076/EXP/ES/2015
2026-09-12,Premium,marca,ARCO NORTE,1,27.8900,27.89,27.89,10.45,,,,,ARCO NORTE COMBUSTIBLES S DE RL DE CV,PL/1896/EXP/ES/2015
2026-09-12,Premium,marca,BP,36,28.5500,20.55,29.99,11.11,,,,,BP ESTACIONES Y SERVICIOS ENERGETICOS SA DE CV,PL/1178/EXP/ES/2015
2026-09-12,Premium,region,Centro,3173,28.3850,20.49,29.99,10.95,,,,,SERVICIOS GASOLINEROS DE MEXICO SA DE CV,PL/10986/EXP/ES/2015
2026-09-12,Premium,region,Golfo,993,28.1155,19.50,29.99,10.68,,,,,PRADERA CARDENAS SA DE CV,PL/25249/EXP/ES/2023
2026-09-12,Premium,region,Noreste,1973,28.3144,17.44,30.49,10.87,,,,,SERVICIO ANCIRA SA DE CV,PL/2720/EXP/ES/2015
2026-09-12,Premium,region,Noroeste,1935,28.8078,20.55,31.71,11.37,,,,,EXACTO COMBUSTIBLES SA DE CV,PL/5823/EXP/ES/2015
2026-09-12,Premium,region,Norte,674,27.6131,20.69,30.99,10.17,,,,,GASOLINERA TAMAZULA SA DE CV,PL/5200/EXP/ES/2015
2026-09-12,Premium,region,Occidente,2698,29.1640,19.15,31.99,11.72,,,,,SERVICIO SIERRA ESMERALDA SA DE CV,PL/7076/EXP/ES/2015
2026-09-12,Premium,region,Sur,871,28.7783,17.67,31.59,11.34,,,,,SERVICIOS MGM SA DE CV,PL/6272/EXP/ES/2015
2026-09-12,Premium,region,Sureste,684,28.5686,24.89,29.90,11.13,,,,,COMBUSTIBLES CALETA SA DE CV,PL/2335/EXP/ES/2015
2026-09-12,Diesel,nacional,MX,10510,26.9994,16.88,31.99,10.12,,,,,SERVICIOS COSTA VELEROS SA DE CV,PL/19867/EXP/ES/2017
2026-09-12,Diesel,marca,ARCO NORTE,1,26.9700,26.97,26.97,10.09,,,,,ARCO NORTE COMBUSTIBLES S DE RL DE CV,PL/1896/EXP/ES/2015
2026-09-12,Diesel,marca,BP,23,26.0252,19.99,27.00,9.15,,,,,BP LOS TAMARINDOS SA DE CV,PL/24313/EXP/ES/2022
2026-09-12,Diesel,region,Centro,2593,26.9595,16.88,29.99,10.08,,,,,GASOLINERA DIMARO SA DE CV,PL/12650/EXP/ES/2015
2026-09-12,Diesel,region,Golfo,879,26.9886,22.20,28.98,10.11,,,,,SINERGIA PETROLERA DEL SURESTE SA DE CV,PL/20813/EXP/ES/2018
2026-09-12,Diesel,region,Noreste,1251,26.8771,18.30,29.99,10.00,,,,,MARIA CONCEPCION SANTOS RAMIREZ,PL/7558/EXP/ES/2015
2026-09-12,Diesel,region,Noroeste,1447,26.8787,19.99,31.99,10.00,,,,,SERVICIOS COSTA VELEROS SA DE CV,PL/19867/EXP/ES/2017
2026-09-12,Diesel,region,Norte,585,26.9290,23.59,29.98,10.05,,,,,GLORIA ESTHER LERMA HERRERA,PL/5108/EXP/ES/2015
2026-09-12,Diesel,region,Occidente,2382,27.0699,17.27,30.50,10.19,,,,,EMILIO RUIZ MENDEZ,PL/5631/EXP/ES/2015
2026-09-12,Diesel,region,Sur,785,27.0830,20.50,29.55,10.20,,,,,PRIMEROGAS SA DE CV,PL/12019/EXP/ES/2015
2026-09-12,Diesel,region,Sureste,582,27.4292,26.89,30.00,10.55,,,,,ENRIQUE LIMA ZUNO,PL/7627/EXP/ES/2015
2026-09-13,Regular,nacional,MX,13794,23.6702,15.94,29.98,7.73,,,,,J CRUZ BOJORGES CASTRO,PL/21788/EXP/ES/2018
2026-09-13,Regular,marca,ARCO NORTE,1,23.9500,23.95,23.95,8.01,,,,,ARCO NORTE COMBUSTIBLES S DE RL DE CV,PL/1896/EXP/ES/2015
2026-09-13,Regular,marca,BP,36,23.7917,18.65,23.99,7.85,,,,,BP ESTACIONES Y SERVICIOS ENERGETICOS SA DE CV,PL/10149/EXP/ES/2015
2026-09-13,Regular,region,Centro,3264,23.7047,15.94,29.98,7.76,,,,,J CRUZ BOJORGES CASTRO,PL/21788/EXP/ES/2018
2026-09-13,Regular,region,Golfo,1064,23.8150,20.35,28.89,7.87,,,,,OPERADORA DE ESTACIONES Y PARADORES SA DE CV,PL/22400/EXP/ES/2019
2026-09-13,Regular,region,Noreste,2124,23.3797,18.65,27.74,7.44,,,,,HIDROCARBUROS EL MIRADOR SA DE CV,PL/12075/EXP/ES/2015
2026-09-13,Regular,region,Noroeste,2055,23.4854,18.65,27.50,7.55,,,,,SERVICIOS COSTA VELEROS SA DE CV,PL/19867/EXP/ES/2017
2026-09-13,Regular,region,Norte,821,22.8829,18.29,27.00,6.94,,,,,UNION DE EJIDOS DE PRODUCCION Y COMERCIALIZACION AGROPECUARIA Y FORESTAL ZONA URIQUE SIN TIPO DE SOCIEDAD,PL/4415/EXP/ES/2015
2026-09-13,Regular,region,Occidente,2831,23.9322,21.09,29.20,7.99,,,,,LUIS GERARDO HERNANDEZ ESPINOSA,PL/10189/EXP/ES/2015
2026-09-13,Regular,region,Sur,898,23.8956,19.59,29.39,7.96,,,,,GASOLINERA LA PIEDRA SA DE CV,PL/10147/EXP/ES/2015
2026-09-13,Regular,region,Sureste,728,24.2718,22.99,26.90,8.33,,,,,ENRIQUE LIMA ZUNO,PL/7627/EXP/ES/2015
2026-09-13,Premium,nacional,MX,13011,28.5716,17.44,31.99,11.13,,,,,SERVICIO SIERRA ESMERALDA SA DE CV,PL/7076/EXP/ES/2015
2026-09-13,Premium,marca,ARCO NORTE,1,27.8900,27.89,27.89,10.45,,,,,ARCO NORTE COMBUSTIBLES S DE RL DE CV,PL/1896/EXP/ES/2015
2026-09-13,Premium,marca,BP,36,28.5500,20.55,29.99,11.11,,,,,BP ESTACIONES Y SERVICIOS ENERGETICOS SA DE CV,PL/1178/EXP/ES/2015
2026-09-13,Premium,region,Centro,3173,28.3816,20.49,29.99,10.94,,,,,SERVICIOS GASOLINEROS DE MEXICO SA DE CV,PL/10986/EXP/ES/2015
2026-09-13,Premium,region,Golfo,993,28.1141,19.50,29.99,10.67,,,,,PRADERA CARDENAS SA DE CV,PL/25249/EXP/ES/2023
2026-09-13,Premium,region,Noreste,1973,28.3124,17.44,30.49,10.87,,,,,SERVICIO ANCIRA SA DE CV,PL/2720/EXP/ES/2015
2026-09-13,Premium,region,Noroeste,1935,28.8044,20.55,31.71,11.36,,,,,EXACTO COMBUSTIBLES SA DE CV,PL/5823/EXP/ES/2015
2026-09-13,Premium,region,Norte,674,27.6023,20.69,30.99,10.16,,,,,GASOLINERA TAMAZULA SA DE CV,PL/5200/EXP/ES/2015
2026-09-13,Premium,region,Occidente,2699,29.1640,19.15,31.99,11.72,,,,,SERVICIO SIERRA ESMERALDA SA DE CV,PL/7076/EXP/ES/2015
2026-09-13,Premium,region,Sur,871,28.7741,17.67,31.59,11.33,,,,,SERVICIOS MGM SA DE CV,PL/6272/EXP/ES/2015
2026-09-13,Premium,region,Sureste,684,28.5748,24.89,29.90,11.13,,,,,COMBUSTIBLES CALETA SA DE CV,PL/2335/EXP/ES/2015
2026-09-13,Diesel,nacional,MX,10512,26.9978,16.88,31.99,10.12,,,,,SERVICIOS COSTA VELEROS SA DE CV,PL/19867/EXP/ES/2017
2026-09-13,Diesel,marca,ARCO NORTE,1,26.9700,26.97,26.97,10.09,,,,,ARCO NORTE COMBUSTIBLES S DE RL DE CV,PL/1896/EXP/ES/2015
2026-09-13,Diesel,marca,BP,23,26.0252,19.99,27.00,9.15,,,,,BP LOS TAMARINDOS SA DE CV,PL/24313/EXP/ES/2022
2026-09-13,Diesel,region,Centro,2593,26.9591,16.88,29.99,10.08,,,,,GASOLINERA DIMARO SA DE CV,PL/12650/EXP/ES/2015
2026-09-13,Diesel,region,Golfo,879,26.9885,22.20,28.98,10.11,,,,,SINERGIA PETROLERA DEL SURESTE SA DE CV,PL/20813/EXP/ES/2018
2026-09-13,Diesel,region,Noreste,1251,26.8754,18.30,29.99,10.00,,,,,MARIA CONCEPCION SANTOS RAMIREZ,PL/7558/EXP/ES/2015
2026-09-13,Diesel,region,Noroeste,1447,26.8913,19.99,31.99,10.01,,,,,SERVICIOS COSTA VELEROS SA DE CV,PL/19867/EXP/ES/2017
2026-09-13,Diesel,region,Norte,585,26.9395,23.59,29.98,10.06,,,,,GLORIA ESTHER LERMA HERRERA,PL/5108/EXP/ES/2015
2026-09-13,Diesel,region,Occidente,2384,27.0725,17.27,30.50,10.19,,,,,EMILIO RUIZ MENDEZ,PL/5631/EXP/ES/2015
2026-09-13,Diesel,region,Sur,785,27.0842,20.50,29.55,10.20,,,,,PRIMEROGAS SA DE CV,PL/12019/EXP/ES/2015
2026-09-13,Diesel,region,Sureste,582,27.3527,26.89,30.00,10.47,,,,,ENRIQUE LIMA ZUNO,PL/7627/EXP/ES/2015
2026-09-14,Regular,nacional,MX,13792,23.6721,15.94,29.98,7.73,,,,,J CRUZ BOJORGES CASTRO,PL/21788/EXP/ES/2018
2026-09-14,Regular,marca,ARCO NORTE,1,23.9500,23.95,23.95,8.01,,,,,ARCO NORTE COMBUSTIBLES S DE RL DE CV,PL/1896/EXP/ES/2015
2026-09-14,Regular,marca,BP,36,23.7917,18.65,23.99,7.85,,,,,BP ESTACIONES Y SERVICIOS ENERGETICOS SA DE CV,PL/10149/EXP/ES/2015
2026-09-14,Regular,region,Centro,3263,23.7051,15.94,29.98,7.77,,,,,J CRUZ BOJORGES CASTRO,PL/21788/EXP/ES/2018
2026-09-14,Regular,region,Golfo,1064,23.8175,20.35,28.89,7.88,,,,,OPERADORA DE ESTACIONES Y PARADORES SA DE CV,PL/22400/EXP/ES/2019
2026-09-14,Regular,region,Noreste,2124,23.3797,18.65,27.74,7.44,,,,,HIDROCARBUROS EL MIRADOR SA DE CV,PL/12075/EXP/ES/2015
2026-09-14,Regular,region,Noroeste,2055,23.4854,18.65,27.50,7.55,,,,,SERVICIOS COSTA VELEROS SA DE CV,PL/19867/EXP/ES/2017
2026-09-14,Regular,region,Norte,821,22.8829,18.29,27.00,6.94,,,,,UNION DE EJIDOS DE PRODUCCION Y COMERCIALIZACION AGROPECUARIA Y FORESTAL ZONA URIQUE SIN TIPO DE SOCIEDAD,PL/4415/EXP/ES/2015
2026-09-14,Regular,region,Occidente,2830,23.9324,21.09,29.20,7.99,,,,,LUIS GERARDO HERNANDEZ ESPINOSA,PL/10189/EXP/ES/2015
2026-09-14,Regular,region,Sur,898,23.8958,19.59,29.39,7.96,,,,,GASOLINERA LA PIEDRA SA DE CV,PL/10147/EXP/ES/2015
2026-09-14,Regular,region,Sureste,728,24.3017,22.99,26.90,8.36,,,,,ENRIQUE LIMA ZUNO,PL/7627/EXP/ES/2015
2026-09-14,Premium,nacional,MX,13011,28.5718,17.44,31.99,11.13,,,,,SERVICIO SIERRA ESMERALDA SA DE CV,PL/7076/EXP/ES/2015
2026-09-14,Premium,marca,ARCO NORTE,1,27.8900,27.89,27.89,10.45,,,,,ARCO NORTE COMBUSTIBLES S DE RL DE CV,PL/1896/EXP/ES/2015
2026-09-14,Premium,marca,BP,36,28.5500,20.55,29.99,11.11,,,,,BP ESTACIONES Y SERVICIOS ENERGETICOS SA DE CV,PL/1178/EXP/ES/2015
2026-09-14,Premium,region,Centro,3173,28.3820,20.49,29.99,10.94,,,,,SERVICIOS GASOLINEROS DE MEXICO SA DE CV,PL/10986/EXP/ES/2015
2026-09-14,Premium,region,Golfo,993,28.1165,19.50,29.99,10.68,,,,,PRADERA CARDENAS SA DE CV,PL/25249/EXP/ES/2023
2026-09-14,Premium,region,Noreste,1973,28.3124,17.44,30.49,10.87,,,,,SERVICIO ANCIRA SA DE CV,PL/2720/EXP/ES/2015
2026-09-14,Premium,region,Noroeste,1935,28.8044,20.55,31.71,11.36,,,,,EXACTO COMBUSTIBLES SA DE CV,PL/5823/EXP/ES/2015
2026-09-14,Premium,region,Norte,674,27.6023,20.69,30.99,10.16,,,,,GASOLINERA TAMAZULA SA DE CV,PL/5200/EXP/ES/2015
2026-09-14,Premium,region,Occidente,2699,29.1642,19.15,31.99,11.72,,,,,SERVICIO SIERRA ESMERALDA SA DE CV,PL/7076/EXP/ES/2015
2026-09-14,Premium,region,Sur,871,28.7726,17.67,31.59,11.33,,,,,SERVICIOS MGM SA DE CV,PL/6272/EXP/ES/2015
2026-09-14,Premium,region,Sureste,684,28.5749,24.89,29.90,11.13,,,,,COMBUSTIBLES CALETA SA DE CV,PL/2335/EXP/ES/2015
2026-09-14,Diesel,nacional,MX,10512,26.9988,16.88,31.99,10.12,,,,,SERVICIOS COSTA VELEROS SA DE CV,PL/19867/EXP/ES/2017
2026-09-14,Diesel,marca,ARCO NORTE,1,26.9700,26.97,26.97,10.09,,,,,ARCO NORTE COMBUSTIBLES S DE RL DE CV,PL/1896/EXP/ES/2015
2026-09-14,Diesel,marca,BP,23,26.0252,19.99,27.00,9.15,,,,,BP LOS TAMARINDOS SA DE CV,PL/24313/EXP/ES/2022
2026-09-14,Diesel,region,Centro,2593,26.9590,16.88,29.99,10.08,,,,,GASOLINERA DIMARO SA DE CV,PL/12650/EXP/ES/2015
2026-09-14,Diesel,region,Golfo,879,26.9885,22.20,28.98,10.11,,,,,SINERGIA PETROLERA DEL SURESTE SA DE CV,PL/20813/EXP/ES/2018
2026-09-14,Diesel,region,Noreste,1251,26.8746,18.30,29.99,9.99,,,,,MARIA CONCEPCION SANTOS RAMIREZ,PL/7558/EXP/ES/2015
2026-09-14,Diesel,region,Noroeste,1447,26.8913,19.99,31.99,10.01,,,,,SERVICIOS COSTA VELEROS SA DE CV,PL/19867/EXP/ES/2017
2026-09-14,Diesel,region,Norte,585,26.9395,23.59,29.98,10.06,,,,,GLORIA ESTHER LERMA HERRERA,PL/5108/EXP/ES/2015
2026-09-14,Diesel,region,Occidente,2384,27.0729,17.27,30.50,10.19,,,,,EMILIO RUIZ MENDEZ,PL/5631/EXP/ES/2015
2026-09-14,Diesel,region,Sur,785,27.0843,20.50,29.55,10.20,,,,,PRIMEROGAS SA DE CV,PL/12019/EXP/ES/2015
2026-09-14,Diesel,region,Sureste,582,27.3707,26.89,30.00,10.49,,,,,ENRIQUE LIMA ZUNO,PL/7627/EXP/ES/2015
2026-09-15,Regular,nacional,MX,13792,23.6773,15.94,29.98,7.74,,,,,J CRUZ BOJORGES CASTRO,PL/21788/EXP/ES/2018
2026-09-15,Regular,marca,ARCO NORTE,1,23.9500,23.95,23.95,8.01,,,,,ARCO NORTE COMBUSTIBLES S DE RL DE CV,PL/1896/EXP/ES/2015
2026-09-15,Regular,marca,BP,36,23.7917,18.65,23.99,7.85,,,,,BP ESTACIONES Y SERVICIOS ENERGETICOS SA DE CV,PL/10149/EXP/ES/2015
2026-09-15,Regular,region,Centro,3263,23.7079,15.94,29.98,7.77,,,,,J CRUZ BOJORGES CASTRO,PL/21788/EXP/ES/2018
2026-09-15,Regular,region,Golfo,1064,23.8174,20.35,28.89,7.88,,,,,OPERADORA DE ESTACIONES Y PARADORES SA DE CV,PL/22400/EXP/ES/2019
2026-09-15,Regular,region,Noreste,2124,23.3792,18.65,27.74,7.44,,,,,HIDROCARBUROS EL MIRADOR SA DE CV,PL/12075/EXP/ES/2015
2026-09-15,Regular,region,Noroeste,2055,23.4838,18.65,27.50,7.54,,,,,SERVICIOS COSTA VELEROS SA DE CV,PL/19867/EXP/ES/2017
2026-09-15,Regular,region,Norte,822,22.8860,18.29,27.00,6.95,,,,,UNION DE EJIDOS DE PRODUCCION Y COMERCIALIZACION AGROPECUARIA Y FORESTAL ZONA URIQUE SIN TIPO DE SOCIEDAD,PL/4415/EXP/ES/2015
2026-09-15,Regular,region,Occidente,2829,23.9348,21.09,29.20,7.99,,,,,LUIS GERARDO HERNANDEZ ESPINOSA,PL/10189/EXP/ES/2015
2026-09-15,Regular,region,Sur,899,23.8973,19.59,29.39,7.96,,,,,GASOLINERA LA PIEDRA SA DE CV,PL/10147/EXP/ES/2015
2026-09-15,Regular,region,Sureste,727,24.3802,22.99,26.90,8.44,,,,,ENRIQUE LIMA ZUNO,PL/7627/EXP/ES/2015
2026-09-15,Premium,nacional,MX,13011,28.5737,17.44,31.99,11.13,,,,,SERVICIO SIERRA ESMERALDA SA DE CV,PL/7076/EXP/ES/2015
2026-09-15,Premium,marca,ARCO NORTE,1,27.8900,27.89,27.89,10.45,,,,,ARCO NORTE COMBUSTIBLES S DE RL DE CV,PL/1896/EXP/ES/2015
2026-09-15,Premium,marca,BP,36,28.5500,20.55,29.99,11.11,,,,,BP ESTACIONES Y SERVICIOS ENERGETICOS SA DE CV,PL/1178/EXP/ES/2015
2026-09-15,Premium,region,Centro,3173,28.3864,20.49,29.99,10.95,,,,,SERVICIOS GASOLINEROS DE MEXICO SA DE CV,PL/10986/EXP/ES/2015
2026-09-15,Premium,region,Golfo,993,28.1172,19.50,29.99,10.68,,,,,PRADERA CARDENAS SA DE CV,PL/25249/EXP/ES/2023
2026-09-15,Premium,region,Noreste,1973,28.3128,17.44,30.49,10.87,,,,,SERVICIO ANCIRA SA DE CV,PL/2720/EXP/ES/2015
2026-09-15,Premium,region,Noroeste,1935,28.8028,20.55,31.71,11.36,,,,,EXACTO COMBUSTIBLES SA DE CV,PL/5823/EXP/ES/2015
2026-09-15,Premium,region,Norte,675,27.6043,20.69,30.99,10.16,,,,,GASOLINERA TAMAZULA SA DE CV,PL/5200/EXP/ES/2015
2026-09-15,Premium,region,Occidente,2698,29.1673,19.15,31.99,11.73,,,,,SERVICIO SIERRA ESMERALDA SA DE CV,PL/7076/EXP/ES/2015
2026-09-15,Premium,region,Sur,872,28.7710,17.67,31.59,11.33,,,,,SERVICIOS MGM SA DE CV,PL/6272/EXP/ES/2015
2026-09-15,Premium,region,Sureste,683,28.5822,26.40,29.90,11.14,,,,,COMBUSTIBLES CALETA SA DE CV,PL/2335/EXP/ES/2015
2026-09-15,Diesel,nacional,MX,10510,27.0006,16.88,31.99,10.12,,,,,SERVICIOS COSTA VELEROS SA DE CV,PL/19867/EXP/ES/2017
2026-09-15,Diesel,marca,ARCO NORTE,1,26.9700,26.97,26.97,10.09,,,,,ARCO NORTE COMBUSTIBLES S DE RL DE CV,PL/1896/EXP/ES/2015
2026-09-15,Diesel,marca,BP,23,26.0252,19.99,27.00,9.15,,,,,BP LOS TAMARINDOS SA DE CV,PL/24313/EXP/ES/2022
2026-09-15,Diesel,region,Centro,2593,26.9590,16.88,29.99,10.08,,,,,GASOLINERA DIMARO SA DE CV,PL/12650/EXP/ES/2015
2026-09-15,Diesel,region,Golfo,879,26.9899,22.20,28.98,10.11,,,,,SINERGIA PETROLERA DEL SURESTE SA DE CV,PL/20813/EXP/ES/2018
2026-09-15,Diesel,region,Noreste,1251,26.8766,18.30,29.99,10.00,,,,,MARIA CONCEPCION SANTOS RAMIREZ,PL/7558/EXP/ES/2015
2026-09-15,Diesel,region,Noroeste,1447,26.8927,19.99,31.99,10.01,,,,,SERVICIOS COSTA VELEROS SA DE CV,PL/19867/EXP/ES/2017
2026-09-15,Diesel,region,Norte,586,26.9403,23.59,29.98,10.06,,,,,GLORIA ESTHER LERMA HERRERA,PL/5108/EXP/ES/2015
2026-09-15,Diesel,region,Occidente,2382,27.0673,17.27,30.50,10.19,,,,,EMILIO RUIZ MENDEZ,PL/5631/EXP/ES/2015
2026-09-15,Diesel,region,Sur,785,27.0846,20.50,29.55,10.20,,,,,PRIMEROGAS SA DE CV,PL/12019/EXP/ES/2015
2026-09-15,Diesel,region,Sureste,581,27.4147,26.89,30.00,10.53,,,,,ENRIQUE LIMA ZUNO,PL/7627/EXP/ES/2015
2026-09-16,Regular,nacional,MX,13792,23.6785,15.94,29.98,7.74,,,,,J CRUZ BOJORGES CASTRO,PL/21788/EXP/ES/2018
2026-09-16,Regular,marca,ARCO NORTE,1,23.9500,23.95,23.95,8.01,,,,,ARCO NORTE COMBUSTIBLES S DE RL DE CV,PL/1896/EXP/ES/2015
2026-09-16,Regular,marca,BP,36,23.7917,18.65,23.99,7.85,,,,,BP ESTACIONES Y SERVICIOS ENERGETICOS SA DE CV,PL/10149/EXP/ES/2015
2026-09-16,Regular,region,Centro,3264,23.7061,15.94,29.98,7.77,,,,,J CRUZ BOJORGES CASTRO,PL/21788/EXP/ES/2018
2026-09-16,Regular,region,Golfo,1064,23.8180,20.35,28.89,7.88,,,,,OPERADORA DE ESTACIONES Y PARADORES SA DE CV,PL/22400/EXP/ES/2019
2026-09-16,Regular,region,Noreste,2124,23.3752,18.65,27.74,7.44,,,,,HIDROCARBUROS EL MIRADOR SA DE CV,PL/12075/EXP/ES/2015
2026-09-16,Regular,region,Noroeste,2055,23.4864,18.65,27.50,7.55,,,,,SERVICIOS COSTA VELEROS SA DE CV,PL/19867/EXP/ES/2017
2026-09-16,Regular,region,Norte,822,22.8855,18.29,27.00,6.95,,,,,UNION DE EJIDOS DE PRODUCCION Y COMERCIALIZACION AGROPECUARIA Y FORESTAL ZONA URIQUE SIN TIPO DE SOCIEDAD,PL/4415/EXP/ES/2015
2026-09-16,Regular,region,Occidente,2828,23.9331,21.09,29.20,7.99,,,,,LUIS GERARDO HERNANDEZ ESPINOSA,PL/10189/EXP/ES/2015
2026-09-16,Regular,region,Sur,899,23.8962,19.59,29.39,7.96,,,,,GASOLINERA LA PIEDRA SA DE CV,PL/10147/EXP/ES/2015
2026-09-16,Regular,region,Sureste,727,24.4246,22.99,26.90,8.48,,,,,ENRIQUE LIMA ZUNO,PL/7627/EXP/ES/2015
2026-09-16,Premium,nacional,MX,13010,28.5733,17.44,31.99,11.13,,,,,SERVICIO SIERRA ESMERALDA SA DE CV,PL/7076/EXP/ES/2015
2026-09-16,Premium,marca,ARCO NORTE,1,27.8900,27.89,27.89,10.45,,,,,ARCO NORTE COMBUSTIBLES S DE RL DE CV,PL/1896/EXP/ES/2015
2026-09-16,Premium,marca,BP,36,28.5500,20.55,29.99,11.11,,,,,BP ESTACIONES Y SERVICIOS ENERGETICOS SA DE CV,PL/1178/EXP/ES/2015
2026-09-16,Premium,region,Centro,3173,28.3853,20.49,29.99,10.95,,,,,SERVICIOS GASOLINEROS DE MEXICO SA DE CV,PL/10986/EXP/ES/2015
2026-09-16,Premium,region,Golfo,993,28.1162,19.50,29.99,10.68,,,,,PRADERA CARDENAS SA DE CV,PL/25249/EXP/ES/2023
2026-09-16,Premium,region,Noreste,1973,28.3132,17.44,30.49,10.87,,,,,SERVICIO ANCIRA SA DE CV,PL/2720/EXP/ES/2015
2026-09-16,Premium,region,Noroeste,1935,28.8020,20.55,31.71,11.36,,,,,EXACTO COMBUSTIBLES SA DE CV,PL/5823/EXP/ES/2015
2026-09-16,Premium,region,Norte,675,27.6038,20.69,30.99,10.16,,,,,GASOLINERA TAMAZULA SA DE CV,PL/5200/EXP/ES/2015
2026-09-16,Premium,region,Occidente,2697,29.1688,19.15,31.99,11.73,,,,,SERVICIO SIERRA ESMERALDA SA DE CV,PL/7076/EXP/ES/2015
2026-09-16,Premium,region,Sur,872,28.7682,17.67,31.59,11.33,,,,,SERVICIOS MGM SA DE CV,PL/6272/EXP/ES/2015
2026-09-16,Premium,region,Sureste,683,28.5814,26.40,29.90,11.14,,,,,COMBUSTIBLES CALETA SA DE CV,PL/2335/EXP/ES/2015
2026-09-16,Diesel,nacional,MX,10509,27.0007,16.88,31.99,10.12,,,,,SERVICIOS COSTA VELEROS SA DE CV,PL/19867/EXP/ES/2017
2026-09-16,Diesel,marca,ARCO NORTE,1,26.9700,26.97,26.97,10.09,,,,,ARCO NORTE COMBUSTIBLES S DE RL DE CV,PL/1896/EXP/ES/2015
2026-09-16,Diesel,marca,BP,23,26.0252,19.99,27.00,9.15,,,,,BP LOS TAMARINDOS SA DE CV,PL/24313/EXP/ES/2022
2026-09-16,Diesel,region,Centro,2593,26.9591,16.88,29.99,10.08,,,,,GASOLINERA DIMARO SA DE CV,PL/12650/EXP/ES/2015
2026-09-16,Diesel,region,Golfo,879,26.9920,22.20,28.98,10.11,,,,,SINERGIA PETROLERA DEL SURESTE SA DE CV,PL/20813/EXP/ES/2018
2026-09-16,Diesel,region,Noreste,1251,26.8775,18.30,29.99,10.00,,,,,MARIA CONCEPCION SANTOS RAMIREZ,PL/7558/EXP/ES/2015
2026-09-16,Diesel,region,Noroeste,1447,26.8940,19.99,31.99,10.01,,,,,SERVICIOS COSTA VELEROS SA DE CV,PL/19867/EXP/ES/2017
2026-09-16,Diesel,region,Norte,586,26.9369,23.59,29.98,10.06,,,,,GLORIA ESTHER LERMA HERRERA,PL/5108/EXP/ES/2015
2026-09-16,Diesel,region,Occidente,2381,27.0639,17.27,30.50,10.18,,,,,EMILIO RUIZ MENDEZ,PL/5631/EXP/ES/2015
2026-09-16,Diesel,region,Sur,785,27.0850,20.50,29.55,10.21,,,,,PRIMEROGAS SA DE CV,PL/12019/EXP/ES/2015
2026-09-16,Diesel,region,Sureste,581,27.4271,26.89,30.00,10.55,,,,,ENRIQUE LIMA ZUNO,PL/7627/EXP/ES/2015
2026-09-17,Regular,nacional,MX,13791,23.6811,15.94,29.98,7.74,,,,,J CRUZ BOJORGES CASTRO,PL/21788/EXP/ES/2018
2026-09-17,Regular,marca,ARCO NORTE,1,23.9500,23.95,23.95,8.01,,,,,ARCO NORTE COMBUSTIBLES S DE RL DE CV,PL/1896/EXP/ES/2015
2026-09-17,Regular,marca,BP,36,23.7917,18.65,23.99,7.85,,,,,BP ESTACIONES Y SERVICIOS ENERGETICOS SA DE CV,PL/10149/EXP/ES/2015
2026-09-17,Regular,region,Centro,3264,23.7122,15.94,29.98,7.77,,,,,J CRUZ BOJORGES CASTRO,PL/21788/EXP/ES/2018
2026-09-17,Regular,region,Golfo,1064,23.8180,20.35,28.89,7.88,,,,,OPERADORA DE ESTACIONES Y PARADORES SA DE CV,PL/22400/EXP/ES/2019
2026-09-17,Regular,region,Noreste,2124,23.3761,18.65,27.74,7.44,,,,,HIDROCARBUROS EL MIRADOR SA DE CV,PL/12075/EXP/ES/2015
2026-09-17,Regular,region,Noroeste,2054,23.4864,18.65,27.50,7.55,,,,,SERVICIOS COSTA VELEROS SA DE CV,PL/19867/EXP/ES/2017
2026-09-17,Regular,region,Norte,822,22.8781,18.29,27.00,6.94,,,,,UNION DE EJIDOS DE PRODUCCION Y COMERCIALIZACION AGROPECUARIA Y FORESTAL ZONA URIQUE SIN TIPO DE SOCIEDAD,PL/4415/EXP/ES/2015
2026-09-17,Regular,region,Occidente,2828,23.9363,21.09,29.20,8.00,,,,,LUIS GERARDO HERNANDEZ ESPINOSA,PL/10189/EXP/ES/2015
2026-09-17,Regular,region,Sur,899,23.8977,19.59,29.39,7.96,,,,,GASOLINERA LA PIEDRA SA DE CV,PL/10147/EXP/ES/2015
2026-09-17,Regular,region,Sureste,727,24.4372,22.99,26.90,8.50,,,,,ENRIQUE LIMA ZUNO,PL/7627/EXP/ES/2015
2026-09-17,Premium,nacional,MX,13010,28.5738,17.44,31.99,11.13,,,,,SERVICIO SIERRA ESMERALDA SA DE CV,PL/7076/EXP/ES/2015
2026-09-17,Premium,marca,ARCO NORTE,1,27.8900,27.89,27.89,10.45,,,,,ARCO NORTE COMBUSTIBLES S DE RL DE CV,PL/1896/EXP/ES/2015
2026-09-17,Premium,marca,BP,36,28.5500,20.55,29.99,11.11,,,,,BP ESTACIONES Y SERVICIOS ENERGETICOS SA DE CV,PL/1178/EXP/ES/2015
2026-09-17,Premium,region,Centro,3173,28.3852,20.49,29.99,10.95,,,,,SERVICIOS GASOLINEROS DE MEXICO SA DE CV,PL/10986/EXP/ES/2015
2026-09-17,Premium,region,Golfo,993,28.1166,19.50,29.99,10.68,,,,,PRADERA CARDENAS SA DE CV,PL/25249/EXP/ES/2023
2026-09-17,Premium,region,Noreste,1973,28.3137,17.44,30.49,10.87,,,,,SERVICIO ANCIRA SA DE CV,PL/2720/EXP/ES/2015
2026-09-17,Premium,region,Noroeste,1935,28.8029,20.55,31.71,11.36,,,,,EXACTO COMBUSTIBLES SA DE CV,PL/5823/EXP/ES/2015
2026-09-17,Premium,region,Norte,675,27.6038,20.69,30.99,10.16,,,,,GASOLINERA TAMAZULA SA DE CV,PL/5200/EXP/ES/2015
2026-09-17,Premium,region,Occidente,2697,29.1698,19.15,31.99,11.73,,,,,SERVICIO SIERRA ESMERALDA SA DE CV,PL/7076/EXP/ES/2015
2026-09-17,Premium,region,Sur,872,28.7688,17.67,31.59,11.33,,,,,SERVICIOS MGM SA DE CV,PL/6272/EXP/ES/2015
2026-09-17,Premium,region,Sureste,683,28.5811,26.40,29.90,11.14,,,,,COMBUSTIBLES CALETA SA DE CV,PL/2335/EXP/ES/2015
2026-09-17,Diesel,nacional,MX,10509,27.0004,16.88,31.99,10.12,,,,,SERVICIOS COSTA VELEROS SA DE CV,PL/19867/EXP/ES/2017
2026-09-17,Diesel,marca,ARCO NORTE,1,26.9700,26.97,26.97,10.09,,,,,ARCO NORTE COMBUSTIBLES S DE RL DE CV,PL/1896/EXP/ES/2015
2026-09-17,Diesel,marca,BP,23,26.0252,19.99,27.00,9.15,,,,,BP LOS TAMARINDOS SA DE CV,PL/24313/EXP/ES/2022
2026-09-17,Diesel,region,Centro,2593,26.9591,16.88,29.99,10.08,,,,,GASOLINERA DIMARO SA DE CV,PL/12650/EXP/ES/2015
2026-09-17,Diesel,region,Golfo,879,26.9919,22.20,28.98,10.11,,,,,SINERGIA PETROLERA DEL SURESTE SA DE CV,PL/20813/EXP/ES/2018
2026-09-17,Diesel,region,Noreste,1251,26.8772,18.30,29.99,10.00,,,,,MARIA CONCEPCION SANTOS RAMIREZ,PL/7558/EXP/ES/2015
2026-09-17,Diesel,region,Noroeste,1447,26.8939,19.99,31.99,10.01,,,,,SERVICIOS COSTA VELEROS SA DE CV,PL/19867/EXP/ES/2017
2026-09-17,Diesel,region,Norte,586,26.9396,23.59,29.98,10.06,,,,,GLORIA ESTHER LERMA HERRERA,PL/5108/EXP/ES/2015
2026-09-17,Diesel,region,Occidente,2381,27.0601,17.27,30.50,10.18,,,,,EMILIO RUIZ MENDEZ,PL/5631/EXP/ES/2015
2026-09-17,Diesel,region,Sur,785,27.0850,20.50,29.55,10.21,,,,,PRIMEROGAS SA DE CV,PL/12019/EXP/ES/2015
2026-09-17,Diesel,region,Sureste,581,27.4352,26.89,30.00,10.56,,,,,ENRIQUE LIMA ZUNO,PL/7627/EXP/ES/2015
2026-09-18,Regular,nacional,MX,13791,23.6799,15.94,29.98,7.74,,,,,J CRUZ BOJORGES CASTRO,PL/21788/EXP/ES/2018
2026-09-18,Regular,marca,ARCO NORTE,1,23.9500,23.95,23.95,8.01,,,,,ARCO NORTE COMBUSTIBLES S DE RL DE CV,PL/1896/EXP/ES/2015
2026-09-18,Regular,marca,BP,36,23.7917,18.65,23.99,7.85,,,,,BP ESTACIONES Y SERVICIOS ENERGETICOS SA DE CV,PL/10149/EXP/ES/2015
2026-09-18,Regular,region,Centro,3264,23.7118,15.94,29.98,7.77,,,,,J CRUZ BOJORGES CASTRO,PL/21788/EXP/ES/2018
2026-09-18,Regular,region,Golfo,1064,23.8187,20.35,28.89,7.88,,,,,OPERADORA DE ESTACIONES Y PARADORES SA DE CV,PL/22400/EXP/ES/2019
2026-09-18,Regular,region,Noreste,2124,23.3777,18.65,27.74,7.44,,,,,HIDROCARBUROS EL MIRADOR SA DE CV,PL/12075/EXP/ES/2015
2026-09-18,Regular,region,Noroeste,2054,23.4782,18.65,27.50,7.54,,,,,SERVICIOS COSTA VELEROS SA DE CV,PL/19867/EXP/ES/2017
2026-09-18,Regular,region,Norte,821,22.8724,18.29,27.00,6.93,,,,,UNION DE EJIDOS DE PRODUCCION Y COMERCIALIZACION AGROPECUARIA Y FORESTAL ZONA URIQUE SIN TIPO DE SOCIEDAD,PL/4415/EXP/ES/2015
2026-09-18,Regular,region,Occidente,2828,23.9315,21.09,29.20,7.99,,,,,LUIS GERARDO HERNANDEZ ESPINOSA,PL/10189/EXP/ES/2015
2026-09-18,Regular,region,Sur,900,23.8978,19.59,29.39,7.96,,,,,GASOLINERA LA PIEDRA SA DE CV,PL/10147/EXP/ES/2015
2026-09-18,Regular,region,Sureste,727,24.4561,22.99,26.90,8.52,,,,,ENRIQUE LIMA ZUNO,PL/7627/EXP/ES/2015
2026-09-18,Premium,nacional,MX,13011,28.5732,17.44,31.99,11.13,,,,,SERVICIO SIERRA ESMERALDA SA DE CV,PL/7076/EXP/ES/2015
2026-09-18,Premium,marca,ARCO NORTE,1,27.8900,27.89,27.89,10.45,,,,,ARCO NORTE COMBUSTIBLES S DE RL DE CV,PL/1896/EXP/ES/2015
2026-09-18,Premium,marca,BP,36,28.5500,20.55,29.99,11.11,,,,,BP ESTACIONES Y SERVICIOS ENERGETICOS SA DE CV,PL/1178/EXP/ES/2015
2026-09-18,Premium,region,Centro,3173,28.3837,20.49,29.99,10.94,,,,,SERVICIOS GASOLINEROS DE MEXICO SA DE CV,PL/10986/EXP/ES/2015
2026-09-18,Premium,region,Golfo,993,28.1167,19.50,29.99,10.68,,,,,PRADERA CARDENAS SA DE CV,PL/25249/EXP/ES/2023
2026-09-18,Premium,region,Noreste,1973,28.3155,17.44,30.49,10.88,,,,,SERVICIO ANCIRA SA DE CV,PL/2720/EXP/ES/2015
2026-09-18,Premium,region,Noroeste,1935,28.8011,20.55,31.71,11.36,,,,,EXACTO COMBUSTIBLES SA DE CV,PL/5823/EXP/ES/2015
2026-09-18,Premium,region,Norte,675,27.5955,20.69,30.99,10.16,,,,,GASOLINERA TAMAZULA SA DE CV,PL/5200/EXP/ES/2015
2026-09-18,Premium,region,Occidente,2697,29.1690,19.15,31.99,11.73,,,,,SERVICIO SIERRA ESMERALDA SA DE CV,PL/7076/EXP/ES/2015
2026-09-18,Premium,region,Sur,873,28.7720,17.67,31.59,11.33,,,,,SERVICIOS MGM SA DE CV,PL/6272/EXP/ES/2015
2026-09-18,Premium,region,Sureste,683,28.5832,26.40,29.90,11.14,,,,,COMBUSTIBLES CALETA SA DE CV,PL/2335/EXP/ES/2015
2026-09-18,Diesel,nacional,MX,10510,26.9977,16.88,31.99,10.12,,,,,SERVICIOS COSTA VELEROS SA DE CV,PL/19867/EXP/ES/2017
2026-09-18,Diesel,marca,ARCO NORTE,1,26.9700,26.97,26.97,10.09,,,,,ARCO NORTE COMBUSTIBLES S DE RL DE CV,PL/1896/EXP/ES/2015
2026-09-18,Diesel,marca,BP,23,26.0252,19.99,27.00,9.15,,,,,BP LOS TAMARINDOS SA DE CV,PL/24313/EXP/ES/2022
2026-09-18,Diesel,region,Centro,2593,26.9606,16.88,29.99,10.08,,,,,GASOLINERA DIMARO SA DE CV,PL/12650/EXP/ES/2015
2026-09-18,Diesel,region,Golfo,879,26.9931,22.20,28.98,10.11,,,,,SINERGIA PETROLERA DEL SURESTE SA DE CV,PL/20813/EXP/ES/2018
2026-09-18,Diesel,region,Noreste,1251,26.8773,18.30,29.99,10.00,,,,,MARIA CONCEPCION SANTOS RAMIREZ,PL/7558/EXP/ES/2015
2026-09-18,Diesel,region,Noroeste,1447,26.8764,19.99,31.99,10.00,,,,,SERVICIOS COSTA VELEROS SA DE CV,PL/19867/EXP/ES/2017
2026-09-18,Diesel,region,Norte,586,26.9378,23.59,29.98,10.06,,,,,GLORIA ESTHER LERMA HERRERA,PL/5108/EXP/ES/2015
2026-09-18,Diesel,region,Occidente,2381,27.0549,17.27,30.50,10.17,,,,,EMILIO RUIZ MENDEZ,PL/5631/EXP/ES/2015
2026-09-18,Diesel,region,Sur,786,27.0848,20.50,29.55,10.20,,,,,PRIMEROGAS SA DE CV,PL/12019/EXP/ES/2015
2026-09-18,Diesel,region,Sureste,581,27.4427,26.89,30.00,10.56,,,,,ENRIQUE LIMA ZUNO,PL/7627/EXP/ES/2015
2026-09-19,Regular,nacional,MX,13792,23.6841,15.94,32.99,7.74,,,,,GASOLINERA FAZA SA DE CV,PL/8354/EXP/ES/2015
2026-09-19,Regular,marca,ARCO NORTE,1,23.9500,23.95,23.95,8.01,,,,,ARCO NORTE COMBUSTIBLES S DE RL DE CV,PL/1896/EXP/ES/2015
2026-09-19,Regular,marca,BP,36,23.7917,18.65,23.99,7.85,,,,,BP ESTACIONES Y SERVICIOS ENERGETICOS SA DE CV,PL/10149/EXP/ES/2015
2026-09-19,Regular,region,Centro,3265,23.7156,15.94,28.49,7.78,,,,,SERVICIO MIRLO SA DE CV,PL/919/EXP/ES/2015
2026-09-19,Regular,region,Golfo,1064,23.8173,20.35,28.89,7.88,,,,,OPERADORA DE ESTACIONES Y PARADORES SA DE CV,PL/22400/EXP/ES/2019
2026-09-19,Regular,region,Noreste,2124,23.3802,18.65,27.74,7.44,,,,,HIDROCARBUROS EL MIRADOR SA DE CV,PL/12075/EXP/ES/2015
2026-09-19,Regular,region,Noroeste,2054,23.4834,18.65,27.50,7.54,,,,,SERVICIOS COSTA VELEROS SA DE CV,PL/19867/EXP/ES/2017
2026-09-19,Regular,region,Norte,821,22.8825,18.29,27.00,6.94,,,,,UNION DE EJIDOS DE PRODUCCION Y COMERCIALIZACION AGROPECUARIA Y FORESTAL ZONA URIQUE SIN TIPO DE SOCIEDAD,PL/4415/EXP/ES/2015
2026-09-19,Regular,region,Occidente,2828,23.9359,21.09,32.99,8.00,,,,,GASOLINERA FAZA SA DE CV,PL/8354/EXP/ES/2015
2026-09-19,Regular,region,Sur,899,23.9005,19.59,29.39,7.96,,,,,GASOLINERA LA PIEDRA SA DE CV,PL/10147/EXP/ES/2015
2026-09-19,Regular,region,Sureste,727,24.4687,22.99,26.90,8.53,,,,,ENRIQUE LIMA ZUNO,PL/7627/EXP/ES/2015
2026-09-19,Premium,nacional,MX,13012,28.5733,17.44,31.99,11.13,,,,,SERVICIO SIERRA ESMERALDA SA DE CV,PL/7076/EXP/ES/2015
2026-09-19,Premium,marca,ARCO NORTE,1,27.8900,27.89,27.89,10.45,,,,,ARCO NORTE COMBUSTIBLES S DE RL DE CV,PL/1896/EXP/ES/2015
2026-09-19,Premium,marca,BP,36,28.5500,20.55,29.99,11.11,,,,,BP ESTACIONES Y SERVICIOS ENERGETICOS SA DE CV,PL/1178/EXP/ES/2015
2026-09-19,Premium,region,Centro,3173,28.3791,20.49,29.99,10.94,,,,,SERVICIOS GASOLINEROS DE MEXICO SA DE CV,PL/10986/EXP/ES/2015
2026-09-19,Premium,region,Golfo,993,28.1146,19.50,29.99,10.67,,,,,PRADERA CARDENAS SA DE CV,PL/25249/EXP/ES/2023
2026-09-19,Premium,region,Noreste,1973,28.3194,17.44,30.49,10.88,,,,,SERVICIO ANCIRA SA DE CV,PL/2720/EXP/ES/2015
2026-09-19,Premium,region,Noroeste,1935,28.8060,20.55,31.71,11.37,,,,,EXACTO COMBUSTIBLES SA DE CV,PL/5823/EXP/ES/2015
2026-09-19,Premium,region,Norte,675,27.6008,20.69,30.99,10.16,,,,,GASOLINERA TAMAZULA SA DE CV,PL/5200/EXP/ES/2015
2026-09-19,Premium,region,Occidente,2697,29.1681,19.15,31.99,11.73,,,,,SERVICIO SIERRA ESMERALDA SA DE CV,PL/7076/EXP/ES/2015
2026-09-19,Premium,region,Sur,873,28.7719,17.67,31.59,11.33,,,,,SERVICIOS MGM SA DE CV,PL/6272/EXP/ES/2015
2026-09-19,Premium,region,Sureste,683,28.5836,26.40,29.90,11.14,,,,,COMBUSTIBLES CALETA SA DE CV,PL/2335/EXP/ES/2015
2026-09-19,Diesel,nacional,MX,10511,26.9981,16.88,31.99,10.12,,,,,SERVICIOS COSTA VELEROS SA DE CV,PL/19867/EXP/ES/2017
2026-09-19,Diesel,marca,ARCO NORTE,1,26.9700,26.97,26.97,10.09,,,,,ARCO NORTE COMBUSTIBLES S DE RL DE CV,PL/1896/EXP/ES/2015
2026-09-19,Diesel,marca,BP,23,26.0252,19.99,27.00,9.15,,,,,BP LOS TAMARINDOS SA DE CV,PL/24313/EXP/ES/2022
2026-09-19,Diesel,region,Centro,2593,26.9618,16.88,29.99,10.08,,,,,GASOLINERA DIMARO SA DE CV,PL/12650/EXP/ES/2015
2026-09-19,Diesel,region,Golfo,879,26.9895,22.20,28.98,10.11,,,,,SINERGIA PETROLERA DEL SURESTE SA DE CV,PL/20813/EXP/ES/2018
2026-09-19,Diesel,region,Noreste,1251,26.8785,18.30,29.99,10.00,,,,,MARIA CONCEPCION SANTOS RAMIREZ,PL/7558/EXP/ES/2015
2026-09-19,Diesel,region,Noroeste,1447,26.8755,19.99,31.99,10.00,,,,,SERVICIOS COSTA VELEROS SA DE CV,PL/19867/EXP/ES/2017
2026-09-19,Diesel,region,Norte,586,26.9446,23.59,29.98,10.06,,,,,GLORIA ESTHER LERMA HERRERA,PL/5108/EXP/ES/2015
2026-09-19,Diesel,region,Occidente,2381,27.0551,22.29,30.50,10.18,,,,,EMILIO RUIZ MENDEZ,PL/5631/EXP/ES/2015
2026-09-19,Diesel,region,Sur,786,27.0819,20.50,29.55,10.20,,,,,PRIMEROGAS SA DE CV,PL/12019/EXP/ES/2015
2026-09-19,Diesel,region,Sureste,581,27.4463,26.89,30.00,10.57,,,,,ENRIQUE LIMA ZUNO,PL/7627/EXP/ES/2015
2026-09-20,Regular,nacional,MX,13796,23.6849,15.94,32.99,7.74,,,,,GASOLINERA FAZA SA DE CV,PL/8354/EXP/ES/2015
2026-09-20,Regular,marca,ARCO NORTE,1,23.9500,23.95,23.95,8.01,,,,,ARCO NORTE COMBUSTIBLES S DE RL DE CV,PL/1896/EXP/ES/2015
2026-09-20,Regular,marca,BP,36,23.7917,18.65,23.99,7.85,,,,,BP ESTACIONES Y SERVICIOS ENERGETICOS SA DE CV,PL/10149/EXP/ES/2015
2026-09-20,Regular,region,Centro,3265,23.7160,15.94,28.49,7.78,,,,,SERVICIO MIRLO SA DE CV,PL/919/EXP/ES/2015
2026-09-20,Regular,region,Golfo,1064,23.8099,20.35,25.29,7.87,,,,,SERVICIO LA NUEVA VICTORIA SA DE CV,PL/11457/EXP/ES/2015
2026-09-20,Regular,region,Noreste,2124,23.3808,18.65,27.74,7.44,,,,,HIDROCARBUROS EL MIRADOR SA DE CV,PL/12075/EXP/ES/2015
2026-09-20,Regular,region,Noroeste,2057,23.4878,18.65,27.50,7.55,,,,,SERVICIOS COSTA VELEROS SA DE CV,PL/19867/EXP/ES/2017
2026-09-20,Regular,region,Norte,822,22.8854,18.29,27.00,6.95,,,,,UNION DE EJIDOS DE PRODUCCION Y COMERCIALIZACION AGROPECUARIA Y FORESTAL ZONA URIQUE SIN TIPO DE SOCIEDAD,PL/4415/EXP/ES/2015
2026-09-20,Regular,region,Occidente,2828,23.9404,21.09,32.99,8.00,,,,,GASOLINERA FAZA SA DE CV,PL/8354/EXP/ES/2015
2026-09-20,Regular,region,Sur,899,23.8921,19.59,28.99,7.95,,,,,OPERADORA AVESA SA DE CV,PL/23516/EXP/ES/2020
2026-09-20,Regular,region,Sureste,727,24.4705,22.99,26.90,8.53,,,,,ENRIQUE LIMA ZUNO,PL/7627/EXP/ES/2015
2026-09-20,Premium,nacional,MX,13012,28.5720,17.44,31.99,11.13,,,,,SERVICIO SIERRA ESMERALDA SA DE CV,PL/7076/EXP/ES/2015
2026-09-20,Premium,marca,ARCO NORTE,1,27.8900,27.89,27.89,10.45,,,,,ARCO NORTE COMBUSTIBLES S DE RL DE CV,PL/1896/EXP/ES/2015
2026-09-20,Premium,marca,BP,36,28.5500,20.55,29.99,11.11,,,,,BP ESTACIONES Y SERVICIOS ENERGETICOS SA DE CV,PL/1178/EXP/ES/2015
2026-09-20,Premium,region,Centro,3173,28.3803,20.49,29.99,10.94,,,,,SERVICIOS GASOLINEROS DE MEXICO SA DE CV,PL/10986/EXP/ES/2015
2026-09-20,Premium,region,Golfo,993,28.1158,19.50,29.99,10.68,,,,,PRADERA CARDENAS SA DE CV,PL/25249/EXP/ES/2023
2026-09-20,Premium,region,Noreste,1973,28.3148,17.44,30.49,10.87,,,,,SERVICIO ANCIRA SA DE CV,PL/2720/EXP/ES/2015
2026-09-20,Premium,region,Noroeste,1935,28.8059,20.55,31.71,11.37,,,,,EXACTO COMBUSTIBLES SA DE CV,PL/5823/EXP/ES/2015
2026-09-20,Premium,region,Norte,675,27.6073,20.69,30.99,10.17,,,,,GASOLINERA TAMAZULA SA DE CV,PL/5200/EXP/ES/2015
2026-09-20,Premium,region,Occidente,2697,29.1660,19.15,31.99,11.73,,,,,SERVICIO SIERRA ESMERALDA SA DE CV,PL/7076/EXP/ES/2015
2026-09-20,Premium,region,Sur,873,28.7588,17.67,31.59,11.32,,,,,SERVICIOS MGM SA DE CV,PL/6272/EXP/ES/2015
2026-09-20,Premium,region,Sureste,683,28.5837,26.40,29.90,11.14,,,,,COMBUSTIBLES CALETA SA DE CV,PL/2335/EXP/ES/2015
2026-09-20,Diesel,nacional,MX,10512,26.9999,16.88,31.99,10.12,,,,,SERVICIOS COSTA VELEROS SA DE CV,PL/19867/EXP/ES/2017
2026-09-20,Diesel,marca,ARCO NORTE,1,26.9700,26.97,26.97,10.09,,,,,ARCO NORTE COMBUSTIBLES S DE RL DE CV,PL/1896/EXP/ES/2015
2026-09-20,Diesel,marca,BP,23,26.0252,19.99,27.00,9.15,,,,,BP LOS TAMARINDOS SA DE CV,PL/24313/EXP/ES/2022
2026-09-20,Diesel,region,Centro,2593,26.9609,16.88,29.99,10.08,,,,,GASOLINERA DIMARO SA DE CV,PL/12650/EXP/ES/2015
2026-09-20,Diesel,region,Golfo,879,26.9894,22.20,28.98,10.11,,,,,SINERGIA PETROLERA DEL SURESTE SA DE CV,PL/20813/EXP/ES/2018
2026-09-20,Diesel,region,Noreste,1252,26.8791,18.30,29.99,10.00,,,,,MARIA CONCEPCION SANTOS RAMIREZ,PL/7558/EXP/ES/2015
2026-09-20,Diesel,region,Noroeste,1447,26.8720,19.99,31.99,9.99,,,,,SERVICIOS COSTA VELEROS SA DE CV,PL/19867/EXP/ES/2017
2026-09-20,Diesel,region,Norte,586,26.9442,23.59,29.98,10.06,,,,,GLORIA ESTHER LERMA HERRERA,PL/5108/EXP/ES/2015
2026-09-20,Diesel,region,Occidente,2381,27.0656,22.29,30.50,10.19,,,,,EMILIO RUIZ MENDEZ,PL/5631/EXP/ES/2015
2026-09-20,Diesel,region,Sur,786,27.0835,20.50,29.55,10.20,,,,,PRIMEROGAS SA DE CV,PL/12019/EXP/ES/2015
2026-09-20,Diesel,region,Sureste,581,27.4469,26.50,30.00,10.57,,,,,ENRIQUE LIMA ZUNO,PL/7627/EXP/ES/2015
2026-09-21,Regular,nacional,MX,13795,23.6852,15.94,32.99,7.75,,,,,GASOLINERA FAZA SA DE CV,PL/8354/EXP/ES/2015
2026-09-21,Regular,marca,ARCO NORTE,1,23.9500,23.95,23.95,8.01,,,,,ARCO NORTE COMBUSTIBLES S DE RL DE CV,PL/1896/EXP/ES/2015
2026-09-21,Regular,marca,BP,36,23.7917,18.65,23.99,7.85,,,,,BP ESTACIONES Y SERVICIOS ENERGETICOS SA DE CV,PL/10149/EXP/ES/2015
2026-09-21,Regular,region,Centro,3265,23.7162,15.94,28.49,7.78,,,,,SERVICIO MIRLO SA DE CV,PL/919/EXP/ES/2015
2026-09-21,Regular,region,Golfo,1064,23.8112,20.35,25.29,7.87,,,,,SERVICIO LA NUEVA VICTORIA SA DE CV,PL/11457/EXP/ES/2015
2026-09-21,Regular,region,Noreste,2124,23.3808,18.65,27.74,7.44,,,,,HIDROCARBUROS EL MIRADOR SA DE CV,PL/12075/EXP/ES/2015
2026-09-21,Regular,region,Noroeste,2057,23.4877,18.65,27.50,7.55,,,,,SERVICIOS COSTA VELEROS SA DE CV,PL/19867/EXP/ES/2017
2026-09-21,Regular,region,Norte,822,22.8854,18.29,27.00,6.95,,,,,UNION DE EJIDOS DE PRODUCCION Y COMERCIALIZACION AGROPECUARIA Y FORESTAL ZONA URIQUE SIN TIPO DE SOCIEDAD,PL/4415/EXP/ES/2015
2026-09-21,Regular,region,Occidente,2827,23.9410,21.09,32.99,8.00,,,,,GASOLINERA FAZA SA DE CV,PL/8354/EXP/ES/2015
2026-09-21,Regular,region,Sur,899,23.8924,19.59,28.99,7.95,,,,,OPERADORA AVESA SA DE CV,PL/23516/EXP/ES/2020
2026-09-21,Regular,region,Sureste,727,24.4705,22.99,26.90,8.53,,,,,ENRIQUE LIMA ZUNO,PL/7627/EXP/ES/2015
2026-09-21,Premium,nacional,MX,13012,28.5719,17.44,31.99,11.13,,,,,SERVICIO SIERRA ESMERALDA SA DE CV,PL/7076/EXP/ES/2015
2026-09-21,Premium,marca,ARCO NORTE,1,27.8900,27.89,27.89,10.45,,,,,ARCO NORTE COMBUSTIBLES S DE RL DE CV,PL/1896/EXP/ES/2015
2026-09-21,Premium,marca,BP,36,28.5500,20.55,29.99,11.11,,,,,BP ESTACIONES Y SERVICIOS ENERGETICOS SA DE CV,PL/1178/EXP/ES/2015
2026-09-21,Premium,region,Centro,3173,28.3786,20.49,29.99,10.94,,,,,SERVICIOS GASOLINEROS DE MEXICO SA DE CV,PL/10986/EXP/ES/2015
2026-09-21,Premium,region,Golfo,993,28.1172,19.50,29.99,10.68,,,,,PRADERA CARDENAS SA DE CV,PL/25249/EXP/ES/2023
2026-09-21,Premium,region,Noreste,1973,28.3148,17.44,30.49,10.87,,,,,SERVICIO ANCIRA SA DE CV,PL/2720/EXP/ES/2015
2026-09-21,Premium,region,Noroeste,1935,28.8059,20.55,31.71,11.37,,,,,EXACTO COMBUSTIBLES SA DE CV,PL/5823/EXP/ES/2015
2026-09-21,Premium,region,Norte,675,27.6073,20.69,30.99,10.17,,,,,GASOLINERA TAMAZULA SA DE CV,PL/5200/EXP/ES/2015
2026-09-21,Premium,region,Occidente,2697,29.1667,19.15,31.99,11.73,,,,,SERVICIO SIERRA ESMERALDA SA DE CV,PL/7076/EXP/ES/2015
2026-09-21,Premium,region,Sur,873,28.7590,17.67,31.59,11.32,,,,,SERVICIOS MGM SA DE CV,PL/6272/EXP/ES/2015
2026-09-21,Premium,region,Sureste,683,28.5837,26.40,29.90,11.14,,,,,COMBUSTIBLES CALETA SA DE CV,PL/2335/EXP/ES/2015
2026-09-21,Diesel,nacional,MX,10512,26.9999,16.88,31.99,10.12,,,,,SERVICIOS COSTA VELEROS SA DE CV,PL/19867/EXP/ES/2017
2026-09-21,Diesel,marca,ARCO NORTE,1,26.9700,26.97,26.97,10.09,,,,,ARCO NORTE COMBUSTIBLES S DE RL DE CV,PL/1896/EXP/ES/2015
2026-09-21,Diesel,marca,BP,23,26.0252,19.99,27.00,9.15,,,,,BP LOS TAMARINDOS SA DE CV,PL/24313/EXP/ES/2022
2026-09-21,Diesel,region,Centro,2593,26.9610,16.88,29.99,10.08,,,,,GASOLINERA DIMARO SA DE CV,PL/12650/EXP/ES/2015
2026-09-21,Diesel,region,Golfo,879,26.9894,22.20,28.98,10.11,,,,,SINERGIA PETROLERA DEL SURESTE SA DE CV,PL/20813/EXP/ES/2018
2026-09-21,Diesel,region,Noreste,1252,26.8791,18.30,29.99,10.00,,,,,MARIA CONCEPCION SANTOS RAMIREZ,PL/7558/EXP/ES/2015
2026-09-21,Diesel,region,Noroeste,1447,26.8720,19.99,31.99,9.99,,,,,SERVICIOS COSTA VELEROS SA DE CV,PL/19867/EXP/ES/2017
2026-09-21,Diesel,region,Norte,586,26.9442,23.59,29.98,10.06,,,,,GLORIA ESTHER LERMA HERRERA,PL/5108/EXP/ES/2015
2026-09-21,Diesel,region,Occidente,2381,27.0656,22.29,30.50,10.19,,,,,EMILIO RUIZ MENDEZ,PL/5631/EXP/ES/2015
2026-09-21,Diesel,region,Sur,786,27.0835,20.50,29.55,10.20,,,,,PRIMEROGAS SA DE CV,PL/12019/EXP/ES/2015
2026-09-21,Diesel,region,Sureste,581,27.4469,26.50,30.00,10.57,,,,,ENRIQUE LIMA ZUNO,PL/7627/EXP/ES/2015
2026-09-22,Regular,nacional,MX,13790,23.6861,15.94,32.99,7.75,,,,,GASOLINERA FAZA SA DE CV,PL/8354/EXP/ES/2015
2026-09-22,Regular,marca,ARCO NORTE,1,23.9500,23.95,23.95,8.01,,,,,ARCO NORTE COMBUSTIBLES S DE RL DE CV,PL/1896/EXP/ES/2015
2026-09-22,Regular,marca,BP,36,23.7917,18.65,23.99,7.85,,,,,BP ESTACIONES Y SERVICIOS ENERGETICOS SA DE CV,PL/10149/EXP/ES/2015
2026-09-22,Regular,region,Centro,3263,23.7163,15.94,28.49,7.78,,,,,SERVICIO MIRLO SA DE CV,PL/919/EXP/ES/2015
2026-09-22,Regular,region,Golfo,1064,23.8129,20.35,25.29,7.87,,,,,SERVICIO LA NUEVA VICTORIA SA DE CV,PL/11457/EXP/ES/2015
2026-09-22,Regular,region,Noreste,2123,23.3806,18.65,27.74,7.44,,,,,HIDROCARBUROS EL MIRADOR SA DE CV,PL/12075/EXP/ES/2015
2026-09-22,Regular,region,Noroeste,2056,23.4876,18.65,27.50,7.55,,,,,SERVICIOS COSTA VELEROS SA DE CV,PL/19867/EXP/ES/2017
2026-09-22,Regular,region,Norte,822,22.8937,18.39,27.00,6.95,,,,,UNION DE EJIDOS DE PRODUCCION Y COMERCIALIZACION AGROPECUARIA Y FORESTAL ZONA URIQUE SIN TIPO DE SOCIEDAD,PL/4415/EXP/ES/2015
2026-09-22,Regular,region,Occidente,2826,23.9429,21.09,32.99,8.00,,,,,GASOLINERA FAZA SA DE CV,PL/8354/EXP/ES/2015
2026-09-22,Regular,region,Sur,899,23.8907,19.59,25.80,7.95,,,,,RUBEN CUELLAR SAAVEDRA,PL/11321/EXP/ES/2015
2026-09-22,Regular,region,Sureste,727,24.4705,22.99,26.90,8.53,,,,,ENRIQUE LIMA ZUNO,PL/7627/EXP/ES/2015
2026-09-22,Premium,nacional,MX,13013,28.5728,17.44,31.99,11.13,,,,,SERVICIO SIERRA ESMERALDA SA DE CV,PL/7076/EXP/ES/2015
2026-09-22,Premium,marca,ARCO NORTE,1,27.8900,27.89,27.89,10.45,,,,,ARCO NORTE COMBUSTIBLES S DE RL DE CV,PL/1896/EXP/ES/2015
2026-09-22,Premium,marca,BP,36,28.5500,20.55,29.99,11.11,,,,,BP ESTACIONES Y SERVICIOS ENERGETICOS SA DE CV,PL/1178/EXP/ES/2015
2026-09-22,Premium,region,Centro,3173,28.3789,20.49,29.99,10.94,,,,,SERVICIOS GASOLINEROS DE MEXICO SA DE CV,PL/10986/EXP/ES/2015
2026-09-22,Premium,region,Golfo,993,28.1191,19.50,29.99,10.68,,,,,PRADERA CARDENAS SA DE CV,PL/25249/EXP/ES/2023
2026-09-22,Premium,region,Noreste,1973,28.3149,17.44,30.49,10.87,,,,,SERVICIO ANCIRA SA DE CV,PL/2720/EXP/ES/2015
2026-09-22,Premium,region,Noroeste,1935,28.8067,20.55,31.71,11.37,,,,,EXACTO COMBUSTIBLES SA DE CV,PL/5823/EXP/ES/2015
2026-09-22,Premium,region,Norte,675,27.6124,20.69,30.99,10.17,,,,,GASOLINERA TAMAZULA SA DE CV,PL/5200/EXP/ES/2015
2026-09-22,Premium,region,Occidente,2698,29.1678,19.15,31.99,11.73,,,,,SERVICIO SIERRA ESMERALDA SA DE CV,PL/7076/EXP/ES/2015
2026-09-22,Premium,region,Sur,873,28.7612,17.67,31.59,11.32,,,,,SERVICIOS MGM SA DE CV,PL/6272/EXP/ES/2015
2026-09-22,Premium,region,Sureste,683,28.5815,26.40,29.90,11.14,,,,,COMBUSTIBLES CALETA SA DE CV,PL/2335/EXP/ES/2015
2026-09-22,Diesel,nacional,MX,10511,27.0014,16.88,31.99,10.12,,,,,SERVICIOS COSTA VELEROS SA DE CV,PL/19867/EXP/ES/2017
2026-09-22,Diesel,marca,ARCO NORTE,1,26.9700,26.97,26.97,10.09,,,,,ARCO NORTE COMBUSTIBLES S DE RL DE CV,PL/1896/EXP/ES/2015
2026-09-22,Diesel,marca,BP,23,26.0252,19.99,27.00,9.15,,,,,BP LOS TAMARINDOS SA DE CV,PL/24313/EXP/ES/2022
2026-09-22,Diesel,region,Centro,2592,26.9614,16.88,29.99,10.08,,,,,GASOLINERA DIMARO SA DE CV,PL/12650/EXP/ES/2015
2026-09-22,Diesel,region,Golfo,879,26.9895,22.20,28.98,10.11,,,,,SINERGIA PETROLERA DEL SURESTE SA DE CV,PL/20813/EXP/ES/2018
2026-09-22,Diesel,region,Noreste,1252,26.8779,18.30,29.99,10.00,,,,,MARIA CONCEPCION SANTOS RAMIREZ,PL/7558/EXP/ES/2015
2026-09-22,Diesel,region,Noroeste,1447,26.8842,19.99,31.99,10.00,,,,,SERVICIOS COSTA VELEROS SA DE CV,PL/19867/EXP/ES/2017
2026-09-22,Diesel,region,Norte,586,26.9401,23.59,29.98,10.06,,,,,GLORIA ESTHER LERMA HERRERA,PL/5108/EXP/ES/2015
2026-09-22,Diesel,region,Occidente,2381,27.0656,22.29,30.50,10.19,,,,,EMILIO RUIZ MENDEZ,PL/5631/EXP/ES/2015
2026-09-22,Diesel,region,Sur,786,27.0839,20.50,29.55,10.20,,,,,PRIMEROGAS SA DE CV,PL/12019/EXP/ES/2015
2026-09-22,Diesel,region,Sureste,581,27.4468,26.50,30.00,10.57,,,,,ENRIQUE LIMA ZUNO,PL/7627/EXP/ES/2015
2026-09-23,Regular,nacional,MX,13791,23.6844,15.94,32.99,7.74,,,,,GASOLINERA FAZA SA DE CV,PL/8354/EXP/ES/2015
2026-09-23,Regular,marca,ARCO NORTE,1,23.9500,23.95,23.95,8.01,,,,,ARCO NORTE COMBUSTIBLES S DE RL DE CV,PL/1896/EXP/ES/2015
2026-09-23,Regular,marca,BP,36,23.7917,18.65,23.99,7.85,,,,,BP ESTACIONES Y SERVICIOS ENERGETICOS SA DE CV,PL/10149/EXP/ES/2015
2026-09-23,Regular,region,Centro,3263,23.7127,15.94,28.49,7.77,,,,,SERVICIO MIRLO SA DE CV,PL/919/EXP/ES/2015
2026-09-23,Regular,region,Golfo,1064,23.8123,20.35,25.29,7.87,,,,,SERVICIO LA NUEVA VICTORIA SA DE CV,PL/11457/EXP/ES/2015
2026-09-23,Regular,region,Noreste,2123,23.3793,18.65,27.74,7.44,,,,,HIDROCARBUROS EL MIRADOR SA DE CV,PL/12075/EXP/ES/2015
2026-09-23,Regular,region,Noroeste,2056,23.4886,18.65,27.50,7.55,,,,,SERVICIOS COSTA VELEROS SA DE CV,PL/19867/EXP/ES/2017
2026-09-23,Regular,region,Norte,822,22.8896,18.39,27.00,6.95,,,,,UNION DE EJIDOS DE PRODUCCION Y COMERCIALIZACION AGROPECUARIA Y FORESTAL ZONA URIQUE SIN TIPO DE SOCIEDAD,PL/4415/EXP/ES/2015
2026-09-23,Regular,region,Occidente,2826,23.9409,21.09,32.99,8.00,,,,,GASOLINERA FAZA SA DE CV,PL/8354/EXP/ES/2015
2026-09-23,Regular,region,Sur,899,23.8891,19.59,25.80,7.95,,,,,RUBEN CUELLAR SAAVEDRA,PL/11321/EXP/ES/2015
2026-09-23,Regular,region,Sureste,727,24.4709,22.99,26.90,8.53,,,,,ENRIQUE LIMA ZUNO,PL/7627/EXP/ES/2015
2026-09-23,Premium,nacional,MX,13013,28.5725,17.44,31.99,11.13,,,,,SERVICIO SIERRA ESMERALDA SA DE CV,PL/7076/EXP/ES/2015
2026-09-23,Premium,marca,ARCO NORTE,1,27.8900,27.89,27.89,10.45,,,,,ARCO NORTE COMBUSTIBLES S DE RL DE CV,PL/1896/EXP/ES/2015
2026-09-23,Premium,marca,BP,36,28.5500,20.55,29.99,11.11,,,,,BP ESTACIONES Y SERVICIOS ENERGETICOS SA DE CV,PL/1178/EXP/ES/2015
2026-09-23,Premium,region,Centro,3173,28.3771,20.49,29.99,10.94,,,,,SERVICIOS GASOLINEROS DE MEXICO SA DE CV,PL/10986/EXP/ES/2015
2026-09-23,Premium,region,Golfo,993,28.1186,19.50,29.99,10.68,,,,,SERVICIO SUJUXI SA DE CV,PL/5388/EXP/ES/2015
2026-09-23,Premium,region,Noreste,1973,28.3163,17.44,30.49,10.88,,,,,SERVICIO ANCIRA SA DE CV,PL/2720/EXP/ES/2015
2026-09-23,Premium,region,Noroeste,1934,28.8066,20.55,31.71,11.37,,,,,EXACTO COMBUSTIBLES SA DE CV,PL/5823/EXP/ES/2015
2026-09-23,Premium,region,Norte,675,27.6128,20.69,30.99,10.17,,,,,GASOLINERA TAMAZULA SA DE CV,PL/5200/EXP/ES/2015
2026-09-23,Premium,region,Occidente,2698,29.1679,19.15,31.99,11.73,,,,,SERVICIO SIERRA ESMERALDA SA DE CV,PL/7076/EXP/ES/2015
2026-09-23,Premium,region,Sur,873,28.7601,17.67,31.59,11.32,,,,,SERVICIOS MGM SA DE CV,PL/6272/EXP/ES/2015
2026-09-23,Premium,region,Sureste,683,28.5812,26.40,29.90,11.14,,,,,COMBUSTIBLES CALETA SA DE CV,PL/2335/EXP/ES/2015
2026-09-23,Diesel,nacional,MX,10512,27.0031,16.88,31.99,10.12,,,,,SERVICIOS COSTA VELEROS SA DE CV,PL/19867/EXP/ES/2017
2026-09-23,Diesel,marca,ARCO NORTE,1,26.9700,26.97,26.97,10.09,,,,,ARCO NORTE COMBUSTIBLES S DE RL DE CV,PL/1896/EXP/ES/2015
2026-09-23,Diesel,marca,BP,23,26.0252,19.99,27.00,9.15,,,,,BP LOS TAMARINDOS SA DE CV,PL/24313/EXP/ES/2022
2026-09-23,Diesel,region,Centro,2592,26.9623,16.88,29.99,10.08,,,,,GASOLINERA DIMARO SA DE CV,PL/12650/EXP/ES/2015
2026-09-23,Diesel,region,Golfo,879,26.9928,22.20,28.98,10.11,,,,,SINERGIA PETROLERA DEL SURESTE SA DE CV,PL/20813/EXP/ES/2018
2026-09-23,Diesel,region,Noreste,1252,26.8811,18.30,29.99,10.00,,,,,MARIA CONCEPCION SANTOS RAMIREZ,PL/7558/EXP/ES/2015
2026-09-23,Diesel,region,Noroeste,1447,26.8871,19.99,31.99,10.01,,,,,SERVICIOS COSTA VELEROS SA DE CV,PL/19867/EXP/ES/2017
2026-09-23,Diesel,region,Norte,586,26.9391,23.59,29.98,10.06,,,,,GLORIA ESTHER LERMA HERRERA,PL/5108/EXP/ES/2015
2026-09-23,Diesel,region,Occidente,2381,27.0678,22.29,30.50,10.19,,,,,EMILIO RUIZ MENDEZ,PL/5631/EXP/ES/2015
2026-09-23,Diesel,region,Sur,786,27.0836,20.50,29.55,10.20,,,,,PRIMEROGAS SA DE CV,PL/12019/EXP/ES/2015
2026-09-23,Diesel,region,Sureste,581,27.4473,26.50,30.00,10.57,,,,,ENRIQUE LIMA ZUNO,PL/7627/EXP/ES/2015
2026-09-24,Regular,nacional,MX,13793,23.6845,15.94,29.20,7.74,,,,,LUIS GERARDO HERNANDEZ ESPINOSA,PL/10189/EXP/ES/2015
2026-09-24,Regular,marca,ARCO NORTE,1,23.9500,23.95,23.95,8.01,,,,,ARCO NORTE COMBUSTIBLES S DE RL DE CV,PL/1896/EXP/ES/2015
2026-09-24,Regular,marca,BP,36,23.7917,18.65,23.99,7.85,,,,,BP ESTACIONES Y SERVICIOS ENERGETICOS SA DE CV,PL/10149/EXP/ES/2015
2026-09-24,Regular,region,Centro,3265,23.7112,15.94,28.49,7.77,,,,,SERVICIO MIRLO SA DE CV,PL/919/EXP/ES/2015
2026-09-24,Regular,region,Golfo,1064,23.8117,20.35,25.29,7.87,,,,,SERVICIO LA NUEVA VICTORIA SA DE CV,PL/11457/EXP/ES/2015
2026-09-24,Regular,region,Noreste,2123,23.3798,18.65,27.74,7.44,,,,,HIDROCARBUROS EL MIRADOR SA DE CV,PL/12075/EXP/ES/2015
2026-09-24,Regular,region,Noroeste,2056,23.4913,18.65,27.50,7.55,,,,,SERVICIOS COSTA VELEROS SA DE CV,PL/19867/EXP/ES/2017
2026-09-24,Regular,region,Norte,822,22.8896,18.39,27.00,6.95,,,,,UNION DE EJIDOS DE PRODUCCION Y COMERCIALIZACION AGROPECUARIA Y FORESTAL ZONA URIQUE SIN TIPO DE SOCIEDAD,PL/4415/EXP/ES/2015
2026-09-24,Regular,region,Occidente,2826,23.9404,21.09,29.20,8.00,,,,,LUIS GERARDO HERNANDEZ ESPINOSA,PL/10189/EXP/ES/2015
2026-09-24,Regular,region,Sur,899,23.8895,19.59,25.80,7.95,,,,,RUBEN CUELLAR SAAVEDRA,PL/11321/EXP/ES/2015
2026-09-24,Regular,region,Sureste,727,24.4717,22.99,26.90,8.53,,,,,ENRIQUE LIMA ZUNO,PL/7627/EXP/ES/2015
2026-09-24,Premium,nacional,MX,13013,28.5730,17.44,31.99,11.13,,,,,SERVICIO SIERRA ESMERALDA SA DE CV,PL/7076/EXP/ES/2015
2026-09-24,Premium,marca,ARCO NORTE,1,27.8900,27.89,27.89,10.45,,,,,ARCO NORTE COMBUSTIBLES S DE RL DE CV,PL/1896/EXP/ES/2015
2026-09-24,Premium,marca,BP,36,28.5500,20.55,29.99,11.11,,,,,BP ESTACIONES Y SERVICIOS ENERGETICOS SA DE CV,PL/1178/EXP/ES/2015
2026-09-24,Premium,region,Centro,3173,28.3747,20.49,29.99,10.93,,,,,SERVICIOS GASOLINEROS DE MEXICO SA DE CV,PL/10986/EXP/ES/2015
2026-09-24,Premium,region,Golfo,993,28.1180,19.50,29.99,10.68,,,,,SERVICIO SUJUXI SA DE CV,PL/5388/EXP/ES/2015
2026-09-24,Premium,region,Noreste,1973,28.3169,17.44,30.49,10.88,,,,,SERVICIO ANCIRA SA DE CV,PL/2720/EXP/ES/2015
2026-09-24,Premium,region,Noroeste,1934,28.8063,20.55,31.71,11.37,,,,,EXACTO COMBUSTIBLES SA DE CV,PL/5823/EXP/ES/2015
2026-09-24,Premium,region,Norte,675,27.6134,20.69,30.99,10.17,,,,,GASOLINERA TAMAZULA SA DE CV,PL/5200/EXP/ES/2015
2026-09-24,Premium,region,Occidente,2698,29.1732,23.99,31.99,11.73,,,,,SERVICIO SIERRA ESMERALDA SA DE CV,PL/7076/EXP/ES/2015
2026-09-24,Premium,region,Sur,873,28.7592,17.67,31.59,11.32,,,,,SERVICIOS MGM SA DE CV,PL/6272/EXP/ES/2015
2026-09-24,Premium,region,Sureste,683,28.5810,26.40,29.90,11.14,,,,,COMBUSTIBLES CALETA SA DE CV,PL/2335/EXP/ES/2015
2026-09-24,Diesel,nacional,MX,10512,27.0003,16.88,31.99,10.12,,,,,SERVICIOS COSTA VELEROS SA DE CV,PL/19867/EXP/ES/2017
2026-09-24,Diesel,marca,ARCO NORTE,1,26.9700,26.97,26.97,10.09,,,,,ARCO NORTE COMBUSTIBLES S DE RL DE CV,PL/1896/EXP/ES/2015
2026-09-24,Diesel,marca,BP,23,26.0252,19.99,27.00,9.15,,,,,BP LOS TAMARINDOS SA DE CV,PL/24313/EXP/ES/2022
2026-09-24,Diesel,region,Centro,2592,26.9613,16.88,29.99,10.08,,,,,GASOLINERA DIMARO SA DE CV,PL/12650/EXP/ES/2015
2026-09-24,Diesel,region,Golfo,879,26.9928,22.20,28.98,10.11,,,,,SINERGIA PETROLERA DEL SURESTE SA DE CV,PL/20813/EXP/ES/2018
2026-09-24,Diesel,region,Noreste,1252,26.8807,18.30,29.99,10.00,,,,,MARIA CONCEPCION SANTOS RAMIREZ,PL/7558/EXP/ES/2015
2026-09-24,Diesel,region,Noroeste,1447,26.8809,19.99,31.99,10.00,,,,,SERVICIOS COSTA VELEROS SA DE CV,PL/19867/EXP/ES/2017
2026-09-24,Diesel,region,Norte,586,26.9344,23.59,29.98,10.05,,,,,GLORIA ESTHER LERMA HERRERA,PL/5108/EXP/ES/2015
2026-09-24,Diesel,region,Occidente,2381,27.0613,22.29,30.50,10.18,,,,,EMILIO RUIZ MENDEZ,PL/5631/EXP/ES/2015
2026-09-24,Diesel,region,Sur,786,27.0838,20.50,29.55,10.20,,,,,PRIMEROGAS SA DE CV,PL/12019/EXP/ES/2015
2026-09-24,Diesel,region,Sureste,581,27.4485,26.50,30.00,10.57,,,,,ENRIQUE LIMA ZUNO,PL/7627/EXP/ES/2015
2026-09-25,Regular,nacional,MX,13792,23.6831,15.94,29.20,7.74,,,,,LUIS GERARDO HERNANDEZ ESPINOSA,PL/10189/EXP/ES/2015
2026-09-25,Regular,marca,ARCO NORTE,1,23.9500,23.95,23.95,8.01,,,,,ARCO NORTE COMBUSTIBLES S DE RL DE CV,PL/1896/EXP/ES/2015
2026-09-25,Regular,marca,BP,36,23.7917,18.65,23.99,7.85,,,,,BP ESTACIONES Y SERVICIOS ENERGETICOS SA DE CV,PL/10149/EXP/ES/2015
2026-09-25,Regular,region,Centro,3265,23.7111,15.94,28.49,7.77,,,,,SERVICIO MIRLO SA DE CV,PL/919/EXP/ES/2015
2026-09-25,Regular,region,Golfo,1064,23.8116,20.35,25.29,7.87,,,,,SERVICIO LA NUEVA VICTORIA SA DE CV,PL/11457/EXP/ES/2015
2026-09-25,Regular,region,Noreste,2123,23.3810,18.65,27.74,7.44,,,,,HIDROCARBUROS EL MIRADOR SA DE CV,PL/12075/EXP/ES/2015
2026-09-25,Regular,region,Noroeste,2057,23.4875,18.65,27.50,7.55,,,,,SERVICIOS COSTA VELEROS SA DE CV,PL/19867/EXP/ES/2017
2026-09-25,Regular,region,Norte,820,22.8846,18.39,27.00,6.94,,,,,UNION DE EJIDOS DE PRODUCCION Y COMERCIALIZACION AGROPECUARIA Y FORESTAL ZONA URIQUE SIN TIPO DE SOCIEDAD,PL/4415/EXP/ES/2015
2026-09-25,Regular,region,Occidente,2826,23.9365,21.09,29.20,8.00,,,,,LUIS GERARDO HERNANDEZ ESPINOSA,PL/10189/EXP/ES/2015
2026-09-25,Regular,region,Sur,899,23.8909,19.59,25.80,7.95,,,,,RUBEN CUELLAR SAAVEDRA,PL/11321/EXP/ES/2015
2026-09-25,Regular,region,Sureste,727,24.4702,22.99,26.90,8.53,,,,,ENRIQUE LIMA ZUNO,PL/7627/EXP/ES/2015
2026-09-25,Premium,nacional,MX,13010,28.5720,17.44,31.99,11.13,,,,,SERVICIO SIERRA ESMERALDA SA DE CV,PL/7076/EXP/ES/2015
2026-09-25,Premium,marca,ARCO NORTE,1,27.6900,27.69,27.69,10.25,,,,,ARCO NORTE COMBUSTIBLES S DE RL DE CV,PL/1896/EXP/ES/2015
2026-09-25,Premium,marca,BP,36,28.5500,20.55,29.99,11.11,,,,,BP ESTACIONES Y SERVICIOS ENERGETICOS SA DE CV,PL/1178/EXP/ES/2015
2026-09-25,Premium,region,Centro,3173,28.3756,20.49,29.99,10.94,,,,,SERVICIOS GASOLINEROS DE MEXICO SA DE CV,PL/10986/EXP/ES/2015
2026-09-25,Premium,region,Golfo,993,28.1192,19.50,29.99,10.68,,,,,SERVICIO SUJUXI SA DE CV,PL/5388/EXP/ES/2015
2026-09-25,Premium,region,Noreste,1972,28.3161,17.44,30.49,10.88,,,,,SERVICIO ANCIRA SA DE CV,PL/2720/EXP/ES/2015
2026-09-25,Premium,region,Noroeste,1935,28.8012,20.55,31.71,11.36,,,,,EXACTO COMBUSTIBLES SA DE CV,PL/5823/EXP/ES/2015
2026-09-25,Premium,region,Norte,672,27.6032,20.69,30.99,10.16,,,,,GASOLINERA TAMAZULA SA DE CV,PL/5200/EXP/ES/2015
2026-09-25,Premium,region,Occidente,2698,29.1724,23.99,31.99,11.73,,,,,SERVICIO SIERRA ESMERALDA SA DE CV,PL/7076/EXP/ES/2015
2026-09-25,Premium,region,Sur,873,28.7586,17.67,31.59,11.32,,,,,SERVICIOS MGM SA DE CV,PL/6272/EXP/ES/2015
2026-09-25,Premium,region,Sureste,683,28.5826,26.40,29.90,11.14,,,,,COMBUSTIBLES CALETA SA DE CV,PL/2335/EXP/ES/2015
2026-09-25,Diesel,nacional,MX,10513,26.9983,16.88,31.99,10.12,,,,,SERVICIOS COSTA VELEROS SA DE CV,PL/19867/EXP/ES/2017
2026-09-25,Diesel,marca,ARCO NORTE,1,26.9700,26.97,26.97,10.09,,,,,ARCO NORTE COMBUSTIBLES S DE RL DE CV,PL/1896/EXP/ES/2015
2026-09-25,Diesel,marca,BP,23,26.0252,19.99,27.00,9.15,,,,,BP LOS TAMARINDOS SA DE CV,PL/24313/EXP/ES/2022
2026-09-25,Diesel,region,Centro,2592,26.9613,16.88,29.99,10.08,,,,,GASOLINERA DIMARO SA DE CV,PL/12650/EXP/ES/2015
2026-09-25,Diesel,region,Golfo,879,26.9926,22.20,28.98,10.11,,,,,SINERGIA PETROLERA DEL SURESTE SA DE CV,PL/20813/EXP/ES/2018
2026-09-25,Diesel,region,Noreste,1252,26.8828,18.30,29.99,10.00,,,,,MARIA CONCEPCION SANTOS RAMIREZ,PL/7558/EXP/ES/2015
2026-09-25,Diesel,region,Noroeste,1448,26.8769,19.99,31.99,10.00,,,,,SERVICIOS COSTA VELEROS SA DE CV,PL/19867/EXP/ES/2017
2026-09-25,Diesel,region,Norte,586,26.9385,23.59,29.98,10.06,,,,,GLORIA ESTHER LERMA HERRERA,PL/5108/EXP/ES/2015
2026-09-25,Diesel,region,Occidente,2381,27.0534,22.29,30.50,10.17,,,,,EMILIO RUIZ MENDEZ,PL/5631/EXP/ES/2015
2026-09-25,Diesel,region,Sur,786,27.0837,20.50,29.55,10.20,,,,,PRIMEROGAS SA DE CV,PL/12019/EXP/ES/2015
2026-09-25,Diesel,region,Sureste,581,27.4468,26.50,30.00,10.57,,,,,ENRIQUE LIMA ZUNO,PL/7627/EXP/ES/2015
2026-09-26,Regular,nacional,MX,13789,23.6847,15.94,29.20,7.74,,,,,LUIS GERARDO HERNANDEZ ESPINOSA,PL/10189/EXP/ES/2015
2026-09-26,Regular,marca,ARCO NORTE,1,23.9500,23.95,23.95,8.01,,,,,ARCO NORTE COMBUSTIBLES S DE RL DE CV,PL/1896/EXP/ES/2015
2026-09-26,Regular,marca,BP,36,23.7917,18.65,23.99,7.85,,,,,BP ESTACIONES Y SERVICIOS ENERGETICOS SA DE CV,PL/10149/EXP/ES/2015
2026-09-26,Regular,region,Centro,3264,23.7121,15.94,26.61,7.77,,,,,SERVICIO IXTACUIXTLA SA DE CV,PL/9716/EXP/ES/2015
2026-09-26,Regular,region,Golfo,1064,23.8062,20.35,25.29,7.87,,,,,SERVICIO LA NUEVA VICTORIA SA DE CV,PL/11457/EXP/ES/2015
2026-09-26,Regular,region,Noreste,2122,23.3888,18.65,28.50,7.45,,,,,SERVICIO CUATRO VIENTOS VAZQUEZ SA DE CV,PL/20018/EXP/ES/2017
2026-09-26,Regular,region,Noroeste,2057,23.4911,18.65,28.89,7.55,,,,,SERVICIOS AQUILES SERDAN SA DE CV,PL/6416/EXP/ES/2015
2026-09-26,Regular,region,Norte,819,22.8920,18.39,27.75,6.95,,,,,H.V. GASOLINERA SA DE CV,PL/23788/EXP/ES/2021
2026-09-26,Regular,region,Occidente,2826,23.9345,21.09,29.20,7.99,,,,,LUIS GERARDO HERNANDEZ ESPINOSA,PL/10189/EXP/ES/2015
2026-09-26,Regular,region,Sur,899,23.8906,19.59,25.80,7.95,,,,,RUBEN CUELLAR SAAVEDRA,PL/11321/EXP/ES/2015
2026-09-26,Regular,region,Sureste,727,24.4702,22.99,26.90,8.53,,,,,ENRIQUE LIMA ZUNO,PL/7627/EXP/ES/2015
2026-09-26,Premium,nacional,MX,13010,28.5723,17.44,31.99,11.13,,,,,SERVICIO SIERRA ESMERALDA SA DE CV,PL/7076/EXP/ES/2015
2026-09-26,Premium,marca,ARCO NORTE,1,27.6900,27.69,27.69,10.25,,,,,ARCO NORTE COMBUSTIBLES S DE RL DE CV,PL/1896/EXP/ES/2015
2026-09-26,Premium,marca,BP,36,28.5500,20.55,29.99,11.11,,,,,BP ESTACIONES Y SERVICIOS ENERGETICOS SA DE CV,PL/1178/EXP/ES/2015
2026-09-26,Premium,region,Centro,3173,28.3737,20.49,29.99,10.93,,,,,SERVICIOS GASOLINEROS DE MEXICO SA DE CV,PL/10986/EXP/ES/2015
2026-09-26,Premium,region,Golfo,993,28.1217,19.50,29.99,10.68,,,,,SERVICIO SUJUXI SA DE CV,PL/5388/EXP/ES/2015
2026-09-26,Premium,region,Noreste,1972,28.3150,17.44,30.49,10.88,,,,,SERVICIO ANCIRA SA DE CV,PL/2720/EXP/ES/2015
2026-09-26,Premium,region,Noroeste,1935,28.8004,20.55,31.71,11.36,,,,,EXACTO COMBUSTIBLES SA DE CV,PL/5823/EXP/ES/2015
2026-09-26,Premium,region,Norte,671,27.5964,20.69,30.99,10.16,,,,,GASOLINERA TAMAZULA SA DE CV,PL/5200/EXP/ES/2015
2026-09-26,Premium,region,Occidente,2699,29.1739,23.89,31.99,11.73,,,,,SERVICIO SIERRA ESMERALDA SA DE CV,PL/7076/EXP/ES/2015
2026-09-26,Premium,region,Sur,873,28.7702,17.67,31.59,11.33,,,,,SERVICIOS MGM SA DE CV,PL/6272/EXP/ES/2015
2026-09-26,Premium,region,Sureste,683,28.5825,26.40,29.90,11.14,,,,,COMBUSTIBLES CALETA SA DE CV,PL/2335/EXP/ES/2015
2026-09-26,Diesel,nacional,MX,10514,26.9965,16.88,31.99,10.12,,,,,SERVICIOS COSTA VELEROS SA DE CV,PL/19867/EXP/ES/2017
2026-09-26,Diesel,marca,ARCO NORTE,1,26.9700,26.97,26.97,10.09,,,,,ARCO NORTE COMBUSTIBLES S DE RL DE CV,PL/1896/EXP/ES/2015
2026-09-26,Diesel,marca,BP,23,26.0252,19.99,27.00,9.15,,,,,BP LOS TAMARINDOS SA DE CV,PL/24313/EXP/ES/2022
2026-09-26,Diesel,region,Centro,2592,26.9610,16.88,29.99,10.08,,,,,GASOLINERA DIMARO SA DE CV,PL/12650/EXP/ES/2015
2026-09-26,Diesel,region,Golfo,879,26.9906,22.20,28.98,10.11,,,,,SINERGIA PETROLERA DEL SURESTE SA DE CV,PL/20813/EXP/ES/2018
2026-09-26,Diesel,region,Noreste,1252,26.8810,18.30,29.99,10.00,,,,,MARIA CONCEPCION SANTOS RAMIREZ,PL/7558/EXP/ES/2015
2026-09-26,Diesel,region,Noroeste,1448,26.8631,19.99,31.99,9.98,,,,,SERVICIOS COSTA VELEROS SA DE CV,PL/19867/EXP/ES/2017
2026-09-26,Diesel,region,Norte,586,26.9354,23.59,29.98,10.06,,,,,GLORIA ESTHER LERMA HERRERA,PL/5108/EXP/ES/2015
2026-09-26,Diesel,region,Occidente,2382,27.0557,22.29,30.50,10.18,,,,,EMILIO RUIZ MENDEZ,PL/5631/EXP/ES/2015
2026-09-26,Diesel,region,Sur,786,27.0841,20.50,29.55,10.20,,,,,PRIMEROGAS SA DE CV,PL/12019/EXP/ES/2015
2026-09-26,Diesel,region,Sureste,581,27.4488,26.50,30.00,10.57,,,,,ENRIQUE LIMA ZUNO,PL/7627/EXP/ES/2015
2026-09-27,Regular,nacional,MX,13783,23.6862,15.94,29.20,7.75,,,,,LUIS GERARDO HERNANDEZ ESPINOSA,PL/10189/EXP/ES/2015
2026-09-27,Regular,marca,ARCO NORTE,1,23.9500,23.95,23.95,8.01,,,,,ARCO NORTE COMBUSTIBLES S DE RL DE CV,PL/1896/EXP/ES/2015
2026-09-27,Regular,marca,BP,36,23.7917,18.65,23.99,7.85,,,,,BP ESTACIONES Y SERVICIOS ENERGETICOS SA DE CV,PL/10149/EXP/ES/2015
2026-09-27,Regular,region,Centro,3262,23.7135,15.94,28.99,7.77,,,,,URBANA 270 SA DE CV,PL/23267/EXP/ES/2020
2026-09-27,Regular,region,Golfo,1064,23.8052,20.35,25.29,7.87,,,,,SERVICIO LA NUEVA VICTORIA SA DE CV,PL/11457/EXP/ES/2015
2026-09-27,Regular,region,Noreste,2120,23.3888,18.65,28.50,7.45,,,,,SERVICIO CUATRO VIENTOS VAZQUEZ SA DE CV,PL/20018/EXP/ES/2017
2026-09-27,Regular,region,Noroeste,2056,23.4959,18.65,28.89,7.56,,,,,SERVICIOS AQUILES SERDAN SA DE CV,PL/6416/EXP/ES/2015
2026-09-27,Regular,region,Norte,819,22.8920,18.39,27.75,6.95,,,,,H.V. GASOLINERA SA DE CV,PL/23788/EXP/ES/2021
2026-09-27,Regular,region,Occidente,2825,23.9378,21.09,29.20,8.00,,,,,LUIS GERARDO HERNANDEZ ESPINOSA,PL/10189/EXP/ES/2015
2026-09-27,Regular,region,Sur,899,23.8869,19.59,25.80,7.95,,,,,RUBEN CUELLAR SAAVEDRA,PL/11321/EXP/ES/2015
2026-09-27,Regular,region,Sureste,727,24.4706,22.99,26.90,8.53,,,,,ENRIQUE LIMA ZUNO,PL/7627/EXP/ES/2015
2026-09-27,Premium,nacional,MX,13009,28.5742,17.44,31.99,11.13,,,,,SERVICIO SIERRA ESMERALDA SA DE CV,PL/7076/EXP/ES/2015
2026-09-27,Premium,marca,ARCO NORTE,1,27.6900,27.69,27.69,10.25,,,,,ARCO NORTE COMBUSTIBLES S DE RL DE CV,PL/1896/EXP/ES/2015
2026-09-27,Premium,marca,BP,36,28.5500,20.55,29.99,11.11,,,,,BP ESTACIONES Y SERVICIOS ENERGETICOS SA DE CV,PL/1178/EXP/ES/2015
2026-09-27,Premium,region,Centro,3173,28.3740,20.49,29.99,10.93,,,,,SERVICIOS GASOLINEROS DE MEXICO SA DE CV,PL/10986/EXP/ES/2015
2026-09-27,Premium,region,Golfo,993,28.1210,19.50,29.99,10.68,,,,,SERVICIO SUJUXI SA DE CV,PL/5388/EXP/ES/2015
2026-09-27,Premium,region,Noreste,1972,28.3252,17.44,30.49,10.89,,,,,SERVICIO ANCIRA SA DE CV,PL/2720/EXP/ES/2015
2026-09-27,Premium,region,Noroeste,1935,28.8000,20.55,31.71,11.36,,,,,EXACTO COMBUSTIBLES SA DE CV,PL/5823/EXP/ES/2015
2026-09-27,Premium,region,Norte,671,27.5964,20.69,30.99,10.16,,,,,GASOLINERA TAMAZULA SA DE CV,PL/5200/EXP/ES/2015
2026-09-27,Premium,region,Occidente,2698,29.1744,23.89,31.99,11.73,,,,,SERVICIO SIERRA ESMERALDA SA DE CV,PL/7076/EXP/ES/2015
2026-09-27,Premium,region,Sur,873,28.7752,17.67,31.59,11.34,,,,,SERVICIOS MGM SA DE CV,PL/6272/EXP/ES/2015
2026-09-27,Premium,region,Sureste,683,28.5822,26.40,29.90,11.14,,,,,COMBUSTIBLES CALETA SA DE CV,PL/2335/EXP/ES/2015
2026-09-27,Diesel,nacional,MX,10514,27.0016,16.88,31.99,10.12,,,,,SERVICIOS COSTA VELEROS SA DE CV,PL/19867/EXP/ES/2017
2026-09-27,Diesel,marca,ARCO NORTE,1,26.9700,26.97,26.97,10.09,,,,,ARCO NORTE COMBUSTIBLES S DE RL DE CV,PL/1896/EXP/ES/2015
2026-09-27,Diesel,marca,BP,23,26.0252,19.99,27.00,9.15,,,,,BP LOS TAMARINDOS SA DE CV,PL/24313/EXP/ES/2022
2026-09-27,Diesel,region,Centro,2592,26.9618,16.88,29.99,10.08,,,,,GASOLINERA DIMARO SA DE CV,PL/12650/EXP/ES/2015
2026-09-27,Diesel,region,Golfo,879,26.9910,22.20,28.98,10.11,,,,,SINERGIA PETROLERA DEL SURESTE SA DE CV,PL/20813/EXP/ES/2018
2026-09-27,Diesel,region,Noreste,1252,26.8817,18.30,29.99,10.00,,,,,MARIA CONCEPCION SANTOS RAMIREZ,PL/7558/EXP/ES/2015
2026-09-27,Diesel,region,Noroeste,1448,26.8833,19.99,31.99,10.00,,,,,SERVICIOS COSTA VELEROS SA DE CV,PL/19867/EXP/ES/2017
2026-09-27,Diesel,region,Norte,586,26.9388,23.59,29.98,10.06,,,,,GLORIA ESTHER LERMA HERRERA,PL/5108/EXP/ES/2015
2026-09-27,Diesel,region,Occidente,2382,27.0623,22.29,30.50,10.18,,,,,EMILIO RUIZ MENDEZ,PL/5631/EXP/ES/2015
2026-09-27,Diesel,region,Sur,786,27.0856,20.50,29.55,10.21,,,,,PRIMEROGAS SA DE CV,PL/12019/EXP/ES/2015
2026-09-27,Diesel,region,Sureste,581,27.4528,26.50,30.00,10.57,,,,,ENRIQUE LIMA ZUNO,PL/7627/EXP/ES/2015
2026-09-28,Regular,nacional,MX,13781,23.6862,15.94,28.99,7.75,,,,,URBANA 270 SA DE CV,PL/23267/EXP/ES/2020
2026-09-28,Regular,marca,ARCO NORTE,1,23.9500,23.95,23.95,8.01,,,,,ARCO NORTE COMBUSTIBLES S DE RL DE CV,PL/1896/EXP/ES/2015
2026-09-28,Regular,marca,BP,36,23.7917,18.65,23.99,7.85,,,,,BP ESTACIONES Y SERVICIOS ENERGETICOS SA DE CV,PL/10149/EXP/ES/2015
2026-09-28,Regular,region,Centro,3261,23.7144,15.94,28.99,7.77,,,,,URBANA 270 SA DE CV,PL/23267/EXP/ES/2020
2026-09-28,Regular,region,Golfo,1064,23.8040,20.35,25.29,7.86,,,,,SERVICIO LA NUEVA VICTORIA SA DE CV,PL/11457/EXP/ES/2015
2026-09-28,Regular,region,Noreste,2120,23.3888,18.65,28.50,7.45,,,,,SERVICIO CUATRO VIENTOS VAZQUEZ SA DE CV,PL/20018/EXP/ES/2017
2026-09-28,Regular,region,Noroeste,2056,23.4962,18.65,28.89,7.56,,,,,SERVICIOS AQUILES SERDAN SA DE CV,PL/6416/EXP/ES/2015
2026-09-28,Regular,region,Norte,819,22.8920,18.39,27.75,6.95,,,,,H.V. GASOLINERA SA DE CV,PL/23788/EXP/ES/2021
2026-09-28,Regular,region,Occidente,2824,23.9371,21.09,26.99,8.00,,,,,SERVICIO SIERRA ESMERALDA SA DE CV,PL/7076/EXP/ES/2015
2026-09-28,Regular,region,Sur,899,23.8871,19.59,25.80,7.95,,,,,RUBEN CUELLAR SAAVEDRA,PL/11321/EXP/ES/2015
2026-09-28,Regular,region,Sureste,727,24.4706,22.99,26.90,8.53,,,,,ENRIQUE LIMA ZUNO,PL/7627/EXP/ES/2015
2026-09-28,Premium,nacional,MX,13008,28.5742,17.44,31.99,11.13,,,,,SERVICIO SIERRA ESMERALDA SA DE CV,PL/7076/EXP/ES/2015
2026-09-28,Premium,marca,ARCO NORTE,1,27.6900,27.69,27.69,10.25,,,,,ARCO NORTE COMBUSTIBLES S DE RL DE CV,PL/1896/EXP/ES/2015
2026-09-28,Premium,marca,BP,36,28.5500,20.55,29.99,11.11,,,,,BP ESTACIONES Y SERVICIOS ENERGETICOS SA DE CV,PL/1178/EXP/ES/2015
2026-09-28,Premium,region,Centro,3173,28.3738,20.49,29.99,10.93,,,,,SERVICIOS GASOLINEROS DE MEXICO SA DE CV,PL/10986/EXP/ES/2015
2026-09-28,Premium,region,Golfo,993,28.1200,19.50,29.99,10.68,,,,,SERVICIO SUJUXI SA DE CV,PL/5388/EXP/ES/2015
2026-09-28,Premium,region,Noreste,1972,28.3252,17.44,30.49,10.89,,,,,SERVICIO ANCIRA SA DE CV,PL/2720/EXP/ES/2015
2026-09-28,Premium,region,Noroeste,1935,28.8002,20.55,31.71,11.36,,,,,EXACTO COMBUSTIBLES SA DE CV,PL/5823/EXP/ES/2015
2026-09-28,Premium,region,Norte,671,27.5964,20.69,30.99,10.16,,,,,GASOLINERA TAMAZULA SA DE CV,PL/5200/EXP/ES/2015
2026-09-28,Premium,region,Occidente,2697,29.1750,23.89,31.99,11.73,,,,,SERVICIO SIERRA ESMERALDA SA DE CV,PL/7076/EXP/ES/2015
2026-09-28,Premium,region,Sur,873,28.7754,17.67,31.59,11.34,,,,,SERVICIOS MGM SA DE CV,PL/6272/EXP/ES/2015
2026-09-28,Premium,region,Sureste,683,28.5822,26.40,29.90,11.14,,,,,COMBUSTIBLES CALETA SA DE CV,PL/2335/EXP/ES/2015
2026-09-28,Diesel,nacional,MX,10513,27.0013,16.88,31.99,10.12,,,,,SERVICIOS COSTA VELEROS SA DE CV,PL/19867/EXP/ES/2017
2026-09-28,Diesel,marca,ARCO NORTE,1,26.9700,26.97,26.97,10.09,,,,,ARCO NORTE COMBUSTIBLES S DE RL DE CV,PL/1896/EXP/ES/2015
2026-09-28,Diesel,marca,BP,23,26.0252,19.99,27.00,9.15,,,,,BP LOS TAMARINDOS SA DE CV,PL/24313/EXP/ES/2022
2026-09-28,Diesel,region,Centro,2592,26.9618,16.88,29.99,10.08,,,,,GASOLINERA DIMARO SA DE CV,PL/12650/EXP/ES/2015
2026-09-28,Diesel,region,Golfo,879,26.9915,22.20,28.98,10.11,,,,,SINERGIA PETROLERA DEL SURESTE SA DE CV,PL/20813/EXP/ES/2018
2026-09-28,Diesel,region,Noreste,1252,26.8801,18.30,29.99,10.00,,,,,MARIA CONCEPCION SANTOS RAMIREZ,PL/7558/EXP/ES/2015
2026-09-28,Diesel,region,Noroeste,1448,26.8837,19.99,31.99,10.00,,,,,SERVICIOS COSTA VELEROS SA DE CV,PL/19867/EXP/ES/2017
2026-09-28,Diesel,region,Norte,586,26.9388,23.59,29.98,10.06,,,,,GLORIA ESTHER LERMA HERRERA,PL/5108/EXP/ES/2015
2026-09-28,Diesel,region,Occidente,2381,27.0615,22.29,30.50,10.18,,,,,EMILIO RUIZ MENDEZ,PL/5631/EXP/ES/2015
2026-09-28,Diesel,region,Sur,786,27.0857,20.50,29.55,10.21,,,,,PRIMEROGAS SA DE CV,PL/12019/EXP/ES/2015
2026-09-28,Diesel,region,Sureste,581,27.4528,26.50,30.00,10.57,,,,,ENRIQUE LIMA ZUNO,PL/7627/EXP/ES/2015
2026-09-29,Regular,nacional,MX,13782,23.6880,15.94,28.99,7.75,,,,,URBANA 270 SA DE CV,PL/23267/EXP/ES/2020
2026-09-29,Regular,marca,ARCO NORTE,1,23.9500,23.95,23.95,8.01,,,,,ARCO NORTE COMBUSTIBLES S DE RL DE CV,PL/1896/EXP/ES/2015
2026-09-29,Regular,marca,BP,36,23.7917,18.65,23.99,7.85,,,,,BP ESTACIONES Y SERVICIOS ENERGETICOS SA DE CV,PL/10149/EXP/ES/2015
2026-09-29,Regular,region,Centro,3261,23.7148,15.94,28.99,7.77,,,,,URBANA 270 SA DE CV,PL/23267/EXP/ES/2020
2026-09-29,Regular,region,Golfo,1064,23.8066,20.35,25.29,7.87,,,,,SERVICIO LA NUEVA VICTORIA SA DE CV,PL/11457/EXP/ES/2015
2026-09-29,Regular,region,Noreste,2120,23.3891,18.65,28.50,7.45,,,,,SERVICIO CUATRO VIENTOS VAZQUEZ SA DE CV,PL/20018/EXP/ES/2017
2026-09-29,Regular,region,Noroeste,2057,23.5028,18.65,28.89,7.56,,,,,SERVICIOS AQUILES SERDAN SA DE CV,PL/6416/EXP/ES/2015
2026-09-29,Regular,region,Norte,819,22.8934,18.39,27.75,6.95,,,,,H.V. GASOLINERA SA DE CV,PL/23788/EXP/ES/2021
2026-09-29,Regular,region,Occidente,2824,23.9381,21.09,26.99,8.00,,,,,SERVICIO SIERRA ESMERALDA SA DE CV,PL/7076/EXP/ES/2015
2026-09-29,Regular,region,Sur,899,23.8905,19.59,25.80,7.95,,,,,RUBEN CUELLAR SAAVEDRA,PL/11321/EXP/ES/2015
2026-09-29,Regular,region,Sureste,727,24.4706,22.99,26.90,8.53,,,,,ENRIQUE LIMA ZUNO,PL/7627/EXP/ES/2015
2026-09-29,Premium,nacional,MX,13007,28.5757,17.44,31.99,11.14,,,,,SERVICIO SIERRA ESMERALDA SA DE CV,PL/7076/EXP/ES/2015
2026-09-29,Premium,marca,ARCO NORTE,1,27.6900,27.69,27.69,10.25,,,,,ARCO NORTE COMBUSTIBLES S DE RL DE CV,PL/1896/EXP/ES/2015
2026-09-29,Premium,marca,BP,36,28.5500,20.55,29.99,11.11,,,,,BP ESTACIONES Y SERVICIOS ENERGETICOS SA DE CV,PL/1178/EXP/ES/2015
2026-09-29,Premium,region,Centro,3173,28.3743,20.49,29.99,10.93,,,,,SERVICIOS GASOLINEROS DE MEXICO SA DE CV,PL/10986/EXP/ES/2015
2026-09-29,Premium,region,Golfo,993,28.1231,19.50,29.99,10.68,,,,,SERVICIO SUJUXI SA DE CV,PL/5388/EXP/ES/2015
2026-09-29,Premium,region,Noreste,1972,28.3254,17.44,30.49,10.89,,,,,SERVICIO ANCIRA SA DE CV,PL/2720/EXP/ES/2015
2026-09-29,Premium,region,Noroeste,1935,28.8029,20.55,31.71,11.36,,,,,EXACTO COMBUSTIBLES SA DE CV,PL/5823/EXP/ES/2015
2026-09-29,Premium,region,Norte,670,27.6018,20.69,30.99,10.16,,,,,GASOLINERA TAMAZULA SA DE CV,PL/5200/EXP/ES/2015
2026-09-29,Premium,region,Occidente,2697,29.1763,23.89,31.99,11.74,,,,,SERVICIO SIERRA ESMERALDA SA DE CV,PL/7076/EXP/ES/2015
2026-09-29,Premium,region,Sur,873,28.7766,17.67,31.59,11.34,,,,,SERVICIOS MGM SA DE CV,PL/6272/EXP/ES/2015
2026-09-29,Premium,region,Sureste,683,28.5812,26.40,29.90,11.14,,,,,COMBUSTIBLES CALETA SA DE CV,PL/2335/EXP/ES/2015
2026-09-29,Diesel,nacional,MX,10512,27.0027,16.88,31.99,10.12,,,,,SERVICIOS COSTA VELEROS SA DE CV,PL/19867/EXP/ES/2017
2026-09-29,Diesel,marca,ARCO NORTE,1,26.9700,26.97,26.97,10.09,,,,,ARCO NORTE COMBUSTIBLES S DE RL DE CV,PL/1896/EXP/ES/2015
2026-09-29,Diesel,marca,BP,23,26.0252,19.99,27.00,9.15,,,,,BP LOS TAMARINDOS SA DE CV,PL/24313/EXP/ES/2022
2026-09-29,Diesel,region,Centro,2592,26.9620,16.88,29.99,10.08,,,,,GASOLINERA DIMARO SA DE CV,PL/12650/EXP/ES/2015
2026-09-29,Diesel,region,Golfo,879,26.9944,22.20,28.98,10.11,,,,,SINERGIA PETROLERA DEL SURESTE SA DE CV,PL/20813/EXP/ES/2018
2026-09-29,Diesel,region,Noreste,1252,26.8805,18.30,29.99,10.00,,,,,MARIA CONCEPCION SANTOS RAMIREZ,PL/7558/EXP/ES/2015
2026-09-29,Diesel,region,Noroeste,1448,26.8888,19.99,31.99,10.01,,,,,SERVICIOS COSTA VELEROS SA DE CV,PL/19867/EXP/ES/2017
2026-09-29,Diesel,region,Norte,585,26.9401,23.59,29.98,10.06,,,,,GLORIA ESTHER LERMA HERRERA,PL/5108/EXP/ES/2015
2026-09-29,Diesel,region,Occidente,2381,27.0626,22.29,30.50,10.18,,,,,EMILIO RUIZ MENDEZ,PL/5631/EXP/ES/2015
2026-09-29,Diesel,region,Sur,786,27.0864,20.50,29.55,10.21,,,,,PRIMEROGAS SA DE CV,PL/12019/EXP/ES/2015
2026-09-29,Diesel,region,Sureste,581,27.4526,26.50,30.00,10.57,,,,,ENRIQUE LIMA ZUNO,PL/7627/EXP/ES/2015
2026-09-30,Regular,nacional,MX,13782,23.6870,15.94,28.89,7.75,,,,,SERVICIOS AQUILES SERDAN SA DE CV,PL/6416/EXP/ES/2015
2026-09-30,Regular,marca,ARCO NORTE,1,23.9500,23.95,23.95,8.01,,,,,ARCO NORTE COMBUSTIBLES S DE RL DE CV,PL/1896/EXP/ES/2015
2026-09-30,Regular,marca,BP,36,23.7917,18.65,23.99,7.85,,,,,BP ESTACIONES Y SERVICIOS ENERGETICOS SA DE CV,PL/10149/EXP/ES/2015
2026-09-30,Regular,region,Centro,3262,23.7132,15.94,26.61,7.77,,,,,SERVICIO IXTACUIXTLA SA DE CV,PL/9716/EXP/ES/2015
2026-09-30,Regular,region,Golfo,1064,23.8064,20.35,25.29,7.87,,,,,SERVICIO LA NUEVA VICTORIA SA DE CV,PL/11457/EXP/ES/2015
2026-09-30,Regular,region,Noreste,2120,23.3884,18.65,28.50,7.45,,,,,SERVICIO CUATRO VIENTOS VAZQUEZ SA DE CV,PL/20018/EXP/ES/2017
2026-09-30,Regular,region,Noroeste,2056,23.5031,18.65,28.89,7.56,,,,,SERVICIOS AQUILES SERDAN SA DE CV,PL/6416/EXP/ES/2015
2026-09-30,Regular,region,Norte,819,22.8928,18.39,27.75,6.95,,,,,H.V. GASOLINERA SA DE CV,PL/23788/EXP/ES/2021
2026-09-30,Regular,region,Occidente,2824,23.9367,21.09,26.99,8.00,,,,,SERVICIO SIERRA ESMERALDA SA DE CV,PL/7076/EXP/ES/2015
2026-09-30,Regular,region,Sur,899,23.8873,19.59,25.80,7.95,,,,,RUBEN CUELLAR SAAVEDRA,PL/11321/EXP/ES/2015
2026-09-30,Regular,region,Sureste,727,24.4705,22.99,26.90,8.53,,,,,ENRIQUE LIMA ZUNO,PL/7627/EXP/ES/2015
2026-09-30,Premium,nacional,MX,13008,28.5751,17.44,31.99,11.14,,,,,SERVICIO SIERRA ESMERALDA SA DE CV,PL/7076/EXP/ES/2015
2026-09-30,Premium,marca,ARCO NORTE,1,27.6900,27.69,27.69,10.25,,,,,ARCO NORTE COMBUSTIBLES S DE RL DE CV,PL/1896/EXP/ES/2015
2026-09-30,Premium,marca,BP,36,28.5500,20.55,29.99,11.11,,,,,BP ESTACIONES Y SERVICIOS ENERGETICOS SA DE CV,PL/1178/EXP/ES/2015
2026-09-30,Premium,region,Centro,3174,28.3729,20.49,29.99,10.93,,,,,SERVICIOS GASOLINEROS DE MEXICO SA DE CV,PL/10986/EXP/ES/2015
2026-09-30,Premium,region,Golfo,993,28.1225,19.50,29.99,10.68,,,,,SERVICIO SUJUXI SA DE CV,PL/5388/EXP/ES/2015
2026-09-30,Premium,region,Noreste,1972,28.3238,17.44,30.49,10.88,,,,,SERVICIO ANCIRA SA DE CV,PL/2720/EXP/ES/2015
2026-09-30,Premium,region,Noroeste,1935,28.8017,20.55,31.71,11.36,,,,,EXACTO COMBUSTIBLES SA DE CV,PL/5823/EXP/ES/2015
2026-09-30,Premium,region,Norte,670,27.6018,20.69,30.99,10.16,,,,,GASOLINERA TAMAZULA SA DE CV,PL/5200/EXP/ES/2015
2026-09-30,Premium,region,Occidente,2697,29.1780,23.89,31.99,11.74,,,,,SERVICIO SIERRA ESMERALDA SA DE CV,PL/7076/EXP/ES/2015
2026-09-30,Premium,region,Sur,873,28.7785,17.67,31.59,11.34,,,,,SERVICIOS MGM SA DE CV,PL/6272/EXP/ES/2015
2026-09-30,Premium,region,Sureste,683,28.5778,26.40,29.80,11.14,,,,,COMBUSTIBLES CALETA SA DE CV,PL/2335/EXP/ES/2015
2026-09-30,Diesel,nacional,MX,10512,27.0028,16.88,31.99,10.12,,,,,SERVICIOS COSTA VELEROS SA DE CV,PL/19867/EXP/ES/2017
2026-09-30,Diesel,marca,ARCO NORTE,1,26.9700,26.97,26.97,10.09,,,,,ARCO NORTE COMBUSTIBLES S DE RL DE CV,PL/1896/EXP/ES/2015
2026-09-30,Diesel,marca,BP,23,26.0252,19.99,27.00,9.15,,,,,BP LOS TAMARINDOS SA DE CV,PL/24313/EXP/ES/2022
2026-09-30,Diesel,region,Centro,2592,26.9635,16.88,29.99,10.08,,,,,GASOLINERA DIMARO SA DE CV,PL/12650/EXP/ES/2015
2026-09-30,Diesel,region,Golfo,879,26.9944,22.20,28.98,10.11,,,,,SINERGIA PETROLERA DEL SURESTE SA DE CV,PL/20813/EXP/ES/2018
2026-09-30,Diesel,region,Noreste,1252,26.8814,18.30,29.99,10.00,,,,,MARIA CONCEPCION SANTOS RAMIREZ,PL/7558/EXP/ES/2015
2026-09-30,Diesel,region,Noroeste,1448,26.8880,19.99,31.99,10.01,,,,,SERVICIOS COSTA VELEROS SA DE CV,PL/19867/EXP/ES/2017
2026-09-30,Diesel,region,Norte,585,26.9376,23.59,29.98,10.06,,,,,GLORIA ESTHER LERMA HERRERA,PL/5108/EXP/ES/2015
2026-09-30,Diesel,region,Occidente,2381,27.0619,22.29,30.50,10.18,,,,,EMILIO RUIZ MENDEZ,PL/5631/EXP/ES/2015
2026-09-30,Diesel,region,Sur,786,27.0864,20.50,29.55,10.21,,,,,PRIMEROGAS SA DE CV,PL/12019/EXP/ES/2015
2026-09-30,Diesel,region,Sureste,581,27.4521,26.50,30.00,10.57,,,,,ENRIQUE LIMA ZUNO,PL/7627/EXP/ES/2015
2026-10-01,Regular,nacional,MX,13778,23.6878,15.94,28.89,7.75,,,,,SERVICIOS AQUILES SERDAN SA DE CV,PL/6416/EXP/ES/2015
2026-10-01,Regular,marca,ARCO NORTE,1,23.9500,23.95,23.95,8.01,,,,,ARCO NORTE COMBUSTIBLES S DE RL DE CV,PL/1896/EXP/ES/2015
2026-10-01,Regular,marca,BP,36,23.7917,18.65,23.99,7.85,,,,,BP ESTACIONES Y SERVICIOS ENERGETICOS SA DE CV,PL/10149/EXP/ES/2015
2026-10-01,Regular,region,Centro,3258,23.7150,15.94,26.61,7.77,,,,,SERVICIO IXTACUIXTLA SA DE CV,PL/9716/EXP/ES/2015
2026-10-01,Regular,region,Golfo,1064,23.8058,20.35,25.29,7.87,,,,,SERVICIO LA NUEVA VICTORIA SA DE CV,PL/11457/EXP/ES/2015
2026-10-01,Regular,region,Noreste,2120,23.3877,18.65,28.50,7.45,,,,,SERVICIO CUATRO VIENTOS VAZQUEZ SA DE CV,PL/20018/EXP/ES/2017
2026-10-01,Regular,region,Noroeste,2056,23.5015,18.65,28.89,7.56,,,,,SERVICIOS AQUILES SERDAN SA DE CV,PL/6416/EXP/ES/2015
2026-10-01,Regular,region,Norte,819,22.8938,18.39,27.75,6.95,,,,,H.V. GASOLINERA SA DE CV,PL/23788/EXP/ES/2021
2026-10-01,Regular,region,Occidente,2824,23.9395,21.09,26.99,8.00,,,,,SERVICIO SIERRA ESMERALDA SA DE CV,PL/7076/EXP/ES/2015
2026-10-01,Regular,region,Sur,899,23.8888,19.59,25.80,7.95,,,,,RUBEN CUELLAR SAAVEDRA,PL/11321/EXP/ES/2015
2026-10-01,Regular,region,Sureste,727,24.4705,22.99,26.90,8.53,,,,,ENRIQUE LIMA ZUNO,PL/7627/EXP/ES/2015
2026-10-01,Premium,nacional,MX,13004,28.5760,17.44,31.99,11.14,,,,,SERVICIO SIERRA ESMERALDA SA DE CV,PL/7076/EXP/ES/2015
2026-10-01,Premium,marca,ARCO NORTE,1,27.6900,27.69,27.69,10.25,,,,,ARCO NORTE COMBUSTIBLES S DE RL DE CV,PL/1896/EXP/ES/2015
2026-10-01,Premium,marca,BP,36,28.5500,20.55,29.99,11.11,,,,,BP ESTACIONES Y SERVICIOS ENERGETICOS SA DE CV,PL/1178/EXP/ES/2015
2026-10-01,Premium,region,Centro,3170,28.3760,20.49,29.99,10.94,,,,,SERVICIOS GASOLINEROS DE MEXICO SA DE CV,PL/10986/EXP/ES/2015
2026-10-01,Premium,region,Golfo,993,28.1227,19.50,29.99,10.68,,,,,SERVICIO SUJUXI SA DE CV,PL/5388/EXP/ES/2015
2026-10-01,Premium,region,Noreste,1972,28.3241,17.44,30.49,10.88,,,,,SERVICIO ANCIRA SA DE CV,PL/2720/EXP/ES/2015
2026-10-01,Premium,region,Noroeste,1935,28.8008,20.55,31.71,11.36,,,,,EXACTO COMBUSTIBLES SA DE CV,PL/5823/EXP/ES/2015
2026-10-01,Premium,region,Norte,670,27.6014,20.69,30.99,10.16,,,,,GASOLINERA TAMAZULA SA DE CV,PL/5200/EXP/ES/2015
2026-10-01,Premium,region,Occidente,2697,29.1782,23.89,31.99,11.74,,,,,SERVICIO SIERRA ESMERALDA SA DE CV,PL/7076/EXP/ES/2015
2026-10-01,Premium,region,Sur,873,28.7782,17.67,31.59,11.34,,,,,SERVICIOS MGM SA DE CV,PL/6272/EXP/ES/2015
2026-10-01,Premium,region,Sureste,683,28.5791,26.40,29.80,11.14,,,,,COMBUSTIBLES CALETA SA DE CV,PL/2335/EXP/ES/2015
2026-10-01,Diesel,nacional,MX,10512,27.0013,16.88,31.99,10.12,,,,,SERVICIOS COSTA VELEROS SA DE CV,PL/19867/EXP/ES/2017
2026-10-01,Diesel,marca,ARCO NORTE,1,26.9700,26.97,26.97,10.09,,,,,ARCO NORTE COMBUSTIBLES S DE RL DE CV,PL/1896/EXP/ES/2015
2026-10-01,Diesel,marca,BP,23,26.0252,19.99,27.00,9.15,,,,,BP LOS TAMARINDOS SA DE CV,PL/24313/EXP/ES/2022
2026-10-01,Diesel,region,Centro,2592,26.9622,16.88,29.99,10.08,,,,,GASOLINERA DIMARO SA DE CV,PL/12650/EXP/ES/2015
2026-10-01,Diesel,region,Golfo,879,26.9947,22.20,28.98,10.11,,,,,SINERGIA PETROLERA DEL SURESTE SA DE CV,PL/20813/EXP/ES/2018
2026-10-01,Diesel,region,Noreste,1252,26.8799,18.30,29.99,10.00,,,,,MARIA CONCEPCION SANTOS RAMIREZ,PL/7558/EXP/ES/2015
2026-10-01,Diesel,region,Noroeste,1448,26.8815,19.99,31.99,10.00,,,,,SERVICIOS COSTA VELEROS SA DE CV,PL/19867/EXP/ES/2017
2026-10-01,Diesel,region,Norte,585,26.9354,23.59,29.98,10.06,,,,,GLORIA ESTHER LERMA HERRERA,PL/5108/EXP/ES/2015
2026-10-01,Diesel,region,Occidente,2381,27.0624,22.29,30.50,10.18,,,,,EMILIO RUIZ MENDEZ,PL/5631/EXP/ES/2015
2026-10-01,Diesel,region,Sur,786,27.0858,20.50,29.55,10.21,,,,,PRIMEROGAS SA DE CV,PL/12019/EXP/ES/2015
2026-10-01,Diesel,region,Sureste,581,27.4521,26.50,30.00,10.57,,,,,ENRIQUE LIMA ZUNO,PL/7627/EXP/ES/2015
2026-10-02,Regular,nacional,MX,13770,23.6855,15.94,28.89,7.75,,,,,SERVICIOS AQUILES SERDAN SA DE CV,PL/6416/EXP/ES/2015
2026-10-02,Regular,marca,ARCO NORTE,1,23.9500,23.95,23.95,8.01,,,,,ARCO NORTE COMBUSTIBLES S DE RL DE CV,PL/1896/EXP/ES/2015
2026-10-02,Regular,marca,BP,36,23.7917,18.65,23.99,7.85,,,,,BP ESTACIONES Y SERVICIOS ENERGETICOS SA DE CV,PL/10149/EXP/ES/2015
2026-10-02,Regular,region,Centro,3258,23.7111,15.94,26.61,7.77,,,,,SERVICIO IXTACUIXTLA SA DE CV,PL/9716/EXP/ES/2015
2026-10-02,Regular,region,Golfo,1064,23.8051,20.35,25.29,7.87,,,,,SERVICIO LA NUEVA VICTORIA SA DE CV,PL/11457/EXP/ES/2015
2026-10-02,Regular,region,Noreste,2118,23.3955,18.65,28.50,7.46,,,,,SERVICIO CUATRO VIENTOS VAZQUEZ SA DE CV,PL/20018/EXP/ES/2017
2026-10-02,Regular,region,Noroeste,2053,23.4893,18.65,28.89,7.55,,,,,SERVICIOS AQUILES SERDAN SA DE CV,PL/6416/EXP/ES/2015
2026-10-02,Regular,region,Norte,819,22.8930,18.39,27.75,6.95,,,,,H.V. GASOLINERA SA DE CV,PL/23788/EXP/ES/2021
2026-10-02,Regular,region,Occidente,2821,23.9358,21.09,26.99,8.00,,,,,SERVICIO SIERRA ESMERALDA SA DE CV,PL/7076/EXP/ES/2015
2026-10-02,Regular,region,Sur,899,23.8904,19.59,25.80,7.95,,,,,RUBEN CUELLAR SAAVEDRA,PL/11321/EXP/ES/2015
2026-10-02,Regular,region,Sureste,727,24.4705,22.99,26.90,8.53,,,,,ENRIQUE LIMA ZUNO,PL/7627/EXP/ES/2015
2026-10-02,Premium,nacional,MX,12996,28.5783,17.44,31.99,11.14,,,,,SERVICIO SIERRA ESMERALDA SA DE CV,PL/7076/EXP/ES/2015
2026-10-02,Premium,marca,ARCO NORTE,1,27.6900,27.69,27.69,10.25,,,,,ARCO NORTE COMBUSTIBLES S DE RL DE CV,PL/1896/EXP/ES/2015
2026-10-02,Premium,marca,BP,36,28.5500,20.55,29.99,11.11,,,,,BP ESTACIONES Y SERVICIOS ENERGETICOS SA DE CV,PL/1178/EXP/ES/2015
2026-10-02,Premium,region,Centro,3166,28.3788,20.49,29.99,10.94,,,,,SERVICIOS GASOLINEROS DE MEXICO SA DE CV,PL/10986/EXP/ES/2015
2026-10-02,Premium,region,Golfo,993,28.1230,19.50,29.99,10.68,,,,,SERVICIO SUJUXI SA DE CV,PL/5388/EXP/ES/2015
2026-10-02,Premium,region,Noreste,1970,28.3261,17.44,30.49,10.89,,,,,SERVICIO ANCIRA SA DE CV,PL/2720/EXP/ES/2015
2026-10-02,Premium,region,Noroeste,1935,28.8008,20.55,31.71,11.36,,,,,EXACTO COMBUSTIBLES SA DE CV,PL/5823/EXP/ES/2015
2026-10-02,Premium,region,Norte,670,27.6035,20.69,30.99,10.16,,,,,GASOLINERA TAMAZULA SA DE CV,PL/5200/EXP/ES/2015
2026-10-02,Premium,region,Occidente,2695,29.1776,23.89,31.99,11.74,,,,,SERVICIO SIERRA ESMERALDA SA DE CV,PL/7076/EXP/ES/2015
2026-10-02,Premium,region,Sur,873,28.7949,17.67,31.59,11.35,,,,,SERVICIOS MGM SA DE CV,PL/6272/EXP/ES/2015
2026-10-02,Premium,region,Sureste,683,28.5830,26.40,29.80,11.14,,,,,COMBUSTIBLES CALETA SA DE CV,PL/2335/EXP/ES/2015
2026-10-02,Diesel,nacional,MX,10509,26.9974,16.88,31.99,10.12,,,,,SERVICIOS COSTA VELEROS SA DE CV,PL/19867/EXP/ES/2017
2026-10-02,Diesel,marca,ARCO NORTE,1,26.9700,26.97,26.97,10.09,,,,,ARCO NORTE COMBUSTIBLES S DE RL DE CV,PL/1896/EXP/ES/2015
2026-10-02,Diesel,marca,BP,23,26.0252,19.99,27.00,9.15,,,,,BP LOS TAMARINDOS SA DE CV,PL/24313/EXP/ES/2022
2026-10-02,Diesel,region,Centro,2592,26.9612,16.88,29.99,10.08,,,,,GASOLINERA DIMARO SA DE CV,PL/12650/EXP/ES/2015
2026-10-02,Diesel,region,Golfo,879,26.9947,22.20,28.98,10.11,,,,,SINERGIA PETROLERA DEL SURESTE SA DE CV,PL/20813/EXP/ES/2018
2026-10-02,Diesel,region,Noreste,1251,26.8788,18.30,29.99,10.00,,,,,MARIA CONCEPCION SANTOS RAMIREZ,PL/7558/EXP/ES/2015
2026-10-02,Diesel,region,Noroeste,1448,26.8688,19.99,31.99,9.99,,,,,SERVICIOS COSTA VELEROS SA DE CV,PL/19867/EXP/ES/2017
2026-10-02,Diesel,region,Norte,584,26.9354,23.59,29.98,10.06,,,,,GLORIA ESTHER LERMA HERRERA,PL/5108/EXP/ES/2015
2026-10-02,Diesel,region,Occidente,2380,27.0539,22.29,30.50,10.17,,,,,EMILIO RUIZ MENDEZ,PL/5631/EXP/ES/2015
2026-10-02,Diesel,region,Sur,786,27.0877,20.50,29.55,10.21,,,,,PRIMEROGAS SA DE CV,PL/12019/EXP/ES/2015
2026-10-02,Diesel,region,Sureste,581,27.4524,26.50,30.00,10.57,,,,,ENRIQUE LIMA ZUNO,PL/7627/EXP/ES/2015
2026-10-07,Regular,nacional,MX,13772,23.6908,15.94,29.95,7.75,23.69,23.99,23.99,24.39,GASO-MEX SA DE CV,PL/2385/EXP/ES/2015
2026-10-07,Regular,marca,ARCO NORTE,1,23.9500,23.95,23.95,8.01,23.95,23.95,23.95,23.95,ARCO NORTE COMBUSTIBLES S DE RL DE CV,PL/1896/EXP/ES/2015
2026-10-07,Regular,marca,BP,36,23.7917,18.65,23.99,7.85,23.99,23.99,23.99,23.99,BP ESTACIONES Y SERVICIOS ENERGETICOS SA DE CV,PL/10149/EXP/ES/2015
2026-10-07,Regular,region,Centro,3259,23.7164,15.94,29.95,7.78,23.49,23.91,23.99,23.99,GASO-MEX SA DE CV,PL/2385/EXP/ES/2015
2026-10-07,Regular,region,Golfo,1064,23.8036,20.35,25.29,7.86,23.79,23.99,23.99,23.99,SERVICIO LA NUEVA VICTORIA SA DE CV,PL/11457/EXP/ES/2015
2026-10-07,Regular,region,Noreste,2118,23.4041,18.65,27.74,7.46,23.66,23.99,23.99,24.59,HIDROCARBUROS EL MIRADOR SA DE CV,PL/12075/EXP/ES/2015
2026-10-07,Regular,region,Noroeste,2052,23.5009,18.65,27.50,7.56,22.99,23.99,23.99,24.50,SERVICIOS COSTA VELEROS SA DE CV,PL/19867/EXP/ES/2017
2026-10-07,Regular,region,Norte,820,22.8927,18.39,27.00,6.95,22.98,23.99,23.99,24.45,UNION DE EJIDOS DE PRODUCCION Y COMERCIALIZACION AGROPECUARIA Y FORESTAL ZONA URIQUE SIN TIPO DE SOCIEDAD,PL/4415/EXP/ES/2015
2026-10-07,Regular,region,Occidente,2822,23.9424,21.09,28.39,8.00,23.94,23.99,23.99,24.00,CAMINO REAL ESTACION DE SERVICIO SA DE CV,PL/10852/EXP/ES/2015
2026-10-07,Regular,region,Sur,899,23.8870,19.59,25.80,7.95,23.89,23.99,23.99,24.00,RUBEN CUELLAR SAAVEDRA,PL/11321/EXP/ES/2015
2026-10-07,Regular,region,Sureste,727,24.4708,22.99,26.90,8.53,23.99,24.39,24.98,25.39,ENRIQUE LIMA ZUNO,PL/7627/EXP/ES/2015
2026-10-07,Premium,nacional,MX,12993,28.5933,17.44,31.99,11.15,27.99,28.79,29.49,29.99,SERVICIO SIERRA ESMERALDA SA DE CV,PL/7076/EXP/ES/2015
2026-10-07,Premium,marca,ARCO NORTE,1,27.6900,27.69,27.69,10.25,27.69,27.69,27.69,27.69,ARCO NORTE COMBUSTIBLES S DE RL DE CV,PL/1896/EXP/ES/2015
2026-10-07,Premium,marca,BP,36,28.5500,20.55,29.99,11.11,28.66,29.14,29.69,29.79,BP ESTACIONES Y SERVICIOS ENERGETICOS SA DE CV,PL/1178/EXP/ES/2015
2026-10-07,Premium,region,Centro,3165,28.3974,20.49,29.99,10.96,27.99,28.37,28.89,29.49,OPERADORA DE MINIESTACIONES COMBUSERV SA DE CV,PL/10828/EXP/ES/2015
2026-10-07,Premium,region,Golfo,993,28.1311,19.50,29.99,10.69,27.69,28.25,28.69,29.00,HIDROSINA PLUS S A P I DE CV,PL/19023/EXP/ES/2016
2026-10-07,Premium,region,Noreste,1971,28.3468,17.44,30.49,10.91,27.75,28.95,29.99,29.99,SERVICIO ANCIRA SA DE CV,PL/2720/EXP/ES/2015
2026-10-07,Premium,region,Noroeste,1932,28.8150,20.55,31.71,11.38,28.49,28.99,29.59,29.99,EXACTO COMBUSTIBLES SA DE CV,PL/5823/EXP/ES/2015
2026-10-07,Premium,region,Norte,670,27.6193,20.69,30.99,10.18,27.49,28.73,29.25,29.59,GASOLINERA TAMAZULA SA DE CV,PL/5200/EXP/ES/2015
2026-10-07,Premium,region,Occidente,2695,29.1915,23.99,31.99,11.75,28.80,29.19,29.89,29.99,SERVICIO SIERRA ESMERALDA SA DE CV,PL/7076/EXP/ES/2015
2026-10-07,Premium,region,Sur,873,28.8167,17.67,31.85,11.38,28.39,28.89,29.36,29.79,COMBUSTIBLES TAAG SA DE CV,CNE/PL/167/EXP/ES/2025
2026-10-07,Premium,region,Sureste,683,28.5733,26.40,29.80,11.13,28.34,28.58,29.30,29.38,COMBUSTIBLES CALETA SA DE CV,PL/2335/EXP/ES/2015
2026-10-07,Diesel,nacional,MX,10508,27.0013,16.88,31.99,10.12,26.99,27.00,27.00,27.49,SERVICIOS COSTA VELEROS SA DE CV,PL/19867/EXP/ES/2017
2026-10-07,Diesel,marca,ARCO NORTE,1,26.9700,26.97,26.97,10.09,26.97,26.97,26.97,26.97,ARCO NORTE COMBUSTIBLES S DE RL DE CV,PL/1896/EXP/ES/2015
2026-10-07,Diesel,marca,BP,23,26.0252,19.99,27.00,9.15,25.39,26.99,26.99,26.99,BP LOS TAMARINDOS SA DE CV,PL/24313/EXP/ES/2022
2026-10-07,Diesel,region,Centro,2593,26.9574,16.88,29.99,10.08,26.99,26.99,27.00,27.00,GASOLINERA DIMARO SA DE CV,PL/12650/EXP/ES/2015
2026-10-07,Diesel,region,Golfo,879,26.9971,22.20,28.98,10.12,27.00,27.00,27.00,27.00,SINERGIA PETROLERA DEL SURESTE SA DE CV,PL/20813/EXP/ES/2018
2026-10-07,Diesel,region,Noreste,1250,26.8759,18.30,29.99,10.00,26.99,27.00,27.00,27.24,MARIA CONCEPCION SANTOS RAMIREZ,PL/7558/EXP/ES/2015
2026-10-07,Diesel,region,Noroeste,1447,26.8985,19.99,31.99,10.02,26.99,26.99,27.00,27.99,SERVICIOS COSTA VELEROS SA DE CV,PL/19867/EXP/ES/2017
2026-10-07,Diesel,region,Norte,584,26.9229,23.39,29.98,10.04,26.99,26.99,27.00,27.59,GLORIA ESTHER LERMA HERRERA,PL/5108/EXP/ES/2015
2026-10-07,Diesel,region,Occidente,2380,27.0619,22.29,30.50,10.18,26.99,27.00,27.00,27.39,EMILIO RUIZ MENDEZ,PL/5631/EXP/ES/2015
2026-10-07,Diesel,region,Sur,786,27.0846,20.50,29.55,10.20,27.00,27.00,27.00,27.99,PRIMEROGAS SA DE CV,PL/12019/EXP/ES/2015
2026-10-07,Diesel,region,Sureste,581,27.4502,26.50,30.00,10.57,27.00,27.00,27.99,28.29,ENRIQUE LIMA ZUNO,PL/7627/EXP/ES/2015
2026-10-08,Regular,nacional,MX,13774,23.6893,15.94,29.95,7.75,23.69,23.99,23.99,24.39,GASO-MEX SA DE CV,PL/2385/EXP/ES/2015
2026-10-08,Regular,marca,ARCO NORTE,1,23.9500,23.95,23.95,8.01,23.95,23.95,23.95,23.95,ARCO NORTE COMBUSTIBLES S DE RL DE CV,PL/1896/EXP/ES/2015
2026-10-08,Regular,marca,BP,36,23.7917,18.65,23.99,7.85,23.99,23.99,23.99,23.99,BP ESTACIONES Y SERVICIOS ENERGETICOS SA DE CV,PL/10149/EXP/ES/2015
2026-10-08,Regular,region,Centro,3261,23.7178,15.94,29.95,7.78,23.49,23.91,23.99,23.99,GASO-MEX SA DE CV,PL/2385/EXP/ES/2015
2026-10-08,Regular,region,Golfo,1064,23.8033,20.35,25.29,7.86,23.79,23.99,23.99,23.99,SERVICIO LA NUEVA VICTORIA SA DE CV,PL/11457/EXP/ES/2015
2026-10-08,Regular,region,Noreste,2118,23.4044,18.65,27.74,7.46,23.67,23.99,23.99,24.59,HIDROCARBUROS EL MIRADOR SA DE CV,PL/12075/EXP/ES/2015
2026-10-08,Regular,region,Noroeste,2052,23.4861,18.65,27.50,7.55,22.99,23.99,23.99,24.50,SERVICIOS COSTA VELEROS SA DE CV,PL/19867/EXP/ES/2017
2026-10-08,Regular,region,Norte,820,22.8930,18.39,27.00,6.95,22.98,23.99,23.99,24.45,UNION DE EJIDOS DE PRODUCCION Y COMERCIALIZACION AGROPECUARIA Y FORESTAL ZONA URIQUE SIN TIPO DE SOCIEDAD,PL/4415/EXP/ES/2015
2026-10-08,Regular,region,Occidente,2822,23.9431,21.09,28.39,8.00,23.94,23.99,23.99,24.00,CAMINO REAL ESTACION DE SERVICIO SA DE CV,PL/10852/EXP/ES/2015
2026-10-08,Regular,region,Sur,899,23.8897,19.59,25.80,7.95,23.89,23.99,23.99,24.00,RUBEN CUELLAR SAAVEDRA,PL/11321/EXP/ES/2015
2026-10-08,Regular,region,Sureste,727,24.4708,22.99,26.90,8.53,23.99,24.39,24.98,25.39,ENRIQUE LIMA ZUNO,PL/7627/EXP/ES/2015
2026-10-08,Premium,nacional,MX,12992,28.5985,17.44,31.99,11.16,27.99,28.79,29.49,29.99,SERVICIO SIERRA ESMERALDA SA DE CV,PL/7076/EXP/ES/2015
2026-10-08,Premium,marca,ARCO NORTE,1,27.6900,27.69,27.69,10.25,27.69,27.69,27.69,27.69,ARCO NORTE COMBUSTIBLES S DE RL DE CV,PL/1896/EXP/ES/2015
2026-10-08,Premium,marca,BP,36,28.5500,20.55,29.99,11.11,28.66,29.14,29.69,29.79,BP ESTACIONES Y SERVICIOS ENERGETICOS SA DE CV,PL/1178/EXP/ES/2015
2026-10-08,Premium,region,Centro,3165,28.4056,20.49,29.99,10.97,27.99,28.37,28.89,29.49,OPERADORA DE MINIESTACIONES COMBUSERV SA DE CV,PL/10828/EXP/ES/2015
2026-10-08,Premium,region,Golfo,993,28.1322,19.50,29.99,10.69,27.69,28.25,28.69,29.00,HIDROSINA PLUS S A P I DE CV,PL/19023/EXP/ES/2016
2026-10-08,Premium,region,Noreste,1971,28.3564,17.44,30.49,10.92,27.75,28.95,29.99,29.99,SERVICIO ANCIRA SA DE CV,PL/2720/EXP/ES/2015
2026-10-08,Premium,region,Noroeste,1932,28.8149,20.55,31.71,11.37,28.49,28.99,29.59,29.99,EXACTO COMBUSTIBLES SA DE CV,PL/5823/EXP/ES/2015
2026-10-08,Premium,region,Norte,669,27.6314,20.69,30.99,10.19,27.49,28.72,29.25,29.79,GASOLINERA TAMAZULA SA DE CV,PL/5200/EXP/ES/2015
2026-10-08,Premium,region,Occidente,2695,29.1944,23.99,31.99,11.75,28.80,29.20,29.89,29.99,SERVICIO SIERRA ESMERALDA SA DE CV,PL/7076/EXP/ES/2015
2026-10-08,Premium,region,Sur,873,28.8204,17.67,31.85,11.38,28.39,28.88,29.39,29.79,COMBUSTIBLES TAAG SA DE CV,CNE/PL/167/EXP/ES/2025
2026-10-08,Premium,region,Sureste,683,28.5758,26.40,29.80,11.14,28.34,28.58,29.33,29.38,COMBUSTIBLES CALETA SA DE CV,PL/2335/EXP/ES/2015
2026-10-08,Diesel,nacional,MX,10509,26.9961,16.88,31.99,10.12,26.99,27.00,27.00,27.47,SERVICIOS COSTA VELEROS SA DE CV,PL/19867/EXP/ES/2017
2026-10-08,Diesel,marca,ARCO NORTE,1,26.9700,26.97,26.97,10.09,26.97,26.97,26.97,26.97,ARCO NORTE COMBUSTIBLES S DE RL DE CV,PL/1896/EXP/ES/2015
2026-10-08,Diesel,marca,BP,23,26.0252,19.99,27.00,9.15,25.39,26.99,26.99,26.99,BP LOS TAMARINDOS SA DE CV,PL/24313/EXP/ES/2022
2026-10-08,Diesel,region,Centro,2594,26.9573,16.88,29.99,10.08,26.99,26.99,27.00,27.00,GASOLINERA DIMARO SA DE CV,PL/12650/EXP/ES/2015
2026-10-08,Diesel,region,Golfo,879,26.9972,22.20,28.98,10.12,27.00,27.00,27.00,27.00,SINERGIA PETROLERA DEL SURESTE SA DE CV,PL/20813/EXP/ES/2018
2026-10-08,Diesel,region,Noreste,1250,26.8740,18.30,29.99,9.99,26.99,27.00,27.00,27.24,MARIA CONCEPCION SANTOS RAMIREZ,PL/7558/EXP/ES/2015
2026-10-08,Diesel,region,Noroeste,1447,26.8699,19.99,31.99,9.99,26.98,26.99,27.00,27.89,SERVICIOS COSTA VELEROS SA DE CV,PL/19867/EXP/ES/2017
2026-10-08,Diesel,region,Norte,584,26.9191,23.39,29.98,10.04,26.99,26.99,27.00,27.54,GLORIA ESTHER LERMA HERRERA,PL/5108/EXP/ES/2015
2026-10-08,Diesel,region,Occidente,2380,27.0579,22.29,30.50,10.18,26.99,27.00,27.00,27.34,EMILIO RUIZ MENDEZ,PL/5631/EXP/ES/2015
2026-10-08,Diesel,region,Sur,786,27.0846,20.50,29.55,10.20,27.00,27.00,27.00,27.99,PRIMEROGAS SA DE CV,PL/12019/EXP/ES/2015
2026-10-08,Diesel,region,Sureste,581,27.4525,26.50,30.00,10.57,27.00,27.00,27.99,28.29,ENRIQUE LIMA ZUNO,PL/7627/EXP/ES/2015
