Permiso CRE,Place ID,Marca,Estacion,Direccion,Municipio,Estado,Region,Lat,Lon
CNE/PL/146/EXP/ES/2025,30365,,GRUPO MAHILA S DE RL DE CV,,Fresnillo,Zacatecas,Occidente,23.17565,-102.8318
CNE/PL/15/EXP/ES/2025,30226,,PROYECTOS ENERGETICOS ALJO SA DE CV,,Morelia,Michoacán,Occidente,19.72019,-101.1781
CNE/PL/153/EXP/ES/2025,30369,,SERVICIO DEL VALLE DE CALVILLO SA DE CV,,Calvillo,Aguascalientes,Occidente,21.86927,-102.6874
CNE/PL/154/EXP/ES/2025,30453,,ESTACION DE SERVICIO LA MINTZITA SA DE CV,,Morelia,Michoacán,Occidente,19.68882,-101.2791
CNE/PL/156/EXP/ES/2025,30371,,INMOBILIARIA SAMICH SA DE CV,,Tepatitlán de Morelos,Jalisco,Occidente,20.77601,-102.7951
CNE/PL/158/EXP/ES/2025,30394,,PHL SA DE CV,,Aguascalientes,Aguascalientes,Occidente,21.85883,-102.3145
CNE/PL/177/EXP/ES/2025,30387,,TCC GRUPO GASOLINERO SA DE CV,,Aguascalientes,Aguascalientes,Occidente,21.86941,-102.2727
CNE/PL/179/EXP/ES/2025,30414,,COMBUSTIBLES FOSILES GT SA DE CV,,Sayula,Jalisco,Occidente,19.86143,-103.5315
CNE/PL/18/EXP/ES/2025,30229,,AMY SKY LINE SA DE CV,,León,Guanajuato,Occidente,21.12881,-101.6011
CNE/PL/182/EXP/ES/2025,30416,,SERVICIO OSPRI SA DE CV,,Morelia,Michoacán,Occidente,19.59929,-101.2908
CNE/PL/184/EXP/ES/2025,30449,,ALPEZ GAS SA DE CV,,Zapopan,Jalisco,Occidente,20.84715,-103.4292
CNE/PL/185/EXP/ES/2025,30447,,FOSELL BONATERRA SA DE CV,,Aguascalientes,Aguascalientes,Occidente,21.82919,-102.2884
CNE/PL/187/EXP/ES/2025,30445,,GRUPO ENLACE GARCIA SA DE CV,,,Colima,Occidente,18.89634,-103.8595
CNE/PL/188/EXP/ES/2025,30443,,ARGAS SERVIMAX SA DE CV,,San Francisco de los Romo,Aguascalientes,Occidente,21.98206,-102.2701
CNE/PL/189/EXP/ES/2025,30418,,GASOLINERA MARTIN SA DE CV,,Ixtlahuacán de los Membrillos,Jalisco,Occidente,20.36508,-103.2543
CNE/PL/192/EXP/ES/2025,30439,,MULTISERVICIOS COPETIRO SA DE CV,,Peribán,Michoacán,Occidente,19.45565,-102.4548
CNE/PL/193/EXP/ES/2025,30404,,PETRO CUPATITZIO SA DE CV,,Uruapan,Michoacán,Occidente,19.42445,-102.0812
CNE/PL/197/EXP/ES/2025,30434,,GASOLINERA TOCUARO SA DE CV,,Erongarícuaro,Michoacán,Occidente,19.54052,-101.6931
CNE/PL/199/EXP/ES/2025,30432,,REYNA OCHOA ARROYO,,Taretan,Michoacán,Occidente,19.30286,-101.8813
CNE/PL/2/EXP/ES/2025,30207,,MEGA GASOLINERAS SA DE CV,,Celaya,Guanajuato,Occidente,20.54985,-100.8226
CNE/PL/200/EXP/ES/2025,30433,,GRUPO GASOLINERO BUGATTI SA DE CV,,Celaya,Guanajuato,Occidente,20.51821,-100.858
CNE/PL/201/EXP/ES/2025,30431,,MULTISERVICIOS JUCUTACATO SA DE CV,,Uruapan,Michoacán,Occidente,19.38069,-102.0788
CNE/PL/202/EXP/ES/2025,30430,,ANTONIO NAÑEZ BUGARIN,,Tlajomulco de Zúñiga,Jalisco,Occidente,20.54511,-103.4016
CNE/PL/207/EXP/ES/2025,30428,,GRUPO ODISEA COMBUSTIBLES SA DE CV,,Tonalá,Jalisco,Occidente,20.55908,-103.2253
CNE/PL/212/EXP/ES/2025,30422,,PETROCAR DEL SOL SA DE CV,,Morelia,Michoacán,Occidente,19.6466,-101.1536
CNE/PL/217/EXP/ES/2025,30420,,FRANSA GAS SA DE CV,,Jacona,Michoacán,Occidente,19.94434,-102.3114
CNE/PL/276/EXP/ES/2025,30510,,SUPER SERVICIO MARAVILLAS SA DE CV,,Tangancícuaro,Michoacán,Occidente,19.87931,-102.1991
CNE/PL/277/EXP/ES/2025,30511,,ESTACION DE SERVICIO TRES G SA DE CV,,Arandas,Jalisco,Occidente,20.68485,-102.3548
CNE/PL/287/EXP/ES/2025,30564,,INMOBILIARIA SAMICH SA DE CV,,Atotonilco el Alto,Jalisco,Occidente,20.5512,-102.5134
CNE/PL/299/EXP/ES/2025,30519,,"COMBUSTIBLES RAGAS, S.A. DE C.V.",,Aguascalientes,Aguascalientes,Occidente,21.89952,-102.2922
CNE/PL/301/EXP/ES/2025,30579,,"SIEMPRE GAS HUANIQUEO, S.A. DE C.V.",,Jiménez,Michoacán,Occidente,19.92992,-101.6083
CNE/PL/302/EXP/ES/2025,30551,,ESTACION DE SERVICIO LA ALDEA SA DE CV,,Morelia,Michoacán,Occidente,19.7349,-101.1348
CNE/PL/304/EXP/ES/2025,30552,,ENERGETICOS CIHUALPILLI SA DE CV,,Tonalá,Jalisco,Occidente,20.61788,-103.2486
CNE/PL/311/EXP/ES/2025,30580,,GASOVIA SA DE CV,,Zapopan,Jalisco,Occidente,20.75,-103.5369
CNE/PL/314/EXP/ES/2025,30521,,"SX3 COMBUSTIBLES, S.A. DE C.V.",,Jiménez,Michoacán,Occidente,19.93019,-101.61
CNE/PL/316/EXP/ES/2025,30573,,SERVIMAVI SOLIDARIDAD S DE RL DE CV,,Irapuato,Guanajuato,Occidente,20.69187,-101.3409
CNE/PL/318/EXP/ES/2025,30554,,PETRO CHAVER SA DE CV,,Zapotlán el Grande,Jalisco,Occidente,19.71607,-103.4906
CNE/PL/319/EXP/ES/2025,30590,,GRUPO CHALURR S A P I DE CV,,Aguascalientes,Aguascalientes,Occidente,21.91355,-102.2867
CNE/PL/325/EXP/ES/2025,30558,,GASOLINERA PRIMER ANILLO SA DE CV,,Aguascalientes,Aguascalientes,Occidente,21.85749,-102.2953
CNE/PL/333/EXP/ES/2025,30527,,MA SOLEDAD SOLORZANO AGUILERA,,Salamanca,Guanajuato,Occidente,20.62454,-101.1614
CNE/PL/335/EXP/ES/2025,30575,,ALPEZ GAS SA DE CV,,Guadalajara,Jalisco,Occidente,20.65035,-103.3419
CNE/PL/337/EXP/ES/2025,30528,,PETRO CARBURANTES DEL NORTE SA DE CV,,Celaya,Guanajuato,Occidente,20.53231,-100.835
CNE/PL/339/EXP/ES/2025,30609,,NARBEL VARGAS BARAJAS,,Quitupan,Jalisco,Occidente,19.89369,-102.834
CNE/PL/353/EXP/ES/2025,30612,,GASOLINERA SIETE HERMANOS SA DE CV,,Los Reyes,Michoacán,Occidente,19.58306,-102.4253
CNE/PL/364/EXP/ES/2025,30541,,ALPEZ GAS SA DE CV,,Tonalá,Jalisco,Occidente,20.60475,-103.2514
CNE/PL/369/EXP/ES/2025,30611,,MARSILCO SA DE CV,,Guanajuato,Guanajuato,Occidente,20.97981,-101.3113
CNE/PL/370/EXP/ES/2025,30606,,"INMOBILIARIA MING, S.A. DE C.V.",,Tala,Jalisco,Occidente,20.66676,-103.7391
CNE/PL/372/EXP/ES/2025,30602,,AERO 4 G SA DE CV,,Tlaquepaque,Jalisco,Occidente,20.58485,-103.3195
CNE/PL/382/EXP/ES/2025,30605,,GASOLINERA LA GLORIA SA DE CV,,Asientos,Zacatecas,Occidente,22.14927,-102.0358
CNE/PL/384/EXP/ES/2025,30599,,PARADOR LA AURORA SA DE CV,,Juanacatlán,Jalisco,Occidente,20.53143,-103.1281
CNE/PL/388/EXP/ES/2025,30595,,SERVICIO CIUDAD DE LOS MARTIRES SA DE CV,,Mexticacán,Jalisco,Occidente,21.24489,-102.8415
CNE/PL/390/EXP/ES/2025,30582,,GASOLINERA 70 ORIENTE SA DE CV,,Aguascalientes,Aguascalientes,Occidente,21.92919,-102.2524
CNE/PL/442/EXP/ES/2025,30676,,MEGA GASOLINERAS SA DE CV,,León,Guanajuato,Occidente,21.03897,-101.5209
CNE/PL/452/EXP/ES/2025,30688,,ESTACION DE SERVICIO OSCAR CHAVEZ SA DE CV,,Morelia,Michoacán,Occidente,19.74447,-101.181
CNE/PL/453/EXP/ES/2025,30690,,RED INTERGAS S DE RL DE CV,,Aguascalientes,Aguascalientes,Occidente,21.9064,-102.286
CNE/PL/459/EXP/ES/2025,30687,,VYP.S EL CEÑIDOR SA DE CV,,Múgica,Michoacán,Occidente,18.99432,-102.1929
CNE/PL/460/EXP/ES/2025,30728,,"SERVICIO PRIETOGAS, S.A. DE C.V.",,Parácuaro,Michoacán,Occidente,19.01457,-102.2056
CNE/PL/461/EXP/ES/2025,30689,,CAPAGAS SA DE CV,,Aguascalientes,Aguascalientes,Occidente,21.88288,-102.2685
CNE/PL/466/EXP/ES/2025,30702,,"HIDROCARBUROS LAS VIAS, S.A. DE C.V.",,Celaya,Guanajuato,Occidente,20.52063,-100.8409
CNE/PL/475/EXP/ES/2025,30701,,INMOBILIARIA SAMICH SA DE CV,,Ocotlán,Jalisco,Occidente,20.40744,-102.7401
CNE/PL/48/EXP/ES/2025,30267,,SERVICIOS CEMENTOS SA DE CV,,San Francisco del Rincón,Guanajuato,Occidente,20.99241,-101.8431
CNE/PL/482/EXP/ES/2025,30715,,GALILEA BETANCOURT MORENO,,Contepec,Michoacán,Occidente,19.9265,-100.1796
CNE/PL/492/EXP/ES/2025,30722,,UNIDAD DE GASOLINERAS SA DE CV,,Jesús María,Aguascalientes,Occidente,21.97307,-102.3402
CNE/PL/495/EXP/ES/2025,30726,,GRUPO GASOLINERO PETROBRAM SA DE CV,,Morelia,Michoacán,Occidente,19.70743,-101.2357
CNE/PL/51/EXP/ES/2025,30284,,ROCCANS OIL SA DE CV,,Jiquilpan,Michoacán,Occidente,19.98655,-102.7092
CNE/PL/52/EXP/ES/2025,30281,,ESTACION CHIPINQUE SA DE CV,,Lagos de Moreno,Jalisco,Occidente,21.42908,-101.9026
CNE/PL/520/EXP/ES/2025,30752,,SERVICIO TRES DIAMANTES DE MORELIA SA DE CV,,Morelia,Michoacán,Occidente,19.67743,-101.3592
CNE/PL/522/EXP/ES/2025,30759,,GALILEA BETANCOURT MORENO,,Morelia,Michoacán,Occidente,19.70591,-101.2428
CNE/PL/523/EXP/ES/2025,30754,,ESTACION DE SERVICIO MARMOL SA DE CV,,Morelia,Michoacán,Occidente,19.66907,-101.2357
CNE/PL/57/EXP/ES/2025,30294,,SALVADOR RABAGO CORNEJO,,Jalostotitlán,Jalisco,Occidente,21.16832,-102.475
CNE/PL/58/EXP/ES/2025,30286,,ENX TERMINALS SA DE CV,,Tlajomulco de Zúñiga,Jalisco,Occidente,20.52594,-103.3868
CNE/PL/581/EXP/ES/2025,30860,,GAZPRO SA DE CV,,Celaya,Guanajuato,Occidente,20.53612,-100.7977
CNE/PL/60/EXP/ES/2025,30289,,MULTISERVICIOS MARGOZAMA SA DE CV,,Uriangato,Guanajuato,Occidente,20.14276,-101.1579
CNE/PL/61/EXP/ES/2025,30292,,LOS PARAJES 4 PINOS SA DE CV,,Peribán,Michoacán,Occidente,19.5516,-102.3862
CNE/PL/626/EXP/ES/2026,30935,,SERVICIO RINCONADA SA DE CV,,Aguascalientes,Aguascalientes,Occidente,21.90644,-102.2583
CNE/PL/630/EXP/ES/2026,30944,,ESTACION DE SERVICIO CAPULA SA DE CV,,Morelia,Michoacán,Occidente,19.67591,-101.3574
CNE/PL/640/EXP/ES/2026,30947,,UNIDAD DE GASOLINERAS SA DE CV,,Aguascalientes,Aguascalientes,Occidente,21.93085,-102.2915
CNE/PL/651/EXP/ES/2026,30955,,SUPER SERVICIO CIBRIAN SA DE CV,,Cihuatlán,Jalisco,Occidente,19.22879,-104.6973
CNE/PL/654/EXP/ES/2026,30953,,ESTACION DE SERVICIO RUMI SA DE CV,,Aguascalientes,Aguascalientes,Occidente,21.90779,-102.239
CNE/PL/66/EXP/ES/2025,30306,,COMBU-EXPRESS SA DE CV,,Tapalpa,Jalisco,Occidente,19.9347,-103.7521
CNE/PL/679/EXP/ES/2026,30985,,LOBO SABIO SERVICIOS GASOLINEROS SA DE CV,,Juchipila,Zacatecas,Occidente,21.41323,-103.119
CNE/PL/695/EXP/ES/2026,30994,,FAM ORFE SA DE CV,,Morelia,Michoacán,Occidente,19.59104,-101.2983
CNE/PL/696/EXP/ES/2026,31006,,MARIA JACOBA SANDOVAL VALENCIA,,Ziracuaretiro,Michoacán,Occidente,19.42162,-101.9213
CNE/PL/700/EXP/ES/2026,30998,,SERVICIO CHUMATO SA DE CV,,Pátzcuaro,Michoacán,Occidente,19.54077,-101.5809
CNE/PL/73/EXP/ES/2025,30261,,ESTACION DE SERVICIO MACRIV SA DE CV,,Aguascalientes,Aguascalientes,Occidente,21.80029,-102.272
CNE/PL/74/EXP/ES/2025,30304,,INMOBILIARIA SAMICH SA DE CV,,Tepatitlán de Morelos,Jalisco,Occidente,20.786,-102.7798
CNE/PL/80/EXP/ES/2025,30265,,INMOBILIARIA SAMICH SA DE CV,,La Barca,Jalisco,Occidente,20.29111,-102.5467
CNE/PL/87/EXP/ES/2025,30258,,INMOBILIARIA SAMICH SA DE CV,,Tepatitlán de Morelos,Jalisco,Occidente,20.80878,-102.7539
CNE/PL/88/EXP/ES/2025,30259,,GASTRONOMICA FROG S SA DE CV,,Irapuato,Guanajuato,Occidente,20.67689,-101.3772
CNE/PL/94/EXP/ES/2025,30308,,GASOLINERAS MGM SA DE CV,,Uruapan,Michoacán,Occidente,19.43136,-102.0273
CNE/PL/95/EXP/ES/2025,30274,,SERVIEXPRESS 5 DE MAYO S DE RL DE CV,,Guadalajara,Jalisco,Occidente,20.63196,-103.3593
CNE/PL/96/EXP/ES/2025,30275,,GASOLINERA GLORIETA DEL CHARRO SA DE CV,,Colima,Colima,Occidente,19.24411,-103.7362
PL/10000/EXP/ES/2015,11704,,SERVICIO DELTA SA DE CV,,León,Guanajuato,Occidente,21.09075,-101.6221
PL/10001/EXP/ES/2015,11705,,SERVICIO LAS TORRES NORTE SA DE CV,,León,Guanajuato,Occidente,21.14976,-101.6628
PL/10004/EXP/ES/2015,11708,,OPERADORA JOSFA SA DE CV,,León,Guanajuato,Occidente,21.08429,-101.614
PL/10009/EXP/ES/2015,11408,,GRUPO OCTANO SA DE CV,,Tuxpan,Jalisco,Occidente,19.53052,-103.4212
PL/10010/EXP/ES/2015,11409,,GRUPO OCTANO SA DE CV,,Tuxpan,Jalisco,Occidente,19.55496,-103.3895
PL/10012/EXP/ES/2015,11402,,MARTHA PATRICIA VARGAS VEGA,,Jaral del Progreso,Guanajuato,Occidente,20.37656,-101.0561
PL/10013/EXP/ES/2015,11404,,MARIA GABRIELA VARGAS VEGA,,Jaral del Progreso,Guanajuato,Occidente,20.37403,-101.082
PL/10015/EXP/ES/2015,11405,,SERVICIOS DIVERSOS DEL CENTRO SA DE CV,,Celaya,Guanajuato,Occidente,20.54821,-100.8037
PL/10019/EXP/ES/2015,11410,,SERVICIO STA EUGENIA SA DE CV,,Morelia,Michoacán,Occidente,19.68798,-101.3011
PL/1003/EXP/ES/2015,2841,,GASOLINERA GUADALAJARA SA DE CV,,Arandas,Jalisco,Occidente,20.68204,-102.3397
PL/10045/EXP/ES/2015,11440,,SERVICIO CERANO SA DE CV,,Yuriria,Guanajuato,Occidente,20.12178,-101.3723
PL/1005/EXP/ES/2015,2767,,SERVICIO IRRIGACION SA DE CV,,Celaya,Guanajuato,Occidente,20.53727,-100.8031
PL/10050/EXP/ES/2015,11437,,SERVICIOS GASOLINEROS DE MEXICO SA DE CV,,Moroleón,Guanajuato,Occidente,20.12552,-101.1807
PL/10055/EXP/ES/2015,11446,,GRUPO ALDAMA SA DE CV,,Miguel Auza,Zacatecas,Occidente,24.28553,-103.4406
PL/10056/EXP/ES/2015,11447,,CARLOS MORALES PEREZ,,Juan Aldama,Zacatecas,Occidente,24.28975,-103.3971
PL/10058/EXP/ES/2015,11449,,KEYAPAAL SA DE CV,,Armería,Colima,Occidente,18.93461,-103.9706
PL/10061/EXP/ES/2015,11452,,SERVIECOLOGICOS SA DE CV,,Ixtlahuacán de los Membrillos,Jalisco,Occidente,20.40594,-103.1901
PL/10068/EXP/ES/2015,11459,,MANUEL FRANCISCO TORRES NAVARRO,,Chalchihuites,Zacatecas,Occidente,23.47933,-103.8827
PL/1007/EXP/ES/2015,3043,,COMBU-EXPRESS SA DE CV,,Zapotlán el Grande,Jalisco,Occidente,19.6921,-103.4685
PL/1008/EXP/ES/2015,2991,,COMBU-EXPRESS SA DE CV,,Zapotlán el Grande,Jalisco,Occidente,19.70312,-103.4794
PL/10081/EXP/ES/2015,11473,,GASOLINERA AGUA BLANCA SA DE CV,,Tepatitlán de Morelos,Jalisco,Occidente,20.67326,-102.5791
PL/10085/EXP/ES/2015,11477,,SERVICIO SAN PEDRO DE LOS SAUCES SA DE CV,,Tarímbaro,Michoacán,Occidente,19.77545,-101.1326
PL/10089/EXP/ES/2015,11481,,RAMIRO JIMENEZ CASTRO,,Santa Ana Maya,Michoacán,Occidente,19.99666,-100.993
PL/1009/EXP/ES/2015,2964,,COMBU-EXPRESS SA DE CV,,Zapotlán el Grande,Jalisco,Occidente,19.68044,-103.4776
PL/10091/EXP/ES/2015,11482,,ESTACION DE SERVICIO PYOTR SA DE CV,,Tlajomulco de Zúñiga,Jalisco,Occidente,20.53395,-103.4754
PL/10097/EXP/ES/2015,11488,,SERVICIO TECHALUTA SA DE CV,,Techaluta de Montenegro,Jalisco,Occidente,20.04685,-103.5536
PL/10098/EXP/ES/2015,11489,,ESTACION DE SERVICIO GALERIAS SA DE CV,,Zapopan,Jalisco,Occidente,20.66939,-103.4317
PL/1010/EXP/ES/2015,2851,,COMBU-EXPRESS SA DE CV,,Zapotiltic,Jalisco,Occidente,19.62872,-103.414
PL/10100/EXP/ES/2015,11491,,OPERADORA AVIACION SA DE CV,,Zapopan,Jalisco,Occidente,20.73067,-103.4511
PL/10102/EXP/ES/2015,11494,,EUGENIO ALVAREZ GARCIA,,Huandacareo,Michoacán,Occidente,19.98736,-101.2704
PL/10103/EXP/ES/2015,11493,,CENTRAL SAN AGUSTIN SA DE CV,,Tlajomulco de Zúñiga,Jalisco,Occidente,20.55863,-103.4635
PL/10104/EXP/ES/2015,11495,,ESTACION DE SERVICIO OMEGA SA DE CV,,Tlaquepaque,Jalisco,Occidente,20.57107,-103.4383
PL/10106/EXP/ES/2015,11497,,ESTACION GUADALUPE SA DE CV,,Zapopan,Jalisco,Occidente,20.66318,-103.4199
PL/10107/EXP/ES/2015,11498,,ESTACION DE SERVICIOS TALA SA DE CV,,Tala,Jalisco,Occidente,20.70321,-103.6883
PL/10108/EXP/ES/2015,11499,,COMBUSTIBLE TLAJOMULCO SA DE CV,,Tlajomulco de Zúñiga,Jalisco,Occidente,20.52955,-103.3769
PL/10116/EXP/ES/2015,11548,,AUXILIADORA DE COMBUSTIBLES SA DE CV,,Chapala,Jalisco,Occidente,20.3303,-103.1103
PL/10117/EXP/ES/2015,11549,,AUXILIADORA DE COMBUSTIBLES SA DE CV,,Chapala,Jalisco,Occidente,20.31553,-103.1947
PL/10127/EXP/ES/2015,11559,,GASOVAZ SA DE CV,,Guadalajara,Jalisco,Occidente,20.66048,-103.3373
PL/10128/EXP/ES/2015,11560,,PETROVAZ SA DE CV,,Zapopan,Jalisco,Occidente,20.68832,-103.456
PL/10129/EXP/ES/2015,11561,,PETROVAZ SA DE CV,,Zapopan,Jalisco,Occidente,20.69433,-103.4528
PL/10136/EXP/ES/2015,11519,,MULTISERVICIOS TAMEHI SA DE CV,,Tzintzuntzan,Michoacán,Occidente,19.63035,-101.5698
PL/10137/EXP/ES/2015,11520,,GASOLINA Y DIESEL DE OCCIDENTE SA DE CV,,Zapopan,Jalisco,Occidente,20.72808,-103.3906
PL/10139/EXP/ES/2015,11522,,MIGUEL CASTAÑEDA ESPARZA,,Villa González Ortega,Zacatecas,Occidente,22.47896,-101.9938
PL/1014/EXP/ES/2015,2756,,COMBU-EXPRESS SA DE CV,,Irapuato,Guanajuato,Occidente,20.68778,-101.3484
PL/10140/EXP/ES/2015,11523,,GASOLINA Y DIESEL DE OCCIDENTE SA DE CV,,Tlajomulco de Zúñiga,Jalisco,Occidente,20.4778,-103.4536
PL/10141/EXP/ES/2015,11524,,ANA MARIA VALENZUELA MERCADO,,Tlalpujahua,Michoacán,Occidente,19.79341,-100.187
PL/10143/EXP/ES/2015,11526,,GABRIELA ANDREA FARFAN VELAZQUEZ,,Salvador Escalante,Michoacán,Occidente,19.40072,-101.6507
PL/10144/EXP/ES/2015,11527,,MARIA SOCORRO ORTEGA HERNANDEZ,,Pátzcuaro,Michoacán,Occidente,19.49922,-101.7656
PL/10157/EXP/ES/2015,11540,,SUPER SERVICIO CIBRIAN SA DE CV,,Cihuatlán,Jalisco,Occidente,19.22874,-104.6974
PL/10162/EXP/ES/2015,11504,,SERVICIO HIPERGAS SA DE CV,,Arandas,Jalisco,Occidente,20.70661,-102.3777
PL/10165/EXP/ES/2015,11507,,GASERVICIOS SAN DIEGO SA DE CV,,Tlajomulco de Zúñiga,Jalisco,Occidente,20.42978,-103.4071
PL/10168/EXP/ES/2015,11510,,LUBRICANTES Y COMBUSTIBLES DE LA COSTA SA DE CV,,Aquila,Michoacán,Occidente,18.52734,-103.5889
PL/1017/EXP/ES/2015,3144,,COMBU-EXPRESS SA DE CV,,Sayula,Jalisco,Occidente,19.88241,-103.6008
PL/10170/EXP/ES/2015,11512,,SERVICIO ROHEL SA DE CV,,Ixtlahuacán de los Membrillos,Jalisco,Occidente,20.39214,-103.1302
PL/10172/EXP/ES/2015,11563,,GASOLINERA REAL VISTA HERMOSA II S DE RL DE CV,,Colima,Colima,Occidente,19.25835,-103.7078
PL/10174/EXP/ES/2015,11565,,GASOLINERA SAN ISIDRO TEPALCATEPEC SA DE CV,,Tepalcatepec,Michoacán,Occidente,19.08021,-102.8849
PL/10178/EXP/ES/2015,11588,,JUAN CARLOS LOMELIN ALBA,,León,Guanajuato,Occidente,21.07721,-101.6805
PL/10180/EXP/ES/2015,11590,,JUAN CARLOS LOMELIN ALBA,,León,Guanajuato,Occidente,21.07538,-101.6823
PL/10183/EXP/ES/2015,11569,,SERVICIOS MABEL SA DE CV,,Lagos de Moreno,Jalisco,Occidente,21.33578,-101.9611
PL/10189/EXP/ES/2015,11575,,LUIS GERARDO HERNANDEZ ESPINOSA,,San Francisco del Rincón,Guanajuato,Occidente,21.02933,-101.8629
PL/10195/EXP/ES/2015,11581,,COMBUSTIBLES CARRETEROS CARCO SA DE CV,,Zapotiltic,Jalisco,Occidente,19.6298,-103.4648
PL/10213/EXP/ES/2015,11681,,AUTOSERVICIO EL COLOMO SA DE CV,,Manzanillo,Colima,Occidente,19.0561,-104.2377
PL/10217/EXP/ES/2015,11685,,FABRICACION Y MONTAJES INDUSTRIALES ZAIMER SA DE CV,,Tepatitlán de Morelos,Jalisco,Occidente,20.81544,-102.8024
PL/10224/EXP/ES/2015,11595,,FRANCISCO SEGOVIA MARTINEZ,,Morelia,Michoacán,Occidente,19.71857,-101.228
PL/10225/EXP/ES/2015,11596,,NUEVO SERVICIO CASTILLO SA DE CV,,Zapotlanejo,Jalisco,Occidente,20.62188,-103.05
PL/10226/EXP/ES/2015,11597,,SERVICIO CASTILLO SA DE CV,,Zapotlanejo,Jalisco,Occidente,20.61764,-103.0766
PL/10228/EXP/ES/2015,11599,,SERVICIO FEMEMA SA DE CV,,Buenavista,Michoacán,Occidente,19.18177,-102.6993
PL/10235/EXP/ES/2015,11606,,GASOLINERA COTIJA SA DE CV,,Cotija,Michoacán,Occidente,19.80561,-102.6878
PL/10237/EXP/ES/2015,11608,,AUTO SERVICIO SUR DE LA COSTA ALEGRE SA DE CV,,La Huerta,Jalisco,Occidente,19.48912,-104.6268
PL/10238/EXP/ES/2015,11609,,BLANCA ARACELI REYES ZARZOSA,,Villa Hidalgo,Zacatecas,Occidente,22.35982,-101.7179
PL/10239/EXP/ES/2015,11610,,GASOLINERA EL CORTIJO SA DE CV,,Hidalgo,Michoacán,Occidente,19.63146,-100.6038
PL/10249/EXP/ES/2015,11620,,GASOLINERAS MGM SA DE CV,,Purépero,Michoacán,Occidente,19.91468,-102.0057
PL/10254/EXP/ES/2015,11625,,GASOLINERA BUSTOS DE LA MORA SA DE CV,,Tepatitlán de Morelos,Jalisco,Occidente,20.8661,-102.6509
PL/10257/EXP/ES/2015,11628,,JOSE JAIME LOPEZ MERLOS,,Irimbo,Michoacán,Occidente,19.71108,-100.4649
PL/1026/EXP/ES/2015,2824,,ESTACION DE SERVICIO LEON S DE RL DE CV,,León,Guanajuato,Occidente,21.10939,-101.598
PL/10268/EXP/ES/2015,11639,,GERARDO DELGADO VALENCIA,,Apatzingán,Michoacán,Occidente,19.09607,-102.357
PL/10269/EXP/ES/2015,11640,,ENRIQUE ENCISO DIAZ,,Ixtlahuacán de los Membrillos,Jalisco,Occidente,20.3532,-103.191
PL/1027/EXP/ES/2015,2923,,ESTACION DE SERVICIO LEON S DE RL DE CV,,León,Guanajuato,Occidente,21.10928,-101.5928
PL/10270/EXP/ES/2015,11641,,J INES VILLEGAS GARCIA,,San Luis de la Paz,Guanajuato,Occidente,21.28598,-100.7005
PL/10272/EXP/ES/2015,11643,,RAQUEL MORALES RICO,,Juárez,Michoacán,Occidente,19.31723,-100.4338
PL/10276/EXP/ES/2015,11647,,SUPER SERVICIO COINTZIO SA DE CV,,Morelia,Michoacán,Occidente,19.69301,-101.2756
PL/10285/EXP/ES/2015,11652,,LUIS EDUARDO SORIA GONZALEZ,,Quiroga,Michoacán,Occidente,19.65816,-101.5083
PL/10301/EXP/ES/2015,11715,,RAYMUNDO NAVARRO GODINEZ,,Santa Cruz de Juventino Rosas,Guanajuato,Occidente,20.63168,-100.9933
PL/10302/EXP/ES/2015,11716,,SERVICIO VERONA SA DE CV,,Morelia,Michoacán,Occidente,19.74854,-101.1724
PL/10303/EXP/ES/2015,11717,,SERVICIOS HERMANOS MEDINA LOPEZ SA DE CV,,Hidalgo,Michoacán,Occidente,19.54231,-100.6174
PL/10305/EXP/ES/2015,11719,,VICTOR HUGO REYNOSO MADRIGAL,,Teuchitlán,Jalisco,Occidente,20.68116,-103.8476
PL/10306/EXP/ES/2015,11720,,SERVICIO LAS CHIQUILLAS SA DE CV,,Atenguillo,Jalisco,Occidente,20.32678,-104.5387
PL/10307/EXP/ES/2015,11722,,AUTO SERVICIO MALECON SA DE CV,,Manzanillo,Colima,Occidente,19.05011,-104.3035
PL/10309/EXP/ES/2015,11725,,INMOBILIARIA SAMICH SA DE CV,,Zamora,Michoacán,Occidente,19.98726,-102.2804
PL/10310/EXP/ES/2015,11726,,INMOBILIARIA SAMICH SA DE CV,,Poncitlán,Jalisco,Occidente,20.31862,-102.7747
PL/10311/EXP/ES/2015,11728,,ESTACION DE SERVICIOS GOMCO SA DE CV,,Tlajomulco de Zúñiga,Jalisco,Occidente,20.46818,-103.4166
PL/10312/EXP/ES/2015,11729,,INMOBILIARIA SAMICH SA DE CV,,La Barca,Jalisco,Occidente,20.29198,-102.5572
PL/10313/EXP/ES/2015,11731,,INMOBILIARIA SAMICH SA DE CV,,Zamora,Michoacán,Occidente,19.99635,-102.2845
PL/10315/EXP/ES/2015,11735,,SOCIEDAD DE PRODUCCION RURAL FELIPE ANGELES S. DE,,Villanueva,Zacatecas,Occidente,22.54719,-102.7942
PL/10318/EXP/ES/2015,11741,,INMOBILIARIA SAMICH SA DE CV,,Jacona,Michoacán,Occidente,19.97154,-102.2966
PL/10322/EXP/ES/2015,11745,,INMOBILIARIA SAMICH SA DE CV,,Jiquilpan,Michoacán,Occidente,19.98512,-102.6975
PL/10328/EXP/ES/2015,11753,,SUPER SERVICIO ACUEDUCTO-MORELIA SA DE CV,,Morelia,Michoacán,Occidente,19.69583,-101.1652
PL/1033/EXP/ES/2015,3063,,TURISMO CONTRERAS SA DE CV,,Tarimoro,Guanajuato,Occidente,20.30581,-100.77
PL/10338/EXP/ES/2015,11730,,MULTISERVICIO SAR SA DE CV,,Los Reyes,Michoacán,Occidente,19.58136,-102.3186
PL/10340/EXP/ES/2015,11734,,SERVICIO CIUDAD DEL SOL SA DE CV,,La Piedad,Michoacán,Occidente,20.36349,-102.0263
PL/10342/EXP/ES/2015,11738,,SERVICIO AGUIRRE CASTELLANOS SA DE CV,,Chapala,Jalisco,Occidente,20.29818,-103.1901
PL/10348/EXP/ES/2015,11711,,COMBUSTIBLES TLAJOMULCO SA DE CV,,Tlajomulco de Zúñiga,Jalisco,Occidente,20.45418,-103.5175
PL/1036/EXP/ES/2015,3078,,LAS MEJORES ESTACIONES SA DE CV,,San Miguel de Allende,Guanajuato,Occidente,21.0228,-100.7899
PL/10371/EXP/ES/2015,11780,,ALBINO ESPINOZA PEREZ,,Coeneo,Michoacán,Occidente,19.8224,-101.6847
PL/1039/EXP/ES/2015,3075,,LAS MEJORES ESTACIONES SA DE CV,,San Miguel de Allende,Guanajuato,Occidente,20.91522,-100.7626
PL/1040/EXP/ES/2015,2792,,LAS MEJORES ESTACIONES SA DE CV,,San Miguel de Allende,Guanajuato,Occidente,20.90148,-100.7559
PL/1042/EXP/ES/2015,2781,,GASOLINERAS DEL CENTRO SA DE CV,,Dolores Hidalgo Cuna de la Independencia Nacional,Guanajuato,Occidente,21.15487,-100.9445
PL/1047/EXP/ES/2015,3070,,COMBUSTIBLES Y LUBRICANTES OJUELOS SA DE CV,,Ocampo,Guanajuato,Occidente,21.63549,-101.473
PL/1048/EXP/ES/2015,2955,,DESARROLLO DE ESTACIONES DE SERVICIO SA DE CV,,Celaya,Guanajuato,Occidente,20.55005,-100.8391
PL/1049/EXP/ES/2015,2983,,GASOLINERAS DEL CENTRO SA DE CV,,León,Guanajuato,Occidente,21.10643,-101.6406
PL/1050/EXP/ES/2015,2809,,MEGA GASOLINERAS SA DE CV,,Celaya,Guanajuato,Occidente,20.55594,-100.822
PL/10548/EXP/ES/2015,12029,,PETROMAX SA DE CV,,Zapopan,Jalisco,Occidente,20.72431,-103.5024
PL/10563/EXP/ES/2015,12158,,SERVICIO LAMAS SA DE CV,,Huejuquilla el Alto,Jalisco,Occidente,22.63321,-103.8827
PL/1057/EXP/ES/2015,2888,,MEGA GASOLINERAS SA DE CV,,León,Guanajuato,Occidente,21.11805,-101.7082
PL/10579/EXP/ES/2015,12411,,ESTACION DE SERVICIO TRES PUENTES SA DE CV,,Morelia,Michoacán,Occidente,19.70321,-101.2135
PL/10587/EXP/ES/2015,12546,,COMBU-EXPRESS SA DE CV,,Autlán de Navarro,Jalisco,Occidente,19.78726,-104.3575
PL/1060/EXP/ES/2015,2881,,Nueva Estacion de Servicio Tres Estrellas Nucho SA,,Arandas,Jalisco,Occidente,20.70534,-102.3585
PL/10601/EXP/ES/2015,12565,,Servicio Mariana S.A. de C.V.,,Fresnillo,Zacatecas,Occidente,23.33318,-103.107
PL/10602/EXP/ES/2015,12568,,RAMA ESTACION DE SERVICIO SA DE CV,,Nochistlán de Mejía,Zacatecas,Occidente,21.35486,-102.8056
PL/10603/EXP/ES/2015,12569,,HECTOR JAVIER JUDAS ENRIQUEZ MORENO,,León,Guanajuato,Occidente,21.13133,-101.6906
PL/10605/EXP/ES/2015,12574,,SERVICIO ALJUNCAR SA DE CV,,León,Guanajuato,Occidente,21.13834,-101.6765
PL/10607/EXP/ES/2015,12576,,SERVICIO BOULEVARD AEROPUERTO SA DE CV,,León,Guanajuato,Occidente,21.08227,-101.6099
PL/10609/EXP/ES/2015,12579,,SUPER SERVICIO BOULEVARD AUSTRI SA DE CV,,León,Guanajuato,Occidente,21.14123,-101.7022
PL/10610/EXP/ES/2015,12581,,SERVICIO MALECON ORIENTE SA DE CV,,León,Guanajuato,Occidente,21.13781,-101.6788
PL/10612/EXP/ES/2015,12584,,SERVICIO LEON-SILAO SA DE CV,,León,Guanajuato,Occidente,21.06973,-101.5959
PL/10613/EXP/ES/2015,12586,,ESTACION DE SERVICIO LAS HUERTAS SA DE CV,,León,Guanajuato,Occidente,21.09691,-101.7246
PL/10614/EXP/ES/2015,12588,,SERVICIO JARAMILLO SA DE CV,,León,Guanajuato,Occidente,21.17281,-101.6719
PL/10615/EXP/ES/2015,12590,,COMBUSTIBLES BONANZA SA DE CV,,León,Guanajuato,Occidente,21.2025,-101.6745
PL/10616/EXP/ES/2015,12591,,COMBUSTIBLES PREMIER SA DE CV,,León,Guanajuato,Occidente,21.12254,-101.7285
PL/10630/EXP/ES/2015,12750,,SERVICIO MARINA LAS PALMAS SA DE CV,,Puerto Vallarta,Jalisco,Occidente,20.68593,-105.238
PL/10644/EXP/ES/2015,12764,,JESUS BORREGO INGUANZO,,Jerez,Zacatecas,Occidente,22.64687,-102.9781
PL/1065/EXP/ES/2015,2938,,ESTACION DE SERVICIO ESMERALDA SA DE CV,,El Salto,Jalisco,Occidente,20.54134,-103.2834
PL/10650/EXP/ES/2015,12771,,PARANGARICUTIRO SA DE CV,,Nuevo Parangaricutiro,Michoacán,Occidente,19.4123,-102.1157
PL/10653/EXP/ES/2015,12774,,PARADOR SANTA CECILIA SA DE CV,,Villa de Cos,Zacatecas,Occidente,23.48661,-102.1432
PL/10656/EXP/ES/2015,12778,,JOSE REYES GODINEZ,,Colima,Colima,Occidente,19.23575,-103.6944
PL/10659/EXP/ES/2015,12781,,GASOLINERA LV SA DE CV,,Yahualica de González Gallo,Jalisco,Occidente,21.18143,-102.8918
PL/1066/EXP/ES/2015,2764,,GASOLINERA AUTLAN SA DE CV,,Autlán de Navarro,Jalisco,Occidente,19.76783,-104.3515
PL/10660/EXP/ES/2015,12783,,GASOLINERIA MORELIA SA DE CV,,Morelia,Michoacán,Occidente,19.70318,-101.2044
PL/10667/EXP/ES/2015,12790,,ENERGIA GUADALUPANA SA DE CV,,Tonalá,Jalisco,Occidente,20.63323,-103.27
PL/1067/EXP/ES/2015,3092,,SERVICIOS GASOLINEROS DE MEXICO SA DE CV,,Celaya,Guanajuato,Occidente,20.53603,-100.7848
PL/10677/EXP/ES/2015,12800,,J JESUS VAZQUEZ,,Doctor Mora,Guanajuato,Occidente,21.1344,-100.3435
PL/1068/EXP/ES/2015,3004,,NX LA PAZ SA DE CV,,San Luis de la Paz,Guanajuato,Occidente,21.29385,-100.5931
PL/10687/EXP/ES/2015,12816,,SERVIEXPRESS HUERTA SANGUINO SA DE CV,,Zacapu,Michoacán,Occidente,19.81877,-101.7793
PL/10688/EXP/ES/2015,12817,,GASOTECA SA DE CV,,Tuxpan,Jalisco,Occidente,19.45878,-103.3466
PL/10691/EXP/ES/2015,12820,,GRUPO SANCHEZ DE SAHUAYO SA DE CV,,Sahuayo,Michoacán,Occidente,20.04475,-102.7168
PL/10695/EXP/ES/2015,12832,,COMERCIALIZADORA CENTRAL DE COMBUSTIBLE SA DE CV,,Lagos de Moreno,Jalisco,Occidente,21.28652,-101.846
PL/10700/EXP/ES/2015,12928,,SERVICIO MINA DE PEÑA SA DE CV,,Villa de Álvarez,Colima,Occidente,19.28149,-103.7721
PL/10701/EXP/ES/2015,12932,,MARILYN BETANCOURT MORENO,,Coalcomán de Vázquez Pallares,Michoacán,Occidente,18.77871,-103.1521
PL/10710/EXP/ES/2015,12947,,SERVICIOS GASOLINEROS DE MEXICO SA DE CV,,Irapuato,Guanajuato,Occidente,20.697,-101.3613
PL/10717/EXP/ES/2015,12955,,GRUPO CASAL SA DE CV,,Tlaquepaque,Jalisco,Occidente,20.60583,-103.2629
PL/10719/EXP/ES/2015,12957,,"SERVICIO TARECUATO, S.A. DE C.V.",,Tangamandapio,Michoacán,Occidente,19.844,-102.4799
PL/1072/EXP/ES/2015,2779,,SERVICIO EXPRESS CEGAS SA DE CV,,Celaya,Guanajuato,Occidente,20.51732,-100.8954
PL/10720/EXP/ES/2015,12958,,SERVICIO HUAXTLA SA DE CV,,El Arenal,Jalisco,Occidente,20.71037,-103.6664
PL/10722/EXP/ES/2015,12960,,SERVICIO ANGEL SA DE CV,,Zapopan,Jalisco,Occidente,20.68675,-103.4451
PL/10723/EXP/ES/2015,12965,,SERVICIO RIO NILO SA DE CV,,Guadalajara,Jalisco,Occidente,20.64429,-103.2845
PL/10724/EXP/ES/2015,12967,,SERVICIOS GASOLINEROS DE MEXICO SA DE CV,,Irapuato,Guanajuato,Occidente,20.68373,-101.3391
PL/10725/EXP/ES/2015,12969,,GASOLINERA PLAZA DEL SOL SA DE CV,,Zapopan,Jalisco,Occidente,20.64807,-103.4054
PL/10727/EXP/ES/2015,12973,,SERVICIO TONALA SA DE CV,,Tonalá,Jalisco,Occidente,20.61918,-103.2465
PL/10728/EXP/ES/2015,12976,,REAL TONALTECAS SA DE CV,,Tonalá,Jalisco,Occidente,20.62766,-103.2458
PL/10734/EXP/ES/2015,12852,,AMANDA BERENICE ARRIAGA COLIN,,Ocampo,Michoacán,Occidente,19.558,-100.3531
PL/10737/EXP/ES/2015,12855,,DIEGO AGUSTIN RODRIGUEZ FLORES,,Doctor Mora,Guanajuato,Occidente,21.13737,-100.337
PL/10738/EXP/ES/2015,12856,,AUTO SERVICIO MALECON SA DE CV,,Manzanillo,Colima,Occidente,19.10288,-104.3246
PL/10746/EXP/ES/2015,12868,,SERGUIO ATILANO VILLEGAS,,La Piedad,Michoacán,Occidente,20.3712,-102.1193
PL/10751/EXP/ES/2015,12874,,MAX ERANDENI SA DE CV,,Morelia,Michoacán,Occidente,19.74493,-101.1926
PL/10752/EXP/ES/2015,12873,,ESTACION DE SERVICIO SD ESPITIA SA DE CV,,Valle de Santiago,Guanajuato,Occidente,20.4806,-101.346
PL/10754/EXP/ES/2015,12876,,SERVICIO B. JUAREZ SA DE CV,,Irapuato,Guanajuato,Occidente,20.67168,-101.3397
PL/1076/EXP/ES/2015,3155,,GASOLINERA CASEN SA DE CV,,León,Guanajuato,Occidente,21.14738,-101.6769
PL/10766/EXP/ES/2015,12890,,INSIGNIA COMBUSTIBLES SA DE CV,,La Piedad,Michoacán,Occidente,20.35408,-102.0512
PL/1077/EXP/ES/2015,2847,,SERVICIO RINCONADA SA DE CV,,Aguascalientes,Aguascalientes,Occidente,21.84787,-102.2935
PL/10775/EXP/ES/2015,12902,,SERVICIO LOMAS AGUASCALIENTES SA DE CV,,Aguascalientes,Aguascalientes,Occidente,21.89745,-102.2537
PL/10778/EXP/ES/2015,12907,,AGUSTIN MORALES ZARATE,,Yuriria,Guanajuato,Occidente,20.21269,-101.1374
PL/10779/EXP/ES/2015,12908,,GASOLINERIA YURIRIA CUATRO CAMINOS SA DE CV,,Yuriria,Guanajuato,Occidente,20.19905,-101.1516
PL/1078/EXP/ES/2015,2943,,GRUPO GOCALVI SA DE CV,,Celaya,Guanajuato,Occidente,20.54773,-100.7805
PL/10781/EXP/ES/2015,12911,,SERVICIO LA IGUANA SA DE CV,,Manzanillo,Colima,Occidente,19.07409,-104.2841
PL/1079/EXP/ES/2015,3129,,SERVICIO CASFER SA DE CV,,León,Guanajuato,Occidente,21.03184,-101.6944
PL/10794/EXP/ES/2015,12988,,MULTISERVICIO DEL MINERAL SA DE CV,,Fresnillo,Zacatecas,Occidente,23.1652,-102.8882
PL/10803/EXP/ES/2015,12999,,JESUS BORREGO INGUANZO,,Jerez,Zacatecas,Occidente,22.64605,-102.9758
PL/10811/EXP/ES/2015,13015,,SERVICIOS PUERTA VIEJA SA DE CV,,Tepatitlán de Morelos,Jalisco,Occidente,20.79037,-102.7823
PL/10812/EXP/ES/2015,13016,,ESTACION DE SERVICIO ATEQUIZA SA DE CV,,Guadalajara,Jalisco,Occidente,20.65371,-103.3743
PL/10816/EXP/ES/2015,13023,,SERVICIO CAMECUARO SA DE CV,,Tangancícuaro,Michoacán,Occidente,19.89677,-102.2024
PL/10817/EXP/ES/2015,13024,,SERVICIO EXPRESS DE MORELIA SA DE CV,,Morelia,Michoacán,Occidente,19.67758,-101.2299
PL/10826/EXP/ES/2015,13036,,SERVICIO EL PRADO SA DE CV,,Tamazula de Gordiano,Jalisco,Occidente,19.68055,-103.3181
PL/10827/EXP/ES/2015,13141,,ENRIQUE QUEZADA SANCHEZ,,La Huacana,Michoacán,Occidente,18.88451,-101.9852
PL/1084/EXP/ES/2015,2810,,SERVICIO TRECE SA DE CV,,San Francisco del Rincón,Guanajuato,Occidente,21.02833,-101.8521
PL/10843/EXP/ES/2015,13166,,GASOLINERA EL TAPATIO SA DE CV,,Tlaquepaque,Jalisco,Occidente,20.61243,-103.3247
PL/10852/EXP/ES/2015,13175,,CAMINO REAL ESTACION DE SERVICIO SA DE CV,,Morelia,Michoacán,Occidente,19.70864,-101.1686
PL/10858/EXP/ES/2015,13181,,SERVICIOS GASOLINEROS DE MEXICO SA DE CV,,Lagos de Moreno,Jalisco,Occidente,21.31805,-101.8822
PL/1086/EXP/ES/2015,2989,,SERVICIO ARANDAS SA DE CV,,Irapuato,Guanajuato,Occidente,20.71417,-101.3493
PL/10860/EXP/ES/2015,13183,,GASOLINERA REMUS SA DE CV,,Guadalajara,Jalisco,Occidente,20.6662,-103.3952
PL/10865/EXP/ES/2015,13190,,ESTACION DE SERVICIO SIERRA DEL TIGRE SA DE CV,,Valle de Juárez,Michoacán,Occidente,19.94267,-102.967
PL/10868/EXP/ES/2015,13193,,SERVICIO GASOLINERO LAS PAREDES SA DE CV,,Juárez,Michoacán,Occidente,19.29045,-100.4309
PL/10870/EXP/ES/2015,13195,,COMBUSTIBLES DE ZAPOTLANEJO SA DE CV,,Tonalá,Jalisco,Occidente,20.60647,-103.1648
PL/10875/EXP/ES/2015,13209,,MANUEL RODRIGUEZ RODRIGUEZ,,Pinos,Zacatecas,Occidente,22.25938,-101.7728
PL/10876/EXP/ES/2015,13037,,PARADOR SERVICIOS INTEGRALES CORREGIDORA SA DE CV,,Corregidora,Guanajuato,Occidente,20.53425,-100.4967
PL/1088/EXP/ES/2015,3102,,SERVICIO ARANDAS SA DE CV,,Irapuato,Guanajuato,Occidente,20.69195,-101.3596
PL/10892/EXP/ES/2015,13109,,SERVICIOS ACEVES SA DE CV,,Tlaquepaque,Jalisco,Occidente,20.62435,-103.3264
PL/10893/EXP/ES/2015,13110,,GASOLINERA OLEODUCTO SA DE CV,,Tlaquepaque,Jalisco,Occidente,20.58688,-103.33
PL/10894/EXP/ES/2015,13111,,GASOLINERIA BELOZ SA DE CV,,El Salto,Jalisco,Occidente,20.4964,-103.2423
PL/1090/EXP/ES/2015,2925,,SERVICIO MENORES SA DE CV,,León,Guanajuato,Occidente,21.08473,-101.6801
PL/10904/EXP/ES/2015,13124,,GASOLINERA TEPALCATEPEC SA DE CV,,Tepalcatepec,Michoacán,Occidente,19.1929,-102.8447
PL/10905/EXP/ES/2015,13125,,COMBUSTIBLES OLA VERDE SA DE CV,,Manzanillo,Colima,Occidente,19.05644,-104.2922
PL/10906/EXP/ES/2015,13126,,EL ESPOLON SA DE CV,,Pinos,Zacatecas,Occidente,22.40771,-101.4023
PL/1091/EXP/ES/2015,2922,,ESTACION DE SERVICIOS DON GU SA DE CV,,Celaya,Guanajuato,Occidente,20.55448,-100.8343
PL/10915/EXP/ES/2015,13137,,VICENTE NAVA BECERRIL,,La Huacana,Michoacán,Occidente,18.95367,-101.8005
PL/10923/EXP/ES/2015,13050,,ENERGETICOS TEPAK SA DE CV,,San Ignacio Cerro Gordo,Jalisco,Occidente,20.73931,-102.5157
PL/10925/EXP/ES/2015,13052,,ESTACION DE SERVICIO PRINCIPAL SA DE CV,,Tlaquepaque,Jalisco,Occidente,20.62753,-103.298
PL/10926/EXP/ES/2015,13053,,SERGIO GABRIEL GARCIA VILLA,,Zinapécuaro,Michoacán,Occidente,19.86242,-100.8434
PL/10927/EXP/ES/2015,13055,,COMBUSTIBLES Y SERVICIOS SAMER SA DE CV,,Zapopan,Jalisco,Occidente,20.7911,-103.3505
PL/10933/EXP/ES/2015,13063,,CORPORACION GASSI SA DE CV,,Uruapan,Michoacán,Occidente,19.41318,-102.025
PL/1094/EXP/ES/2015,2992,,GRUPO GASOLINERO BUGATTI SA DE CV,,Celaya,Guanajuato,Occidente,20.4783,-100.8092
PL/10940/EXP/ES/2015,13072,,MA DE LOURDES SIERRA OROZCO,,Gabriel Zamora,Michoacán,Occidente,19.15013,-102.0528
PL/10942/EXP/ES/2015,13076,,SERVICIO GASTUR SA DE CV,,León,Guanajuato,Occidente,21.15098,-101.6346
PL/10954/EXP/ES/2015,13094,,MARTA ESTELA FLORES MARMOLEJO,,Pabellón de Arteaga,Aguascalientes,Occidente,22.126,-102.2736
PL/10972/EXP/ES/2015,13261,,SUPER SERVICIO SANTIAGUITO SA DE CV,,Morelia,Michoacán,Occidente,19.71326,-101.1881
PL/10976/EXP/ES/2015,13264,,GASO MICH MANANTIALES SA DE CV,,Morelia,Michoacán,Occidente,19.69264,-101.2408
PL/10997/EXP/ES/2015,13212,,SERVICIOS COMBUSTIBLES Y LUB DE MICH SA DE CV,,Morelia,Michoacán,Occidente,19.69829,-101.2098
PL/11004/EXP/ES/2015,13224,,SERVICIO NUEVO MEXICO SA DE CV,,Zapopan,Jalisco,Occidente,20.74815,-103.4161
PL/11005/EXP/ES/2015,13225,,SERVICIO JIPIGO SA DE CV,,Tlajomulco de Zúñiga,Jalisco,Occidente,20.43731,-103.4151
PL/11006/EXP/ES/2015,13226,,ESTACION DE SERVICIO APV SA DE CV,,Zapopan,Jalisco,Occidente,20.7213,-103.4922
PL/11008/EXP/ES/2015,13231,,EDILIA TORRES SILVA,,Uriangato,Guanajuato,Occidente,20.13503,-101.1793
PL/1101/EXP/ES/2015,3058,,SERVICIO RINCONADA SA DE CV,,Jesús María,Aguascalientes,Occidente,21.98946,-102.3351
PL/11020/EXP/ES/2015,13306,,ESTACION CALZADA DE GUADALUPE SA DE CV,,San Miguel el Alto,Jalisco,Occidente,21.04229,-102.4011
PL/11023/EXP/ES/2015,13315,,EDUARDO HUACUZ CABALLERO,,Madero,Michoacán,Occidente,19.39311,-101.2809
PL/11027/EXP/ES/2015,13352,,GRUPO JAGUAR DE OCCIDENTE SA DE CV,,Guadalajara,Jalisco,Occidente,20.67756,-103.3341
PL/1103/EXP/ES/2015,2866,,SERVICIOS GASOLINEROS DE MEXICO SA DE CV,,San Miguel de Allende,Guanajuato,Occidente,20.89893,-100.7532
PL/11030/EXP/ES/2015,13360,,GASALVI SA DE CV,,Tlaquepaque,Jalisco,Occidente,20.59925,-103.3795
PL/1105/EXP/ES/2015,2830,,SERVICIO RETO EXPRESS SA DE CV,,Guanajuato,Guanajuato,Occidente,20.99187,-101.2847
PL/1106/EXP/ES/2015,3030,,SERVICIOS GASOLINEROS DE MEXICO SA DE CV,,Salamanca,Guanajuato,Occidente,20.57933,-101.2054
PL/1107/EXP/ES/2015,2846,,ORGANIZACION LA LUNA SA DE CV,,Cocula,Jalisco,Occidente,20.3731,-103.8206
PL/1109/EXP/ES/2015,2957,,ORGANIZACION LA LUNA SA DE CV,,Cocula,Jalisco,Occidente,20.3809,-103.8158
PL/1111/EXP/ES/2015,3059,,SERVICIO RINCONADA SA DE CV,,San Francisco de los Romo,Aguascalientes,Occidente,21.9834,-102.2451
PL/1113/EXP/ES/2015,3160,,SUPER SERVICIO 54 SA DE CV,,Guadalajara,Jalisco,Occidente,20.68573,-103.31
PL/1117/EXP/ES/2015,3001,,COMBUSTIBLES SOMBRERETE SA DE CV,,Sombrerete,Zacatecas,Occidente,23.64281,-103.6252
PL/1120/EXP/ES/2015,3028,,CORPORATIVO DE COMBUSTIBLES SA DE CV,,Cortazar,Guanajuato,Occidente,20.4561,-101.0039
PL/1122/EXP/ES/2015,3036,,LUZ MARIA OLVERA ACEVEDO,,Sombrerete,Zacatecas,Occidente,23.60794,-103.6369
PL/11224/EXP/ES/2015,12136,,GASOLINERA GUACAMAYAS SA DE CV,,Lázaro Cárdenas,Michoacán,Occidente,17.98792,-102.2182
PL/1123/EXP/ES/2015,2757,,GASOLINERIA VILLAS JEMI SA DE CV,,León,Guanajuato,Occidente,21.10694,-101.5795
PL/11230/EXP/ES/2015,12769,,VANGUARDIA EN GASOLINERAS SA DE CV,,Ixtlahuacán del Río,Jalisco,Occidente,20.87387,-103.1414
PL/11231/EXP/ES/2015,12811,,TRASAGAS SA DE CV,,Tlaquepaque,Jalisco,Occidente,20.59455,-103.3898
PL/11233/EXP/ES/2015,13004,,PATAMBANANAPU SA DE CV,,Tangancícuaro,Michoacán,Occidente,19.8028,-102.2831
PL/1124/EXP/ES/2015,2806,,COMBU-EXPRESS SA DE CV,,Tlaquepaque,Jalisco,Occidente,20.60878,-103.2685
PL/11244/EXP/ES/2015,13373,,SANCRIS SA DE CV,,Huanímaro,Guanajuato,Occidente,20.39626,-101.4319
PL/11247/EXP/ES/2015,13380,,GASOLINERA DE LA REGION SA DE CV,,Uruapan,Michoacán,Occidente,19.37319,-102.058
PL/11249/EXP/ES/2015,13383,,PETRO FUELS APASEO EL ALTO SA DE CV,,Apaseo el Alto,Guanajuato,Occidente,20.45872,-100.617
PL/11250/EXP/ES/2015,13384,,MEGA SERVICIO ECOLOGICO DE GASOLINA SA DE CV,,Guadalajara,Jalisco,Occidente,20.66514,-103.3075
PL/11251/EXP/ES/2015,13385,,SERVICIOS GASOLINEROS LEO SA DE CV,,Guadalajara,Jalisco,Occidente,20.65142,-103.3241
PL/11252/EXP/ES/2015,13386,,SERVICIO INDUSTRIAL DE JALISCO SA DE CV,,Guadalajara,Jalisco,Occidente,20.64067,-103.3521
PL/11253/EXP/ES/2015,13387,,SUPERSERVICIO PABLO VALDEZ SA DE CV,,Guadalajara,Jalisco,Occidente,20.67368,-103.2826
PL/11255/EXP/ES/2015,13381,,DAVID SANCHEZ MALAGON,,Apaseo el Alto,Guanajuato,Occidente,20.36004,-100.5696
PL/11259/EXP/ES/2015,13395,,GASOLINERA EL NUEVO FUERTE SA DE CV,,Ocotlán,Jalisco,Occidente,20.33784,-102.775
PL/1126/EXP/ES/2015,2765,,PETRO BUENAVISTA SA DE CV,,Guadalajara,Jalisco,Occidente,20.65193,-103.3375
PL/11260/EXP/ES/2015,13396,,JESUS ERNESTO HERNANDEZ OSEGUERA,,Apatzingán,Michoacán,Occidente,19.07163,-102.3448
PL/1127/EXP/ES/2015,3105,,ESTACION DE SERVICIO SANTA CATARINA SA DE CV,,Santa Catarina,Guanajuato,Occidente,21.14016,-100.0759
PL/11273/EXP/ES/2015,13415,,GRUPO SECA GASOLINERAS SA DE CV,,Salamanca,Guanajuato,Occidente,20.58935,-101.1878
PL/11274/EXP/ES/2015,13416,,MULTISERVICIO EXPRESS DE PERIBAN SA DE CV,,Peribán,Michoacán,Occidente,19.5494,-102.4424
PL/1128/EXP/ES/2015,3040,,ESTACION DE SERVICIO SAN JOSE S.A. DE C.V.,,San José Iturbide,Guanajuato,Occidente,20.97004,-100.4303
PL/11280/EXP/ES/2015,13344,,GASO MICH MICHOACAN SA DE CV,,Morelia,Michoacán,Occidente,19.70918,-101.2113
PL/11282/EXP/ES/2015,13349,,GASOMICH SA DE CV,,Morelia,Michoacán,Occidente,19.69756,-101.2578
PL/11283/EXP/ES/2015,13351,,GASO MICH SALAMANCA SA DE CV,,Morelia,Michoacán,Occidente,19.73376,-101.1986
PL/11284/EXP/ES/2015,13355,,GASOLINERA DAKOTA DE OCCIDENTE SA DE CV,,Guadalajara,Jalisco,Occidente,20.65716,-103.343
PL/11285/EXP/ES/2015,13357,,GRUPO GASOLINERO EL CAPULIN SA DE CV,,Arandas,Jalisco,Occidente,20.69004,-102.4637
PL/11286/EXP/ES/2015,13358,,GASOLINAS DE MICHOACAN SA DE CV,,Morelia,Michoacán,Occidente,19.73364,-101.13
PL/11287/EXP/ES/2015,13361,,GASOMICH JUAREZ SA DE CV,,Morelia,Michoacán,Occidente,19.73573,-101.1988
PL/11288/EXP/ES/2015,13365,,COMBUSTIBLES CHAVEZ SA DE CV,,Chiquilistlán,Jalisco,Occidente,20.08148,-103.8655
PL/1130/EXP/ES/2015,3024,,ESTACION DE SERVICIOS EL CAPULIN S.A. DE C.V.,,San José Iturbide,Guanajuato,Occidente,21.02361,-100.3398
PL/11304/EXP/ES/2015,13447,,COMBUSTIBLES GML SA DE CV,,Salamanca,Guanajuato,Occidente,20.56258,-101.212
PL/11312/EXP/ES/2015,13461,,S.C. COMBUSTIBLES SA DE CV,,Jaral del Progreso,Guanajuato,Occidente,20.33571,-101.0283
PL/11313/EXP/ES/2015,13462,,RIVAR DE APATZINGAN MICH SA DE CV,,Apatzingán,Michoacán,Occidente,19.09104,-102.3656
PL/11315/EXP/ES/2015,13466,,GASOLINERIA PACIFICO SA DE CV,,Manzanillo,Colima,Occidente,19.08222,-104.2853
PL/11318/EXP/ES/2015,13469,,ANTONIO ESCALERA CACHO,,Tocumbo,Michoacán,Occidente,19.62069,-102.4867
PL/1132/EXP/ES/2015,2940,,ESTACIONES DE SERVICIO SA DE CV,,San José Iturbide,Guanajuato,Occidente,20.96382,-100.4267
PL/11326/EXP/ES/2015,13514,,COMBUSTIBLES APASEO SA DE CV,,Apaseo el Alto,Guanajuato,Occidente,20.43372,-100.5996
PL/11337/EXP/ES/2015,13530,,OPERADORA DE MINIESTACIONES COMBUSERV SA DE CV,,Aguascalientes,Aguascalientes,Occidente,21.90923,-102.318
PL/11340/EXP/ES/2015,13531,,SERVICIOS ECOLOGICOS DE CIUDAD DEL CARMEN SA DE CV,,Aguascalientes,Aguascalientes,Occidente,21.87843,-102.2711
PL/11343/EXP/ES/2015,13540,,SUPER SERVICIOS EL SALTO SA DE CV,,Tonalá,Jalisco,Occidente,20.55746,-103.1852
PL/11347/EXP/ES/2015,13563,,SERVICIO LOS TOROS SA DE CV,,Uriangato,Guanajuato,Occidente,20.14768,-101.1752
PL/1135/EXP/ES/2015,2839,,GRUPO OMEGA DIVISION PETROLEUM S SA DE CV,,San Diego de la Unión,Guanajuato,Occidente,21.53395,-100.7442
PL/11352/EXP/ES/2015,13569,,FUENTES OÑATE Y ASOCIADOS SA DE CV,,Arandas,Jalisco,Occidente,20.72141,-102.4533
PL/1136/EXP/ES/2015,3033,,NOVOGAS BARCRIS SA DE CV,,Celaya,Guanajuato,Occidente,20.62555,-100.7869
PL/11361/EXP/ES/2015,13586,,GASOLINERA DON JOSE SA DE CV,,Tlaquepaque,Jalisco,Occidente,20.62635,-103.2917
PL/11364/EXP/ES/2015,13595,,GASOLINERA ALDI SA DE CV,,Tonalá,Jalisco,Occidente,20.5961,-103.2193
PL/11365/EXP/ES/2015,13596,,SERVICIO LAS MOJONERAS SA DE CV,,Puerto Vallarta,Jalisco,Occidente,20.67959,-105.2265
PL/11366/EXP/ES/2015,13597,,GASOLINERA MARTIN SA DE CV,,Zapopan,Jalisco,Occidente,20.63011,-103.4368
PL/11371/EXP/ES/2015,13611,,SERVICIOS GASOLINEROS DE MEXICO SA DE CV,,Zacatecas,Zacatecas,Occidente,22.76126,-102.6536
PL/11377/EXP/ES/2015,13624,,SERVICIOS GASOLINEROS DE MEXICO SA DE CV,,Zapopan,Jalisco,Occidente,20.69468,-103.4149
PL/11378/EXP/ES/2015,13625,,SERVICIOS GASOLINEROS DE MEXICO SA DE CV,,Zapopan,Jalisco,Occidente,20.65068,-103.4229
PL/11386/EXP/ES/2015,13639,,SUPER SERVICIO LOS LIMONES SA DE CV,,Apatzingán,Michoacán,Occidente,19.07394,-102.3486
PL/11389/EXP/ES/2015,13645,,LUCIA CARDONA AGUILERA,,Angamacutiro,Michoacán,Occidente,20.14731,-101.7143
PL/11393/EXP/ES/2015,13656,,ESTACION CUSTODIA SA DE CV,,Aguascalientes,Aguascalientes,Occidente,21.91797,-102.2973
PL/11397/EXP/ES/2015,13662,,GASOLINERA DIAL SA DE CV,,Tlajomulco de Zúñiga,Jalisco,Occidente,20.53641,-103.474
PL/11399/EXP/ES/2015,13665,,"SERVICIO REYNOSO MADRIGAL, S.A. DE C.V.",,Zacoalco de Torres,Jalisco,Occidente,20.224,-103.5798
PL/11400/EXP/ES/2015,13666,,SERVICIO ROMITA SA DE CV,,Romita,Guanajuato,Occidente,20.87141,-101.5323
PL/11401/EXP/ES/2015,13667,,EJIDO OPOPEO,,Salvador Escalante,Michoacán,Occidente,19.41191,-101.6211
PL/11403/EXP/ES/2015,13668,,MUNICIPIO DE MEXTICACAN JALISCO SIN TIPO DE SOCIEDAD,,Mexticacán,Jalisco,Occidente,21.26352,-102.7896
PL/11404/EXP/ES/2015,13669,,KIARA EDITH BETANCOURT MORENO,,Apatzingán,Michoacán,Occidente,19.05741,-102.3247
PL/11406/EXP/ES/2015,13672,,ESTACION DE SERVICIOS LA JOYA SA DE CV,,Ayotlán,Jalisco,Occidente,20.57991,-102.3984
PL/11407/EXP/ES/2015,13671,,GASOLINERAS MAS UNO SA DE CV,,Salamanca,Guanajuato,Occidente,20.5441,-101.1875
PL/11411/EXP/ES/2015,13677,,SERVICIO CASTRO DE ROMITA SA DE CV,,Romita,Guanajuato,Occidente,20.87214,-101.5115
PL/11418/EXP/ES/2015,13554,,PARADOR HACIENDA NUEVA SA DE CV,,Guadalupe,Zacatecas,Occidente,22.74758,-102.4992
PL/11419/EXP/ES/2015,13557,,GRUPO BALLO SA DE CV,,Ixtlahuacán de los Membrillos,Jalisco,Occidente,20.43957,-103.2337
PL/1143/EXP/ES/2015,3008,,SERVICIO CHAMACUERO SA DE CV,,Comonfort,Guanajuato,Occidente,20.7195,-100.7593
PL/11430/EXP/ES/2015,13693,,SERVICIOS GASOLINEROS DE MEXICO SA DE CV,,Irapuato,Guanajuato,Occidente,20.67295,-101.3592
PL/11431/EXP/ES/2015,13695,,GRUPO PETRO 8 SA DE CV,,Chapala,Jalisco,Occidente,20.29311,-103.2206
PL/11433/EXP/ES/2015,13701,,EJIDO OPOPEO,,Salvador Escalante,Michoacán,Occidente,19.30474,-101.6505
PL/11435/EXP/ES/2015,13704,,COMUNIDAD AGRARIA DE OPOPEO,,Salvador Escalante,Michoacán,Occidente,19.42484,-101.6049
PL/11442/EXP/ES/2015,13756,,SERVICIOS GASOLINEROS DE MEXICO SA DE CV,,León,Guanajuato,Occidente,21.14478,-101.6474
PL/11443/EXP/ES/2015,13759,,SERVICIOS GASOLINEROS DE MEXICO SA DE CV,,Jesús María,Aguascalientes,Occidente,21.94962,-102.3211
PL/11445/EXP/ES/2015,13764,,PETROTEP SA DE CV,,Tepatitlán de Morelos,Jalisco,Occidente,20.82172,-102.7506
PL/11448/EXP/ES/2015,13765,,SERVICIOS GASOLINEROS DE MEXICO SA DE CV,,Jesús María,Aguascalientes,Occidente,21.94953,-102.29
PL/11449/EXP/ES/2015,13768,,GASOLINERA Y SERVICIOS LOS SAUCES SA DE CV,,Tepatitlán de Morelos,Jalisco,Occidente,20.85014,-102.7361
PL/11450/EXP/ES/2015,13769,,SERVICIO VALLE HIDALGO SA DE CV,,Hidalgo,Michoacán,Occidente,19.68676,-100.5234
PL/11451/EXP/ES/2015,13771,,MERCANTIL VIHESA SA DE CV,,Irimbo,Michoacán,Occidente,19.7028,-100.4687
PL/11453/EXP/ES/2015,13775,,FELIPE GUTIERREZ YAÑEZ,,Cuquío,Jalisco,Occidente,20.92838,-103.0314
PL/11455/EXP/ES/2015,13786,,JORGE LUIS CAMPOS HERNANDEZ,,San Lucas,Michoacán,Occidente,18.38116,-100.6527
PL/1146/EXP/ES/2015,2971,,SEVIOR SA DE CV,,Villagrán,Guanajuato,Occidente,20.51309,-100.9553
PL/11471/EXP/ES/2015,13713,,ESTACION DE SERVICIOS EL LETRERO SA DE CV,,Múgica,Michoacán,Occidente,18.97738,-102.1076
PL/11472/EXP/ES/2015,13714,,MIGUEL MACIAS VARGAS,,Buenavista,Michoacán,Occidente,19.17326,-102.7036
PL/11476/EXP/ES/2015,13726,,JORGE LUIS CAMPOS HERNANDEZ,,Huetamo,Michoacán,Occidente,18.60793,-100.8931
PL/1148/EXP/ES/2015,2787,,MULTISERVICIO LOS PITS SA DE CV,,Irapuato,Guanajuato,Occidente,20.65263,-101.3706
PL/11482/EXP/ES/2015,13736,,SERVICIOS GASOLINEROS DE MEXICO SA DE CV,,Aguascalientes,Aguascalientes,Occidente,21.84331,-102.3161
PL/11484/EXP/ES/2015,13739,,OPTIMUS ESTACION DE SERVICIO SA DE CV,,Aguascalientes,Aguascalientes,Occidente,21.84806,-102.3422
PL/11489/EXP/ES/2015,13749,,SERVICIO PALO ALTO SA DE CV,,El Llano,Aguascalientes,Occidente,21.92152,-101.9694
PL/1149/EXP/ES/2015,2978,,SERVICIO EXPRESS DEL BAJIO SA DE CV,,Comonfort,Guanajuato,Occidente,20.699,-100.7527
PL/11499/EXP/ES/2015,13840,,AUTO SERVICIO LAS PAROTAS SA DE CV,,Manzanillo,Colima,Occidente,19.13251,-104.3427
PL/1150/EXP/ES/2015,3050,,SERVICIO EXPRESS DEL BAJIO SA DE CV,,Irapuato,Guanajuato,Occidente,20.64514,-101.378
PL/11500/EXP/ES/2015,13848,,ELENA PEREZ BOUQUET,,Guadalajara,Jalisco,Occidente,20.66495,-103.3932
PL/11506/EXP/ES/2015,13860,,COMBUSTIBLES GML SA DE CV,,Salamanca,Guanajuato,Occidente,20.61608,-101.221
PL/11508/EXP/ES/2015,13862,,MARIA ENRIQUETA GUITRON VELASCO,,Mascota,Jalisco,Occidente,20.50609,-104.7601
PL/11524/EXP/ES/2015,13884,,"SERVICIO LAS PALMITAS, S.A. DE C.V.",,Zacoalco de Torres,Jalisco,Occidente,20.28986,-103.6013
PL/1154/EXP/ES/2015,2965,,GASOLINERA SERVICIO CARRANZA SA DE CV,,Acámbaro,Guanajuato,Occidente,20.03956,-100.7038
PL/11540/EXP/ESA/2015,12342,,"TRACUSA LA RUTA DEL SOL, S.A. DE C.V.",,Silao,Guanajuato,Occidente,20.96579,-101.4578
PL/11550/EXP/ESA/2015,12379,,"CAMIONES DE LOS ALTOS, S.A. DE C.V.",,Tonalá,Jalisco,Occidente,20.61905,-103.2816
PL/11552/EXP/ESA/2015,12387,,"TRANSPORTES MON-RO, S.A. DE C.V.",,Silao,Guanajuato,Occidente,20.94735,-101.3983
PL/11561/EXP/ESA/2015,12424,,"AUTOBUSES DE JALISCO, S.A. DE C.V.",,Tlaquepaque,Jalisco,Occidente,20.61692,-103.2841
PL/11565/EXP/ESA/2015,12395,,"ENLACES TERRESTES NACIONALES, SA DE CV",,Tlaquepaque,Jalisco,Occidente,20.61872,-103.284
PL/11567/EXP/ESA/2015,12402,,"AUTOBUSES DE LA PIEDAD, S.A. DE C. V.",,Aguascalientes,Aguascalientes,Occidente,21.84513,-102.2819
PL/11568/EXP/ESA/2015,12405,,"AUTOBUSES DE LA PIEDAD, S.A. DE C.V.",,León,Guanajuato,Occidente,21.12306,-101.6545
PL/1157/EXP/ES/2015,2796,,SERVICIO MORELIA SA DE CV,,Pátzcuaro,Michoacán,Occidente,19.53955,-101.6123
PL/11570/EXP/ESA/2015,12407,,"AUTOBUSES DE LA PIEDAD, S. A. DE C. V.",,Celaya,Guanajuato,Occidente,20.52422,-100.8505
PL/11571/EXP/ESA/2015,12408,,"AUTOBUSES DE LA PIEDAD, S.A. DE C.V.",,Irapuato,Guanajuato,Occidente,20.69557,-101.3407
PL/1158/EXP/ES/2015,2887,,GASOLINERA POLANCO SA DE CV,,Guadalajara,Jalisco,Occidente,20.62379,-103.3717
PL/11580/EXP/ESA/2015,12461,,"TERMINAL DE AUTOBUSES MORELIA, S.A. DE C.V.",,Morelia,Michoacán,Occidente,19.71832,-101.2249
PL/11595/EXP/ESA/2015,12605,,"TRANSPORTES BONAMPAK, S.A. DE C.V.",,Tlaquepaque,Jalisco,Occidente,20.57681,-103.3386
PL/1160/EXP/ES/2015,2930,,SERVICIO PASAMA SA DE CV,,León,Guanajuato,Occidente,21.10421,-101.66
PL/11602/EXP/ESA/2015,12628,,"RED OPTIBUS NORTE, S.A. DE C.V.",,León,Guanajuato,Occidente,21.14955,-101.6758
PL/11606/EXP/ESA/2015,12619,,"AUTOBUSES  DE LA PIEDAD, S.A. DE C.V.",,Puerto Vallarta,Jalisco,Occidente,20.68731,-105.2316
PL/11607/EXP/ESA/2015,12620,,"AUTOBUSES DE LA PIEDAD, S.A. DE C.V.",,Tonalá,Jalisco,Occidente,20.62233,-103.2812
PL/11611/EXP/ESA/2015,12625,,"OMNIBUS DE MEXICO, S.A. DE C.V.",,Tlaquepaque,Jalisco,Occidente,20.62006,-103.2832
PL/11620/EXP/ESA/2015,12733,,"INTEGRADORA DE SERVICIOS EXPRESS, S.A. DE C.V.",,San Juan de los Lagos,Jalisco,Occidente,21.28309,-102.3094
PL/11626/EXP/ESA/2015,12940,,"CENTRAL DE AUTOBUSES TRESGUERRAS, S.A. DE C.V.",,Celaya,Guanajuato,Occidente,20.51294,-100.8063
PL/1163/EXP/ES/2015,2899,,MEGA GASOLINERAS SA DE CV,,León,Guanajuato,Occidente,21.12566,-101.6295
PL/11631/EXP/ESA/2015,12923,,TERMINAL AUTOBUSES MANZANILLO S.A. DE C.V.,,Manzanillo,Colima,Occidente,19.08883,-104.29
PL/11635/EXP/ESA/2015,13069,,"MINERA FRESNILLO, S. A. DE C. V.",,Fresnillo,Zacatecas,Occidente,23.1477,-102.8695
PL/11640/EXP/ESA/2015,13276,,TRATE DE OCCIDENTE S.A. DE C.V.,,Tonalá,Jalisco,Occidente,20.61573,-103.2082
PL/11641/EXP/ESA/2015,13278,,"TRANSPORTES LAR-MEX, S.A. DE C.V.",,Silao,Guanajuato,Occidente,20.94682,-101.3931
PL/1165/EXP/ES/2015,3122,,GRUPO INDUSTRIAL TAJALI SA,,Guadalajara,Jalisco,Occidente,20.66813,-103.346
PL/11655/EXP/ESA/2015,13446,,"SU TRANSPORTE, S.A. DE C.V.",,Silao,Guanajuato,Occidente,20.9462,-101.3965
PL/1166/EXP/ES/2015,3055,,GRUPO INDUSTRIAL TAJALI SA,,Guadalajara,Jalisco,Occidente,20.69526,-103.3544
PL/11660/EXP/ESA/2015,13532,,"DESARROLLO LOGISTICO, S.A. DE C.V.",,Morelia,Michoacán,Occidente,19.72973,-101.1429
PL/11667/EXP/ESA/2015,13607,,"CERVECERIA CUAUHTEMOC MOCTEZUMA, S.A. DE C.V.",,Guadalajara,Jalisco,Occidente,20.64208,-103.3601
PL/1168/EXP/ES/2015,2913,,SERVICIO EXPRESS EL SAUZ SA DE CV,,Celaya,Guanajuato,Occidente,20.54946,-100.8465
PL/1171/EXP/ES/2015,2751,,MEGA GASOLINERAS SA DE CV,,León,Guanajuato,Occidente,21.18228,-101.743
PL/1176/EXP/ES/2015,2760,,GASOLINERA TAPATIA LOS ARCOS SA DE CV,,Guadalajara,Jalisco,Occidente,20.67416,-103.3842
PL/1177/EXP/ES/2015,3015,,COMBUSTIBLES GUADALAJARA SA DE CV,,Guadalajara,Jalisco,Occidente,20.667,-103.3771
PL/1178/EXP/ES/2015,2973,,BP ESTACIONES Y SERVICIOS ENERGETICOS SA DE CV,,León,Guanajuato,Occidente,21.13799,-101.642
PL/1182/EXP/ES/2015,2937,,GASOLINERA SAN ROQUE DEL MONTE SA DE CV,,León,Guanajuato,Occidente,21.02563,-101.7841
PL/1183/EXP/ES/2015,3086,,MEGA GASOLINERAS SA DE CV,,León,Guanajuato,Occidente,21.10156,-101.6606
PL/1184/EXP/ES/2015,2894,,MEGA GASOLINERAS SA DE CV,,León,Guanajuato,Occidente,21.1403,-101.6857
PL/1187/EXP/ES/2015,2962,,SERVICIO GASOLINERO ABASTOS DE IRAPUATO SA DE CV,,Irapuato,Guanajuato,Occidente,20.65055,-101.3453
PL/1188/EXP/ES/2015,2854,,MARCA GASOLINAS SA DE CV,,Guadalajara,Jalisco,Occidente,20.70191,-103.366
PL/1191/EXP/ES/2015,3096,,MEGA GASOLINERAS SA DE CV,,León,Guanajuato,Occidente,21.11008,-101.6464
PL/1193/EXP/ES/2015,2886,,SERVICIO FORRES SA DE CV,,Purísima del Rincón,Guanajuato,Occidente,21.02862,-101.873
PL/11937/EXP/ES/2015,12147,,SUPER SERVICIO BUENOS AIRES SA DE CV,,Lázaro Cárdenas,Michoacán,Occidente,18.01354,-102.2734
PL/11938/EXP/ES/2015,12720,,ESTACION DE SERVICIO SD ESPITIA SA DE CV,,Salamanca,Guanajuato,Occidente,20.56801,-101.3068
PL/1194/EXP/ES/2015,3049,,SERVICIO FORRES SA DE CV,,San Francisco del Rincón,Guanajuato,Occidente,20.99778,-101.8567
PL/11940/EXP/ES/2015,12227,,GASOLINERA MELCHOR OCAMPO SA DE CV,,Lázaro Cárdenas,Michoacán,Occidente,17.95666,-102.1937
PL/11941/EXP/ES/2015,12286,,ARIALIN SA DE CV,,Lázaro Cárdenas,Michoacán,Occidente,18.07692,-102.7449
PL/11942/EXP/ES/2015,12287,,CATARATAS DEL BALSAS SA DE CV,,Lázaro Cárdenas,Michoacán,Occidente,18.01068,-102.2134
PL/11945/EXP/ES/2015,12523,,SERVICIO ROSABLANCA SA DE CV,,Lázaro Cárdenas,Michoacán,Occidente,17.98392,-102.2165
PL/11946/EXP/ES/2015,12531,,SERVICIO ESTACION SAN JOSE SA DE CV,,Fresnillo,Zacatecas,Occidente,23.18871,-102.7887
PL/1195/EXP/ES/2015,2750,,SERVICIO FORRES SA DE CV,,León,Guanajuato,Occidente,21.13133,-101.6608
PL/11951/EXP/ES/2015,13197,,PETROMAX SA DE CV,,Guadalajara,Jalisco,Occidente,20.6761,-103.3551
PL/11952/EXP/ES/2015,13189,,MARIA DOLORES BELTRAN PONCE,,Maravatío,Michoacán,Occidente,19.89609,-100.412
PL/11954/EXP/ES/2015,13320,,SUPERSERVICIO ATOTONILQUILLO SA DE CV,,Chapala,Jalisco,Occidente,20.39098,-103.1144
PL/11955/EXP/ES/2015,12124,,GASOLINERA DEL BALSAS SA DE CV,,Lázaro Cárdenas,Michoacán,Occidente,17.96367,-102.2036
PL/11956/EXP/ES/2015,12125,,GASOLINERA ISLA DEL CAYACAL SA DE CV,,Lázaro Cárdenas,Michoacán,Occidente,17.97117,-102.2051
PL/11959/EXP/ES/2015,13827,,SUPER SERVICIO  D SANTA SA DE CV,,Villa Hidalgo,Jalisco,Occidente,21.71237,-102.5637
PL/11966/EXP/ES/2015,13919,,PORFIRIO SANDOVAL SANCHEZ,,Tlalpujahua,Michoacán,Occidente,19.76379,-100.2366
PL/1197/EXP/ES/2015,2903,,OLEUM SERVICE SA DE CV,,León,Guanajuato,Occidente,21.13066,-101.6305
PL/11972/EXP/ES/2015,13927,,SERVICIO RIOS SALINAS SA DE CV,,Silao,Guanajuato,Occidente,20.95563,-101.4199
PL/11973/EXP/ES/2015,13928,,SERVICIO RIOS SALINAS SA DE CV,,Silao,Guanajuato,Occidente,20.95487,-101.43
PL/11975/EXP/ES/2015,13933,,SERVICIO VENADERO SA DE CV,,Jesús María,Aguascalientes,Occidente,21.88857,-102.4575
PL/11976/EXP/ES/2015,13934,,SERVICIO BAJIO DE SAN JOSE SA DE CV,,Encarnación de Díaz,Jalisco,Occidente,21.67533,-102.1079
PL/11977/EXP/ES/2015,13935,,SERVICIO ISALSO SA DE CV,,Pabellón de Arteaga,Aguascalientes,Occidente,22.09369,-102.2731
PL/11978/EXP/ES/2015,13936,,SERVICIO ISAMEL SA DE CV,,San Francisco de los Romo,Aguascalientes,Occidente,22.07113,-102.2749
PL/11979/EXP/ES/2015,13937,,SALVADOR PARADA LOPEZ VELARDE,,Jesús María,Aguascalientes,Occidente,21.99178,-102.2889
PL/1198/EXP/ES/2015,14540,,SERVICIOS GASOLINEROS DE MEXICO SA DE CV,,Santa Cruz de Juventino Rosas,Guanajuato,Occidente,20.63033,-100.9694
PL/11982/EXP/ES/2015,13944,,GEAXLO SA DE CV,,Cañitas de Felipe Pescador,Zacatecas,Occidente,23.60165,-102.7368
PL/11983/EXP/ES/2015,13951,,ESTACION DE SERVICIO LAS TORRES SA DE CV,,Guadalajara,Jalisco,Occidente,20.6584,-103.381
PL/11987/EXP/ES/2015,13973,,AUTO SERVICIO SANTIAGO SA,,Manzanillo,Colima,Occidente,19.11592,-104.3485
PL/11992/EXP/ES/2015,13982,,GASOLINERA COMALA SA DE CV,,Comala,Colima,Occidente,19.31939,-103.7599
PL/11993/EXP/ES/2015,13983,,RODOLFO ENRIQUEZ MORENO,,León,Guanajuato,Occidente,21.11726,-101.6678
PL/11995/EXP/ES/2015,13987,,SERVICAÑA SA DE CV,,Tala,Jalisco,Occidente,20.66857,-103.7171
PL/1200/EXP/ES/2015,3025,,SERVICIO PIONEROS SA DE CV,,Pénjamo,Guanajuato,Occidente,20.4086,-101.7059
PL/12001/EXP/ES/2015,14005,,GASOLINERAS FAST DE OCCIDENTE S DE RL DE CV,,El Salto,Jalisco,Occidente,20.53501,-103.2314
PL/12005/EXP/ES/2015,14027,,ALMA ANGELINA VEGA GRIJALVA,,San Julián,Jalisco,Occidente,21.00938,-102.1728
PL/12009/EXP/ES/2015,14039,,EDGAR CUAUHTEMOC CEJA CADENAS,,Jungapeo,Michoacán,Occidente,19.47709,-100.4884
PL/12012/EXP/ES/2015,14044,,COMBUSTIBLES Y TRANSPORTES MORELOS SA DE CV,,San Felipe,Guanajuato,Occidente,21.47236,-101.2166
PL/12013/EXP/ES/2015,14045,,SERVICIO MORA DE ZACAPU SA DE CV,,Zacapu,Michoacán,Occidente,19.81322,-101.7971
PL/12020/EXP/ES/2015,14055,,COMBUSTIBLES MARSAN SA DE CV,,Guadalajara,Jalisco,Occidente,20.65682,-103.3612
PL/1203/EXP/ES/2015,3130,,SERVICIO PIONEROS SA DE CV,,Pénjamo,Guanajuato,Occidente,20.43307,-101.7007
PL/12037/EXP/ES/2015,14077,,SERVICIOS CONTRERAS SA DE CV,,Cuitzeo,Michoacán,Occidente,20.04998,-101.1505
PL/12039/EXP/ES/2015,14013,,SERVICIOS ENERGETICOS ESLI SA DE CV,,Jesús María,Jalisco,Occidente,20.61288,-102.2167
PL/12041/EXP/ES/2015,14017,,ESTACION DE SERVICIO PEGASO SA DE CV,,Zapopan,Jalisco,Occidente,20.63689,-103.4126
PL/12048/EXP/ES/2015,14083,,JOSE LUIS MAGAÑA GOMEZ,,Erongarícuaro,Michoacán,Occidente,19.57997,-101.7211
PL/12050/EXP/ES/2015,14086,,SALVADOR VALLEJO JIMENEZ,,Concepción de Buenos Aires,Jalisco,Occidente,19.98169,-103.2579
PL/12055/EXP/ES/2015,14094,,FERNANDO GONZALEZ SANCHEZ,,Nochistlán de Mejía,Zacatecas,Occidente,21.35915,-102.8322
PL/12057/EXP/ES/2015,14099,,GRUPO OCTANO SA DE CV,,Poncitlán,Jalisco,Occidente,20.36567,-102.839
PL/12060/EXP/ES/2015,14104,,SERVICIOS SAN JUANITO SA DE CV,,San Juanito de Escobedo,Jalisco,Occidente,20.78579,-104.0076
PL/12069/EXP/ES/2015,14082,,PARADOR Y SERVICIOS SANTA ROSA SA DE CV,,Ixtlahuacán de los Membrillos,Jalisco,Occidente,20.42075,-103.2368
PL/1207/EXP/ES/2015,3154,,MEGA GASOLINERAS SA DE CV,,León,Guanajuato,Occidente,21.11806,-101.6672
PL/12074/EXP/ES/2015,14135,,SUMINISTROS DE COMBUSTIBLES QUIROGA SA DE CV,,Quiroga,Michoacán,Occidente,19.66272,-101.5208
PL/12079/EXP/ES/2015,14152,,SERVICIO CONTEPEC SA DE CV,,Contepec,Michoacán,Occidente,19.94851,-100.1663
PL/1208/EXP/ES/2015,3109,,SERVICIOS SAN JERONIMO SA DE CV,,León,Guanajuato,Occidente,21.15184,-101.6703
PL/1209/EXP/ES/2015,3097,,SERVICIO RENACIMIENTO SA DE CV,,Celaya,Guanajuato,Occidente,20.51939,-100.8344
PL/1210/EXP/ES/2015,3046,,FEMAL SA DE CV,,Aguascalientes,Aguascalientes,Occidente,21.84751,-102.2919
PL/12121/EXP/ESA/2015,14024,,"TRANSPORTADORA PARLOVE, S.A. DE C.V.",,Jesús María,Aguascalientes,Occidente,21.994,-102.2903
PL/12123/EXP/ESA/2015,14081,,TRANSPORTES Y AUTOBUSES DEL PACIFICO S.A. DE C.V.,,Tlaquepaque,Jalisco,Occidente,20.62543,-103.2881
PL/1213/EXP/ES/2015,3147,,ESTACION DE SERVICIO PUERTA GRANDE S DE RL DE CV,,León,Guanajuato,Occidente,21.13499,-101.6791
PL/1214/EXP/ES/2015,2956,,ESTACION DE SERVICIO PUERTA GRANDE S DE RL DE CV,,León,Guanajuato,Occidente,21.12446,-101.706
PL/1215/EXP/ES/2015,3120,,ESTACION DE SERVICIO PUERTA GRANDE S DE RL DE CV,,León,Guanajuato,Occidente,21.10196,-101.6132
PL/1219/EXP/ES/2015,3077,,SERVICIO MICHIFAZO SA DE CV,,Ahualulco de Mercado,Jalisco,Occidente,20.70478,-103.9702
PL/1220/EXP/ES/2015,3146,,ESTACION DE SERVICIO ROJEMAR SA DE CV,,Degollado,Jalisco,Occidente,20.44896,-102.1456
PL/1221/EXP/ES/2015,2805,,SERVICIO LOS ENCINOS SA DE CV,,Degollado,Jalisco,Occidente,20.43437,-102.129
PL/1222/EXP/ES/2015,3151,,GOPRA SA DE CV,,Tlajomulco de Zúñiga,Jalisco,Occidente,20.48544,-103.5103
PL/1227/EXP/ES/2015,3066,,AUTO ESTACION INDUSTRIAL SA DE CV,,Morelia,Michoacán,Occidente,19.72068,-101.1482
PL/1231/EXP/ES/2015,2762,,SERVICIO AVENIDA MEXICO SA DE CV,,Celaya,Guanajuato,Occidente,20.54927,-100.7946
PL/1232/EXP/ES/2015,2926,,ESTACION DE SERVICIO VELEROS SA DE CV,,Celaya,Guanajuato,Occidente,20.5225,-100.8
PL/1233/EXP/ES/2015,2950,,ROBERTO SANCHEZ ROCHA,,Celaya,Guanajuato,Occidente,20.49691,-100.8393
PL/1236/EXP/ES/2015,3116,,SERVICIO KARROCEYA SA DE CV,,Tarimoro,Guanajuato,Occidente,20.27009,-100.7536
PL/1242/EXP/ES/2015,2867,,COMBU-EXPRESS SA DE CV,,Villa Purificación,Jalisco,Occidente,19.71867,-104.6076
PL/1243/EXP/ES/2015,3141,,COMBU-EXPRESS SA DE CV,,Casimiro Castillo,Jalisco,Occidente,19.61142,-104.4506
PL/1244/EXP/ES/2015,2859,,COMBU-EXPRESS SA DE CV,,Casimiro Castillo,Jalisco,Occidente,19.60516,-104.4718
PL/1245/EXP/ES/2015,2858,,COMBU-EXPRESS SA DE CV,,La Huerta,Jalisco,Occidente,19.48364,-104.6425
PL/1246/EXP/ES/2015,3091,,COMBU-EXPRESS SA DE CV,,Celaya,Guanajuato,Occidente,20.52175,-100.8231
PL/1247/EXP/ES/2015,2835,,COMBU-EXPRESS SA DE CV,,Celaya,Guanajuato,Occidente,20.43525,-100.7957
PL/1248/EXP/ES/2015,3124,,COMBU-EXPRESS SA DE CV,,Apaseo el Alto,Guanajuato,Occidente,20.44351,-100.61
PL/1249/EXP/ES/2015,3143,,COMBU-EXPRESS SA DE CV,,Celaya,Guanajuato,Occidente,20.56633,-100.8209
PL/1250/EXP/ES/2015,2920,,COMBU-EXPRESS SA DE CV,,Celaya,Guanajuato,Occidente,20.53934,-100.8196
PL/1251/EXP/ES/2015,2912,,COMBU-EXPRESS SA DE CV,,Celaya,Guanajuato,Occidente,20.42418,-100.7943
PL/1252/EXP/ES/2015,2966,,COMBU-EXPRESS SA DE CV,,Celaya,Guanajuato,Occidente,20.51008,-100.81
PL/1253/EXP/ES/2015,3057,,COMBU-EXPRESS SA DE CV,,Celaya,Guanajuato,Occidente,20.52746,-100.848
PL/1254/EXP/ES/2015,3068,,COMBU-EXPRESS SA DE CV,,Celaya,Guanajuato,Occidente,20.50978,-100.8188
PL/1255/EXP/ES/2015,2840,,COMBU-EXPRESS SA DE CV,,Celaya,Guanajuato,Occidente,20.51661,-100.8829
PL/12552/EXP/ES/2015,12218,,BERTA ALICIA VALENCIA ESPINOSA,,Lázaro Cárdenas,Michoacán,Occidente,17.97202,-102.2044
PL/12558/EXP/ES/2015,12446,,GASOLINERA SAHAGUN SA DE CV,,Teocuitatlán de Corona,Jalisco,Occidente,20.09053,-103.3808
PL/1256/EXP/ES/2015,2832,,COMBU-EXPRESS SA DE CV,,Celaya,Guanajuato,Occidente,20.56816,-100.8228
PL/12560/EXP/ES/2015,12536,,SERVICIOS GASOLINEROS DE MEXICO SA DE CV,,Guadalajara,Jalisco,Occidente,20.68716,-103.3348
PL/12562/EXP/ES/2015,12704,,DERIVADORA DE COMBUSTIBLES DEL NORTE SA DE CV,,Zapopan,Jalisco,Occidente,20.83071,-103.4496
PL/12563/EXP/ES/2015,13325,,NOGALES ENERGETICOS SA DE CV,,Tizapán el Alto,Jalisco,Occidente,20.16255,-103.0498
PL/12564/EXP/ES/2015,13312,,DARA SERVICIOS SA DE CV,,Tepatitlán de Morelos,Jalisco,Occidente,20.80434,-102.7641
PL/12565/EXP/ES/2015,13314,,ARGUS GASOLINERA SA DE CV,,Tala,Jalisco,Occidente,20.68023,-103.6975
PL/1257/EXP/ES/2015,2927,,COMBU-EXPRESS SA DE CV,,Irapuato,Guanajuato,Occidente,20.65772,-101.3759
PL/12583/EXP/ES/2015,13484,,COMBUSTIBLES APASEO SA DE CV,,Apaseo el Grande,Guanajuato,Occidente,20.55156,-100.6839
PL/12584/EXP/ES/2015,13485,,SERVICIO CA&ERO SA DE CV,,Tala,Jalisco,Occidente,20.51735,-103.6115
PL/12587/EXP/ES/2015,13488,,GASYDISEL DE LEON SA DE CV,,León,Guanajuato,Occidente,21.06878,-101.6845
PL/12588/EXP/ES/2015,13490,,SERVICIO LA LOMITA SA DE CV,,Tala,Jalisco,Occidente,20.57103,-103.6961
PL/1259/EXP/ES/2015,3045,,COMBU-EXPRESS SA DE CV,,Zapotlán el Grande,Jalisco,Occidente,19.70174,-103.4867
PL/12590/EXP/ES/2015,13493,,OPERADORA URLO SA DE CV,,Irapuato,Guanajuato,Occidente,20.65027,-101.3794
PL/12591/EXP/ES/2015,13494,,GASOMICH LA HACIENDA SA DE CV,,Morelia,Michoacán,Occidente,19.68668,-101.3132
PL/12594/EXP/ES/2015,13499,,SUPER SERVICIO CIBRIAN SA DE CV,,Cihuatlán,Jalisco,Occidente,19.23328,-104.5763
PL/12597/EXP/ES/2015,13503,,MULTISERVICIOS LA LOMITA SA DE CV,,Pánuco,Zacatecas,Occidente,22.94029,-102.556
PL/12598/EXP/ES/2015,13504,,COMERCIALIZADORA ANGAHUAN S DE RL DE CV,,Uruapan,Michoacán,Occidente,19.54841,-102.2156
PL/1260/EXP/ES/2015,2942,,COMBU-EXPRESS SA DE CV,,Zapotlán el Grande,Jalisco,Occidente,19.71863,-103.4601
PL/12609/EXP/ES/2015,13731,,COMPAÑIA MEXICANA PARA EL DESARROLLO TURISTICO Y URBANO DE BARRA DE NAVIDAD SA DE CV,,Cihuatlán,Jalisco,Occidente,19.19291,-104.6808
PL/1261/EXP/ES/2015,3090,,COMBU-EXPRESS SA DE CV,,Manzanillo,Colima,Occidente,19.11943,-104.3629
PL/12611/EXP/ES/2015,13885,,GASOLINERA SAN FRANCISCO SA DE CV,,La Huacana,Michoacán,Occidente,18.95752,-101.8109
PL/12612/EXP/ES/2015,13886,,SERVICIO EL RANCHITO SA DE CV,,Moroleón,Guanajuato,Occidente,20.13115,-101.2079
PL/1262/EXP/ES/2015,3016,,COMBU-EXPRESS SA DE CV,,Salvatierra,Guanajuato,Occidente,20.22101,-100.8621
PL/12629/EXP/ES/2015,14170,,SERVICIO EXPRESS CARRANZA SA DE CV,,Jilotlán de los Dolores,Michoacán,Occidente,19.21767,-102.6755
PL/1263/EXP/ES/2015,3062,,COMBU-EXPRESS SA DE CV,,Celaya,Guanajuato,Occidente,20.51901,-100.7548
PL/12630/EXP/ES/2015,14171,,SERVICIO LA MANGANA SA DE CV,,Zitácuaro,Michoacán,Occidente,19.43026,-100.371
PL/12632/EXP/ES/2015,14175,,ESTACION DE SERVICIO EL POLVORIN SA DE CV,,Zitácuaro,Michoacán,Occidente,19.45176,-100.2974
PL/12635/EXP/ES/2015,14181,,GAS EL MOLINO SA DE CV,,Irapuato,Guanajuato,Occidente,20.68086,-101.3674
PL/1264/EXP/ES/2015,2812,,COMBU-EXPRESS SA DE CV,,Celaya,Guanajuato,Occidente,20.5367,-100.8346
PL/12642/EXP/ES/2015,14190,,SERVICIO VILLA DE COS SA DE CV,,Villa de Cos,Zacatecas,Occidente,23.27388,-102.3276
PL/12644/EXP/ES/2015,14194,,SERVICIOS GASOLINEROS DE MEXICO SA DE CV,,Tlajomulco de Zúñiga,Jalisco,Occidente,20.45513,-103.437
PL/12646/EXP/ES/2015,14119,,SERVICIO CAMEMBARO S.A DE C.V.,,Valle de Santiago,Guanajuato,Occidente,20.36841,-101.1902
PL/12648/EXP/ES/2015,14121,,GRUPO GASOLINERO DEL BAJIO SA DE CV,,León,Guanajuato,Occidente,21.05279,-101.7795
PL/1265/EXP/ES/2015,2947,,COMBU-EXPRESS SA DE CV,,Apaseo el Alto,Guanajuato,Occidente,20.46343,-100.6284
PL/12652/EXP/ES/2015,14133,,FELIX ALEJANDRO HERRERA MURILLON,,Uruapan,Michoacán,Occidente,19.49674,-102.0707
PL/12654/EXP/ES/2015,14142,,GRUPO ALVAMO SA DE CV,,Peribán,Michoacán,Occidente,19.50145,-102.4276
PL/1266/EXP/ES/2015,2797,,COMBU-EXPRESS SA DE CV,,Apaseo el Grande,Guanajuato,Occidente,20.54418,-100.6926
PL/12667/EXP/ES/2015,14209,,HERON BARRIGA TELLEZ,,Coeneo,Michoacán,Occidente,19.8141,-101.5912
PL/12668/EXP/ES/2015,14210,,GASOLINERA MARTIN SA DE CV,,Zapopan,Jalisco,Occidente,20.66561,-103.4565
PL/12669/EXP/ES/2015,14211,,GASOLINERA MARTIN SA DE CV,,Zapopan,Jalisco,Occidente,20.6656,-103.4575
PL/1267/EXP/ES/2015,3081,,COMBU-EXPRESS SA DE CV,,Celaya,Guanajuato,Occidente,20.53889,-100.8455
PL/12670/EXP/ES/2015,14212,,J JESUS VAZQUEZ,,San Luis de la Paz,Guanajuato,Occidente,21.20994,-100.4975
PL/12671/EXP/ES/2015,14213,,ESTACION VILLA CHAVINDA SA DE CV,,Chavinda,Michoacán,Occidente,20.01727,-102.4564
PL/12676/EXP/ES/2015,14220,,MARIA DOLORES BELTRAN PONCE,,Senguio,Michoacán,Occidente,19.73824,-100.3552
PL/12678/EXP/ES/2015,14223,,ESTACION DE SERVICIO MORETT SA,,Cihuatlán,Jalisco,Occidente,19.23807,-104.5566
PL/1268/EXP/ES/2015,3053,,COMBU-EXPRESS SA DE CV,,Irapuato,Guanajuato,Occidente,20.66396,-101.4344
PL/12680/EXP/ES/2015,14227,,COMBUSTIBLES OLMO SA DE CV,,Guadalajara,Jalisco,Occidente,20.65189,-103.369
PL/12681/EXP/ES/2015,14228,,Servicio Cascanes S.A. de C.V.,,Teúl de González Ortega,Zacatecas,Occidente,21.45974,-103.4677
PL/12688/EXP/ES/2015,14269,,SERVICIOS Y COMBUSTIBLES LAZARO CARDENAS SA DE CV,,Lázaro Cárdenas,Michoacán,Occidente,17.96983,-102.2123
PL/1269/EXP/ES/2015,2936,,COMBU-EXPRESS SA DE CV,,Apaseo el Alto,Guanajuato,Occidente,20.46852,-100.6376
PL/12696/EXP/ES/2015,14282,,GASOLINERA EL MENTIDERO SA DE CV,,Autlán de Navarro,Jalisco,Occidente,19.76951,-104.2974
PL/1270/EXP/ES/2015,2980,,COMBU-EXPRESS SA DE CV,,Celaya,Guanajuato,Occidente,20.55188,-100.822
PL/12700/EXP/ES/2015,14291,,Superservicio Parque Contepec S.A. de C.V.,,Contepec,Michoacán,Occidente,19.92648,-100.1797
PL/12705/EXP/ES/2015,14235,,GASOLINERA EL RASTRO SA DE CV,,Guadalajara,Jalisco,Occidente,20.62907,-103.3494
PL/1271/EXP/ES/2015,2768,,COMBU-EXPRESS SA DE CV,,Celaya,Guanajuato,Occidente,20.47006,-100.8085
PL/12719/EXP/ES/2015,14257,,COMBUSTIBLES FLORENCIA SA DE CV,,Benito Juárez,Zacatecas,Occidente,21.50262,-103.5468
PL/1272/EXP/ES/2015,2891,,COMBU-EXPRESS SA DE CV,,Salvatierra,Guanajuato,Occidente,20.22069,-100.8612
PL/12725/EXP/ES/2015,14256,,COMBUTON SA DE CV,,Arandas,Jalisco,Occidente,20.70726,-102.3764
PL/12727/EXP/ES/2015,14326,,GASOLINERA HUAXTLA SA DE CV,,El Arenal,Jalisco,Occidente,20.71287,-103.6545
PL/12728/EXP/ES/2015,14327,,GASOLINERA HUAXTLA SA DE CV,,Zapopan,Jalisco,Occidente,20.79422,-103.5011
PL/12729/EXP/ES/2015,14328,,"SERVICIO JACONA, S.A. de C.V",,Jacona,Michoacán,Occidente,19.95303,-102.3071
PL/1273/EXP/ES/2015,2852,,COMBU-EXPRESS SA DE CV,,Celaya,Guanajuato,Occidente,20.51522,-100.889
PL/12730/EXP/ES/2015,14330,,ESTACION DE GASOLINERIA FERROCARRIL SA DE CV,,Guadalajara,Jalisco,Occidente,20.66339,-103.3665
PL/12739/EXP/ES/2015,14297,,ESTACION DE SERVICIO VALENCIA SA DE CV,,Zamora,Michoacán,Occidente,20.00545,-102.2961
PL/1274/EXP/ES/2015,2997,,COMBU-EXPRESS SA DE CV,,Silao,Guanajuato,Occidente,20.93829,-101.4351
PL/12742/EXP/ES/2015,14300,,ALBERTO GOMEZ ZARATE,,Ameca,Jalisco,Occidente,20.53589,-104.0286
PL/12743/EXP/ES/2015,14301,,GASOLINERA DEL CENTRO SA,,Ameca,Jalisco,Occidente,20.54449,-104.0452
PL/1275/EXP/ES/2015,3136,,COMBU-EXPRESS SA DE CV,,Irapuato,Guanajuato,Occidente,20.66684,-101.3299
PL/12752/EXP/ES/2015,14317,,SERVICIO PIONEROS SA DE CV,,Irapuato,Guanajuato,Occidente,20.63266,-101.2764
PL/12758/EXP/ES/2015,14348,,AUTO EXPRESS CALZADA-PERIFERICO SA DE CV,,Guadalajara,Jalisco,Occidente,20.71708,-103.3288
PL/1276/EXP/ES/2015,3087,,COMBU-EXPRESS SA DE CV,,Irapuato,Guanajuato,Occidente,20.67175,-101.3749
PL/12761/EXP/ES/2015,14350,,"LAS TORRES 6309, S.A. DE C.V.",,Guadalajara,Jalisco,Occidente,20.64478,-103.3554
PL/12762/EXP/ES/2015,14352,,MULTISERVICIOS MAGO SA DE CV,,Tlaquepaque,Jalisco,Occidente,20.56733,-103.3326
PL/12763/EXP/ES/2015,14353,,SERVICIO PASO BLANCO SA DE CV,,Irapuato,Guanajuato,Occidente,20.74592,-101.3967
PL/12764/EXP/ES/2015,14354,,ESTACION DE SERVICIO DEL CARMEN SA DE CV,,El Salto,Jalisco,Occidente,20.56704,-103.3003
PL/1277/EXP/ES/2015,3052,,COMBU-EXPRESS SA DE CV,,Autlán de Navarro,Jalisco,Occidente,19.76312,-104.3678
PL/12785/EXP/ES/2015,14376,,GUILLERMO PRIMITIVO VILLEGAS AYALA,,La Piedad,Michoacán,Occidente,20.33526,-102.0183
PL/12790/EXP/ES/2015,14381,,SERVICIO AURORA SARABIA SA DE CV,,Villagrán,Guanajuato,Occidente,20.51907,-101.0555
PL/12792/EXP/ES/2015,14383,,GRUPO ORHEMANI SA DE CV,,Uruapan,Michoacán,Occidente,19.42367,-102.0193
PL/12793/EXP/ES/2015,14384,,ALEJANDRO VARGAS MOLINA,,Penjamillo,Michoacán,Occidente,20.10977,-101.9372
PL/12796/EXP/ES/2015,14387,,YOLANDA PEREZ AVILA,,Jerécuaro,Guanajuato,Occidente,20.18133,-100.4753
PL/12797/EXP/ES/2015,14388,,ROBERTO VEGA MENDIETA,,Celaya,Guanajuato,Occidente,20.57269,-100.7464
PL/12799/EXP/ES/2015,14418,,RUIZ GUZMAN SA DE CV,,Valle de Santiago,Guanajuato,Occidente,20.39363,-101.2135
PL/12806/EXP/ES/2015,14426,,SERVICIO TZILAGUA SA DE CV,,Silao,Guanajuato,Occidente,20.89793,-101.3642
PL/12816/EXP/ES/2015,14394,,AUTO SERVICIO SUR DE LA COSTA ALEGRE SA DE CV,,Cihuatlán,Jalisco,Occidente,19.22739,-104.6599
PL/12817/EXP/ES/2015,14396,,ESTACION DE SERVICIO SATELITE SA DE CV,,Zapopan,Jalisco,Occidente,20.71242,-103.4566
PL/12818/EXP/ES/2015,14397,,SERVICIOS ENERGETICOS TECOMAN SA DE CV,,,Colima,Occidente,18.92745,-103.8848
PL/12821/EXP/ES/2015,14400,,PARADOR DE SERVICIOS LOMA DE LOS HOYOS  S DE RL DE,,Apatzingán,Michoacán,Occidente,19.07875,-102.3471
PL/12829/EXP/ES/2015,14409,,"GBJ DE COLIMA, S.A. DE C.V.",,Colima,Colima,Occidente,19.2471,-103.7467
PL/12834/EXP/ES/2015,14414,,MARIA DOLORES MILANES SERRANO,,Tingüindín,Michoacán,Occidente,19.73808,-102.484
PL/12849/EXP/ES/2015,14447,,ESTACION DE SERVICIO VAZQUEZ SA DE CV,,Tlaquepaque,Jalisco,Occidente,20.59974,-103.323
PL/12862/EXP/ES/2015,14488,,ES GAS SA DE CV,,León,Guanajuato,Occidente,21.12752,-101.6766
PL/12863/EXP/ES/2015,14490,,SERVICIO ALONDRAS SA DE CV,,Atotonilco el Alto,Jalisco,Occidente,20.48618,-102.5081
PL/12873/EXP/ES/2015,14485,,KOPLA S DE RL DE CV,,Tepezalá,Aguascalientes,Occidente,22.22403,-102.2426
PL/12877/EXP/ES/2015,14472,,BARDOMIANO MENDOZA AMEZOLA,,Pihuamo,Jalisco,Occidente,19.255,-103.3818
PL/12881/EXP/ES/2015,14476,,GASOLINERAS DE AGUASCALIENTES S.A. DE C.V.,,Jesús María,Aguascalientes,Occidente,22.02034,-102.2854
PL/12883/EXP/ES/2015,14460,,ARGUS GASOLINERA SA DE CV,,Acatlán de Juárez,Jalisco,Occidente,20.41313,-103.5939
PL/12888/EXP/ES/2015,14465,,SUMINISTROS ENERGETICOS DE CALIDAD SA DE CV,,Zapopan,Jalisco,Occidente,20.70931,-103.4662
PL/12890/EXP/ES/2015,14495,,SERVICIO LOS TEPETATES SA DE CV,,Zapotlanejo,Jalisco,Occidente,20.62917,-103.0524
PL/12896/EXP/ES/2015,14513,,SERVICIO GACERO SA DE CV,,Jesús María,Aguascalientes,Occidente,21.94802,-102.3119
PL/12904/EXP/ES/2015,14496,,ROBERTO RUIZ MARQUEZ,,Tancítaro,Michoacán,Occidente,19.29494,-102.3084
PL/12913/EXP/ESA/2015,13491,,"MINERA MADERO, S.A. DE C.V.",,Morelos,Zacatecas,Occidente,22.82034,-102.7288
PL/12926/EXP/ESA/2015,14208,,"TRANSPORTES BAEZA, S.A. DE C.V.",,Celaya,Guanajuato,Occidente,20.52824,-100.7971
PL/12931/EXP/ESA/2015,14344,,"TRANSDRIZA, S.A. DE C.V.",,San Francisco de los Romo,Aguascalientes,Occidente,22.00777,-102.242
PL/12938/EXP/ESA/2015,14453,,"GRUPO GEPP, S.A.P.I. DE C.V.",,Morelia,Michoacán,Occidente,19.67434,-101.2291
PL/12939/EXP/ESA/2015,14455,,"GRUPO GEPP, S.A.P.I. DE C.V.",,Morelia,Michoacán,Occidente,19.72678,-101.1503
PL/1294/EXP/ES/2015,2842,,UNIDAD DE GASOLINERAS SA DE CV,,Aguascalientes,Aguascalientes,Occidente,21.89205,-102.2745
PL/12940/EXP/ESA/2015,14458,,"GRUPO GEPP, S.A.P.I. DE C.V.",,Celaya,Guanajuato,Occidente,20.55384,-100.8036
PL/1298/EXP/ES/2015,2946,,UNIDAD DE GASOLINERAS SA DE CV,,Aguascalientes,Aguascalientes,Occidente,21.90746,-102.3108
PL/1299/EXP/ES/2015,2914,,UNIDAD DE GASOLINERAS SA DE CV,,San Francisco de los Romo,Aguascalientes,Occidente,22.03689,-102.2802
PL/1300/EXP/ES/2015,2837,,GENERAL DE COMBUSTIBLES COLIMA SA DE CV,,Manzanillo,Colima,Occidente,19.09059,-104.299
PL/1301/EXP/ES/2015,3095,,UNIDAD DE GASOLINERAS SA DE CV,,Aguascalientes,Aguascalientes,Occidente,21.85602,-102.3162
PL/1302/EXP/ES/2015,2844,,UNIDAD DE GASOLINERAS SA DE CV,,Aguascalientes,Aguascalientes,Occidente,21.85519,-102.2579
PL/1303/EXP/ES/2015,2995,,UNIDAD DE GASOLINERAS SA DE CV,,Aguascalientes,Aguascalientes,Occidente,21.92773,-102.2674
PL/1304/EXP/ES/2015,2861,,UNIDAD DE GASOLINERAS SA DE CV,,Aguascalientes,Aguascalientes,Occidente,21.75776,-102.2781
PL/13049/EXP/ES/2016,15655,,PLAZA GAS SA DE CV,,Aguascalientes,Aguascalientes,Occidente,21.85159,-102.353
PL/1305/EXP/ES/2015,2986,,UNIDAD DE GASOLINERAS SA DE CV,,Aguascalientes,Aguascalientes,Occidente,21.87104,-102.2514
PL/13051/EXP/ES/2016,14876,,GASOLINERA CAMPAMENTO MINERO SA DE CV,,Lázaro Cárdenas,Michoacán,Occidente,18.02658,-102.3058
PL/13052/EXP/ES/2016,15656,,GASOLINERA GRUPO DEL RIO SA DE CV,,Villanueva,Zacatecas,Occidente,22.08908,-102.8462
PL/13053/EXP/ES/2016,15657,,ESTACION PUENTE DE CALDERON SA DE CV,,Zapotlanejo,Jalisco,Occidente,20.65001,-103.0473
PL/13056/EXP/ES/2016,14867,,HELIODORO SOLIS VARGAS,,Lázaro Cárdenas,Michoacán,Occidente,17.98404,-102.3551
PL/1306/EXP/ES/2015,3064,,UNIDAD DE GASOLINERAS SA DE CV,,Aguascalientes,Aguascalientes,Occidente,21.87516,-102.2423
PL/13062/EXP/ES/2016,15662,,SERVICIO LAS CRUCES DE SANTA ANITA SA DE CV,,Tlajomulco de Zúñiga,Jalisco,Occidente,20.55667,-103.4567
PL/13063/EXP/ES/2016,15663,,ENRIQUE ZEPEDA MORALES,,Zitácuaro,Michoacán,Occidente,19.4354,-100.3223
PL/13064/EXP/ES/2016,15664,,MERCANTIL LA FRONTERA SA DE CV,,Irimbo,Michoacán,Occidente,19.76178,-100.4637
PL/13078/EXP/ES/2016,15676,,MARIANO TOPETE MACEDO,,Mixtlán,Jalisco,Occidente,20.44892,-104.4094
PL/13082/EXP/ES/2016,15680,,SANTA ESTHER DISTRIBUIDORA SA DE CV,,Ocotlán,Jalisco,Occidente,20.37422,-102.6663
PL/13088/EXP/ES/2016,15685,,AUTO SERVICIO DE LA CIENEGA S DE RL DE CV,,Vista Hermosa,Michoacán,Occidente,20.26629,-102.4749
PL/13090/EXP/ES/2016,14913,,GRUPO OCCIDENTAL DE COMBUSTIBLES SA DE CV,,Manzanillo,Colima,Occidente,19.11993,-104.3582
PL/13092/EXP/ES/2016,15687,,ENRIQUE OROZCO RIOS,,Tangancícuaro,Michoacán,Occidente,19.83693,-102.2195
PL/13094/EXP/ES/2016,15689,,GASOLINERA JARDEZ SA DE CV,,Ocotlán,Jalisco,Occidente,20.39146,-102.7489
PL/13096/EXP/ES/2016,15691,,ELOISA CAMBEROS ARAIZA,,Cuautitlán de García Barragán,Jalisco,Occidente,19.45141,-104.3658
PL/13100/EXP/ES/2016,15695,,MARIA ELENA FLORES ACEVEDO,,Jerez,Zacatecas,Occidente,22.63181,-103.0007
PL/13103/EXP/ES/2016,14834,,ES GAS SA DE CV,,Lagos de Moreno,Jalisco,Occidente,21.47499,-101.7882
PL/13104/EXP/ES/2016,14835,,ES GAS SA DE CV,,León,Guanajuato,Occidente,21.08954,-101.6653
PL/13106/EXP/ES/2016,15696,,Petro Plaza SA de CV,,Cocula,Jalisco,Occidente,20.41684,-103.7641
PL/13107/EXP/ES/2016,14877,,JOSE MARIA RODRIGUEZ AMARO,,Irapuato,Guanajuato,Occidente,20.65705,-101.301
PL/1311/EXP/ES/2015,3000,,SOLUGAS SOLUCIONES EN GASOLINERAS SA DE CV,,Zapopan,Jalisco,Occidente,20.77711,-103.4563
PL/1312/EXP/ES/2015,3082,,SUPER SERVICIO POZA RICA SA,,Morelia,Michoacán,Occidente,19.70521,-101.1778
PL/13129/EXP/ES/2016,15708,,OPERADORA NACIONAL DE COMBUSTIBLES SA DE CV,,Aguascalientes,Aguascalientes,Occidente,21.73692,-102.2758
PL/13132/EXP/ES/2016,15709,,GASOEXPRESS LA CENTRAL DE TACAMBARO SA DE CV,,Tacámbaro,Michoacán,Occidente,19.23583,-101.4674
PL/13133/EXP/ES/2016,15710,,ESTHER AGUILAR UREÑA,,Manzanillo,Colima,Occidente,19.01368,-104.0969
PL/13134/EXP/ES/2016,15711,,SERVICIOS Y COMBUSTIBLES LEON SA DE CV,,Jesús María,Jalisco,Occidente,20.55238,-102.0453
PL/13156/EXP/ESA/2016,15733,,MUNICIPIO DE ZAPOPAN JALISCO,,Zapopan,Jalisco,Occidente,20.7384,-103.3919
PL/1317/EXP/ES/2015,3101,,ITACA ENERGY SA DE CV,,San Felipe,Guanajuato,Occidente,21.45698,-101.2012
PL/1319/EXP/ES/2015,2856,,SERVICIO CAMARENA SA DE CV,,Arandas,Jalisco,Occidente,20.70535,-102.3505
PL/13218/EXP/ES/2016,15787,,GASOMICH TARASCA SA DE CV,,Lázaro Cárdenas,Michoacán,Occidente,17.97573,-102.1877
PL/13219/EXP/ES/2016,15788,,GASOLINERA LIBRAMIENTO LA ORILLA SA DE CV,,Lázaro Cárdenas,Michoacán,Occidente,17.97401,-102.2344
PL/13220/EXP/ES/2016,15789,,PLAZA ANTIGUA ESTACION SA DE CV,,San Gabriel,Jalisco,Occidente,19.75097,-103.765
PL/1324/EXP/ES/2015,2606,,SERVICIOS GUERRERO DE ACAMBARO SA DE CV,,Acámbaro,Guanajuato,Occidente,20.04531,-100.7662
PL/1325/EXP/ES/2015,2720,,SERVICIO LAS JUNTAS SA DE CV,,Puerto Vallarta,Jalisco,Occidente,20.69294,-105.243
PL/1326/EXP/ES/2015,2634,,SERVICIO SAN PEDRITO SA DE CV,,Tlaquepaque,Jalisco,Occidente,20.61959,-103.2887
PL/13280/EXP/ES/2016,15845,,SERVICIO GASOLINERA ZAPOTLANEJO SA DE CV,,Zapotlanejo,Jalisco,Occidente,20.69546,-103.1476
PL/13282/EXP/ES/2016,15847,,LIZARDE Y COMPAÑIA SA DE CV,,Nochistlán de Mejía,Zacatecas,Occidente,21.4061,-102.7073
PL/13288/EXP/ES/2016,15852,,SERVICIOS GASOLINEROS DE MEXICO SA DE CV,,Aguascalientes,Aguascalientes,Occidente,21.91474,-102.2926
PL/13289/EXP/ES/2016,15853,,SERVICIOS GASOLINEROS DE MEXICO SA DE CV,,Salamanca,Guanajuato,Occidente,20.55703,-101.1651
PL/13290/EXP/ES/2016,15854,,SERVICIOS GASOLINEROS DE MEXICO SA DE CV,,Aguascalientes,Aguascalientes,Occidente,21.90195,-102.289
PL/13295/EXP/ES/2016,15859,,"Gasolinas Humberto e Hijos, S.A. de C.V.",,Tamazula de Gordiano,Jalisco,Occidente,19.7378,-103.1922
PL/13299/EXP/ES/2016,15863,,JOEL ARGUETA PIZAÑA,,Contepec,Michoacán,Occidente,19.98724,-100.2227
PL/1330/EXP/ES/2015,2677,,SANTA ANA ESTACION DE SERVICIOS SA DE CV,,Pénjamo,Michoacán,Occidente,20.35871,-102.0022
PL/13360/EXP/ES/2016,15910,,SERVICIO EL CUARTEL SA DE CV,,Huetamo,Michoacán,Occidente,18.65182,-100.8975
PL/13362/EXP/ES/2016,15912,,M R SERVICIO SA DE CV,,Aguascalientes,Aguascalientes,Occidente,21.89359,-102.312
PL/13363/EXP/ES/2016,15913,,PAMHER SERVICIO SA DE CV,,Aguascalientes,Aguascalientes,Occidente,21.87095,-102.3216
PL/13364/EXP/ES/2016,15914,,GRUPO CORPORATIVO ALMA SA DE CV,,Teúl de González Ortega,Zacatecas,Occidente,21.46634,-103.4559
PL/13366/EXP/ESA/2016,15916,,"SSA MEXICO, S.A. DE C.V.",,Manzanillo,Colima,Occidente,19.06977,-104.2893
PL/1338/EXP/ES/2015,3166,,JULIO CESAR GAMA RAMSDEN,,León,Guanajuato,Occidente,21.13763,-101.6904
PL/1339/EXP/ES/2015,2639,,SERVICIOS GASOLINEROS DE MEXICO SA DE CV,,El Salto,Jalisco,Occidente,20.53868,-103.2963
PL/1340/EXP/ES/2015,2659,,GASOLINERA LUPITA SA DE CV,,Autlán de Navarro,Jalisco,Occidente,19.79058,-104.3576
PL/1344/EXP/ES/2015,2735,,SUPER SERVICIO CAMIONERO DON RAMON SA DE CV,,Manzanillo,Colima,Occidente,19.08314,-104.283
PL/1345/EXP/ES/2015,2748,,PROMOTORA DE AUTO ESTACIONES SA DE CV,,Morelia,Michoacán,Occidente,19.68411,-101.1666
PL/13489/EXP/ES/2016,16038,,LUIS BAUTISTA ZEPEDA,,Valle de Juárez,Jalisco,Occidente,19.93729,-102.953
PL/1349/EXP/ES/2015,2704,,SERVICIO BANDERA SA DE CV,,Guadalajara,Jalisco,Occidente,20.66227,-103.3329
PL/13546/EXP/ES/2016,16082,,JOSE MA. GODOY SANCHEZ,,San Diego de Alejandría,Jalisco,Occidente,20.99759,-101.9916
PL/13585/EXP/ES/2016,16134,,GASOLINERA DE TACAMBARO SA DE CV,,Tacámbaro,Michoacán,Occidente,19.23093,-101.4606
PL/13589/EXP/ES/2016,20891,,SERVICIO JADSA SA DE CV,,Jesús María,Aguascalientes,Occidente,21.94577,-102.2973
PL/1359/EXP/ES/2015,2611,,SERVICIO VEGA SA DE CV,,Dolores Hidalgo Cuna de la Independencia Nacional,Guanajuato,Occidente,21.20466,-100.8577
PL/13591/EXP/ES/2016,20884,,GRUPO GASOLINERO TIERRA CALIENTE SA DE CV,,Huetamo,Michoacán,Occidente,18.62843,-100.8997
PL/13597/EXP/ES/2016,20874,,GASOLIO SA DE CV,,Zapopan,Jalisco,Occidente,20.71781,-103.3543
PL/13604/EXP/ES/2016,20897,,CORPORACION INTEGRADORA EMPRESARIAL DEL BAJIO SA DE CV,,Villagrán,Guanajuato,Occidente,20.51614,-100.9098
PL/13608/EXP/ES/2016,20889,,SERVICIOS ECOLOGICOS DE CIUDAD DEL CARMEN SA DE CV,,Salamanca,Guanajuato,Occidente,20.57163,-101.1831
PL/1361/EXP/ES/2015,2728,,RED SIGLO XXI SA DE CV,,Aguascalientes,Aguascalientes,Occidente,21.8869,-102.2507
PL/13615/EXP/ES/2016,20899,,GASOLINEROS MORELIANOS SA DE CV,,Morelia,Michoacán,Occidente,19.69422,-101.2234
PL/13616/EXP/ES/2016,20871,,CINTHIA MARIBEL TAMAYO HERRERA,,Ixtlán,Michoacán,Occidente,20.16992,-102.3849
PL/1363/EXP/ES/2015,2589,,GASOLINERA EL LIMON SA DE CV,,El Limón,Jalisco,Occidente,19.81301,-104.1544
PL/13633/EXP/ES/2016,20865,,GRUPO JGJ-LUAN SA DE CV,,León,Guanajuato,Occidente,21.10485,-101.7873
PL/13645/EXP/ESA/2016,21036,,AUTOBUSES DE LA PIEDAD S.A. DE C.V.,,Tonalá,Jalisco,Occidente,20.62059,-103.2818
PL/13668/EXP/ES/2016,20857,,SERVICIO MARTIN TOSTADO SA DE CV,,San Juan de los Lagos,Jalisco,Occidente,21.25496,-102.3444
PL/13675/EXP/ES/2016,16239,,JOSE JORGE SARABIA SERRANO,,Tarimoro,Guanajuato,Occidente,20.28631,-100.8236
PL/1368/EXP/ES/2015,2740,,RED SIGLO XXI SA DE CV,,Jesús María,Aguascalientes,Occidente,21.95089,-102.3237
PL/1370/EXP/ES/2015,2591,,SERVICIOS GASOLINEROS DE MEXICO SA DE CV,,Atotonilco el Alto,Jalisco,Occidente,20.54005,-102.5644
PL/1371/EXP/ES/2015,2643,,GASOLINERA TAPATIA SA DE CV,,Tlaquepaque,Jalisco,Occidente,20.6276,-103.3209
PL/13715/EXP/ES/2016,16218,,SERVICIO GASOLINERO SANTA TERESA SA DE CV,,Zapotlanejo,Jalisco,Occidente,20.6156,-103.0804
PL/13716/EXP/ES/2016,16213,,PETROMAX SA DE CV,,Zapopan,Jalisco,Occidente,20.67408,-103.4122
PL/13718/EXP/ES/2016,16215,,MA. TERESA IBARRA SALAS,,Noria de Ángeles,Zacatecas,Occidente,22.40055,-101.8213
PL/13720/EXP/ES/2016,16219,,GASOLINERIA LEADER DUCE EXPRESS SA DE CV,,Guadalajara,Jalisco,Occidente,20.64532,-103.3096
PL/13724/EXP/ES/2016,16224,,JORIMAR GASOLINEROS SA DE CV,,Tlajomulco de Zúñiga,Jalisco,Occidente,20.43613,-103.3614
PL/1377/EXP/ES/2015,2681,,COMERCIAL LIBRAMIENTO SA DE CV,,Colima,Colima,Occidente,19.22135,-103.7137
PL/1381/EXP/ES/2015,2708,,SERVICIO XACOBEO SA DE CV,,Cuauhtémoc,Colima,Occidente,19.27372,-103.6685
PL/1395/EXP/ES/2015,2725,,ESTACION DE SERVICIO LA PIEDAD SA DE CV,,La Piedad,Michoacán,Occidente,20.34909,-102.0362
PL/1398/EXP/ES/2015,2726,,SERVICIO BOULEVARD LA PIEDAD SA DE CV,,La Piedad,Michoacán,Occidente,20.32901,-102.017
PL/1400/EXP/ES/2015,2680,,GASOLINERA ATENGO SA DE CV,,Atengo,Jalisco,Occidente,20.26832,-104.2355
PL/1404/EXP/ES/2015,2700,,SERVICIO LOMAS AGUASCALIENTES SA DE CV,,Aguascalientes,Aguascalientes,Occidente,21.87887,-102.2911
PL/1406/EXP/ES/2015,3165,,IVAN GARCIA ARCE,,Zapopan,Jalisco,Occidente,20.72675,-103.3995
PL/1412/EXP/ES/2015,2731,,ESTACION DE SERVICIO DE ENERGIA SA DE CV,,Comonfort,Guanajuato,Occidente,20.72242,-100.7748
PL/1420/EXP/ES/2015,2615,,INSIGNIA ALTOZANO SA DE CV,,Morelia,Michoacán,Occidente,19.66436,-101.1623
PL/1421/EXP/ES/2015,11137,,GASOLINERA CONSTITUCION SA DE CV,,Zapopan,Jalisco,Occidente,20.72273,-103.3744
PL/1425/EXP/ES/2015,2602,,PROMOTORA DE AUTO ESTACIONES SA DE CV,,Morelia,Michoacán,Occidente,19.67792,-101.2339
PL/1428/EXP/ES/2015,2601,,ESTACIONES DE SERVICIO SA DE CV,,Salamanca,Guanajuato,Occidente,20.54966,-101.1438
PL/1436/EXP/ES/2015,2623,,COMBUSTIBLES ECOLOGICOS DEL LERMA SA DE CV,,Pénjamo,Michoacán,Occidente,20.35177,-102.0157
PL/1441/EXP/ES/2015,2620,,COMBUSTIBLES ECOLOGICOS DEL LERMA SA DE CV,,La Piedad,Michoacán,Occidente,20.32315,-102.0181
PL/1449/EXP/ES/2015,2695,,COMBU-EXPRESS SA DE CV,,Guadalajara,Jalisco,Occidente,20.69389,-103.3322
PL/1451/EXP/ES/2015,3162,,GASJACINTO SA DE CV,,Rincón de Romos,Aguascalientes,Occidente,22.34458,-102.2314
PL/1454/EXP/ES/2015,2718,,SERVICIO LAS VIÑAS SA DE CV,,Aguascalientes,Aguascalientes,Occidente,21.92084,-102.2914
PL/1455/EXP/ES/2015,2603,,GASOLINERA DEL PARQUE SA DE CV,,Jesús María,Aguascalientes,Occidente,21.96648,-102.2888
PL/1460/EXP/ES/2015,2587,,SERVICIO MALECON SAN JUAN SA DE CV,,San Juan de los Lagos,Jalisco,Occidente,21.25467,-102.3394
PL/1461/EXP/ES/2015,2670,,SERVICIO EL PEDREGOSO SA DE CV,,San Juan de los Lagos,Jalisco,Occidente,21.23803,-102.3182
PL/1462/EXP/ES/2015,2646,,COMBUSTIBLES PALMA REAL SA DE CV,,Zapopan,Jalisco,Occidente,20.73023,-103.4318
PL/1463/EXP/ES/2015,2645,,BECKTROP GDL SA DE CV,,Guadalajara,Jalisco,Occidente,20.64556,-103.3626
PL/1468/EXP/ES/2015,11009,,ESTACION DE SERVICIO RODRIGUEZ SA DE CV,,Puruándiro,Michoacán,Occidente,20.23832,-101.5232
PL/1469/EXP/ES/2015,2594,,BOSCOGAS SA DE CV,,León,Guanajuato,Occidente,21.13685,-101.7234
PL/1471/EXP/ES/2015,2622,,GASOLINERA ROMO SA DE CV,,Teocaltiche,Jalisco,Occidente,21.43035,-102.5762
PL/1473/EXP/ES/2015,2664,,SERVICIO TEOCALTICHE SA DE CV,,Teocaltiche,Jalisco,Occidente,21.44517,-102.5735
PL/1474/EXP/ES/2015,3163,,IVAN GARCIA ARCE,,Zapopan,Jalisco,Occidente,20.73976,-103.3872
PL/1486/EXP/ES/2015,2685,,SERVICIO ANGELES DE PURUAGUA SA DE CV,,Jerécuaro,Guanajuato,Occidente,20.06735,-100.4629
PL/1488/EXP/ES/2015,3164,,SERVICIO LAS PIEDROTAS SA DE CV,,Tlaquepaque,Jalisco,Occidente,20.64108,-103.2827
PL/1490/EXP/ES/2015,2609,,SERVICIO D SOTO SA DE CV,,Ayotlán,Jalisco,Occidente,20.52757,-102.3362
PL/1491/EXP/ES/2015,2727,,GASOLINERA MORENO ROJAS SA DE CV,,La Barca,Jalisco,Occidente,20.292,-102.5494
PL/1496/EXP/ES/2015,2694,,SERVICIOS GASOLINEROS DE MEXICO SA DE CV,,Guadalajara,Jalisco,Occidente,20.6339,-103.3795
PL/1497/EXP/ES/2015,2672,,SERVICIOS GASOLINEROS DE MEXICO SA DE CV,,Guadalajara,Jalisco,Occidente,20.70485,-103.3629
PL/1503/EXP/ES/2015,2684,,AUTOSERVICIO PUERTA DE LA CONSTITUCION SA DE CV,,Colima,Colima,Occidente,19.26817,-103.7087
PL/1504/EXP/ES/2015,2719,,MINI ESTACION DE SERVICIO EL TECNOLOGICO SA DE CV,,Morelia,Michoacán,Occidente,19.71912,-101.1889
PL/1514/EXP/ES/2015,3473,,GASOLINERA SERVICIO DEL PUENTE SA DE CV,,Acámbaro,Guanajuato,Occidente,20.04215,-100.7135
PL/1519/EXP/ES/2015,3560,,GASOLINERIA SERVICIO LERMA SA DE CV,,Acámbaro,Guanajuato,Occidente,20.03698,-100.7132
PL/1527/EXP/ES/2015,3551,,AUTO ESTACION COMBUSTIBLES SA DE CV,,Morelia,Michoacán,Occidente,19.69673,-101.2179
PL/1528/EXP/ES/2015,3589,,COLE SA DE CV,,Jerécuaro,Guanajuato,Occidente,20.14457,-100.5231
PL/1536/EXP/ES/2015,3279,,SERVICIO AGOSTADERITO S DE RL DE CV,,Aguascalientes,Aguascalientes,Occidente,21.80421,-102.3465
PL/1538/EXP/ES/2015,3434,,SERVICIOS GASOLINEROS DE MEXICO SA DE CV,,Zapopan,Jalisco,Occidente,20.67138,-103.4048
PL/1539/EXP/ES/2015,3606,,SERVICIO AUTOEXPRESS HERNIE SA DE CV,,Irapuato,Guanajuato,Occidente,20.69386,-101.3671
PL/1540/EXP/ES/2015,3603,,CORPORATIVO DE COMBUSTIBLES SA DE CV,,Cortazar,Guanajuato,Occidente,20.49153,-100.9611
PL/1541/EXP/ES/2015,3477,,SERVICIO JUVENTINO ROSAS SA DE CV,,Santa Cruz de Juventino Rosas,Guanajuato,Occidente,20.64282,-100.9837
PL/1542/EXP/ES/2015,3289,,GASOLINERA VALLE REAL SA DE CV,,Morelia,Michoacán,Occidente,19.72452,-101.2012
PL/1546/EXP/ES/2015,3662,,LAS MEJORES ESTACIONES SA DE CV,,Corregidora,Guanajuato,Occidente,20.53709,-100.4899
PL/1548/EXP/ES/2015,3679,,COMBU-EXPRESS SA DE CV,,Sayula,Jalisco,Occidente,19.88335,-103.5981
PL/1551/EXP/ES/2015,3276,,OLEUM SERVICE SA DE CV,,Celaya,Guanajuato,Occidente,20.51618,-100.7797
PL/1552/EXP/ES/2015,3507,,SERVICIO NUEVO CHUPICUARO SA DE CV,,Acámbaro,Guanajuato,Occidente,20.06107,-100.6915
PL/1566/EXP/ES/2015,3513,,TECNOCENTRO DE AGUASCALIENTES SA DE CV,,Aguascalientes,Aguascalientes,Occidente,21.92267,-102.2964
PL/1568/EXP/ES/2015,3543,,ESTACION DE SERVICIOS CORRAL DE BARRANCOS SA DE CV,,Jesús María,Aguascalientes,Occidente,21.94994,-102.3339
PL/1572/EXP/ES/2015,3259,,GASOTEC SA DE CV,,Colima,Colima,Occidente,19.25789,-103.7184
PL/1573/EXP/ES/2015,3193,,CORPOE SA DE CV,,San Luis de la Paz,Guanajuato,Occidente,21.28512,-100.5929
PL/1574/EXP/ES/2015,3285,,ESTACION DE SERVICIO NACIONES UNIDAS SA DE CV,,Zapopan,Jalisco,Occidente,20.70392,-103.4475
PL/1582/EXP/ES/2015,3631,,HOTELES MOTELES Y SERVICIOS TURISTICOS SAN IGNACIO SA DE CV,,León,Guanajuato,Occidente,21.04361,-101.5635
PL/1583/EXP/ES/2015,3391,,SERVICIOS SAN JOSE DEL VALLE SA DE CV,,Tlajomulco de Zúñiga,Jalisco,Occidente,20.55042,-103.3567
PL/1584/EXP/ES/2015,3221,,SERVICIO SAN JOSE DEL VALLE DOS SA DE CV,,Tlajomulco de Zúñiga,Jalisco,Occidente,20.55105,-103.3563
PL/1585/EXP/ES/2015,3472,,GASOLINERIA ORO DE VALLARTA SA DE CV,,Puerto Vallarta,Jalisco,Occidente,20.674,-105.2504
PL/1587/EXP/ES/2015,3425,,GASOLINERA SAN RAFAEL SA DE CV,,Tlaquepaque,Jalisco,Occidente,20.62463,-103.3047
PL/1599/EXP/ES/2015,3261,,JOSE DE JESUS MUÑOZ MARQUEZ,,León,Guanajuato,Occidente,21.16019,-101.6826
PL/1600/EXP/ES/2015,3652,,SERVICIO AGUASCALIENTES SA,,Aguascalientes,Aguascalientes,Occidente,21.86706,-102.2815
PL/1606/EXP/ES/2015,3212,,SERVICIO ABASTO SA DE CV,,Irapuato,Guanajuato,Occidente,20.65769,-101.3522
PL/1612/EXP/ES/2015,3484,,SERVICIOS GASOLINEROS DE MEXICO SA DE CV,,León,Guanajuato,Occidente,21.1037,-101.6602
PL/1623/EXP/ES/2015,3532,,SERVICIO BULLE ANDRADE SA DE CV,,León,Guanajuato,Occidente,21.11322,-101.6873
PL/1628/EXP/ES/2015,3416,,SERVICIO LA BARCA SA DE CV,,La Barca,Jalisco,Occidente,20.2773,-102.5571
PL/1631/EXP/ES/2015,3302,,COMBUSTIBLES SUPREMOS SA DE CV,,Guadalajara,Jalisco,Occidente,20.68303,-103.3312
PL/1637/EXP/ES/2015,3236,,ESTACION BETULIA SA DE CV,,Lagos de Moreno,Jalisco,Occidente,21.75552,-102.0245
PL/1639/EXP/ES/2015,3453,,SERVICIOS GASOLINEROS DE MEXICO SA DE CV,,Acatlán de Juárez,Jalisco,Occidente,20.43341,-103.5789
PL/1640/EXP/ES/2015,3450,,RAGONZVILL SA DE CV,,Zapotlán el Grande,Jalisco,Occidente,19.69572,-103.4566
PL/1643/EXP/ES/2015,3623,,SERVICIO AZTECA DE LEON SA DE CV,,León,Guanajuato,Occidente,21.09724,-101.6487
PL/1644/EXP/ES/2015,3466,,ANDUL OIL SA DE CV,,Zapopan,Jalisco,Occidente,20.64861,-103.4581
PL/1645/EXP/ES/2015,3493,,SERVICIO LAS FUENTES SA DE CV,,Zapopan,Jalisco,Occidente,20.62326,-103.4218
PL/1646/EXP/ES/2015,3590,,GASOLINERA CUDEA SA DE CV,,Zapopan,Jalisco,Occidente,20.70605,-103.4632
PL/1648/EXP/ES/2015,3208,,SERVICIOS CONCE SA DE CV,,Huanímaro,Guanajuato,Occidente,20.34983,-101.5
PL/1650/EXP/ES/2015,3317,,SERVICIO GALLARDO DE ALBA SA DE CV,,Jalostotitlán,Jalisco,Occidente,21.19953,-102.4428
PL/1651/EXP/ES/2015,3223,,SERVICIOS EL HUIZACHE SA DE CV,,San Juan de los Lagos,Jalisco,Occidente,21.28101,-102.293
PL/1656/EXP/ES/2015,3458,,SERVICIO NAHUATZEN SA DE CV,,Nahuatzen,Michoacán,Occidente,19.6557,-101.9268
PL/1667/EXP/ES/2015,3260,,GASOLINERA ESTEBAN ALATORRE SA DE CV,,Guadalajara,Jalisco,Occidente,20.67222,-103.2943
PL/1668/EXP/ES/2015,3226,,MULTISERVICIO CALZADA SA DE CV,,Guadalajara,Jalisco,Occidente,20.71417,-103.3204
PL/1669/EXP/ES/2015,3297,,MULTISERVICIO LA CALMA SA DE CV,,Zapopan,Jalisco,Occidente,20.63475,-103.413
PL/1670/EXP/ES/2015,3237,,GASOLINERA BELISARIO DOMINGUEZ SA DE CV,,Guadalajara,Jalisco,Occidente,20.7005,-103.3195
PL/1671/EXP/ES/2015,3340,,SUPER SERVICIO LA CONCHA SA DE CV,,Tlajomulco de Zúñiga,Jalisco,Occidente,20.53885,-103.3621
PL/1673/EXP/ES/2015,3187,,ESTACION DE SERVICIO ROPER SA DE CV,,Tlajomulco de Zúñiga,Jalisco,Occidente,20.51317,-103.2852
PL/1674/EXP/ES/2015,3190,,SERVICIO CAVA SA DE CV,,Huandacareo,Michoacán,Occidente,19.98488,-101.2601
PL/1679/EXP/ES/2015,3363,,SERVICIOS GASOLINEROS DE MEXICO SA DE CV,,Irapuato,Guanajuato,Occidente,20.78841,-101.3294
PL/1687/EXP/ES/2015,3601,,SANALIN SA DE CV,,Arteaga,Michoacán,Occidente,18.36585,-102.2919
PL/1688/EXP/ES/2015,3291,,CORPORATIVO VENTA DEL ASTILLERO SA DE CV,,Zapopan,Jalisco,Occidente,20.72926,-103.5403
PL/1692/EXP/ES/2015,3427,,GASOLINERA INSURGENTES SA DE CV,,Irapuato,Guanajuato,Occidente,20.65398,-101.3708
PL/1694/EXP/ES/2015,3374,,SERVICIOS GASOLINEROS DE MEXICO SA DE CV,,León,Guanajuato,Occidente,21.14681,-101.7034
PL/1695/EXP/ES/2015,3288,,SERVICIOS GASOLINEROS DE MEXICO SA DE CV,,León,Guanajuato,Occidente,21.1338,-101.6872
PL/1697/EXP/ES/2015,3616,,ORGANIZACION LA LUNA SA DE CV,,Tecolotlán,Jalisco,Occidente,20.28879,-103.907
PL/1700/EXP/ES/2015,3324,,SERVICIOS GASORO SA DE CV,,Puerto Vallarta,Jalisco,Occidente,20.62188,-105.2225
PL/1701/EXP/ES/2015,3581,,GARMU GRUPO ENERGETICOS SA DE CV,,Coquimatlán,Colima,Occidente,19.21511,-103.8039
PL/1702/EXP/ES/2015,3544,,SERVICIO JUMAY SA DE CV,,San Miguel de Allende,Guanajuato,Occidente,20.88853,-100.7631
PL/1706/EXP/ES/2015,3608,,COMBUSTIBLES Y LUBRICANTES OJUELOS SA DE CV,,Ojuelos de Jalisco,Jalisco,Occidente,21.86086,-101.5934
PL/1709/EXP/ES/2015,3619,,SERVICIO AGAVE SA DE CV,,Salamanca,Guanajuato,Occidente,20.55286,-101.204
PL/1710/EXP/ES/2015,3463,,COMBUSTIBLES Y LUBRICANTES OJUELOS SA DE CV,,Ojuelos de Jalisco,Jalisco,Occidente,21.87517,-101.5741
PL/1712/EXP/ES/2015,3479,,ORGANIZACION LA LUNA SA DE CV,,Tlajomulco de Zúñiga,Jalisco,Occidente,20.48913,-103.4926
PL/1713/EXP/ES/2015,3675,,COMBU-EXPRESS SA DE CV,,Uruapan,Michoacán,Occidente,19.41358,-102.0523
PL/1719/EXP/ES/2015,3527,,GASOLINERA LA MORENA SA DE CV,,Zapopan,Jalisco,Occidente,20.72843,-103.3535
PL/1725/EXP/ES/2015,3648,,SERVICIO PATRIA SA DE CV,,Guadalajara,Jalisco,Occidente,20.71266,-103.382
PL/1726/EXP/ES/2015,3256,,SUPER SERVICIO CIUDAD GRANJA SA DE CV,,Zapopan,Jalisco,Occidente,20.66939,-103.453
PL/1732/EXP/ES/2015,3570,,CEFEVIG SA DE CV,,Jamay,Jalisco,Occidente,20.29376,-102.6825
PL/1733/EXP/ES/2015,3329,,DISTRIBUIDORA ABREVADERO SA DE CV,,La Barca,Jalisco,Occidente,20.3006,-102.5381
PL/1734/EXP/ES/2015,3188,,CALUFER SA DE CV,,La Barca,Jalisco,Occidente,20.32265,-102.5119
PL/1735/EXP/ES/2015,3609,,CALUFER SA DE CV,,La Barca,Jalisco,Occidente,20.30621,-102.5394
PL/1739/EXP/ES/2015,3368,,GRUPO G&G DE OCCIDENTE SA DE CV,,Tlajomulco de Zúñiga,Jalisco,Occidente,20.45897,-103.4405
PL/1740/EXP/ES/2015,3359,,SERVICIO SOTO SANTANA SA DE CV,,Villa Hidalgo,Jalisco,Occidente,21.68725,-102.5704
PL/1747/EXP/ES/2015,3510,,LA LUZ DE TAMPICO SA DE CV,,Zacatecas,Zacatecas,Occidente,22.77384,-102.5933
PL/1749/EXP/ES/2015,3568,,GASOLINERA CHERANGUERAN SA DE CV,,Uruapan,Michoacán,Occidente,19.44753,-102.0763
PL/1750/EXP/ES/2015,3626,,GASOLINERA CUATRO ESTRELLAS SA DE CV,,Unión de Tula,Jalisco,Occidente,20.07287,-104.2271
PL/1752/EXP/ES/2015,3202,,GASOLINERA SAN MIGUEL SA DE CV,,Tlajomulco de Zúñiga,Jalisco,Occidente,20.42204,-103.3936
PL/1755/EXP/ES/2015,3487,,DISTRIBUIDORA DE COMBUSTIBLES MAZATL SA DE CV,,Mazamitla,Michoacán,Occidente,19.91996,-103.019
PL/1756/EXP/ES/2015,3471,,SERVICIO BASE AEREA SA DE CV,,Zapopan,Jalisco,Occidente,20.76081,-103.44
PL/1757/EXP/ES/2015,3446,,SERVICIO RAMIREZ DE TEPATITLAN SA DE CV,,Tepatitlán de Morelos,Jalisco,Occidente,20.82224,-102.7802
PL/1759/EXP/ES/2015,3415,,ETRAFUCE INTERNATIONAL COMPANY SA DE CV,,Celaya,Guanajuato,Occidente,20.52888,-100.7998
PL/1760/EXP/ES/2015,3495,,GAXCOPETROL DE MEXICO SA DE CV,,Zapopan,Jalisco,Occidente,20.65568,-103.4237
PL/1761/EXP/ES/2015,3292,,SUPER SERVICIO TEPATITLAN SA DE CV,,Tepatitlán de Morelos,Jalisco,Occidente,20.80356,-102.7593
PL/1762/EXP/ES/2015,3278,,SERVICE EXPRESS VALMONT SA DE CV,,Apatzingán,Michoacán,Occidente,19.08894,-102.3794
PL/1763/EXP/ES/2015,3272,,GASOLINERA CASCO HERMANOS SA DE CV,,Tlajomulco de Zúñiga,Jalisco,Occidente,20.45616,-103.5165
PL/1764/EXP/ES/2015,3548,,MINI ESTACION TEPA SA DE CV,,Tepatitlán de Morelos,Jalisco,Occidente,20.80697,-102.7765
PL/1766/EXP/ES/2015,3621,,SERVICIO RAMIREZ DE TEPATITLAN SA DE CV,,Tepatitlán de Morelos,Jalisco,Occidente,20.78222,-102.7863
PL/1771/EXP/ES/2015,3201,,SERVICIO PADILLA MARQUEZ SA DE CV,,Teocaltiche,Jalisco,Occidente,21.45974,-102.5522
PL/1773/EXP/ES/2015,3651,,AUTOSERVICIO EL AGUILA SA DE CV,,Irapuato,Guanajuato,Occidente,20.67267,-101.2991
PL/1776/EXP/ES/2015,3482,,MAGAÑA SERVICIOS GASOLINEROS SA DE CV,,León,Guanajuato,Occidente,21.09568,-101.6158
PL/1778/EXP/ES/2015,3277,,SERVICIO PRECIADO MARTINEZ SA DE CV,,Tlaquepaque,Jalisco,Occidente,20.58245,-103.3542
PL/1780/EXP/ES/2015,3625,,COMBUSTION PALMARES SA DE CV,,Tlajomulco de Zúñiga,Jalisco,Occidente,20.56289,-103.3328
PL/1782/EXP/ES/2015,3364,,VALES FUSION SA DE CV,,Guadalajara,Jalisco,Occidente,20.65661,-103.3502
PL/1783/EXP/ES/2015,3638,,GASOVIA SA DE CV,,Tlaquepaque,Jalisco,Occidente,20.59399,-103.4117
PL/1784/EXP/ES/2015,3654,,TRENOGAS SA DE CV,,Guadalajara,Jalisco,Occidente,20.66038,-103.3582
PL/1785/EXP/ES/2015,3571,,GASOLINERA SANTA BARBARA SA DE CV,,Guadalajara,Jalisco,Occidente,20.63498,-103.3297
PL/1786/EXP/ES/2015,3370,,GASOFIA SA DE CV,,El Salto,Jalisco,Occidente,20.52119,-103.2436
PL/1787/EXP/ES/2015,3239,,GASOLINERA LOS VECINOS SA DE CV,,Puerto Vallarta,Jalisco,Occidente,20.67777,-105.2258
PL/1793/EXP/ES/2015,3356,,SERVICIO CALIPSO S DE RL DE CV,,Lagos de Moreno,Jalisco,Occidente,21.35952,-101.94
PL/1795/EXP/ES/2015,3349,,SERVICIO AUTOMOTRIZ JEMA SA DE CV,,Tonalá,Jalisco,Occidente,20.6416,-103.2772
PL/1800/EXP/ES/2015,3485,,SERVICIO GRUPO TEPEYAC SA DE CV,,Celaya,Guanajuato,Occidente,20.54467,-100.8394
PL/1801/EXP/ES/2015,3307,,SERVICIO OCCIDENTAL REFSA SA DE CV,,Lagos de Moreno,Jalisco,Occidente,21.79561,-102.0209
PL/1803/EXP/ES/2015,3400,,SERVICIO CERESO SA DE CV,,Irapuato,Guanajuato,Occidente,20.67988,-101.4034
PL/1805/EXP/ES/2015,3303,,PETRO SAN JUAN SA DE CV,,Tepatitlán de Morelos,Jalisco,Occidente,20.84338,-102.74
PL/1806/EXP/ES/2015,3511,,SERVICIO HUSARES DE LA UNION SA DE CV,,Unión de San Antonio,Jalisco,Occidente,21.13927,-101.9968
PL/1807/EXP/ES/2015,3517,,GAXCO OBELISCO SA DE CV,,Zapopan,Jalisco,Occidente,20.71605,-103.3803
PL/1808/EXP/ES/2015,3411,,ESTACION JH SA DE CV,,San Miguel el Alto,Jalisco,Occidente,21.02794,-102.3818
PL/1810/EXP/ES/2015,3273,,GRUPO SECA GASOLINERAS SA DE CV,,León,Guanajuato,Occidente,21.14259,-101.6739
PL/1811/EXP/ES/2015,3464,,GRUPO SECA GASOLINERAS SA DE CV,,Irapuato,Guanajuato,Occidente,20.67791,-101.3361
PL/1812/EXP/ES/2015,3537,,GRUPO SECA GASOLINERAS SA DE CV,,San Francisco del Rincón,Guanajuato,Occidente,21.03329,-101.8536
PL/1813/EXP/ES/2015,3576,,GRUPO SECA GASOLINERAS SA DE CV,,Guanajuato,Guanajuato,Occidente,20.98984,-101.286
PL/1814/EXP/ES/2015,3501,,ROCAGAS SA DE CV,,León,Guanajuato,Occidente,21.14314,-101.693
PL/1815/EXP/ES/2015,3211,,PETRO LEO SA DE CV,,León,Guanajuato,Occidente,21.13031,-101.7051
PL/1822/EXP/ES/2015,3546,,SUPERSERVICIO DEL VALLE DEL ORIENTE SA DE CV,,Hidalgo,Michoacán,Occidente,19.69823,-100.6071
PL/1842/EXP/ES/2015,3579,,ESTACION DE SERVICIOS PUNTO SUR SA DE CV,,Tlaquepaque,Jalisco,Occidente,20.58481,-103.3309
PL/1844/EXP/ES/2015,3454,,SERVICIO SAHUAYO SA DE CV,,Sahuayo,Michoacán,Occidente,20.06435,-102.716
PL/1847/EXP/ES/2015,3325,,SERVICIO MARTINEZ GONZALEZ SA DE CV,,Teocaltiche,Jalisco,Occidente,21.53783,-102.5743
PL/1861/EXP/ES/2015,3451,,ESTACION DE SERVICIO NOCUPETARO SA DE CV,,Morelia,Michoacán,Occidente,19.70817,-101.1916
PL/1865/EXP/ES/2015,3592,,SERVICIO EXTRARAPIDO SA DE CV,,Zapopan,Jalisco,Occidente,20.76328,-103.34
PL/18783/EXP/ES/2016,20909,,COMBU SERVICE SA DE CV,,Celaya,Guanajuato,Occidente,20.53684,-100.8118
PL/18785/EXP/ES/2016,20915,,SERVICIOS GASOLINEROS DE MEXICO SA DE CV,,Aguascalientes,Aguascalientes,Occidente,21.85934,-102.2995
PL/18790/EXP/ES/2016,20904,,GRUPO GOCALVI SA DE CV,,León,Guanajuato,Occidente,21.06336,-101.6259
PL/18792/EXP/ES/2016,20906,,MASGAS SA DE CV,,Fresnillo,Zacatecas,Occidente,23.19663,-102.8582
PL/18795/EXP/ES/2016,20910,,INDIRCO SA DE CV,,Celaya,Guanajuato,Occidente,20.53678,-100.7958
PL/1882/EXP/ES/2015,3655,,GASOLINERA CUDEA SA DE CV,,Tlaquepaque,Jalisco,Occidente,20.5662,-103.3652
PL/1883/EXP/ES/2015,3519,,ORGANIZACION LA LUNA SA DE CV,,Tlaquepaque,Jalisco,Occidente,20.63723,-103.299
PL/1884/EXP/ES/2015,3229,,GASOLINERA CUDEA SA DE CV,,Guadalajara,Jalisco,Occidente,20.6743,-103.3297
PL/1885/EXP/ES/2015,3628,,GASOLINERA CUDEA SA DE CV,,Guadalajara,Jalisco,Occidente,20.69225,-103.3485
PL/1887/EXP/ES/2015,3522,,GASOLINERA CUDEA SA DE CV,,Tlaquepaque,Jalisco,Occidente,20.57447,-103.3641
PL/1890/EXP/ES/2015,3290,,GASOLINERA CUDEA SA DE CV,,Guadalajara,Jalisco,Occidente,20.70438,-103.3469
PL/18904/EXP/ES/2016,21273,,SERVICIOS GASOLINEROS DE MEXICO SA DE CV,,León,Guanajuato,Occidente,21.179,-101.7034
PL/18908/EXP/ES/2016,21261,,ESTACION DE SERVICIOS NOR-PONIENTE SA DE CV,,Celaya,Guanajuato,Occidente,20.553,-100.8287
PL/18911/EXP/ES/2016,21264,,ESTACION DE SERVICIO PUERTA GRANDE S DE RL DE CV,,León,Guanajuato,Occidente,21.11677,-101.69
PL/18919/EXP/ES/2016,21275,,SERVICIO PASO REAL SA DE CV,,Zapopan,Jalisco,Occidente,20.64789,-103.4051
PL/18921/EXP/ES/2016,21277,,GASOLINERA EL SAUZ DE ABAJO SA DE CV,,Zamora,Michoacán,Occidente,20.06547,-102.2721
PL/18932/EXP/ES/2016,21144,,ARRCO GAS SA DE CV,,Tarímbaro,Michoacán,Occidente,19.79914,-101.0739
PL/18935/EXP/ES/2016,21145,,SERVICIOS GASOLINEROS DE MEXICO SA DE CV,,Cuerámaro,Guanajuato,Occidente,20.61954,-101.668
PL/18936/EXP/ES/2016,21140,,CALIDAD AMBIENTAL LOWE SA DE CV,,Morelia,Michoacán,Occidente,19.57379,-101.3174
PL/18937/EXP/ES/2016,21139,,SERVICIOS GASOLINEROS DE MEXICO SA DE CV,,Cuauhtémoc,Zacatecas,Occidente,22.46073,-102.3465
PL/18944/EXP/ES/2016,21173,,"GRUPO GASOLINERO COJIM, SA DE CV",,San Julián,Jalisco,Occidente,21.01234,-102.205
PL/18951/EXP/ES/2016,21168,,GRUPO GASOLINERO RIVAS SA DE CV,,Zacatecas,Zacatecas,Occidente,22.7558,-102.5928
PL/18958/EXP/ES/2016,21157,,SERVICIOS GASOLINEROS DE MEXICO SA DE CV,,Manuel Doblado,Guanajuato,Occidente,20.73808,-101.9534
PL/18959/EXP/ES/2016,21156,,GILBERTO RIVERA MARTINEZ,,Morelia,Michoacán,Occidente,19.68703,-101.21
PL/18960/EXP/ES/2016,21155,,SERVICIO BETULIA S DE RL DE CV,,Jesús María,Jalisco,Occidente,20.67964,-102.1912
PL/18976/EXP/ESA/2016,21150,,"MINERA PE$ASQUITO, S.A. DE C.V.",,Mazapil,Zacatecas,Occidente,24.64,-101.55
PL/19024/EXP/ES/2016,21091,,CORPOGAS HIDROCALIDO SA DE CV,,Aguascalientes,Aguascalientes,Occidente,21.9408,-102.2905
PL/19030/EXP/ES/2016,21057,,ECOESTACION DE COMBUSTIBLES SA DE CV,,Zapopan,Jalisco,Occidente,20.73024,-103.4304
PL/19031/EXP/ES/2016,21056,,SUPERSERVICIO TERECAR SA DE CV,,Aguascalientes,Aguascalientes,Occidente,21.92122,-102.285
PL/1906/EXP/ES/2015,3252,,ESTACION DE SERVICIO FAMGAS SA DE CV,,Morelia,Michoacán,Occidente,19.68976,-101.2853
PL/1907/EXP/ES/2015,3318,,SERVICIO SOLCER SA DE CV,,Chilchota,Michoacán,Occidente,19.8476,-102.1084
PL/19076/EXP/ES/2016,21253,,SERVICIOS GASOLINEROS DE MEXICO SA DE CV,,Salamanca,Guanajuato,Occidente,20.56604,-101.1856
PL/19077/EXP/ES/2016,21254,,SERVICIOS GASOLINEROS DE MEXICO SA DE CV,,Salamanca,Guanajuato,Occidente,20.59246,-101.1838
PL/1908/EXP/ES/2015,3255,,SERVICIO SOLCER SA DE CV,,Purépero,Michoacán,Occidente,19.91399,-102.0113
PL/19080/EXP/ES/2016,21250,,SERVICIO LA ESMERALDA SA DE CV,,Lázaro Cárdenas,Michoacán,Occidente,17.96117,-102.213
PL/19085/EXP/ES/2016,21355,,TURBOSIMBA S.A. DE C.V.,,Zapopan,Jalisco,Occidente,20.65945,-103.423
PL/19086/EXP/ES/2016,21354,,TURBOSIMBA S.A. DE C.V.,,Guadalajara,Jalisco,Occidente,20.6259,-103.3869
PL/19087/EXP/ES/2016,21353,,TURBOSIMBA S.A. DE C.V.,,Tlaquepaque,Jalisco,Occidente,20.6361,-103.3967
PL/19120/EXP/ES/2016,21390,,GASOSERVICIO OILGAS EXPRESS SA DE CV,,Guadalajara,Jalisco,Occidente,20.64366,-103.3863
PL/19122/EXP/ES/2016,21392,,GASO TALA SA DE CV,,Tala,Jalisco,Occidente,20.63565,-103.7116
PL/19124/EXP/ES/2016,21394,,INMOBILIARIA HEMAJO DE ATLACOMULCO SA DE CV,,Contepec,Michoacán,Occidente,19.88024,-100.1469
PL/19140/EXP/ES/2016,21427,,MEGA GASOLINERAS SA DE CV,,León,Guanajuato,Occidente,21.08925,-101.74
PL/19141/EXP/ES/2016,21428,,MEGA GASOLINERAS SA DE CV,,Celaya,Guanajuato,Occidente,20.45217,-100.8028
PL/19142/EXP/ES/2016,21429,,CORPOGASCHAPALITA SA DE CV,,Guadalajara,Jalisco,Occidente,20.66057,-103.3962
PL/19146/EXP/ES/2016,21433,,GASOLINERA LOS CAJONES SA DE CV,,Gabriel Zamora,Michoacán,Occidente,19.20558,-101.9195
PL/19148/EXP/ES/2016,21435,,SERVICIOS GASOLINEROS DE MEXICO SA DE CV,,León,Guanajuato,Occidente,21.12835,-101.645
PL/1915/EXP/ES/2015,3251,,MINATORE Y PIOGGIA SA DE CV,,Tlaquepaque,Jalisco,Occidente,20.59678,-103.294
PL/19173/EXP/ES/2016,21471,,"GASERVICIO MAESTROS, S.A. DE C.V.",,Guadalajara,Jalisco,Occidente,20.69336,-103.3544
PL/19179/EXP/ES/2016,21489,,SUPER SERVICIO SANTA INES SA DE CV,,Lázaro Cárdenas,Michoacán,Occidente,17.96135,-102.2013
PL/19187/EXP/ES/2016,21482,,SANTIAGO TRUJILLO HURTADO,,Tarandacuao,Guanajuato,Occidente,20.01635,-100.55
PL/19188/EXP/ES/2016,21483,,COMBUSTIBLES MEDRANO SA DE CV,,Guadalajara,Jalisco,Occidente,20.65234,-103.2911
PL/19189/EXP/ES/2016,21497,,EXPRESS GAS SA DE CV,,San Felipe,Guanajuato,Occidente,21.6294,-101.0673
PL/19190/EXP/ES/2016,21468,,SERVICIOS GASOLINEROS EL CASTAÑO SA DE CV,,Aguascalientes,Aguascalientes,Occidente,21.87003,-102.3103
PL/1920/EXP/ES/2015,3564,,SERVICIO CHARO SA DE CV,,Charo,Michoacán,Occidente,19.74673,-101.0597
PL/1921/EXP/ES/2015,3298,,SERVICIOS DIANA SA DE CV,,Villa de Álvarez,Colima,Occidente,19.25393,-103.7442
PL/19216/EXP/ES/2016,21531,,COMBUSTIBLES EL CUATRO SA DE CV,,Cuquío,Jalisco,Occidente,20.85696,-103.0253
PL/19220/EXP/ES/2016,21535,,SERVICIOS GOMAR SA DE CV,,Tlajomulco de Zúñiga,Jalisco,Occidente,20.52993,-103.3988
PL/19222/EXP/ES/2016,21537,,MULTISERVICIO CARRISAL SA DE CV,,Irapuato,Guanajuato,Occidente,20.6527,-101.3555
PL/19229/EXP/ES/2016,21545,,SERVICIOS GASOLINEROS DE MEXICO SA DE CV,,León,Guanajuato,Occidente,21.12613,-101.648
PL/19231/EXP/ES/2016,21565,,GASOLINERA EL PAISA SA DE CV,,San Juan de los Lagos,Jalisco,Occidente,21.25546,-102.3284
PL/19232/EXP/ES/2016,21566,,GASISLO 2000 SA DE CV,,Fresnillo,Zacatecas,Occidente,23.17778,-102.8581
PL/1924/EXP/ES/2015,3508,,SERVICIO CARRETERO JOCOTEPEC SA DE CV,,Jocotepec,Jalisco,Occidente,20.2772,-103.4459
PL/19252/EXP/ES/2016,21598,,SUMINISTROS DE GASOLINA DIEZ SA DE CV,,Tonalá,Jalisco,Occidente,20.67786,-103.2531
PL/19253/EXP/ES/2016,21593,,ESTACIONES DE SERVICIO CAMINOS DE GUANAJUATO SA DE CV,,San Luis de la Paz,Guanajuato,Occidente,21.29414,-100.5357
PL/1926/EXP/ES/2015,3228,,SERVICIO SANTA ANITA SA DE CV,,Tlajomulco de Zúñiga,Jalisco,Occidente,20.57207,-103.4558
PL/19263/EXP/ES/2016,21584,,MINIESTACION EXPRESS SA DE CV,,Cuerámaro,Guanajuato,Occidente,20.62338,-101.6716
PL/1927/EXP/ES/2015,3615,,ESTACION DE SERVICIO ESMERALDA SA DE CV,,Zacapu,Michoacán,Occidente,19.81619,-101.8024
PL/19271/EXP/ES/2016,21587,,SERVICIOS GASOLINEROS DE MEXICO SA DE CV,,Guanajuato,Guanajuato,Occidente,20.96414,-101.2801
PL/19276/EXP/ES/2016,21590,,SERVICIOS GASOLINEROS DE MEXICO SA DE CV,,Irapuato,Guanajuato,Occidente,20.68251,-101.3535
PL/19293/EXP/ES/2016,21632,,COMBUSTIBLES ECCO SA DE CV,,Tlajomulco de Zúñiga,Jalisco,Occidente,20.53002,-103.3474
PL/1930/EXP/ES/2015,3399,,SERVICIO APOLO SA DE CV,,Puerto Vallarta,Jalisco,Occidente,20.70313,-105.2322
PL/19301/EXP/ES/2016,21635,,J CRUZ OROZCO BARRAGAN,,Coahuayana,Michoacán,Occidente,18.69685,-103.6658
PL/19305/EXP/ES/2016,21643,,MULTISERVICIOS ALTOS NORTE SA DE CV,,San Juan de los Lagos,Jalisco,Occidente,21.29652,-102.1384
PL/19309/EXP/ES/2016,21626,,GRUPO GASOLINERO FOSELL SA DE CV,,Aguascalientes,Aguascalientes,Occidente,21.88299,-102.2591
PL/19312/EXP/ES/2016,21629,,SERVICIOS GASOLINEROS DE MEXICO SA DE CV,,Jesús María,Aguascalientes,Occidente,21.93787,-102.3249
PL/19324/EXP/ES/2016,21666,,GASOLINERA SANTA PAULA SA DE CV,,Tonalá,Jalisco,Occidente,20.59942,-103.2541
PL/19328/EXP/ES/2016,21682,,SERVICIO AGUAMARINA SA DE CV,,Irapuato,Guanajuato,Occidente,20.67284,-101.3398
PL/19351/EXP/ES/2016,21707,,MARIA ELENA FLORES ACEVEDO,,Jerez,Zacatecas,Occidente,22.60533,-103.0148
PL/19356/EXP/ES/2016,21700,,SERVIGAZ ARBOLEDAS SA DE CV,,Aguascalientes,Aguascalientes,Occidente,21.89865,-102.3011
PL/1937/EXP/ES/2015,3403,,ENERGETICA  PETROJAL SA DE CV,,Zapotlanejo,Jalisco,Occidente,20.60865,-103.1204
PL/19378/EXP/ES/2016,21738,,GASOLINERA DEL CARMEN DE SAHUAYO SA DE CV,,Sahuayo,Michoacán,Occidente,20.04513,-102.7162
PL/19379/EXP/ES/2016,21744,,SERVICIO LA ESMERALDA SA DE CV,,Múgica,Michoacán,Occidente,18.99816,-102.0805
PL/1940/EXP/ES/2015,3174,,SERVICIO CAMARENA SA DE CV,,Jesús María,Jalisco,Occidente,20.67032,-102.0944
PL/19411/EXP/ES/2016,21777,,SERVICIOS GASOLINEROS DE MEXICO SA DE CV,,Silao,Guanajuato,Occidente,20.90122,-101.3687
PL/19417/EXP/ES/2016,21783,,SERVICIO HUSARES DE LA UNION SA DE CV,,Lagos de Moreno,Jalisco,Occidente,21.35673,-101.8966
PL/19421/EXP/ES/2016,21787,,ESTACION DE SERVICIO HACIENDA DEL POTRERO DE LA PI,,La Piedad,Michoacán,Occidente,20.35122,-102.025
PL/1943/EXP/ES/2015,3186,,SERVICIO MENDEZ IBAÑEZ SA DE CV,,Tamazula de Gordiano,Jalisco,Occidente,19.68049,-103.2481
PL/1944/EXP/ES/2015,3376,,RINCON ENERGETICO SA DE CV,,Zapopan,Jalisco,Occidente,20.72532,-103.4189
PL/19446/EXP/ES/2016,21821,,CONSORCIO DE HIDROCARBUROS VILLALOBOS SA DE CV,,Tonalá,Jalisco,Occidente,20.58529,-103.2218
PL/19449/EXP/ES/2016,21824,,"PETRO SERVICENTRO, S.A. DE C.V.",,Jamay,Jalisco,Occidente,20.29177,-102.7023
PL/1945/EXP/ES/2015,3489,,ESTACION DE SERVICIO MAXIPISTA TAPATIA SA DE CV,,Zapotlanejo,Jalisco,Occidente,20.60742,-103.1291
PL/19450/EXP/ES/2016,21825,,"PETRO SERVICENTRO, S.A. DE C.V.",,Jamay,Jalisco,Occidente,20.29194,-102.7198
PL/1947/EXP/ES/2015,3435,,COMBUSTIBLES MILLENIUM SA DE CV,,Zapopan,Jalisco,Occidente,20.74153,-103.3875
PL/19483/EXP/ES/2016,21851,,MULTISERVICIOS ESPECIALIZADOS MORITA SOCIEDAD ANONIMA DE CAPITAL VARIABLE,,Jesús María,Aguascalientes,Occidente,21.97289,-102.2892
PL/19485/EXP/ES/2016,21853,,ESTACION DE SERVICIO PUERTA GRANDE S DE RL DE CV,,León,Guanajuato,Occidente,21.15055,-101.6428
PL/1950/EXP/ES/2015,3653,,COMBUSTIBLES PAVILLON SA DE CV,,Zapopan,Jalisco,Occidente,20.73529,-103.4
PL/19516/EXP/ES/2016,21898,,SERVICIOS GASOLINEROS DE MEXICO SA DE CV,,Valle de Guadalupe,Jalisco,Occidente,21.05228,-102.5781
PL/1952/EXP/ES/2015,3637,,AUTOSERVICIO GASHR SA DE CV,,Tlaquepaque,Jalisco,Occidente,20.64064,-103.2823
PL/19524/EXP/ES/2016,21911,,SERVICIOS GASOLINEROS DE MEXICO SA DE CV,,Lagos de Moreno,Jalisco,Occidente,21.38964,-101.8752
PL/19530/EXP/ES/2016,21897,,SERVICIOS GASOLINEROS DE MEXICO SA DE CV,,Irapuato,Guanajuato,Occidente,20.69452,-101.313
PL/19553/EXP/ES/2016,21938,,GRUPO GASOLINERO AGRICOLA SA DE CV,,Fresnillo,Zacatecas,Occidente,23.18211,-102.8593
PL/19557/EXP/ES/2016,21942,,ESTACION Y SERVICIO SAN JUANITO SA DE CV,,Tarímbaro,Michoacán,Occidente,19.77553,-101.1351
PL/19560/EXP/ES/2016,21945,,MULTISERVICIO ALCARACES SA DE CV,,Cuauhtémoc,Colima,Occidente,19.35823,-103.5779
PL/19562/EXP/ES/2016,21947,,SERVICIOS GASOLINEROS DE MEXICO SA DE CV,,San Francisco del Rincón,Guanajuato,Occidente,21.02337,-101.8518
PL/19563/EXP/ES/2016,21948,,SERVICIOS GASOLINEROS DE MEXICO SA DE CV,,León,Guanajuato,Occidente,21.07046,-101.6412
PL/19569/EXP/ES/2016,21954,,SERVICIO NECTAR 58 SA DE CV,,Zapopan,Jalisco,Occidente,20.62864,-103.4573
PL/19571/EXP/ES/2016,21956,,GASOLINERA TARIACURI SA DE CV,,Lázaro Cárdenas,Michoacán,Occidente,17.96398,-102.2212
PL/19573/EXP/ES/2016,21958,,GRUPO SECA GASOLINERAS SA DE CV,,Silao,Guanajuato,Occidente,20.94436,-101.418
PL/1961/EXP/ES/2015,3459,,SERVICIOS GASOLINEROS DE MEXICO SA DE CV,,El Salto,Jalisco,Occidente,20.5425,-103.2623
PL/19613/EXP/ES/2016,22007,,SERVICIO REAL ACUEDUCTO SA DE CV,,Zapopan,Jalisco,Occidente,20.71218,-103.4097
PL/19617/EXP/ES/2016,22011,,ESTACION GM SA DE CV,,Tepatitlán de Morelos,Jalisco,Occidente,20.76336,-102.723
PL/19618/EXP/ES/2016,22012,,ARGUS GASOLINERA SA DE CV,,Acatlán de Juárez,Jalisco,Occidente,20.43275,-103.5999
PL/1966/EXP/ES/2015,3300,,GRUPO VEDOGAS SA DE CV,,Tonalá,Jalisco,Occidente,20.58544,-103.2221
PL/19676/EXP/ES/2016,22067,,SERVICIOS GASOLINEROS DE MEXICO SA DE CV,,Silao,Guanajuato,Occidente,20.9054,-101.3743
PL/19678/EXP/ES/2016,22069,,AUTO SERVICIO AURORA SA DE CV,,Guadalupe,Zacatecas,Occidente,22.72647,-102.4938
PL/19682/EXP/ES/2016,22076,,PETROMAX SA DE CV,,Tlaquepaque,Jalisco,Occidente,20.57534,-103.3895
PL/1969/EXP/ES/2015,3580,,ESTACION SAN ANDRES SA DE CV,,Magdalena,Jalisco,Occidente,20.90909,-103.9572
PL/19709/EXP/ES/2016,22109,,COMBU-EXPRESS SA DE CV,,Tequila,Jalisco,Occidente,20.88021,-103.829
PL/1971/EXP/ES/2015,3421,,SERVICIO MAGDALENA SA DE CV,,Magdalena,Jalisco,Occidente,20.9123,-103.9889
PL/19710/EXP/ES/2016,22110,,COMBU-EXPRESS SA DE CV,,Tonila,Jalisco,Occidente,19.40796,-103.5456
PL/19711/EXP/ES/2016,22111,,COMBU-EXPRESS SA DE CV,,Zapotlán del Rey,Jalisco,Occidente,20.3881,-102.9216
PL/19712/EXP/ES/2016,22112,,COMBU-EXPRESS SA DE CV,,San Miguel de Allende,Guanajuato,Occidente,20.9155,-100.7607
PL/19730/EXP/ES/2016,22144,,JORIMAR GASOLINEROS SA DE CV,,Tlajomulco de Zúñiga,Jalisco,Occidente,20.44519,-103.4255
PL/19731/EXP/ES/2016,22145,,IMPEROGAS SA DE CV,,Tlaquepaque,Jalisco,Occidente,20.59779,-103.3912
PL/19737/EXP/ES/2016,22151,,OSEZAC SA DE CV,,Zacatecas,Zacatecas,Occidente,22.76915,-102.5824
PL/19739/EXP/ES/2016,22153,,GRUPO MIGPRI SA DE CV,,Celaya,Guanajuato,Occidente,20.55392,-100.7788
PL/19744/EXP/ES/2016,22158,,TERRA DE RIOS SA DE CV,,Cuauhtémoc,Colima,Occidente,19.38578,-103.5693
PL/19748/EXP/ES/2016,22162,,GASOLINERA LAS VENADAS SA DE CV,,Zapotlanejo,Jalisco,Occidente,20.59181,-102.948
PL/1975/EXP/ES/2015,3437,,SILVIA SALAS TREJO,,Jiquilpan,Michoacán,Occidente,20.00267,-102.7166
PL/19752/EXP/ES/2016,22166,,SUPER SERVICIO AEROPUERTO URUAPAN S DE RL DE CV,,Uruapan,Michoacán,Occidente,19.39693,-102.0355
PL/19754/EXP/ES/2016,22168,,OPERADORA DE SERVICIOS EN MOVILIDAD SA DE CV,,Tlajomulco de Zúñiga,Jalisco,Occidente,20.53247,-103.2876
PL/19756/EXP/ES/2016,22170,,ESTACION DE SERVICIOS LAS MARAVILLAS SA DE CV,,Santa Cruz de Juventino Rosas,Guanajuato,Occidente,20.63029,-100.9698
PL/19757/EXP/ES/2016,22171,,SERVICIOS ENERGETICOS LOS CUARTOS SA DE CV,,Jesús María,Aguascalientes,Occidente,21.95799,-102.3498
PL/19759/EXP/ES/2016,22173,,ESTACION DE SERVICIO COMBUMET SA DE CV,,Acatlán de Juárez,Jalisco,Occidente,20.42255,-103.6109
PL/1977/EXP/ES/2015,3215,,"RED DE GASOLINERAS UNIVERSITARIAS, S.A. DE C.V.",,Zapopan,Jalisco,Occidente,20.73903,-103.376
PL/19782/EXP/ES/2016,22189,,GASOLINERA ARCALMEX SA DE CV,,Nuevo Urecho,Michoacán,Occidente,19.26318,-101.8746
PL/19789/EXP/ES/2016,22196,,GRUPO MULTIDISCIPLINARIO DE COMBUSTIBLES SA DE CV,,Salamanca,Guanajuato,Occidente,20.5632,-101.179
PL/1979/EXP/ES/2015,3657,,GRUPO CORPORATIVO ALMA SA DE CV,,Huejúcar,Jalisco,Occidente,22.37003,-103.2041
PL/19790/EXP/ES/2016,22197,,PARADOR HACIENDA NUEVA SA DE CV,,Morelos,Zacatecas,Occidente,22.86615,-102.6216
PL/19792/EXP/ES/2016,22199,,ABC FUEL SERVICES S DE RL DE CV,,Zapopan,Jalisco,Occidente,20.74452,-103.4258
PL/19794/EXP/ES/2016,22201,,SERVICIOS CARGA DE COLIMA SA DE CV,,Colima,Colima,Occidente,19.24131,-103.7532
PL/19795/EXP/ES/2016,22202,,SERVICIOS Y LUBRICANTES JOYCAR SA DE CV,,Colima,Colima,Occidente,19.26208,-103.6839
PL/1980/EXP/ES/2015,3366,,ESTACION DE SERVICIO LA ARENA SA DE CV,,Zapotlanejo,Jalisco,Occidente,20.58668,-103.1161
PL/19819/EXP/ES/2016,22232,,ESTACION LA 74 SA DE CV,,Guadalajara,Jalisco,Occidente,20.65248,-103.3102
PL/1982/EXP/ES/2015,3316,,COMBUSTIBLES MINOTAURO SA DE CV,,Zapopan,Jalisco,Occidente,20.74094,-103.3991
PL/19825/EXP/ES/2016,22238,,CORPORACION INTEGRADORA EMPRESARIAL DEL BAJIO SA DE CV,,Celaya,Guanajuato,Occidente,20.52009,-100.8012
PL/19828/EXP/ES/2016,22241,,EUCALIPTOS DEL VALLE SA DE CV,,Tlajomulco de Zúñiga,Jalisco,Occidente,20.51204,-103.3714
PL/1983/EXP/ES/2015,3210,,SERVICIO PERITALA SA DE CV,,Tonalá,Jalisco,Occidente,20.68658,-103.2597
PL/19840/EXP/ES/2017,22280,,ECOGASOLINERIA NOVA SA DE CV,,Zapopan,Jalisco,Occidente,20.72056,-103.3607
PL/19842/EXP/ES/2017,22284,,MEGA GASOLINERAS SA DE CV,,Guanajuato,Guanajuato,Occidente,20.97655,-101.2811
PL/19843/EXP/ES/2017,22285,,MEGA GASOLINERAS SA DE CV,,Celaya,Guanajuato,Occidente,20.52713,-100.8482
PL/19844/EXP/ES/2017,22286,,MEGA GASOLINERAS SA DE CV,,Celaya,Guanajuato,Occidente,20.55326,-100.8231
PL/19845/EXP/ES/2017,22287,,MEGA GASOLINERAS SA DE CV,,Irapuato,Guanajuato,Occidente,20.68363,-101.3391
PL/19847/EXP/ES/2017,22289,,GASOLINERA RIVALCAR SA DE CV,,Buenavista,Michoacán,Occidente,19.22007,-102.5885
PL/1985/EXP/ES/2015,3503,,SERVICIOS GASOLINEROS DE MEXICO SA DE CV,,Tlajomulco de Zúñiga,Jalisco,Occidente,20.55564,-103.4568
PL/1986/EXP/ES/2015,3491,,SERVICIOS GASOLINEROS DE MEXICO SA DE CV,,Tlaquepaque,Jalisco,Occidente,20.56312,-103.4132
PL/19865/EXP/ES/2017,22319,,COMBUESPACIO SA DE CV,,Comonfort,Guanajuato,Occidente,20.70815,-100.8349
PL/1987/EXP/ES/2015,3452,,PICO DE LAMAS SA DE CV,,Guadalajara,Jalisco,Occidente,20.69357,-103.2692
PL/1988/EXP/ES/2015,3438,,SERVICIOS GASOLINEROS DE MEXICO SA DE CV,,Tlaquepaque,Jalisco,Occidente,20.60435,-103.3997
PL/1989/EXP/ES/2015,3409,,COMBUSTIBLES POSEIDON SA DE CV,,Tlajomulco de Zúñiga,Jalisco,Occidente,20.58483,-103.4472
PL/1990/EXP/ES/2015,3283,,COMBUSTIBLES CENTAURO SA DE CV,,Zapopan,Jalisco,Occidente,20.70972,-103.4092
PL/19902/EXP/ES/2017,22379,,GASOLINERA MOCHICAHUI SA DE CV,,Guadalajara,Jalisco,Occidente,20.67014,-103.2699
PL/19904/EXP/ES/2017,22381,,GASOLINERA CORUPO SA DE CV,,Uruapan,Michoacán,Occidente,19.37522,-102.0447
PL/1991/EXP/ES/2015,3490,,ESTACION DE SERVICIO MAXIPISTA TAPATIA SA DE CV,,Zapotlanejo,Jalisco,Occidente,20.60373,-103.1286
PL/1993/EXP/ES/2015,3258,,SERVICIOS GASOLINEROS DE MEXICO SA DE CV,,Zapopan,Jalisco,Occidente,20.63135,-103.432
PL/1994/EXP/ES/2015,3445,,SUPER SERVICIO TUXPAN SA DE CV,,Tuxpan,Jalisco,Occidente,19.55673,-103.3689
PL/19942/EXP/ES/2017,22415,,ESTACION DE SERVICIO LEON S DE RL DE CV,,Irapuato,Guanajuato,Occidente,20.72871,-101.3398
PL/19943/EXP/ES/2017,22416,,GASOABASTECIMIENTO DE GUADALAJARA SA DE CV,,Guadalajara,Jalisco,Occidente,20.6538,-103.3362
PL/19944/EXP/ES/2017,22417,,SERVICIO CHINISTILA S DE RL DE CV,,Coalcomán de Vázquez Pallares,Michoacán,Occidente,18.77929,-103.1744
PL/1996/EXP/ES/2015,3492,,COMBUSTIBLES MELAMENGAMBREAS SA DE CV,,Zapopan,Jalisco,Occidente,20.66154,-103.4307
PL/19969/EXP/ES/2017,22437,,GASOLINERA FEMARA SA DE CV,,Tala,Jalisco,Occidente,20.65273,-103.7107
PL/1997/EXP/ES/2015,3231,,SERVICIO CERCA LIZA SA DE CV,,Zapotiltic,Jalisco,Occidente,19.63044,-103.3351
PL/19970/EXP/ES/2017,22438,,GASOLINERA YURIRENSE SA DE CV,,Uriangato,Guanajuato,Occidente,20.12852,-101.1802
PL/19971/EXP/ES/2017,22439,,GASOLINERIA SAN JUAN PABLO SEGUNDO SA DE CV,,Tonalá,Jalisco,Occidente,20.61829,-103.2265
PL/19976/EXP/ES/2017,22444,,SERVICIO RAMIREZ DE APASEO SA DE CV,,Apaseo el Grande,Guanajuato,Occidente,20.54113,-100.6936
PL/19979/EXP/ES/2017,22447,,SUPERSERVICIO TORRES SA DE CV,,Apatzingán,Michoacán,Occidente,19.08366,-102.3525
PL/1998/EXP/ES/2015,3295,,SERVICIOS GASOLINEROS DE MEXICO SA DE CV,,Tlaquepaque,Jalisco,Occidente,20.62465,-103.3143
PL/1999/EXP/ES/2015,3547,,COMBUSTIBLES TRITON SA DE CV,,Zapopan,Jalisco,Occidente,20.72942,-103.5315
PL/19998/EXP/ES/2017,22477,,COMBUSTIBLES EL RELICARIO SA DE CV,,Pihuamo,Jalisco,Occidente,19.21003,-103.4628
PL/20004/EXP/ES/2017,22483,,GASOLINERA 35 SA DE CV,,Uruapan,Michoacán,Occidente,19.41369,-102.0595
PL/2001/EXP/ES/2015,3234,,COMBUSTIBLES POPOYOTE SA DE CV,,Tlajomulco de Zúñiga,Jalisco,Occidente,20.54415,-103.4722
PL/20011/EXP/ES/2017,22491,,MEGA GASOLINERAS SA DE CV,,Cortazar,Guanajuato,Occidente,20.48724,-100.9686
PL/20012/EXP/ES/2017,22492,,MEGA GASOLINERAS SA DE CV,,Silao,Guanajuato,Occidente,20.96585,-101.4572
PL/20013/EXP/ES/2017,22493,,MEGA GASOLINERAS SA DE CV,,Guanajuato,Guanajuato,Occidente,21.01661,-101.2722
PL/20014/EXP/ES/2017,22494,,MEGA GASOLINERAS SA DE CV,,San Francisco del Rincón,Guanajuato,Occidente,20.99084,-101.8442
PL/20015/EXP/ES/2017,22495,,MEGA GASOLINERAS SA DE CV,,Salamanca,Guanajuato,Occidente,20.58208,-101.2209
PL/2002/EXP/ES/2015,3326,,ESTACION DE SERVICIO PATRIA UNIVERSIDAD SA DE CV,,Zapopan,Jalisco,Occidente,20.68575,-103.42
PL/2003/EXP/ES/2015,3268,,COMBUSTIBLES TAFIRUL SA DE CV,,Zapopan,Jalisco,Occidente,20.64911,-103.4444
PL/20030/EXP/ES/2017,22540,,COMBULLANTAS SA DE CV,,Celaya,Guanajuato,Occidente,20.4966,-100.8446
PL/20031/EXP/ES/2017,22541,,GASOLINERA RETO SA DE CV,,Irapuato,Guanajuato,Occidente,20.71585,-101.3692
PL/2004/EXP/ES/2015,10844,,SERVICIO RAYO SA DE CV,,Zapopan,Jalisco,Occidente,20.64487,-103.4326
PL/20042/EXP/ES/2017,22527,,MEGA GASOLINERAS SA DE CV,,San Francisco del Rincón,Guanajuato,Occidente,21.0439,-101.7949
PL/2005/EXP/ES/2015,3643,,COMBUSTIBLES CHURUMUCO SA DE CV,,Tonalá,Jalisco,Occidente,20.6685,-103.2342
PL/20056/EXP/ES/2017,22603,,ARCELIA HERNANDEZ SILVA,,Zamora,Michoacán,Occidente,19.9922,-102.2618
PL/20057/EXP/ES/2017,22604,,ASFALTOS UNIVERSALES SA DE CV,,Santa Cruz de Juventino Rosas,Guanajuato,Occidente,20.60317,-100.9196
PL/20059/EXP/ES/2017,22606,,COMBUSTIBLES EL AMIAL SA DE CV,,Guadalajara,Jalisco,Occidente,20.69349,-103.2695
PL/20060/EXP/ES/2017,22607,,DORADO MOTORS SA DE CV,,Lagos de Moreno,Jalisco,Occidente,21.24432,-101.7891
PL/20069/EXP/ES/2017,22616,,SERVICIO LA SOLEDAD SA DE CV,,San José Iturbide,Guanajuato,Occidente,21.03465,-100.324
PL/2007/EXP/ES/2015,11161,,SERVICIO FAPILO SA DE CV,,Tlajomulco de Zúñiga,Jalisco,Occidente,20.48743,-103.5535
PL/20070/EXP/ES/2017,22617,,SERVICIO SIERRA DE ARTEAGA SA DE CV,,Silao,Guanajuato,Occidente,20.92971,-101.4053
PL/2009/EXP/ES/2015,3465,,SUECU SA DE CV,,Uruapan,Michoacán,Occidente,19.42607,-102.0408
PL/2011/EXP/ES/2015,3671,,SERVICIO CAMPER SA DE CV,,Guadalajara,Jalisco,Occidente,20.68799,-103.2942
PL/20113/EXP/ES/2017,22637,,ARASA GASOLINERA SA DE CV,,Morelia,Michoacán,Occidente,19.69202,-101.1425
PL/20117/EXP/ES/2017,22641,,ESTACION DE SERVICIO LEON S DE RL DE CV,,San Francisco del Rincón,Guanajuato,Occidente,21.02895,-101.8579
PL/20118/EXP/ES/2017,22642,,GASOLINERIA CUITZILLOS SA DE CV,,Hidalgo,Michoacán,Occidente,19.68082,-100.5571
PL/20119/EXP/ES/2017,22643,,SERVICIO TECHALUTA SA DE CV,,Sayula,Jalisco,Occidente,19.8934,-103.5211
PL/20122/EXP/ES/2017,22645,,J JESUS VAZQUEZ,,San José Iturbide,Guanajuato,Occidente,20.99077,-100.3967
PL/20124/EXP/ES/2017,22647,,MEGA GASOLINERAS SA DE CV,,Purísima del Rincón,Guanajuato,Occidente,21.02451,-101.8698
PL/2015/EXP/ES/2015,3335,,SERVICIO PERCOGAS SA DE CV,,Zapopan,Jalisco,Occidente,20.64808,-103.4425
PL/20169/EXP/ES/2017,22701,,ESTACION DE SERVICIO HIDROCALIDA SA DE CV,,Aguascalientes,Aguascalientes,Occidente,21.86435,-102.299
PL/20188/EXP/ES/2017,22742,,SERVICIO GASOLINERA CEREZO SA DE CV,,Uruapan,Michoacán,Occidente,19.41228,-102.0162
PL/20189/EXP/ES/2017,22743,,SERVICIOS AUTOENERGETICOS CAMPOS SA DE CV,,Teocaltiche,Jalisco,Occidente,21.42622,-102.5853
PL/20205/EXP/ES/2017,22759,,SIDI GAS SA DE CV,,Hidalgo,Michoacán,Occidente,19.68568,-100.5477
PL/20208/EXP/ES/2017,22762,,GUSTAVO CORDOVA LOUSTAUNAU,,Tlaquepaque,Jalisco,Occidente,20.55017,-103.4389
PL/20233/EXP/ES/2017,22816,,ESTACION GM SA DE CV,,Valle de Guadalupe,Jalisco,Occidente,20.96893,-102.6487
PL/20234/EXP/ES/2017,22817,,MEGA GASOLINERAS SA DE CV,,Salamanca,Guanajuato,Occidente,20.5377,-101.2058
PL/20242/EXP/ES/2017,22825,,SERVICIOS GASOLINEROS DE MEXICO SA DE CV,,Tototlán,Jalisco,Occidente,20.54439,-102.7875
PL/20243/EXP/ES/2017,22826,,SERVICIOS GASOLINEROS DE MEXICO SA DE CV,,Zacatecas,Zacatecas,Occidente,22.77092,-102.5897
PL/20285/EXP/ES/2017,22869,,SERVICIO EXPRESS PURUANDIRO SA DE CV,,Puruándiro,Michoacán,Occidente,20.09333,-101.51
PL/20286/EXP/ES/2017,22870,,SUPER GAS BAJIO SA DE CV,,Irapuato,Guanajuato,Occidente,20.70361,-101.3205
PL/20288/EXP/ES/2017,22872,,RED SIGLO XXI SA DE CV,,Jesús María,Aguascalientes,Occidente,21.93736,-102.3083
PL/20290/EXP/ES/2017,22874,,SERVICIO LOS POETAS SA DE CV,,Puerto Vallarta,Jalisco,Occidente,20.6712,-105.2011
PL/20292/EXP/ES/2017,22876,,HILDA CONSUELO CALATA REYNAGA,,Villa Corona,Jalisco,Occidente,20.37557,-103.7253
PL/2031/EXP/ES/2015,3597,,ESTACION EL CRUCERO SA DE CV,,Tepezalá,Aguascalientes,Occidente,22.18689,-102.2445
PL/20327/EXP/ES/2017,22935,,ELVA CRUZ BARAJAS,,Yurécuaro,Michoacán,Occidente,20.33946,-102.2856
PL/20333/EXP/ES/2017,22943,,GASOLINERA LOS VECINOS SA DE CV,,Puerto Vallarta,Jalisco,Occidente,20.53088,-105.2935
PL/20335/EXP/ES/2017,22946,,GRUPO GASOLINERO BUGATTI SA DE CV,,Celaya,Guanajuato,Occidente,20.62936,-100.7738
PL/20397/EXP/ES/2017,23052,,COMBUSTIBLES Y LUBRICANTES DEL CRESPO SA DE CV,,León,Guanajuato,Occidente,21.11686,-101.6347
PL/20410/EXP/ES/2017,23065,,GRUPO SECA GASOLINERAS SA DE CV,,San Francisco del Rincón,Guanajuato,Occidente,21.02812,-101.8628
PL/20439/EXP/ES/2017,23142,,CAXCAN MULTI-SERVICIO SA DE CV,,Jalpa,Zacatecas,Occidente,21.65055,-102.9678
PL/20443/EXP/ES/2017,23151,,ESTACION 5 DE FEBRERO SA DE CV,,Guadalajara,Jalisco,Occidente,20.65953,-103.3386
PL/20448/EXP/ES/2017,23140,,GASOLINERA VALSA SA DE CV,,Tepalcatepec,Michoacán,Occidente,19.20174,-102.8318
PL/20451/EXP/ES/2017,23139,,MC GASOLINEROS SA DE CV,,Vista Hermosa,Michoacán,Occidente,20.26768,-102.4552
PL/20452/EXP/ES/2017,23143,,MEGA GASOLINERAS SA DE CV,,Silao,Guanajuato,Occidente,20.9278,-101.4483
PL/20455/EXP/ES/2017,23136,,SERVICIOS GAFEM S DE RL DE CV,,San José Iturbide,Guanajuato,Occidente,20.9758,-100.4263
PL/20456/EXP/ES/2017,23135,,TLAJOGAS SA DE CV,,Tlajomulco de Zúñiga,Jalisco,Occidente,20.47757,-103.4388
PL/20492/EXP/ES/2017,23168,,ESTACION DE SERVICIO PUERTA GRANDE S DE RL DE CV,,León,Guanajuato,Occidente,21.07716,-101.6355
PL/20493/EXP/ES/2017,23169,,GASOLINERA LOS PIRULES SA DE CV,,Ocotlán,Jalisco,Occidente,20.35416,-102.7805
PL/20494/EXP/ES/2017,23170,,SERVICIOS GASOLINEROS DE MEXICO SA DE CV,,León,Guanajuato,Occidente,21.07213,-101.5987
PL/20495/EXP/ES/2017,23172,,SERVICIOS GASOLINEROS DE MEXICO SA DE CV,,San Juan de los Lagos,Jalisco,Occidente,21.28889,-102.2409
PL/20499/EXP/ES/2017,23177,,SERVICIOS GASOLINEROS DE MEXICO SA DE CV,,Silao,Guanajuato,Occidente,20.98868,-101.49
PL/2051/EXP/ES/2015,3845,,OPERADORA DE COMBUSTIBLES SAN JUAN SA DE CV,,San Juan de los Lagos,Jalisco,Occidente,21.25432,-102.3269
PL/20539/EXP/ES/2017,23218,,GASOLINERA EXPRESS DE TECARIO SA DE CV,,Tacámbaro,Michoacán,Occidente,19.23141,-101.5387
PL/2054/EXP/ES/2015,3827,,GRUPO MACADA 168 SA DE CV,,Apaseo el Alto,Guanajuato,Occidente,20.53114,-100.5084
PL/20549/EXP/ES/2017,23229,,SERVIEXPRESS 5 DE MAYO S DE RL DE CV,,Guadalajara,Jalisco,Occidente,20.62056,-103.3568
PL/20575/EXP/ES/2017,23280,,ALEJANDRO LOPEZ OROZCO,,Jalpa,Zacatecas,Occidente,21.64417,-102.9767
PL/2058/EXP/ES/2015,3847,,ORGANIZACION LA LUNA SA DE CV,,Ixtlahuacán del Río,Jalisco,Occidente,20.86938,-103.1576
PL/20584/EXP/ES/2017,23281,,SIMBA EXPRESS SA DE CV,,Guadalajara,Jalisco,Occidente,20.70439,-103.3451
PL/20585/EXP/ES/2017,23283,,SERVICIOS GASOLINEROS DE MEXICO SA DE CV,,San Francisco del Rincón,Guanajuato,Occidente,21.04617,-101.7925
PL/20613/EXP/ES/2017,23326,,FLORENCIA 1000 SA DE CV,,Guadalajara,Jalisco,Occidente,20.6918,-103.3756
PL/20615/EXP/ES/2017,23328,,SERVICIO CAMPESTRE EL LLANO SA DE CV,,Villa de Álvarez,Colima,Occidente,19.27271,-103.7434
PL/2063/EXP/ES/2015,3681,,SERVICIO EXPRESS PURUANDIRO SA DE CV,,Puruándiro,Michoacán,Occidente,20.09628,-101.5228
PL/20665/EXP/ES/2017,23388,,COMBUSTIBLES EL ESPINAL SA DE CV,,Villa de Álvarez,Colima,Occidente,19.26923,-103.7768
PL/20666/EXP/ES/2017,23389,,ESTACION DE SERVICIO EJERCITO SA DE CV,,Guadalajara,Jalisco,Occidente,20.66014,-103.3348
PL/20671/EXP/ES/2017,23394,,INMOBILIARIA SAMICH SA DE CV,,La Barca,Jalisco,Occidente,20.28015,-102.5561
PL/2072/EXP/ES/2015,3851,,GASOLINERA PEGASO DE OCCIDENTE SA DE CV,,Guadalajara,Jalisco,Occidente,20.61983,-103.3916
PL/2073/EXP/ES/2015,3704,,COMBUSTIBLES ARCADE SA DE CV,,Tlaquepaque,Jalisco,Occidente,20.5906,-103.3849
PL/20764/EXP/ES/2017,23502,,ESTACION IRRIGACION SA DE CV,,Celaya,Guanajuato,Occidente,20.53688,-100.8043
PL/20773/EXP/ES/2017,23437,,MEGA GASOLINERAS SA DE CV,,Pénjamo,Guanajuato,Occidente,20.42327,-101.7187
PL/20774/EXP/ES/2017,23438,,MEGA GASOLINERAS SA DE CV,,Apaseo el Grande,Guanajuato,Occidente,20.5338,-100.7098
PL/20778/EXP/ES/2017,23514,,ROSA MARIA BECERRA RUIZ,,Cañadas de Obregón,Jalisco,Occidente,21.14813,-102.6807
PL/2078/EXP/ES/2015,3695,,GRUPO SECA GASOLINERAS SA DE CV,,Salamanca,Guanajuato,Occidente,20.58093,-101.2208
PL/2080/EXP/ES/2015,3740,,VICTOR JAVIER VARGAS CRUZ,,Abasolo,Guanajuato,Occidente,20.57557,-101.5157
PL/20812/EXP/ES/2018,23919,,SERVICIO PETRO APASEO SA DE CV,,Apaseo el Alto,Guanajuato,Occidente,20.46305,-100.6134
PL/2082/EXP/ES/2015,3820,,GRUPO EMPRESARIAL TANGAMANDAPENSE SA DE CV,,Tangamandapio,Michoacán,Occidente,19.96207,-102.4388
PL/2084/EXP/ES/2015,3766,,FRANCISCO JAVIER CEDEÑO SERENO,,Morelia,Michoacán,Occidente,19.69595,-101.1596
PL/20844/EXP/ES/2018,23982,,COMBUESTACION DE SERVICIOS DEL SUR SA DE CV,,Guadalajara,Jalisco,Occidente,20.67032,-103.3314
PL/2086/EXP/ES/2015,3722,,JUAN RAFAEL PINTO VELASCO,,Colima,Colima,Occidente,19.24139,-103.6975
PL/2087/EXP/ES/2015,3683,,FRANCISCO JAVIER CEDEÑO SERENO,,Morelia,Michoacán,Occidente,19.73093,-101.1146
PL/20879/EXP/ES/2018,24019,,CAMPANITA GAS DE ZACATECAS SA DE CV,,Fresnillo,Zacatecas,Occidente,23.18962,-102.8819
PL/20886/EXP/ES/2018,24026,,GASOLINERAS DIERSA SA DE CV,,Tlaquepaque,Jalisco,Occidente,20.57935,-103.4291
PL/20887/EXP/ES/2018,24027,,MEGA GASOLINERAS SA DE CV,,Aguascalientes,Aguascalientes,Occidente,21.85986,-102.2989
PL/20890/EXP/ES/2018,24030,,SERVICIOS GASOLINEROS DE MEXICO SA DE CV,,Lagos de Moreno,Jalisco,Occidente,21.37534,-101.9651
PL/20925/EXP/ES/2018,24061,,MEGA GASOLINERAS SA DE CV,,Silao,Guanajuato,Occidente,20.9659,-101.4573
PL/20959/EXP/ES/2018,24112,,GRUPO JGJ-LUAN SA DE CV,,Zapopan,Jalisco,Occidente,20.76437,-103.439
PL/2096/EXP/ES/2015,3712,,ESTACION DE SERVICIO GRUPO CARPE SA DE CV,,Zamora,Michoacán,Occidente,19.96878,-102.2652
PL/20961/EXP/ES/2018,24114,,MEGA GASOLINERAS SA DE CV,,San Miguel de Allende,Guanajuato,Occidente,20.89437,-100.7572
PL/20962/EXP/ES/2018,24115,,MEGA GASOLINERAS SA DE CV,,Salamanca,Guanajuato,Occidente,20.52211,-101.2079
PL/20963/EXP/ES/2018,24116,,MEGA GASOLINERAS SA DE CV,,Celaya,Guanajuato,Occidente,20.53384,-100.7766
PL/20964/EXP/ES/2018,24117,,MEGA GASOLINERAS SA DE CV,,San José Iturbide,Guanajuato,Occidente,21.00386,-100.3915
PL/20965/EXP/ES/2018,24118,,MEGA GASOLINERAS SA DE CV,,San Felipe,Guanajuato,Occidente,21.47573,-101.2211
PL/20967/EXP/ES/2018,24120,,REFINERIA FAOMABIR SA DE CV,,Tlaquepaque,Jalisco,Occidente,20.61555,-103.3205
PL/20970/EXP/ES/2018,24123,,SERVICIO LOS LAGOS SA DE CV,,Jalostotitlán,Jalisco,Occidente,21.24754,-102.5034
PL/20972/EXP/ES/2018,24125,,YEFFRANDI S DE RL DE CV,,San Julián,Jalisco,Occidente,21.00699,-102.147
PL/21004/EXP/ES/2018,24164,,COMBU-EXPRESS SA DE CV,,Zapotiltic,Jalisco,Occidente,19.63984,-103.4439
PL/21006/EXP/ES/2018,24166,,SERVICIO CALIPSO S DE RL DE CV,,Lagos de Moreno,Jalisco,Occidente,21.37688,-101.8934
PL/21012/EXP/ES/2018,24172,,GRUPO PETROLERO ASHLEY S.A. DE C.V.,,Hostotipaquillo,Jalisco,Occidente,20.98183,-104.0539
PL/21014/EXP/ES/2018,24174,,LUIS FERNANDO ARIAS OCHOA,,Guadalupe,Zacatecas,Occidente,22.77967,-102.4972
PL/21015/EXP/ES/2018,24175,,MEGA GASOLINERAS SA DE CV,,Pénjamo,Guanajuato,Occidente,20.43101,-101.703
PL/21016/EXP/ES/2018,24176,,MEGA GASOLINERAS SA DE CV,,Guanajuato,Guanajuato,Occidente,20.96186,-101.2857
PL/21017/EXP/ES/2018,24177,,MEGA GASOLINERAS SA DE CV,,Pénjamo,Guanajuato,Occidente,20.41521,-101.7115
PL/21027/EXP/ES/2018,24187,,"SERVICIOS, EQUIPAMIENTOS Y DESARROLLOS HIDROCALIDOS SA DE CV",,Aguascalientes,Aguascalientes,Occidente,21.85956,-102.2565
PL/21033/EXP/ES/2018,24193,,SERVICIO RINCON DE ROMOS SA DE CV,,Rincón de Romos,Aguascalientes,Occidente,22.20045,-102.3048
PL/21062/EXP/ES/2018,24220,,ESTACION DE SERVICIO TAVISA SA DE CV,,Morelia,Michoacán,Occidente,19.71133,-101.164
PL/21064/EXP/ES/2018,24222,,ESTACION UNIVERSIDAD DE TEPA SA DE CV,,Tepatitlán de Morelos,Jalisco,Occidente,20.84307,-102.7926
PL/21065/EXP/ES/2018,24223,,ESTACION VIRGEN SA DE CV,,Colima,Colima,Occidente,19.25265,-103.6896
PL/21071/EXP/ES/2018,24229,,MEGA GASOLINERAS SA DE CV,,San Miguel de Allende,Guanajuato,Occidente,20.9238,-100.7779
PL/21072/EXP/ES/2018,24230,,MONDYAL LAVANT SA DE CV,,Tlaquepaque,Jalisco,Occidente,20.57561,-103.3484
PL/21075/EXP/ES/2018,24233,,SERVIGASO CHACON SA DE CV,,Tepalcatepec,Michoacán,Occidente,19.19103,-102.8461
PL/21114/EXP/ES/2018,24304,,COSTCO GAS SA DE CV,,Celaya,Guanajuato,Occidente,20.54408,-100.8206
PL/21118/EXP/ES/2018,24279,,GASOLINERA OPERADORA GONZER SA DE CV,,Apaseo el Grande,Guanajuato,Occidente,20.53255,-100.647
PL/21119/EXP/ES/2018,24280,,GRUPO GASOLINERO BUGATTI SA DE CV,,Celaya,Guanajuato,Occidente,20.46005,-100.8036
PL/21122/EXP/ES/2018,24283,,LOSA GAS SA DE CV,,Zapopan,Jalisco,Occidente,20.62989,-103.4485
PL/21123/EXP/ES/2018,24284,,MEGA GASOLINERAS SA DE CV,,San Miguel de Allende,Guanajuato,Occidente,20.88203,-100.772
PL/21124/EXP/ES/2018,24285,,MEGA GASOLINERAS SA DE CV,,Celaya,Guanajuato,Occidente,20.51799,-100.8662
PL/21128/EXP/ES/2018,24289,,RUBEN ROBLEDO AGABO,,José Sixto Verduzco,Michoacán,Occidente,20.30056,-101.598
PL/21129/EXP/ES/2018,24290,,SERVICIO CHOPA SA DE CV,,León,Guanajuato,Occidente,21.12548,-101.6543
PL/2113/EXP/ES/2015,3785,,SERVICIOS GASOLINEROS DE MEXICO SA DE CV,,Colima,Colima,Occidente,19.22986,-103.7038
PL/21131/EXP/ES/2018,24292,,SERVICIO MARGAS SA DE CV,,Irapuato,Guanajuato,Occidente,20.71624,-101.368
PL/21169/EXP/ES/2018,24341,,ESTACION DE SERVICIO COLIMAR SA DE CV,,,Colima,Occidente,18.91672,-103.8772
PL/2117/EXP/ES/2015,3855,,SERVICIO DIOSA DE LA VILLA SA DE CV,,Villa de Álvarez,Colima,Occidente,19.27378,-103.7404
PL/21172/EXP/ES/2018,24344,,GASOLINERA OPERADORA GONZER SA DE CV,,Apaseo el Grande,Guanajuato,Occidente,20.53185,-100.6514
PL/21173/EXP/ES/2018,24347,,ESTACION DE SERVICIO PUERTA GRANDE S DE RL DE CV,,León,Guanajuato,Occidente,21.08509,-101.6497
PL/21179/EXP/ES/2018,24353,,SERVICIO GRUPO TEPEYAC SA DE CV,,Apaseo el Grande,Guanajuato,Occidente,20.56872,-100.4965
PL/21219/EXP/ES/2018,24396,,JENIFER SANCHEZ DE LA TORRE,,Huetamo,Michoacán,Occidente,18.62959,-100.8996
PL/21223/EXP/ES/2018,24400,,OSCAR GONZALEZ DIAZ INFANTE,,León,Guanajuato,Occidente,20.9435,-101.7129
PL/21226/EXP/ES/2018,24403,,SERVICIO CHOPA SA DE CV,,León,Guanajuato,Occidente,21.09393,-101.6421
PL/21227/EXP/ES/2018,24404,,SERVICIOS Y PRODUCTOS HERMANOS FLORES SA DE CV,,Loreto,Zacatecas,Occidente,22.2787,-101.8645
PL/21272/EXP/ES/2018,24479,,ENERGIA Y SERVICIOS TERRA SA DE CV,,Aguascalientes,Aguascalientes,Occidente,21.9075,-102.2976
PL/21274/EXP/ES/2018,24481,,GASOLINERA ESTACION CAYETANO SA DE CV,,El Salto,Jalisco,Occidente,20.50229,-103.2196
PL/21276/EXP/ES/2018,24483,,MEGA GASOLINERAS SA DE CV,,San Luis de la Paz,Guanajuato,Occidente,21.28709,-100.5088
PL/21278/EXP/ES/2018,24485,,SERVICIO INDEPENDENCIA SA DE CV,,Jesús María,Aguascalientes,Occidente,21.9523,-102.3437
PL/2129/EXP/ES/2015,3839,,SERVICIO CORTEZ DE COLIMA SA DE CV,,Colima,Colima,Occidente,19.209,-103.7409
PL/21327/EXP/ES/2018,24520,,ATESA GAS SA DE CV,,Guanajuato,Guanajuato,Occidente,20.92892,-101.2924
PL/21333/EXP/ES/2018,24526,,INMOBILIARIA HEMAJO DE ATLACOMULCO SA DE CV,,Contepec,Michoacán,Occidente,19.879,-100.1378
PL/21334/EXP/ES/2018,24527,,INTEGRADORA SAN JOSE SALZAC SA DE CV,,Villa de Cos,Zacatecas,Occidente,23.09353,-102.2827
PL/21337/EXP/ES/2018,24532,,LM SERVICIOS ENERGETICOS SA DE CV,,San José Iturbide,Guanajuato,Occidente,21.0304,-100.4583
PL/21338/EXP/ES/2018,24533,,MEGA GASOLINERAS SA DE CV,,Valle de Santiago,Guanajuato,Occidente,20.39468,-101.211
PL/21361/EXP/ES/2018,24560,,COSTCO GAS SA DE CV,,Puerto Vallarta,Jalisco,Occidente,20.64133,-105.2227
PL/21368/EXP/ES/2018,24567,,PETROLIFEROS DEL VALLE SA DE CV,,Valparaíso,Zacatecas,Occidente,22.79434,-103.545
PL/21371/EXP/ES/2018,24570,,SERVICIO DE COMBUSTIBLE LOS PINITOS SA DE CV,,Hidalgo,Michoacán,Occidente,19.67177,-100.5676
PL/21372/EXP/ES/2018,24571,,SERVICIO GASOLINERO AHUALULCO SA DE CV,,Irapuato,Guanajuato,Occidente,20.66784,-101.3772
PL/21373/EXP/ES/2018,24572,,SERVICIOS DIVERSOS DEL CENTRO SA DE CV,,Celaya,Guanajuato,Occidente,20.5541,-100.8448
PL/2142/EXP/ES/2015,3844,,SERVICIO NORAMA SA DE CV,,Arandas,Jalisco,Occidente,20.70816,-102.3841
PL/21438/EXP/ES/2018,24653,,COMBUSTIBLES BUENA ESPERANZA SA DE CV,,Villa de Álvarez,Colima,Occidente,19.27766,-103.7235
PL/21443/EXP/ES/2018,24658,,ESTACION DE SERVICIO LOS HIJUELOS SA DE CV,,Amatitán,Jalisco,Occidente,20.82408,-103.7205
PL/21447/EXP/ES/2018,24662,,JUAN MUÑOZ ALBA,,Sombrerete,Zacatecas,Occidente,23.9395,-103.6668
PL/21449/EXP/ES/2018,24664,,MULTISERVICIOS KUPANDA SA DE CV,,Copándaro,Michoacán,Occidente,19.89486,-101.2211
PL/21454/EXP/ES/2018,24669,,SERVICIO ARUMBASI S DE RL DE CV,,Zamora,Michoacán,Occidente,19.9857,-102.2922
PL/2146/EXP/ES/2015,3869,,GRUPO GASOLINERO RIVAS SA DE CV,,Zacatecas,Zacatecas,Occidente,22.75589,-102.595
PL/21490/EXP/ES/2018,24699,,LOBO SABIO SERVICIOS GASOLINEROS SA DE CV,,Jalpa,Zacatecas,Occidente,21.64604,-102.9747
PL/21545/EXP/ES/2018,24770,,COMBUSTIBLES HALCON DE MEXICO SA DE CV,,El Salto,Jalisco,Occidente,20.56231,-103.2843
PL/21558/EXP/ES/2018,24783,,SERVICIOS GASOLINEROS DE MEXICO SA DE CV,,Ocotlán,Jalisco,Occidente,20.3471,-102.7771
PL/2160/EXP/ES/2015,3699,,"SERVICIO LA LOMA LOS CEDROS, S.A. DE C.V",,La Piedad,Michoacán,Occidente,20.30442,-101.9929
PL/21609/EXP/ES/2018,24841,,JAVIER GUERRERO CARRAZCO,,Buenavista,Michoacán,Occidente,19.15853,-102.5415
PL/21611/EXP/ES/2018,24843,,LA GAS DE JARAL SA DE CV,,Jaral del Progreso,Guanajuato,Occidente,20.3821,-101.0554
PL/21614/EXP/ES/2018,24846,,RED DE COMBUSTIBLES SAN MIGUEL SA DE CV,,,Colima,Occidente,18.91504,-103.8664
PL/21664/EXP/ES/2018,24903,,COMBUSTIBLES ALCE SA DE CV,,Guadalajara,Jalisco,Occidente,20.66182,-103.327
PL/21669/EXP/ES/2018,24908,,GASOLINERA CHAPALITA SA DE CV,,,Colima,Occidente,18.91468,-103.876
PL/2167/EXP/ES/2015,3826,,SERVICIO BELISARIO SA DE CV,,Guadalajara,Jalisco,Occidente,20.69335,-103.3226
PL/21670/EXP/ES/2018,24909,,GASOLINERA DIXE SA DE CV,,Tonalá,Jalisco,Occidente,20.6453,-103.2628
PL/21672/EXP/ES/2018,24911,,GASOLINERA FCP SA DE CV,,Buenavista,Michoacán,Occidente,19.1561,-102.7056
PL/21673/EXP/ES/2018,24912,,GASOLINERA SANFE SA DE CV,,San Felipe,Guanajuato,Occidente,21.47931,-101.2094
PL/21674/EXP/ES/2018,24913,,GASOLINERA SAN JUAN DE DIOS SA DE CV,,Los Reyes,Michoacán,Occidente,19.61106,-102.4812
PL/21678/EXP/ES/2018,24917,,GRUPO GASOLINERO MINATITLAN COLIMA SA DE CV,,Coquimatlán,Colima,Occidente,19.16759,-103.9226
PL/21679/EXP/ES/2018,24918,,INMOBILIARIA ITURBIDENSE SA DE CV,,San José Iturbide,Guanajuato,Occidente,21.03949,-100.4087
PL/2168/EXP/ES/2015,3703,,GASOLINERA TRIUNFO SA DE CV,,Acatic,Jalisco,Occidente,20.73349,-102.8629
PL/21682/EXP/ES/2018,24921,,MULTISERVICIOS ARIO DE ROSALES SA DE CV,,Ario,Michoacán,Occidente,19.21385,-101.7096
PL/21685/EXP/ES/2018,24924,,SERVICIOS ENERGETICOS LOS CUARTOS SA DE CV,,Jesús María,Aguascalientes,Occidente,21.97452,-102.3501
PL/2171/EXP/ES/2015,3756,,SERVICIO AGIL DE GASOLINAS SA DE CV,,León,Guanajuato,Occidente,21.14402,-101.6587
PL/21718/EXP/ES/2018,24961,,AUTO SERVICIOS SAN CRISTOBAL SA DE CV,,Jocotepec,Jalisco,Occidente,20.21951,-103.3716
PL/2172/EXP/ES/2015,3778,,SERVICIO LA HUERTA DE SAN JOSE SA DE CV,,San José Iturbide,Guanajuato,Occidente,20.98819,-100.4028
PL/21721/EXP/ES/2018,24964,,COMBUSTIBLE BELPER SA DE CV,,Guadalajara,Jalisco,Occidente,20.71415,-103.3021
PL/21793/EXP/ES/2018,25041,,SERVICIO LOMAS AGUASCALIENTES SA DE CV,,Aguascalientes,Aguascalientes,Occidente,21.84558,-102.3079
PL/21795/EXP/ES/2018,25039,,GRUPO GASOLINERO GILCO SA DE CV,,Hidalgo,Michoacán,Occidente,19.68121,-100.6429
PL/2182/EXP/ES/2015,3689,,ESTACION ARB SA DE CV,,Guadalajara,Jalisco,Occidente,20.70955,-103.3111
PL/21844/EXP/ES/2018,25451,,AUTOESTACIONES DE SERVICIO CPG2 SA DE CV,,Tonalá,Jalisco,Occidente,20.63948,-103.276
PL/21849/EXP/ES/2018,25455,,SERVICIOS BELE SA DE CV,,Apaseo el Grande,Guanajuato,Occidente,20.56322,-100.5537
PL/21851/EXP/ES/2018,25457,,SERVI GAXMAR SC DE RL DE CV,,Guadalajara,Jalisco,Occidente,20.66212,-103.2703
PL/21852/EXP/ES/2018,25458,,SERVICIOS INTELIGENTES FLOMAR SA DE CV,,Tlaquepaque,Jalisco,Occidente,20.58205,-103.3612
PL/21855/EXP/ES/2018,25461,,UNIDAD DE GASOLINERAS SA DE CV,,Aguascalientes,Aguascalientes,Occidente,21.82143,-102.2939
PL/2188/EXP/ES/2015,3803,,SERVICIOS VICTORIA SA DE CV,,Lagos de Moreno,Jalisco,Occidente,21.35789,-101.9278
PL/21881/EXP/ES/2018,25500,,ESTACION DE SERVICIOS SOLEDAD SA DE CV,,Fresnillo,Zacatecas,Occidente,23.33547,-102.9843
PL/21882/EXP/ES/2018,25501,,ESTACION EL CRUCERO SA DE CV,,Pabellón de Arteaga,Aguascalientes,Occidente,22.14958,-102.273
PL/21885/EXP/ES/2018,25504,,GASADOL SA DE CV,,Zacatecas,Zacatecas,Occidente,22.76655,-102.6027
PL/21888/EXP/ES/2018,25507,,MEGA GASOLINERAS SA DE CV,,Jesús María,Aguascalientes,Occidente,21.93916,-102.3418
PL/21889/EXP/ES/2018,25508,,MEGA GASOLINERAS SA DE CV,,Aguascalientes,Aguascalientes,Occidente,21.83111,-102.2942
PL/2189/EXP/ES/2015,3862,,GRUPO GASOLINERO RIVAS SA DE CV,,Valparaíso,Zacatecas,Occidente,22.77804,-103.562
PL/21890/EXP/ES/2018,25509,,MEGA GASOLINERAS SA DE CV,,Villagrán,Guanajuato,Occidente,20.509,-100.9559
PL/21891/EXP/ES/2018,25510,,MEGA GASOLINERAS SA DE CV,,Dolores Hidalgo Cuna de la Independencia Nacional,Guanajuato,Occidente,21.16299,-100.905
PL/21892/EXP/ES/2018,25544,,MEGA GASOLINERAS SA DE CV,,Valle de Santiago,Guanajuato,Occidente,20.39957,-101.1889
PL/21893/EXP/ES/2018,25511,,MEGA GASOLINERAS SA DE CV,,Lagos de Moreno,Jalisco,Occidente,21.35107,-101.9301
PL/21894/EXP/ES/2018,25514,,MULTISERVICIO LA VILLITA SA DE CV,,Zacatecas,Zacatecas,Occidente,22.77003,-102.5828
PL/21896/EXP/ES/2018,25516,,RED INTERGAS S DE RL DE CV,,Aguascalientes,Aguascalientes,Occidente,21.91467,-102.3303
PL/2191/EXP/ES/2015,3716,,GASOLINERA INDEPENDENCIA SA DE CV,,Salvatierra,Guanajuato,Occidente,20.24195,-100.9659
PL/2193/EXP/ES/2015,3817,,SERVICIOS VICTORIA SA DE CV,,Lagos de Moreno,Jalisco,Occidente,21.37987,-101.9238
PL/2194/EXP/ES/2015,3720,,GRUPO GASOLINERO RIVAS SA DE CV,,Guadalupe,Zacatecas,Occidente,22.77144,-102.5354
PL/2199/EXP/ES/2015,3815,,LAURA ELENA RIVERA BUSTAMANTE,,Abasolo,Guanajuato,Occidente,20.4867,-101.4914
PL/21992/EXP/ES/2018,25608,,RIGOBERTO EQUIHUA GARCIA,,Apatzingán,Michoacán,Occidente,19.08811,-102.3622
PL/21994/EXP/ES/2018,25610,,SERVICIOS SCDJ SI SA DE CV,,Tlajomulco de Zúñiga,Jalisco,Occidente,20.51982,-103.3437
PL/22050/EXP/ES/2019,25680,,SERVICIOS ENERGETICOS LOS CUARTOS SA DE CV,,Rincón de Romos,Aguascalientes,Occidente,22.22325,-102.3087
PL/22052/EXP/ES/2019,25682,,ALPEZ GAS SA DE CV,,Guadalajara,Jalisco,Occidente,20.65223,-103.3376
PL/22058/EXP/ES/2019,25689,,GRUPO ENERGETICO ITURRALDE SA DE CV,,Jesús María,Aguascalientes,Occidente,21.96362,-102.2937
PL/22062/EXP/ES/2019,25692,,MEGA GASOLINERAS SA DE CV,,Lagos de Moreno,Jalisco,Occidente,21.35697,-101.8972
PL/22064/EXP/ES/2019,25694,,OPERADORA LA HERRADURA SA DE CV,,Silao,Guanajuato,Occidente,21.01908,-101.5329
PL/22067/EXP/ES/2019,25697,,SERVICIOS INTELIGENTES FLOMAR SA DE CV,,Acatlán de Juárez,Jalisco,Occidente,20.36555,-103.5915
PL/22068/EXP/ES/2019,25698,,SERVICIO ECO FENG HUANG EXPRESS SA DE CV,,Buenavista,Michoacán,Occidente,19.22883,-102.7051
PL/2210/EXP/ES/2015,3787,,SERVICIO CHAVEZ SA DE CV,,Santiago Maravatío,Guanajuato,Occidente,20.17809,-100.9992
PL/22144/EXP/ES/2019,25786,,CCORPORATIVO GLOBAL ROCA SA DE CV,,Trancoso,Zacatecas,Occidente,22.73468,-102.3418
PL/22150/EXP/ES/2019,25792,,MEGA GASOLINERAS SA DE CV,,Aguascalientes,Aguascalientes,Occidente,21.78657,-102.2814
PL/22151/EXP/ES/2019,25793,,MEGA GASOLINERAS SA DE CV,,Pénjamo,Guanajuato,Occidente,20.41256,-101.7341
PL/22152/EXP/ES/2019,25794,,MEGA GASOLINERAS SA DE CV,,Santa Cruz de Juventino Rosas,Guanajuato,Occidente,20.58548,-101.0237
PL/22153/EXP/ES/2019,25795,,MEGA GASOLINERAS SA DE CV,,Celaya,Guanajuato,Occidente,20.54657,-100.7959
PL/22157/EXP/ES/2019,25799,,SERVICIOS GASOLINEROS DE MEXICO SA DE CV,,Poncitlán,Jalisco,Occidente,20.35739,-102.7999
PL/22158/EXP/ES/2019,25800,,SERVICIOS INTEGRALES DE TLAQUEPAQUE SA DE CV,,San Ignacio Cerro Gordo,Jalisco,Occidente,20.7809,-102.5582
PL/22160/EXP/ES/2019,25802,,SERVICIO PADRE RICARDO NIEVES SA DE CV,,Rincón de Romos,Aguascalientes,Occidente,22.22439,-102.3052
PL/22221/EXP/ES/2019,25891,,COMBUSTRON 1272 SA DE CV,,Zapopan,Jalisco,Occidente,20.6724,-103.4068
PL/22222/EXP/ES/2019,25892,,EZ INVERSIONES SA DE CV,,Zitácuaro,Michoacán,Occidente,19.4392,-100.3653
PL/22223/EXP/ES/2019,25893,,ESTACION DE SERVICIO MARROT SA DE CV,,Tonalá,Jalisco,Occidente,20.58168,-103.2189
PL/22224/EXP/ES/2019,25894,,ESTACION DE SERVICIO OJO CALIENTE SA DE CV,,Aguascalientes,Aguascalientes,Occidente,21.87704,-102.2374
PL/22230/EXP/ES/2019,25884,,"Paradores de Michoacán, S.A.P.I. DE C.V.",,Pátzcuaro,Michoacán,Occidente,19.54829,-101.5274
PL/22343/EXP/ES/2019,26103,,ARRENDADORA CISNE S DE RL DE CV,,San Felipe,Guanajuato,Occidente,21.68619,-101.0312
PL/22347/EXP/ES/2019,26107,,TOTALENERGIES MARKETING MEXICO SA DE CV,,Poncitlán,Jalisco,Occidente,20.32038,-102.774
PL/22348/EXP/ES/2019,26108,,CARGAS DE AGUASCALIENTES SA DE CV,,Aguascalientes,Aguascalientes,Occidente,21.80832,-102.2922
PL/22362/EXP/ES/2019,26121,,COSTCO GAS SA DE CV,,León,Guanajuato,Occidente,21.15714,-101.7055
PL/22374/EXP/ES/2019,26133,,ENRIQUE TORRES GAMA,,Purísima del Rincón,Guanajuato,Occidente,21.01261,-101.8753
PL/22377/EXP/ES/2019,26136,,ESTACION DE SERVICIO SILVA SA DE CV,,Celaya,Guanajuato,Occidente,20.53629,-100.797
PL/22379/EXP/ES/2019,26091,,ESTACION LAS TORRES SA DE CV,,Celaya,Guanajuato,Occidente,20.55882,-100.8479
PL/22385/EXP/ES/2019,26085,,GASOLINERA MUGICA SA DE CV,,Múgica,Michoacán,Occidente,18.99126,-102.0929
PL/22389/EXP/ES/2019,26081,,GRUPO AP GASOLINERO 1 S A P I DE CV,,Apaseo el Alto,Guanajuato,Occidente,20.45637,-100.6189
PL/22396/EXP/ES/2019,26074,,GRUPO GASOLINERO SAME SA DE CV,,Ario,Michoacán,Occidente,19.23304,-101.6735
PL/2240/EXP/ES/2015,4095,,GRUPO OCTANO SA DE CV,,Yuriria,Guanajuato,Occidente,20.21937,-101.112
PL/22405/EXP/ES/2019,26065,,LA HERRADURA MM S.A. DE C.V.,,Puruándiro,Michoacán,Occidente,20.12551,-101.5229
PL/2241/EXP/ES/2015,4145,,SERVICIOS ESTRELLA DEL SUR SA DE CV,,Villa de Álvarez,Colima,Occidente,19.28201,-103.7324
PL/22414/EXP/ES/2019,26056,,RAMCAL SA DE CV,,Manzanillo,Colima,Occidente,19.06895,-104.2684
PL/2242/EXP/ES/2015,3876,,SERVICIO ACAMBARO SA DE CV,,Acámbaro,Guanajuato,Occidente,20.0368,-100.7317
PL/2243/EXP/ES/2015,4156,,GASOLINERAS DEL CENTRO SA DE CV,,Celaya,Guanajuato,Occidente,20.51252,-100.805
PL/2244/EXP/ES/2015,4036,,SERVICIO EXTRARAPIDO SA DE CV,,Guadalajara,Jalisco,Occidente,20.70671,-103.3475
PL/22558/EXP/ES/2019,26296,,CAPAGAS SA DE CV,,Aguascalientes,Aguascalientes,Occidente,21.86543,-102.2981
PL/22565/EXP/ES/2019,26304,,COMBUSTIBLES RIVALVA SA DE CV,,Arandas,Jalisco,Occidente,20.70821,-102.3549
PL/22580/EXP/ES/2019,26332,,ESTACION DE SERVICIO AJ SA DE CV,,Jesús María,Aguascalientes,Occidente,22.01484,-102.3215
PL/22582/EXP/ES/2019,26315,,ESTACION DE SERVICIO LA AUTOPISTA SA DE CV,,Copándaro,Michoacán,Occidente,19.88554,-101.1898
PL/22583/EXP/ES/2019,26316,,ESTACION DE SERVICIO LA RESERVA SA DE CV,,Guadalajara,Jalisco,Occidente,20.68371,-103.2951
PL/22589/EXP/ES/2019,26310,,ESTACION DE SERVICIO SOYATLAN SA DE CV,,Tamazula de Gordiano,Jalisco,Occidente,19.68581,-103.2925
PL/22594/EXP/ES/2019,26289,,GASOLINERA ALSO SA DE CV,,Tlaquepaque,Jalisco,Occidente,20.62835,-103.4015
PL/22595/EXP/ES/2019,26292,,GASOLINERA MI GUSTO ES SA DE CV,,Indaparapeo,Michoacán,Occidente,19.78453,-100.9926
PL/22596/EXP/ES/2019,26293,,GASOLINERA SJG SA DE CV,,Zapotlanejo,Jalisco,Occidente,20.61085,-102.993
PL/22597/EXP/ES/2019,26294,,GASOLINERA VIC&GO SA DE CV,,Apatzingán,Michoacán,Occidente,19.09502,-102.5028
PL/22599/EXP/ES/2019,26298,,GRUPO EMPRESARIAL GASOLINERO TSA DEL CENTRO SA DE CV,,Aguascalientes,Aguascalientes,Occidente,21.92905,-102.2676
PL/22600/EXP/ES/2019,26282,,GRUPO OPERADOR GASOLINERO TSA DEL CENTRO SA DE CV,,Aguascalientes,Aguascalientes,Occidente,21.92577,-102.3013
PL/22605/EXP/ES/2019,26287,,JORIMAR GASOLINEROS SA DE CV,,Tlajomulco de Zúñiga,Jalisco,Occidente,20.49276,-103.4181
PL/22606/EXP/ES/2019,26424,,LAS COMADRES DE NEXTIPAC SA DE CV,,Zapopan,Jalisco,Occidente,20.76497,-103.5231
PL/22610/EXP/ES/2019,26280,,MEGA GASOLINERAS SA DE CV,,Silao,Guanajuato,Occidente,20.96737,-101.4216
PL/22611/EXP/ES/2019,26281,,MEGA GASOLINERAS SA DE CV,,Guanajuato,Guanajuato,Occidente,20.95772,-101.2696
PL/22612/EXP/ES/2019,26345,,MEGA GASOLINERAS SA DE CV,,Irapuato,Guanajuato,Occidente,20.72106,-101.3694
PL/22613/EXP/ES/2019,26347,,MEGA GASOLINERAS SA DE CV,,Irapuato,Guanajuato,Occidente,20.65886,-101.3044
PL/22614/EXP/ES/2019,26350,,MEGA GASOLINERAS SA DE CV,,San Francisco del Rincón,Guanajuato,Occidente,20.99773,-101.8495
PL/22615/EXP/ES/2019,26351,,MEGA GASOLINERAS SA DE CV,,San Luis de la Paz,Guanajuato,Occidente,21.29481,-100.5947
PL/22616/EXP/ES/2019,26352,,MEGA GASOLINERAS SA DE CV,,San Luis de la Paz,Guanajuato,Occidente,21.28691,-100.5707
PL/22617/EXP/ES/2019,26353,,MEGA GASOLINERAS SA DE CV,,León,Guanajuato,Occidente,21.19151,-101.6501
PL/22618/EXP/ES/2019,26362,,MEGA GASOLINERAS SA DE CV,,León,Guanajuato,Occidente,21.08917,-101.56
PL/22619/EXP/ES/2019,26369,,MEGA GASOLINERAS SA DE CV,,Irapuato,Guanajuato,Occidente,20.68585,-101.3282
PL/22620/EXP/ES/2019,26370,,MEGA GASOLINERAS SA DE CV,,León,Guanajuato,Occidente,21.06058,-101.6124
PL/22621/EXP/ES/2019,26371,,MEGA GASOLINERAS SA DE CV,,León,Guanajuato,Occidente,21.04346,-101.5656
PL/22622/EXP/ES/2019,26373,,MEGA GASOLINERAS SA DE CV,,Manuel Doblado,Guanajuato,Occidente,20.72105,-101.9437
PL/22624/EXP/ES/2019,26376,,MEGA GASOLINERAS SA DE CV,,Cortazar,Guanajuato,Occidente,20.48674,-100.955
PL/22625/EXP/ES/2019,26377,,MEGA GASOLINERAS SA DE CV,,Salamanca,Guanajuato,Occidente,20.59472,-101.1995
PL/22626/EXP/ES/2019,26378,,MEGA GASOLINERAS SA DE CV,,San Felipe,Guanajuato,Occidente,21.47757,-101.2055
PL/22627/EXP/ES/2019,26379,,MEGA GASOLINERAS SA DE CV,,León,Guanajuato,Occidente,21.12423,-101.5962
PL/22628/EXP/ES/2019,26380,,MULTISERVICIOS CRESGRA SA DE CV,,León,Guanajuato,Occidente,21.12307,-101.597
PL/22630/EXP/ES/2019,26382,,SERVI GASPER SA DE CV,,Peribán,Michoacán,Occidente,19.54174,-102.4093
PL/22635/EXP/ES/2019,26387,,SERVICIO INDEPENDENCIA SA DE CV,,Aguascalientes,Aguascalientes,Occidente,21.76255,-102.2777
PL/22648/EXP/ES/2019,26418,,SUPER GASOLINERA WASHINGTON SA DE CV,,Guadalajara,Jalisco,Occidente,20.65855,-103.3549
PL/22650/EXP/ES/2019,26420,,SURTILAGO GASOLINERIAS SA DE CV,,Morelia,Michoacán,Occidente,19.7268,-101.2121
PL/2266/EXP/ES/2015,4165,,ESTACION DE SERVICIO PUERTA GRANDE S DE RL DE CV,,León,Guanajuato,Occidente,21.11054,-101.6251
PL/22835/EXP/ES/2019,26538,,COMBUSTIBLES DE ALTO RENDIMIENTO DEL BAJIO SA DE CV,,Celaya,Guanajuato,Occidente,20.45254,-100.7769
PL/22848/EXP/ES/2019,26533,,ESTACION EL DERRAMADERO SA DE CV,,Pénjamo,Guanajuato,Occidente,20.44282,-101.6601
PL/22866/EXP/ES/2019,26504,,MEGA GASOLINERAS SA DE CV,,Irapuato,Guanajuato,Occidente,20.65991,-101.3696
PL/22871/EXP/ES/2019,26606,,RED SIGLO XXI SA DE CV,,Jesús María,Aguascalientes,Occidente,21.95154,-102.3561
PL/22876/EXP/ES/2019,26611,,SERVICIO EXPRES TINGUINDIN SA DE CV,,Tingüindín,Michoacán,Occidente,19.73779,-102.4842
PL/22888/EXP/ES/2019,26627,,SERVICIOS GASOLINEROS DE MEXICO SA DE CV,,Aguascalientes,Aguascalientes,Occidente,21.82722,-102.2687
PL/22890/EXP/ES/2019,26630,,SERVICIOS GASOLINEROS DE MEXICO SA DE CV,,León,Guanajuato,Occidente,21.17521,-101.7149
PL/22893/EXP/ES/2019,26617,,"SERVICIOS, EQUIPAMIENTOS Y DESARROLLOS HIDROCALIDOS SA DE CV",,Aguascalientes,Aguascalientes,Occidente,21.85513,-102.2692
PL/22905/EXP/ES/2019,26635,,JOSE ANTONIO GARDUÑO SANCHEZ,,Zitácuaro,Michoacán,Occidente,19.48891,-100.3793
PL/22906/EXP/ES/2019,26636,,MULTISERVICIOS OTTO SA DE CV,,El Llano,Aguascalientes,Occidente,21.83869,-102.1561
PL/2297/EXP/ES/2015,4159,,PETROMAX SA DE CV,,Guadalajara,Jalisco,Occidente,20.70651,-103.3493
PL/2298/EXP/ES/2015,3908,,MULTISERVICIOS OTTO SA DE CV,,Aguascalientes,Aguascalientes,Occidente,21.86443,-102.2362
PL/23015/EXP/ES/2019,26748,,COMBUSTIBLES PLATON SA DE CV,,Guadalajara,Jalisco,Occidente,20.67562,-103.2738
PL/23024/EXP/ES/2019,26757,,GASGROUP SA DE CV,,Vista Hermosa,Michoacán,Occidente,20.22444,-102.454
PL/23032/EXP/ES/2019,26767,,JOKABRAL S DE RL DE CV,,Miguel Auza,Zacatecas,Occidente,24.23038,-103.557
PL/23044/EXP/ES/2019,26777,,RICARDO EQUIHUA GARCIA,,Buenavista,Michoacán,Occidente,19.20942,-102.5808
PL/23045/EXP/ES/2019,26783,,RIGOBERTO EQUIHUA GARCIA,,Buenavista,Michoacán,Occidente,19.21023,-102.5812
PL/23048/EXP/ES/2019,26786,,SERVICIO EL PRADO SA DE CV,,Tamazula de Gordiano,Jalisco,Occidente,19.67693,-103.3314
PL/23049/EXP/ES/2019,26787,,SERVICIO EL TEPOZAN SA DE CV,,Acatic,Jalisco,Occidente,20.73681,-102.9126
PL/23053/EXP/ES/2019,26791,,SERVICIOS REY COLIMAN SA DE CV,,Colima,Colima,Occidente,19.23072,-103.7234
PL/23054/EXP/ES/2019,26792,,SUPER SERVICIO EL MOLINITO S DE RL DE CV,,Lázaro Cárdenas,Michoacán,Occidente,18.00293,-102.2441
PL/23055/EXP/ES/2019,26793,,SUPER SERVICIO PUERTO PACIFICO SA DE CV,,Lázaro Cárdenas,Michoacán,Occidente,17.97456,-102.1915
PL/2306/EXP/ES/2015,4169,,SERVICIO AVENIDA DEL MAIZ SA DE CV,,El Salto,Jalisco,Occidente,20.5505,-103.302
PL/2310/EXP/ES/2015,3941,,ASOCIACION GASOLINERA PIEDRAS NEGRAS SA DE CV,,San Miguel el Alto,Jalisco,Occidente,21.02522,-102.4215
PL/2314/EXP/ES/2015,4070,,ESTACION DE SERVICIOS POMAS SA DE CV,,Miguel Auza,Zacatecas,Occidente,24.06998,-103.418
PL/2315/EXP/ES/2015,4143,,ESTACION DE SERVICIOS POMAS SA DE CV,,Miguel Auza,Zacatecas,Occidente,24.12865,-103.3065
PL/23208/EXP/ES/2020,26912,,ALFONSO JIMENEZ REYES,,Tepatitlán de Morelos,Jalisco,Occidente,20.94821,-102.8374
PL/2321/EXP/ES/2015,4162,,ESTACIONES DE SERVICIO SA DE CV,,Abasolo,Guanajuato,Occidente,20.47469,-101.5
PL/23210/EXP/ES/2020,26905,,CAMPANITA GAS DE ZACATECAS SA DE CV,,Fresnillo,Zacatecas,Occidente,23.17941,-102.8587
PL/23213/EXP/ES/2020,26927,,COSTCO GAS SA DE CV,,León,Guanajuato,Occidente,21.09812,-101.634
PL/23225/EXP/ES/2020,26945,,ESTACION DE SERVICIO VILLA JIMENEZ SA DE CV,,Jiménez,Michoacán,Occidente,19.9001,-101.7658
PL/23227/EXP/ES/2020,26962,,ESTACIONES EM S A P I DE CV,,Salamanca,Guanajuato,Occidente,20.5902,-101.1091
PL/23228/EXP/ES/2020,26963,,FACILMAS SA DE CV,,Cortazar,Guanajuato,Occidente,20.48339,-100.9551
PL/23231/EXP/ES/2020,26966,,GASOSERVICIOS DE LA PROVINCIA SA DE CV,,Guadalajara,Jalisco,Occidente,20.67708,-103.2727
PL/23236/EXP/ES/2020,26967,,GRUPO SECA GASOLINERAS SA DE CV,,Silao,Guanajuato,Occidente,20.96438,-101.5202
PL/23237/EXP/ES/2020,27036,,GRUPO SECA GASOLINERAS SA DE CV,,Silao,Guanajuato,Occidente,20.96468,-101.5217
PL/23242/EXP/ES/2020,26981,,MEGA GASOLINERAS SA DE CV,,León,Guanajuato,Occidente,21.11022,-101.6886
PL/23243/EXP/ES/2020,26979,,MEGA GASOLINERAS SA DE CV,,Romita,Guanajuato,Occidente,20.883,-101.5101
PL/23244/EXP/ES/2020,26984,,MEGA GASOLINERAS SA DE CV,,León,Guanajuato,Occidente,21.06275,-101.5725
PL/23245/EXP/ES/2020,26986,,MEGA GASOLINERAS SA DE CV,,Irapuato,Guanajuato,Occidente,20.68994,-101.3584
PL/23246/EXP/ES/2020,26987,,MEGA GASOLINERAS SA DE CV,,León,Guanajuato,Occidente,21.07378,-101.6193
PL/23247/EXP/ES/2020,26988,,MEGA GASOLINERAS SA DE CV,,Santa Cruz de Juventino Rosas,Guanajuato,Occidente,20.62795,-100.9945
PL/23249/EXP/ES/2020,26990,,MULTISERVICIOS EL TORNERO SA DE CV,,Acámbaro,Guanajuato,Occidente,20.04217,-100.714
PL/23258/EXP/ES/2020,27007,,SERVICIO OCASO DEL SOL SA DE CV,,Jesús María,Aguascalientes,Occidente,21.91456,-102.3686
PL/2326/EXP/ES/2015,4196,,SERVICIO SOLORZANO SA,,Colima,Colima,Occidente,19.24518,-103.7125
PL/23263/EXP/ES/2020,27015,,SERVICIOS Y COMERCIALIZADORA NACIONAL SA DE CV,,Aguascalientes,Aguascalientes,Occidente,21.85979,-102.3134
PL/23264/EXP/ES/2020,27017,,SERVICIOS Y REFINADOS DE AGUASCALIENTES SA DE CV,,Aguascalientes,Aguascalientes,Occidente,21.83755,-102.2888
PL/2332/EXP/ES/2015,3994,,GRUPO SECA GASOLINERAS SA DE CV,,Silao,Guanajuato,Occidente,20.95588,-101.4304
PL/23327/EXP/ES/2020,27054,,HELIODORO SOLIS VARGAS,,Lázaro Cárdenas,Michoacán,Occidente,17.98092,-102.2335
PL/23331/EXP/ES/2020,27050,,SUPER SERVICIO SOY SA DE CV,,Irapuato,Guanajuato,Occidente,20.66397,-101.387
PL/2338/EXP/ES/2015,3955,,GRUPO SECA GASOLINERAS SA DE CV,,Irapuato,Guanajuato,Occidente,20.68524,-101.3777
PL/23382/EXP/ES/2020,27161,,ENERGETICOS DEL ALTIPLANO SA DE CV,,Guanajuato,Guanajuato,Occidente,20.97301,-101.28
PL/23386/EXP/ES/2020,27158,,GRUPO GASOLINERO DEL DIAMANTE HOLZ SA DE CV,,Valparaíso,Zacatecas,Occidente,22.79904,-103.548
PL/23387/EXP/ES/2020,27159,,GRUPO MIGPRI SA DE CV,,Celaya,Guanajuato,Occidente,20.50214,-100.7921
PL/2341/EXP/ES/2015,4124,,SERVICIO LOS PRESIDENTES SA DE CV,,Irapuato,Guanajuato,Occidente,20.66902,-101.3595
PL/2344/EXP/ES/2015,3947,,ESTACION DE SERVICIO LA VENTA SA DE CV,,Irapuato,Guanajuato,Occidente,20.65272,-101.3555
PL/2345/EXP/ES/2015,4155,,JAVIER MACIAS RAMIREZ,,Nochistlán de Mejía,Zacatecas,Occidente,21.37339,-102.8504
PL/23498/EXP/ES/2020,27281,,COMBUSTIBLES GOPEZA SA DE CV,,Manzanillo,Colima,Occidente,19.08209,-104.29
PL/23499/EXP/ES/2020,27283,,FERNANDO BEDOY RUIZ,,Tuxcueca,Jalisco,Occidente,20.19967,-103.3086
PL/2350/EXP/ES/2015,3929,,SERVICIO MARANDA SA DE CV,,Irapuato,Guanajuato,Occidente,20.7085,-101.3653
PL/23500/EXP/ES/2020,27285,,FIGUE PIRULES CELAYA SA DE CV,,Celaya,Guanajuato,Occidente,20.5484,-100.7832
PL/23501/EXP/ES/2020,27287,,GASOLINERA GV SA DE CV,,Quiroga,Michoacán,Occidente,19.65629,-101.5279
PL/23502/EXP/ES/2020,27289,,GASOLINERA JUAN PABLO SA DE CV,,Celaya,Guanajuato,Occidente,20.52249,-100.7999
PL/23503/EXP/ES/2020,27291,,GASOLINERA LA CHINA SA DE CV,,Tancítaro,Michoacán,Occidente,19.32313,-102.2436
PL/23507/EXP/ES/2020,27298,,GRUPO ENERGETICO GUDE SA DE CV,,Fresnillo,Zacatecas,Occidente,23.16178,-102.885
PL/23508/EXP/ES/2020,27300,,GRUPO GASOLINERO DEL DIAMANTE HOLZ SA DE CV,,Valparaíso,Zacatecas,Occidente,22.83751,-103.4099
PL/23509/EXP/ES/2020,27302,,GRUPO OCCIDENTAL DE COMBUSTIBLES SA DE CV,,Colima,Colima,Occidente,19.23678,-103.734
PL/2351/EXP/ES/2015,4146,,SERVICIO TARIMBARO SA DE CV,,Tarímbaro,Michoacán,Occidente,19.79644,-101.1628
PL/23512/EXP/ES/2020,27301,,MEGA GASOLINERAS SA DE CV,,León,Guanajuato,Occidente,21.08131,-101.7062
PL/23513/EXP/ES/2020,27299,,MEGA GASOLINERAS SA DE CV,,Irapuato,Guanajuato,Occidente,20.68367,-101.366
PL/23514/EXP/ES/2020,27297,,MEGA GASOLINERAS SA DE CV,,Dolores Hidalgo Cuna de la Independencia Nacional,Guanajuato,Occidente,21.18712,-100.9272
PL/23515/EXP/ES/2020,27295,,MEGA GASOLINERAS SA DE CV,,Irapuato,Guanajuato,Occidente,20.72499,-101.3446
PL/23522/EXP/ES/2020,27280,,SERVICIOS FERCON SA DE CV,,Abasolo,Guanajuato,Occidente,20.39081,-101.5775
PL/23523/EXP/ES/2020,27278,,SERVICIOS GASOLINEROS LA ISLA SA DE CV,,Aguascalientes,Aguascalientes,Occidente,22.01155,-102.1707
PL/2355/EXP/ES/2015,3922,,SERVICIO ANILLO VIAL SA DE CV,,Valle de Santiago,Guanajuato,Occidente,20.39678,-101.1789
PL/23592/EXP/ES/2020,27360,,ESTACION DE SERVICIO ALMUDENA SA DE CV,,Zitácuaro,Michoacán,Occidente,19.45202,-100.2921
PL/23648/EXP/ES/2020,27441,,AUTOSERVICIO DE VILLAGRAN SA DE CV,,Villagrán,Guanajuato,Occidente,20.50985,-101.0021
PL/23650/EXP/ES/2020,27446,,COMBUSTIBLES Y SERVICIOS PERIMICH SA DE CV,,Peribán,Michoacán,Occidente,19.53041,-102.4133
PL/23652/EXP/ES/2020,27439,,ENERGETICOS MONTELLANO SA DE CV,,Villa de Álvarez,Colima,Occidente,19.28884,-103.7475
PL/23653/EXP/ES/2020,27428,,EQUIPO REFORZADO DEL CENTRO SA DE CV,,Apaseo el Grande,Guanajuato,Occidente,20.53988,-100.6959
PL/23656/EXP/ES/2020,27443,,FIDEL GARFIAS SUAREZ,,Maravatío,Michoacán,Occidente,19.89628,-100.4123
PL/23661/EXP/ES/2020,27438,,GRUPO GASOLINERO DEL DIAMANTE HOLZ SA DE CV,,Fresnillo,Zacatecas,Occidente,23.17719,-102.9581
PL/23664/EXP/ES/2020,27440,,MULTISERVICIO SAR SA DE CV,,Peribán,Michoacán,Occidente,19.57153,-102.4576
PL/23674/EXP/ES/2020,27460,,COMBUSTIBLES CASTAÑEDA SERVIN S.A. DE C.V.,,Lázaro Cárdenas,Michoacán,Occidente,17.97416,-102.1928
PL/23678/EXP/ES/2020,27456,,MANUEL ARTEAGA ALVAREZ,,Apaseo el Alto,Guanajuato,Occidente,20.43219,-100.598
PL/23680/EXP/ES/2020,27454,,PETRO CUPATITZIO SA DE CV,,Taretan,Michoacán,Occidente,19.35109,-101.9175
PL/23681/EXP/ES/2020,27453,,PETROMAX SA DE CV,,Zapopan,Jalisco,Occidente,20.63644,-103.3967
PL/23685/EXP/ES/2020,27449,,SERVICIOS GASOLINEROS DE MEXICO SA DE CV,,Aguascalientes,Aguascalientes,Occidente,21.86285,-102.3298
PL/23695/EXP/ES/2020,27472,,PETROMAX SA DE CV,,Guadalajara,Jalisco,Occidente,20.62619,-103.3871
PL/23696/EXP/ES/2020,27471,,PETROMAX SA DE CV,,Zapopan,Jalisco,Occidente,20.65988,-103.4233
PL/23700/EXP/ES/2020,27467,,SERVICIOS GASOLINEROS DE MEXICO SA DE CV,,Aguascalientes,Aguascalientes,Occidente,21.91941,-102.3358
PL/23702/EXP/ES/2020,27465,,SERVICIOS GASOLINEROS DE MEXICO SA DE CV,,Tonalá,Jalisco,Occidente,20.60349,-103.2466
PL/2372/EXP/ES/2015,4141,,MAYOMEX ARELI PETROLEUM S DE RL DE CV,,León,Guanajuato,Occidente,21.16488,-101.7104
PL/23744/EXP/ES/2021,27524,,GASOLINEROS SANGROUP SA DE CV,,Tonalá,Jalisco,Occidente,20.62031,-103.2334
PL/23751/EXP/ES/2021,27531,,PETRO FUELS SAN FRANCISCO SA DE CV,,Peribán,Michoacán,Occidente,19.55927,-102.4522
PL/23752/EXP/ES/2021,27532,,PETRO FUELS SAN FRANCISCO SA DE CV,,Peribán,Michoacán,Occidente,19.53337,-102.426
PL/23757/EXP/ES/2021,27544,,SERVICIO CALIPSO S DE RL DE CV,,Guanajuato,Guanajuato,Occidente,20.98992,-101.298
PL/23760/EXP/ES/2021,27552,,FOSELL ZARAGOZA SA DE CV,,Jesús María,Aguascalientes,Occidente,21.94803,-102.3083
PL/23762/EXP/ES/2021,27548,,ORGANIZACION LA LUNA SA DE CV,,Tlajomulco de Zúñiga,Jalisco,Occidente,20.49034,-103.47
PL/23764/EXP/ES/2021,27543,,SERVICIO LAS PEÑAS SA DE CV,,Tlaquepaque,Jalisco,Occidente,20.64016,-103.2827
PL/23771/EXP/ES/2021,27553,,ADMINISTRACION Y NEGOCIOS HFAJ SA DE CV,,Aguascalientes,Aguascalientes,Occidente,21.89025,-102.2742
PL/23777/EXP/ES/2021,27559,,CLAUDIA MARGARITA ROSAS MARTINEZ,,San Julián,Jalisco,Occidente,21.01238,-102.2051
PL/23789/EXP/ES/2021,27582,,J JESUS VAZQUEZ,,Doctor Mora,Guanajuato,Occidente,21.1349,-100.4618
PL/2379/EXP/ES/2015,4075,,GASOLINERA SAN NICOLAS SA DE CV,,Tonalá,Jalisco,Occidente,20.57498,-103.181
PL/23790/EXP/ES/2021,27581,,JOSE MA. URIBE HERNANDEZ,,Puruándiro,Michoacán,Occidente,20.14439,-101.6199
PL/23805/EXP/ES/2021,27587,,CAMPANITA GAS DE ZACATECAS SA DE CV,,Río Grande,Zacatecas,Occidente,23.83062,-103.0457
PL/23808/EXP/ES/2021,27590,,GERARDO PINEDO SANTA CRUZ,,Fresnillo,Zacatecas,Occidente,23.17369,-102.9087
PL/2381/EXP/ES/2015,4074,,SERVICIO JACINTO CEJA VELAZQUEZ SA DE CV,,Nahuatzen,Michoacán,Occidente,19.66584,-101.9404
PL/23825/EXP/ES/2021,27611,,SERVICIO 142.5 SA DE CV,,Zitácuaro,Michoacán,Occidente,19.4495,-100.311
PL/2383/EXP/ES/2015,3913,,AUTOSERVICIO GASHR SA DE CV,,Acatlán de Juárez,Jalisco,Occidente,20.41271,-103.5574
PL/23858/EXP/ES/2021,27645,,AUTOSERVICIO LA GLORIETA DEL HUEVO SA DE CV,,Tepatitlán de Morelos,Jalisco,Occidente,20.78294,-102.7843
PL/2386/EXP/ES/2015,4028,,GRUPO ALVARIA SA DE CV,,Morelia,Michoacán,Occidente,19.65472,-101.2021
PL/23862/EXP/ES/2021,27641,,SUMINISTROS DE COMBUSTIBLES QUIROGA SA DE CV,,Tonalá,Jalisco,Occidente,20.57123,-103.2121
PL/23902/EXP/ES/2021,27691,,ESTACION DE SERVICIO TIQUICHEO SA DE CV,,Tiquicheo de Nicolás Romero,Michoacán,Occidente,18.89486,-100.7504
PL/23903/EXP/ES/2021,27692,,ESTACION DE SERVICIOS ENERGETICOS 110 SA DE CV,,San Luis de la Paz,Guanajuato,Occidente,21.26395,-100.6733
PL/23905/EXP/ES/2021,27694,,HIDROCARBUROS EL SOL SA DE CV,,Tingambato,Michoacán,Occidente,19.5003,-101.8678
PL/2391/EXP/ES/2015,3948,,SERVICIO LA CALZADA SA DE CV,,Jacona,Michoacán,Occidente,19.97021,-102.2962
PL/2392/EXP/ES/2015,3891,,SERVICIOS INTEGRALES DE TLAQUEPAQUE SA DE CV,,Tlaquepaque,Jalisco,Occidente,20.59286,-103.3338
PL/2393/EXP/ES/2015,4062,,SERVICIOS INTEGRALES DE TLAQUEPAQUE SA DE CV,,Tlaquepaque,Jalisco,Occidente,20.57123,-103.3909
PL/23932/EXP/ES/2022,27724,,COMBUESPACIO SA DE CV,,Celaya,Guanajuato,Occidente,20.57158,-100.7529
PL/23941/EXP/ES/2022,27733,,ROBERTO TORRES JUAREZ,,Coeneo,Michoacán,Occidente,19.81146,-101.5925
PL/23949/EXP/ES/2022,27741,,SERVICIOS CONALCER SA DE CV,,Valle de Santiago,Guanajuato,Occidente,20.38886,-101.3693
PL/23950/EXP/ES/2022,27742,,SUPER SERVICIO GASOLINERO DEL SUR SA DE CV,,Turicato,Michoacán,Occidente,19.06683,-101.5822
PL/23951/EXP/ES/2022,27743,,SUPER SERVICIOS JARIPEO SA DE CV,,Charo,Michoacán,Occidente,19.68421,-101.0762
PL/23961/EXP/ES/2022,27758,,SUMINISTRO DE COMBUSTIBLES EL SEIS S DE RL DE CV,,Tepatitlán de Morelos,Jalisco,Occidente,20.88375,-102.7025
PL/2401/EXP/ES/2015,4167,,AUTOSERVICIO GASHR SA DE CV,,Acatlán de Juárez,Jalisco,Occidente,20.41196,-103.5587
PL/24027/EXP/ES/2022,27827,,ENERGETICOS LA CANDELARIA SA DE CV,,,Colima,Occidente,18.9091,-103.8851
PL/24047/EXP/ES/2022,27864,,GASOAL ZITACUARO SA DE CV,,Zitácuaro,Michoacán,Occidente,19.4453,-100.3472
PL/2405/EXP/ES/2015,4163,,GASOLINERA FERNANDEZ SA DE CV,,Uruapan,Michoacán,Occidente,19.43402,-102.0754
PL/24051/EXP/ES/2022,27871,,CORPMEZ GASOSERVICIO SA DE CV,,Aguascalientes,Aguascalientes,Occidente,21.92783,-102.2654
PL/24068/EXP/ES/2022,27895,,SERVICIO FACIL DEL SURESTE SA DE CV,,San Miguel de Allende,Guanajuato,Occidente,20.90323,-100.7311
PL/2407/EXP/ES/2015,4044,,SERVICIOS GASOLINEROS DE MEXICO SA DE CV,,Jocotepec,Jalisco,Occidente,20.28136,-103.4389
PL/24071/EXP/ES/2022,27880,,MULTISERVICIOS ARIO DE ROSALES SA DE CV,,Pátzcuaro,Michoacán,Occidente,19.53351,-101.6116
PL/24083/EXP/ES/2022,27855,,GRUPO GASOLINERO GILCO SA DE CV,,Tuxpan,Michoacán,Occidente,19.57869,-100.4664
PL/24103/EXP/ES/2022,27917,,SERVICIOS INTEGRALES DE TLAQUEPAQUE SA DE CV,,Tlaquepaque,Jalisco,Occidente,20.60338,-103.2619
PL/24110/EXP/ES/2022,27927,,SERVICIO YUYO SA DE CV,,Múgica,Michoacán,Occidente,18.99719,-102.1036
PL/24111/EXP/ES/2022,27929,,ENERGETICOS CALAYKA SA DE CV,,Buenavista,Michoacán,Occidente,19.20539,-102.6007
PL/24113/EXP/ES/2022,27931,,ALTUS ENERGY SA DE CV,,Aguascalientes,Aguascalientes,Occidente,21.85171,-102.2564
PL/24149/EXP/ES/2022,27953,,ESTACION DE SERVICIOS RANCHO GRANDE SA DE CV,,Fresnillo,Zacatecas,Occidente,23.44047,-102.9596
PL/24151/EXP/ES/2022,27951,,GRUPO EMPRESARIAL TANGAMANDAPENSE SA DE CV,,Tangamandapio,Michoacán,Occidente,19.9561,-102.3966
PL/24165/EXP/ES/2022,27937,,SERVIEXPRESS DOBLE RAM SA DE CV,,Lagos de Moreno,Jalisco,Occidente,21.31937,-101.9279
PL/24187/EXP/ES/2022,27998,,SERVICIOS SAFOR III SA DE CV,,Maravatío,Michoacán,Occidente,19.80867,-100.3203
PL/24188/EXP/ES/2022,27999,,UINAPIKUA 2020 S DE RL DE CV,,Zamora,Michoacán,Occidente,19.97698,-102.2711
PL/24264/EXP/ES/2022,28033,,ESTACION DE SERVICIO CAPRISA SA DE CV,,Panindícuaro,Michoacán,Occidente,19.98176,-101.7464
PL/24268/EXP/ES/2022,28041,,GASOLINERA FELIPE SEVILLA SA DE CV,,Colima,Colima,Occidente,19.25582,-103.7169
PL/2427/EXP/ES/2015,4048,,GUILLE GASOLGRUPO SA DE CV,,El Salto,Jalisco,Occidente,20.5627,-103.2834
PL/24281/EXP/ES/2022,28297,,PETRO AGS SA DE CV,,San Francisco de los Romo,Aguascalientes,Occidente,21.96642,-102.2693
PL/24282/EXP/ES/2022,28298,,MARILYN BETANCOURT MORENO,,Tepalcatepec,Michoacán,Occidente,19.192,-102.8502
PL/24288/EXP/ES/2022,28304,,COMBU-EXPRESS SA DE CV,,Tecalitlán,Jalisco,Occidente,19.42434,-103.2813
PL/24289/EXP/ES/2022,28305,,COMBU-EXPRESS SA DE CV,,Vista Hermosa,Michoacán,Occidente,20.21566,-102.4622
PL/2430/EXP/ES/2015,4127,,GASOPOLIS SA DE CV,,Acatlán de Juárez,Jalisco,Occidente,20.41804,-103.6234
PL/24300/EXP/ES/2022,28311,,KOKANI S DE RL DE CV,,Zamora,Michoacán,Occidente,19.99236,-102.2772
PL/24306/EXP/ES/2022,28315,,ESTACION SANTA BARBARA DE COLIMA SA DE CV,,Villa de Álvarez,Colima,Occidente,19.27444,-103.7146
PL/24311/EXP/ES/2022,28320,,FOSELL JP SA DE CV,,Aguascalientes,Aguascalientes,Occidente,21.85781,-102.3445
PL/24313/EXP/ES/2022,28321,,BP LOS TAMARINDOS SA DE CV,,Colima,Colima,Occidente,19.24636,-103.7477
PL/24316/EXP/ES/2022,28324,,MULTISERVICIO LA PLATA SA DE CV,,Morelos,Zacatecas,Occidente,22.91169,-102.6706
PL/24319/EXP/ES/2022,28326,,MEGA GASOLINERAS SA DE CV,,Celaya,Guanajuato,Occidente,20.56383,-100.8214
PL/24320/EXP/ES/2022,28327,,MEGA GASOLINERAS SA DE CV,,Jesús María,Aguascalientes,Occidente,21.97598,-102.3391
PL/24322/EXP/ES/2022,28328,,GASOLINERA LOS CHARCOS SA DE CV,,San Juan de los Lagos,Jalisco,Occidente,21.21578,-102.3813
PL/2433/EXP/ES/2015,3885,,SERVICIO PRADOS VERDES DE SAHUAYO SA DE CV,,Sahuayo,Michoacán,Occidente,20.04229,-102.7169
PL/24335/EXP/ES/2022,28334,,SERVICIO GUTMART SA DE CV,,Aguascalientes,Aguascalientes,Occidente,21.89533,-102.2685
PL/24350/EXP/ES/2022,28342,,MARIA REYNA DE LA PAZ VENEGAS LOPEZ,,Purísima del Rincón,Guanajuato,Occidente,21.01652,-101.87
PL/24353/EXP/ES/2022,28344,,COMBUSTIBLES HSM SA DE CV,,Morelia,Michoacán,Occidente,19.71162,-101.162
PL/24354/EXP/ES/2022,28345,,ESTACION DE SERVICIO 22 DE OCTUBRE SA DE CV,,Madero,Michoacán,Occidente,19.38366,-101.3102
PL/24357/EXP/ES/2022,28112,,SERVICIOS GASOLINEROS DE MEXICO SA DE CV,,Salamanca,Guanajuato,Occidente,20.55745,-101.2232
PL/24359/EXP/ES/2022,28119,,COMBU-EXPRESS SA DE CV,,Zapotlán el Grande,Jalisco,Occidente,19.70242,-103.4866
PL/24367/EXP/ES/2022,28131,,ESTACION DE SERVICIO LOS HIJUELOS SA DE CV,,Amatitán,Jalisco,Occidente,20.82288,-103.7195
PL/24368/EXP/ES/2022,28132,,RAGONZVILL SA DE CV,,Zapotlán el Grande,Jalisco,Occidente,19.68265,-103.4628
PL/24380/EXP/ES/2022,28356,,COMBU-EXPRESS SA DE CV,,Sayula,Jalisco,Occidente,19.8752,-103.5476
PL/24385/EXP/ES/2022,28145,,SERVICIOS GASOLINEROS DE MEXICO SA DE CV,,León,Guanajuato,Occidente,21.19371,-101.6783
PL/24386/EXP/ES/2022,28360,,SERVICIOS GASOLINEROS DE MEXICO SA DE CV,,León,Guanajuato,Occidente,21.17046,-101.7384
PL/2439/EXP/ES/2015,4000,,LAURA ELENA RIVERA BUSTAMANTE,,Abasolo,Guanajuato,Occidente,20.45283,-101.5195
PL/24402/EXP/ES/2022,28372,,AUTO SERVICIO TLAXIMALOYAN SA DE CV,,Hidalgo,Michoacán,Occidente,19.66842,-100.7065
PL/2445/EXP/ES/2015,3976,,LAURO MENDEZ GARCIA,,San Diego de la Unión,Guanajuato,Occidente,21.45972,-100.8651
PL/24469/EXP/ES/2022,28220,,GASOMICH SA DE CV,,Morelia,Michoacán,Occidente,19.62467,-101.2794
PL/24475/EXP/ES/2022,28213,,ESTACION DE SERVICIOS POMAS SA DE CV,,Miguel Auza,Zacatecas,Occidente,24.29726,-103.4116
PL/24494/EXP/ES/2022,28186,,SUPER SERVICIO HIDROCAR SA DE CV,,Zitácuaro,Michoacán,Occidente,19.41666,-100.3909
PL/24497/EXP/ES/2022,28183,,GASOLINERA SUPER SERVICIO SAN CRISTOBAL SA DE CV,,San Cristóbal de la Barranca,Jalisco,Occidente,21.06678,-103.4232
PL/24499/EXP/ES/2022,28181,,SMA PICACHOS SA DE CV,,San Miguel de Allende,Guanajuato,Occidente,20.90146,-100.7049
PL/2450/EXP/ES/2015,3905,,LAURA ELENA RIVERA BUSTAMANTE,,Abasolo,Guanajuato,Occidente,20.46765,-101.5269
PL/24500/EXP/ES/2022,28180,,SMA VENTANAS SA DE CV,,San Miguel de Allende,Guanajuato,Occidente,20.93081,-100.7454
PL/24501/EXP/ES/2022,28179,,PETROMAX SA DE CV,,Tlaquepaque,Jalisco,Occidente,20.58951,-103.4165
PL/2452/EXP/ES/2015,3883,,SERVICIO JACINTO CEJA VELAZQUEZ SA DE CV,,Cherán,Michoacán,Occidente,19.67769,-101.9648
PL/24545/EXP/ES/2022,28265,,FUEL  ALLIANCE S A P I DE CV,,Jaral del Progreso,Guanajuato,Occidente,20.37349,-101.0724
PL/24549/EXP/ES/2022,28279,,GASBERRYS S A P I DE CV,,Teuchitlán,Jalisco,Occidente,20.68776,-103.9076
PL/24581/EXP/ES/2022,28452,,GRUPO SECA GASOLINERAS SA DE CV,,León,Guanajuato,Occidente,21.17629,-101.7401
PL/24586/EXP/ES/2022,28393,,SERVICIOS LA QUERENCIA SA DE CV,,Colima,Colima,Occidente,19.17922,-103.6734
PL/24589/EXP/ES/2022,28399,,SERVICIO DEL CENTRO HIDALGO SA DE CV,,Silao,Guanajuato,Occidente,20.95928,-101.4458
PL/24590/EXP/ES/2022,28401,,TRANSHIDRO SA DE CV,,Jesús María,Aguascalientes,Occidente,22.00815,-102.2874
PL/24591/EXP/ES/2022,28403,,FACILMAS SA DE CV,,Cortazar,Guanajuato,Occidente,20.48564,-100.9691
PL/24604/EXP/ES/2022,28433,,"SERVICIO DE GASOLINERA RENDIMAS, S.A. DE C.V.",,Santa Cruz de Juventino Rosas,Guanajuato,Occidente,20.59402,-100.893
PL/24605/EXP/ES/2022,28434,,MEGA GASOLINERAS SA DE CV,,León,Guanajuato,Occidente,21.15784,-101.7224
PL/2461/EXP/ES/2015,3978,,ESTACION DE SERVICIO ZITUNERO SA DE CV,,Pátzcuaro,Michoacán,Occidente,19.51862,-101.5989
PL/24610/EXP/ES/2022,28441,,DISTRIBUIDORA DEL NORTE DE SALAMANCA SA DE CV,,Cortazar,Guanajuato,Occidente,20.47426,-100.9753
PL/24612/EXP/ES/2022,28446,,ENERGETICOS PIZANO SA DE CV,,Maravatío,Michoacán,Occidente,19.9072,-100.4509
PL/24619/EXP/ES/2022,28397,,DISTRIBUIDORA DEL NORTE DE SALAMANCA SA DE CV,,Salamanca,Guanajuato,Occidente,20.60343,-101.1767
PL/2465/EXP/ES/2015,4204,,GASOLINERIA SAGRADO CORAZON SA DE CV,,Apatzingán,Michoacán,Occidente,19.08986,-102.3776
PL/24653/EXP/ES/2022,28482,,MULTISERVICIOS OTTO SA DE CV,,Jalostotitlán,Jalisco,Occidente,21.10798,-102.4424
PL/24654/EXP/ES/2022,28484,,ENERGIA ATL SA DE CV,,Guadalajara,Jalisco,Occidente,20.69505,-103.3249
PL/24658/EXP/ES/2022,28493,,SUPER SERVICIOS 130 SA DE CV,,Sahuayo,Michoacán,Occidente,20.09116,-102.6952
PL/24664/EXP/ES/2022,28499,,ALTUS ENERGY SA DE CV,,Aguascalientes,Aguascalientes,Occidente,21.93124,-102.2983
PL/24681/EXP/ES/2022,28502,,"ASESORIA ESPECIALIZADA EN EL SECTOR HIDROCARBUROS CENTRO-OCCIDENTE, S.C.",,León,Guanajuato,Occidente,21.03295,-101.5501
PL/24684/EXP/ES/2022,28505,,FHL GASOL SA DE CV,,Aguascalientes,Aguascalientes,Occidente,21.89048,-102.2531
PL/2469/EXP/ES/2015,3923,,SERVICIO LOS LAGOS SA DE CV,,San Juan de los Lagos,Jalisco,Occidente,21.27915,-102.2933
PL/24690/EXP/ES/2022,28511,,SERVICIO BOULEVARD BICENTENARIO SA DE CV,,Zitácuaro,Michoacán,Occidente,19.4302,-100.3699
PL/24691/EXP/ES/2022,28513,,SERVICIO SIOME SA DE CV,,Ahualulco de Mercado,Jalisco,Occidente,20.70547,-103.971
PL/24696/EXP/ES/2022,28519,,GERARDO ENRIQUE MORA GONZALEZ,,Coeneo,Michoacán,Occidente,19.74771,-101.6851
PL/24747/EXP/ES/2022,28637,,ALFREDO CARRILLO YAÑEZ,,Contepec,Michoacán,Occidente,19.92545,-100.2128
PL/24748/EXP/ES/2022,28638,,CAMPANITA GAS DE ZACATECAS SA DE CV,,Fresnillo,Zacatecas,Occidente,23.17089,-102.8401
PL/24751/EXP/ES/2022,28636,,WITRE GAS SA DE CV,,Irapuato,Guanajuato,Occidente,20.76068,-101.3361
PL/24762/EXP/ES/2022,28613,,OPERADORA DE GASOLINERAS JRA SA DE CV,,Zitácuaro,Michoacán,Occidente,19.43454,-100.3229
PL/2477/EXP/ES/2015,4093,,LOS ANGELES SERVICIO SA DE CV,,León,Guanajuato,Occidente,21.12548,-101.6826
PL/24771/EXP/ES/2022,28571,,ESTACION DE SERVICIO LA CONQUISTA SA DE CV,,Copándaro,Michoacán,Occidente,19.88611,-101.1849
PL/24792/EXP/ES/2022,28592,,GRUPO LEOGAL S DE RL DE CV,,León,Guanajuato,Occidente,21.13873,-101.7322
PL/24813/EXP/ES/2023,28645,,COMBUSTIBLES RIVALVA SA DE CV,,San Ignacio Cerro Gordo,Jalisco,Occidente,20.71312,-102.4576
PL/24816/EXP/ES/2023,28648,,GRUPO OPERADOR GASOLINERO TSA DEL CENTRO SA DE CV,,Aguascalientes,Aguascalientes,Occidente,21.89389,-102.3125
PL/24820/EXP/ES/2023,28656,,SUPER SERVICIO DEL ORIENTE GARSAN SA DE CV,,Maravatío,Michoacán,Occidente,19.88032,-100.4253
PL/24822/EXP/ES/2023,28661,,CONSORCIO GASOLINERO LHERTZ SA DE CV,,Los Reyes,Michoacán,Occidente,19.60778,-102.4827
PL/24823/EXP/ES/2023,28662,,ESTACION DE SERVICIO PRINCIPAL SA DE CV,,Tonalá,Jalisco,Occidente,20.6573,-103.2141
PL/24824/EXP/ES/2023,28663,,ENERGETICOS DEL ALTIPLANO SA DE CV,,León,Guanajuato,Occidente,21.07652,-101.6169
PL/24859/EXP/ES/2023,28692,,ENERGETICOS DEL ALTIPLANO SA DE CV,,Irapuato,Guanajuato,Occidente,20.67891,-101.4063
PL/2488/EXP/ES/2015,4181,,GASISLO 2000 SA DE CV,,Río Grande,Zacatecas,Occidente,23.82878,-103.0434
PL/24884/EXP/ES/2023,28720,,ENERGIA Y SERVICIOS COORDINADOS SA DE CV,,San José Iturbide,Guanajuato,Occidente,21.03821,-100.4658
PL/24893/EXP/ES/2023,28744,,MEGA GASOLINERAS SA DE CV,,León,Guanajuato,Occidente,21.16992,-101.7375
PL/24895/EXP/ES/2023,28746,,INMOBILIARIA SAMICH SA DE CV,,Jiquilpan,Michoacán,Occidente,19.99632,-102.71
PL/24896/EXP/ES/2023,28747,,SERVICIOS ENERGETICOS LOS CUARTOS SA DE CV,,Lagos de Moreno,Jalisco,Occidente,21.36483,-101.9234
PL/24898/EXP/ES/2023,28749,,MEGA GASOLINERAS SA DE CV,,Silao,Guanajuato,Occidente,21.01267,-101.4923
PL/24899/EXP/ES/2023,28751,,ENERGETICOS DEL ALTIPLANO SA DE CV,,Irapuato,Guanajuato,Occidente,20.65402,-101.3066
PL/24904/EXP/ES/2023,28760,,MULTISERVICIO LA VILLITA SA DE CV,,Calera,Zacatecas,Occidente,22.95982,-102.7158
PL/24911/EXP/ES/2023,28761,,MEGA GASOLINERAS SA DE CV,,León,Guanajuato,Occidente,21.13461,-101.6935
PL/24921/EXP/ES/2023,28734,,GRUPO GASOLINERO GAALZA SA DE CV,,Guadalajara,Jalisco,Occidente,20.66054,-103.2987
PL/24940/EXP/ES/2023,28783,,ENERGETICOS DEL ALTIPLANO SA DE CV,,Apaseo el Alto,Guanajuato,Occidente,20.52662,-100.5277
PL/24941/EXP/ES/2023,28784,,CORPORATIVO DE NEGOCIOS DE AGUASCALIENTES SA DE CV,,Loreto,Zacatecas,Occidente,22.25728,-101.9922
PL/24942/EXP/ES/2023,28785,,ENERRED S DE RL DE CV,,León,Guanajuato,Occidente,21.10734,-101.5821
PL/24943/EXP/ES/2023,28786,,SIEMPRE COMPLETOS POR TI SA DE CV,,La Huerta,Jalisco,Occidente,19.58683,-105.0925
PL/24944/EXP/ES/2023,28787,,MULTISERVICIO LA VILLITA SA DE CV,,Guadalupe,Zacatecas,Occidente,22.75362,-102.4799
PL/24951/EXP/ES/2023,28794,,SERVICIO D SOTO SA DE CV,,Ayotlán,Jalisco,Occidente,20.53006,-102.3592
PL/24959/EXP/ES/2023,28802,,ALFREDO CARRILLO YAÑEZ,,Epitacio Huerta,Michoacán,Occidente,20.09241,-100.3056
PL/24964/EXP/ES/2023,28807,,PETRO GUMA SA DE CV,,Aguascalientes,Aguascalientes,Occidente,21.87524,-102.3388
PL/24966/EXP/ES/2023,28809,,ESTACION DE SERVICIO CERRO DEL AGUILA SA DE CV,,Uruapan,Michoacán,Occidente,19.36546,-102.0435
PL/24969/EXP/ES/2023,28812,,SERVICIO RINCONADA SA DE CV,,Aguascalientes,Aguascalientes,Occidente,21.85507,-102.3162
PL/24975/EXP/ES/2023,28818,,SERVICIO SAN JOSE AGUA AZUL SA DE CV,,Apaseo el Grande,Guanajuato,Occidente,20.47922,-100.6468
PL/24978/EXP/ES/2023,28821,,MEGA GASOLINERAS SA DE CV,,Irapuato,Guanajuato,Occidente,20.68126,-101.3441
PL/24991/EXP/ES/2023,28834,,GASOLINERA TENAMAXTLAN SA DE CV,,Tenamaxtlán,Jalisco,Occidente,20.2122,-104.154
PL/24993/EXP/ES/2023,28836,,ENERGETICOS DEL ALTIPLANO SA DE CV,,León,Guanajuato,Occidente,21.01983,-101.5326
PL/24995/EXP/ES/2023,28838,,FACILMAS SA DE CV,,Salamanca,Guanajuato,Occidente,20.54377,-101.1264
PL/24996/EXP/ES/2023,28839,,SERVICIO DE COMBUSTIBLE NUEVA GENERACION S DE RL DE CV,,Mazapil,Zacatecas,Occidente,24.66128,-101.7391
PL/2504/EXP/ES/2015,4100,,MEGA SERVICIO GRINGAS SA DE CV,,Guadalajara,Jalisco,Occidente,20.69914,-103.2942
PL/25043/EXP/ES/2023,28889,,GRUPO GASOLINERO AMGOV SA DE CV,,Zacapu,Michoacán,Occidente,19.79167,-101.7744
PL/25045/EXP/ES/2023,28891,,SERVICIO MAYRELIS SA DE CV,,Maravatío,Michoacán,Occidente,19.89626,-100.4118
PL/25046/EXP/ES/2023,28892,,SERVIZURU SA DE CV,,Charo,Michoacán,Occidente,19.68713,-101.0378
PL/25049/EXP/ES/2023,28895,,ENERGETICA PETROTLAQ SA DE CV,,Tlaquepaque,Jalisco,Occidente,20.59517,-103.3808
PL/25050/EXP/ES/2023,28896,,SERVICIOS Y COMBUSTIBLES TCHAIKOVSKY SA DE CV,,Zapopan,Jalisco,Occidente,20.66444,-103.4371
PL/25053/EXP/ES/2023,28899,,CORPORACION GASOLINERA KM PLUS SA DE CV,,Morelia,Michoacán,Occidente,19.67818,-101.1915
PL/25058/EXP/ES/2023,28904,,PETROLIFEROS LA PROVIDENCIA SA DE CV,,Gabriel Zamora,Michoacán,Occidente,19.24322,-102.033
PL/25063/EXP/ES/2023,28909,,LUIS FERNANDO ARIAS OCHOA,,Guadalupe,Zacatecas,Occidente,22.72491,-102.5181
PL/25067/EXP/ES/2023,28913,,PARADERO DE SERVICIOS ENERGETICOS EL DORADO SA DE CV,,Zitácuaro,Michoacán,Occidente,19.44833,-100.312
PL/25068/EXP/ES/2023,28914,,GASOLINERA REAL DE QUITUPAN SA DE CV,,Quitupan,Michoacán,Occidente,19.92499,-102.8634
PL/25071/EXP/ES/2023,28917,,GRUPO GASOLINERO RIVAS SA DE CV,,Guadalupe,Zacatecas,Occidente,22.7544,-102.5045
PL/25077/EXP/ES/2023,28923,,MEGA GASOLINERAS SA DE CV,,León,Guanajuato,Occidente,21.00215,-101.7029
PL/25079/EXP/ES/2023,28925,,DISTRIBUIDORA DE PRODUCTOS REFINADOS DEL CUPATITZIO SA DE CV,,Uruapan,Michoacán,Occidente,19.40937,-102.0534
PL/25080/EXP/ES/2023,28926,,SALVADOR URIEL ESQUIVEL CUEVAS,,Charapan,Michoacán,Occidente,19.66257,-102.2691
PL/25105/EXP/ES/2023,28952,,GASERVICIO COLOMOS SA DE CV,,Calvillo,Aguascalientes,Occidente,21.8822,-102.6658
PL/25108/EXP/ES/2023,28950,,MEGA GASOLINERAS SA DE CV,,Irapuato,Guanajuato,Occidente,20.66582,-101.3608
PL/25114/EXP/ES/2023,28973,,INMOBILIARIA SAMICH SA DE CV,,Atotonilco el Alto,Jalisco,Occidente,20.52947,-102.5346
PL/25115/EXP/ES/2023,28972,,JESUS BORREGO INGUANZO,,Zacatecas,Zacatecas,Occidente,22.7621,-102.5486
PL/25116/EXP/ES/2023,28951,,MEGA GASOLINERAS SA DE CV,,León,Guanajuato,Occidente,21.09932,-101.7082
PL/25118/EXP/ES/2023,28971,,ESTACIONES DE SERVICIO CAMINOS DE GUANAJUATO SA DE CV,,Dolores Hidalgo Cuna de la Independencia Nacional,Guanajuato,Occidente,21.17813,-100.8814
PL/2514/EXP/ES/2015,4108,,SERVICIOS JM GALLMAR SA DE CV,,Valle de Santiago,Guanajuato,Occidente,20.40002,-101.2913
PL/25143/EXP/ES/2023,29008,,INMOBILIARIA SAMICH SA DE CV,,Zamora,Michoacán,Occidente,19.99997,-102.3078
PL/25145/EXP/ES/2023,29011,,GRUPO ADYEHILA Y ASOCIADOS SA DE CV,,Tizapán el Alto,Jalisco,Occidente,20.16084,-103.0368
PL/25149/EXP/ES/2023,29021,,PETROIL DE OCCIDENTE SA DE CV,,Numarán,Michoacán,Occidente,20.25722,-101.9493
PL/2515/EXP/ES/2015,3937,,SERVICIO JARDINADAS SA DE CV,,Zamora,Michoacán,Occidente,19.97515,-102.2848
PL/25156/EXP/ES/2023,29035,,MEGA GASOLINERAS SA DE CV,,Aguascalientes,Aguascalientes,Occidente,21.87479,-102.3187
PL/25158/EXP/ES/2023,29040,,COMBU-EXPRESS SA DE CV,,Zacoalco de Torres,Jalisco,Occidente,20.23024,-103.5844
PL/2517/EXP/ES/2015,3887,,COMERCIALIZADORA OPTIMOS SA DE CV,,Yurécuaro,Michoacán,Occidente,20.33327,-102.2309
PL/25172/EXP/ES/2023,29041,,SERVICIO LA ESMERALDA SA DE CV,,Uruapan,Michoacán,Occidente,19.49479,-102.07
PL/2518/EXP/ES/2015,4043,,GASOLINERIA SAGRADO CORAZON SA DE CV,,Apatzingán,Michoacán,Occidente,19.06512,-102.3344
PL/25218/EXP/ES/2023,29081,,GASOLINERA EL ESPIRITU SA DE CV,,Zamora,Michoacán,Occidente,20.00694,-102.2354
PL/25222/EXP/ES/2023,29085,,GAZPRO SA DE CV,,Villa de Álvarez,Colima,Occidente,19.28189,-103.7321
PL/25223/EXP/ES/2023,29086,,GAZPRO SA DE CV,,Aguascalientes,Aguascalientes,Occidente,21.84264,-102.3223
PL/25224/EXP/ES/2023,29087,,GAZPRO SA DE CV,,Salamanca,Guanajuato,Occidente,20.59217,-101.1847
PL/25233/EXP/ES/2023,29096,,SERVICIOS INTEGRALES DE TLAQUEPAQUE SA DE CV,,Ocotlán,Jalisco,Occidente,20.35287,-102.7593
PL/25235/EXP/ES/2023,29098,,MARCOS AGUILAR SANCHEZ,,Tancítaro,Michoacán,Occidente,19.41479,-102.407
PL/25240/EXP/ES/2023,29103,,ESTACION DE SERVICIO CALVILLO SA DE CV,,Calvillo,Aguascalientes,Occidente,21.84488,-102.726
PL/25255/EXP/ES/2023,29118,,ENERGETICOS DEL ALTIPLANO SA DE CV,,León,Guanajuato,Occidente,21.06257,-101.6249
PL/25257/EXP/ES/2023,29120,,FANAD ENERGY SA DE CV,,Ario,Michoacán,Occidente,19.1692,-101.7261
PL/25261/EXP/ES/2023,29124,,GAZPRO SA DE CV,,Zacatecas,Zacatecas,Occidente,22.74934,-102.591
PL/25262/EXP/ES/2023,29125,,GAZPRO SA DE CV,,San Francisco del Rincón,Guanajuato,Occidente,21.01469,-101.8617
PL/25263/EXP/ES/2023,29126,,GAZPRO SA DE CV,,,Colima,Occidente,18.92315,-103.8837
PL/25296/EXP/ES/2023,29168,,ESTACION DE SERVICIO LA MANGA SA DE CV,,Tepatitlán de Morelos,Jalisco,Occidente,20.82302,-102.739
PL/2531/EXP/ES/2015,4191,,GASOLINERA TENAMAXTLAN SA DE CV,,Tenamaxtlán,Jalisco,Occidente,20.22446,-104.1708
PL/25310/EXP/ES/2023,29182,,GASOLINERA LEONARDO SA DE CV,,Tlajomulco de Zúñiga,Jalisco,Occidente,20.44107,-103.4079
PL/25311/EXP/ES/2023,29183,,GASOLINERA HERESTRE SA DE CV,,Morelia,Michoacán,Occidente,19.64398,-101.4099
PL/2532/EXP/ES/2015,4177,,SUPER SERVICIO CATALUÑA SA DE CV,,Zapotlanejo,Jalisco,Occidente,20.58859,-103.115
PL/25331/EXP/ES/2023,29203,,COMBUSTIBLES DE TALPA SA DE CV,,Talpa de Allende,Jalisco,Occidente,20.36513,-104.8142
PL/25332/EXP/ES/2023,29204,,GASOLINERA LV SA DE CV,,Nochistlán de Mejía,Zacatecas,Occidente,21.36118,-102.8369
PL/25363/EXP/ES/2023,29246,,J JESUS VAZQUEZ,,Victoria,Guanajuato,Occidente,21.2043,-100.2186
PL/25372/EXP/ES/2023,29255,,GASOLINERA VERDE SA DE CV,,Tlajomulco de Zúñiga,Jalisco,Occidente,20.56389,-103.473
PL/25374/EXP/ES/2023,29257,,ESTACION DE SERVICIO LAS MESITAS SA DE CV,,Atotonilco el Alto,Jalisco,Occidente,20.57274,-102.5337
PL/25377/EXP/ES/2023,29259,,SERVICIO NIGRAN SA DE CV,,Tlajomulco de Zúñiga,Jalisco,Occidente,20.53753,-103.4225
PL/25386/EXP/ES/2023,29268,,GRUPO ATHOS DE OCCIDENTE SA DE CV,,Zapopan,Jalisco,Occidente,20.72895,-103.391
PL/25387/EXP/ES/2023,29269,,ESTACION DE SERVICIOS GMS S DE RL DE CV,,San Gabriel,Jalisco,Occidente,19.68244,-103.8005
PL/25388/EXP/ES/2023,29270,,GASOLINERIA CAR-GO SA DE CV,,Uruapan,Michoacán,Occidente,19.38229,-102.0394
PL/25390/EXP/ES/2023,29272,,JANETH MARTIN RAMOS,,Tonalá,Jalisco,Occidente,20.65513,-103.2426
PL/2540/EXP/ES/2015,4170,,GASOLINERA CARMELITAS SA DE CV,,Irapuato,Guanajuato,Occidente,20.64945,-101.3415
PL/25418/EXP/ES/2023,29303,,GAZPRO SA DE CV,,Zacatecas,Zacatecas,Occidente,22.76209,-102.5495
PL/25422/EXP/ES/2023,29307,,COMBUSTIBLES ULTRA FINOS PARQUE SA DE CV,,León,Guanajuato,Occidente,21.14256,-101.6385
PL/25423/EXP/ES/2023,29308,,GAZPRO SA DE CV,,Salamanca,Guanajuato,Occidente,20.5863,-101.2204
PL/25425/EXP/ES/2023,29309,,ESTACION DE SERVICIO ENERGETICO SJ SA DE CV,,Epitacio Huerta,Michoacán,Occidente,20.1322,-100.3062
PL/25432/EXP/ES/2023,29316,,GRUPO EMPRESARIAL ALE SA DE CV,,Ixtlahuacán de los Membrillos,Jalisco,Occidente,20.35522,-103.192
PL/25438/EXP/ES/2023,29322,,GASOLINERA SAN ANTONIO DE VIÑA SA DE CV,,Tacámbaro,Michoacán,Occidente,19.28973,-101.4656
PL/2544/EXP/ES/2015,3954,,GASOLINERA UNION SA DE CV,,León,Guanajuato,Occidente,21.10086,-101.7166
PL/25440/EXP/ES/2023,29324,,GASOLINERA CUDEA SA DE CV,,Zapopan,Jalisco,Occidente,20.79201,-103.4607
PL/25442/EXP/ES/2023,29326,,WICRO OIL SA DE CV,,Autlán de Navarro,Jalisco,Occidente,19.7453,-104.3624
PL/25463/EXP/ES/2024,29348,,COMBUSTIBLES Y ENERGETICOS ABC SA DE CV,,Guadalajara,Jalisco,Occidente,20.67952,-103.3945
PL/25464/EXP/ES/2024,29349,,GRUPO OCCIDENTAL DE COMBUSTIBLES SA DE CV,,,Colima,Occidente,18.90365,-103.9064
PL/25466/EXP/ES/2024,29350,,GAZPRO SA DE CV,,Guadalupe,Zacatecas,Occidente,22.76698,-102.5008
PL/25471/EXP/ES/2024,29355,,GAZPRO SA DE CV,,Fresnillo,Zacatecas,Occidente,23.17271,-102.8874
PL/25472/EXP/ES/2024,29356,,GAZPRO SA DE CV,,Fresnillo,Zacatecas,Occidente,23.18342,-102.8642
PL/25482/EXP/ES/2024,29364,,PETRO HUNTER SA DE CV,,Zapopan,Jalisco,Occidente,20.72614,-103.3392
PL/25490/EXP/ES/2024,29372,,GAZPRO SA DE CV,,Guadalupe,Zacatecas,Occidente,22.75884,-102.5448
PL/25497/EXP/ES/2024,29378,,GAZPRO SA DE CV,,Villa de Álvarez,Colima,Occidente,19.25447,-103.7442
PL/25503/EXP/ES/2024,29383,,GAZPRO SA DE CV,,Zacatecas,Zacatecas,Occidente,22.75987,-102.5855
PL/25517/EXP/ES/2024,29404,,GASOLINERIA JIMENEZ SA DE CV,,Aguascalientes,Aguascalientes,Occidente,21.82276,-102.3361
PL/25524/EXP/ES/2024,29411,,MARIA ISABEL GARFIAS LOPEZ,,Hidalgo,Michoacán,Occidente,19.6927,-100.62
PL/25526/EXP/ES/2024,29413,,GASOLINERA LOS CAJONES SA DE CV,,Gabriel Zamora,Michoacán,Occidente,19.16163,-102.0535
PL/25528/EXP/ES/2024,29415,,COSTCO GAS SA DE CV,,Zapopan,Jalisco,Occidente,20.73974,-103.3857
PL/2553/EXP/ES/2015,3940,,PEDRO MARTINEZ RAMIREZ,,Guadalajara,Jalisco,Occidente,20.65222,-103.3286
PL/25532/EXP/ES/2024,29419,,GAS CRUZ DE MINA SA DE CV,,Villa de Álvarez,Colima,Occidente,19.27358,-103.7515
PL/25533/EXP/ES/2024,29420,,ESTACION DE SERVICIO JUAN PALOMAR SA DE CV,,Zapopan,Jalisco,Occidente,20.68927,-103.4271
PL/25534/EXP/ES/2024,29421,,SERVICIO ERANDINI S DE RL DE CV,,Tangancícuaro,Michoacán,Occidente,19.88577,-102.1998
PL/25535/EXP/ES/2024,29422,,GASOLINERA EL RAZO SA DE CV,,Apatzingán,Michoacán,Occidente,19.07241,-102.3664
PL/25537/EXP/ES/2024,29424,,TECNOCENTRO DE AGUASCALIENTES SA DE CV,,Aguascalientes,Aguascalientes,Occidente,21.84343,-102.3222
PL/25539/EXP/ES/2024,29426,,SERVICIO TEPETITLAN SA DE CV,,Zapopan,Jalisco,Occidente,20.62081,-103.4306
PL/2555/EXP/ES/2015,4051,,ESTACION DE SERVICIO OLIMPICA SA DE CV,,Guadalajara,Jalisco,Occidente,20.65038,-103.333
PL/2556/EXP/ES/2015,4132,,CENTAURO MOTOR SA DE CV,,León,Guanajuato,Occidente,21.15216,-101.6374
PL/25567/EXP/ES/2024,29459,,MAGNO COMBUSTIBLES SA DE CV,,Degollado,Jalisco,Occidente,20.44122,-102.126
PL/25570/EXP/ES/2024,29462,,COMBUSTIBLES HSM SA DE CV,,Morelia,Michoacán,Occidente,19.69889,-101.2467
PL/25571/EXP/ES/2024,29463,,PARADOR HACIENDA NUEVA SA DE CV,,Pinos,Zacatecas,Occidente,22.28426,-101.5807
PL/25575/EXP/ES/2024,29467,,AGROLEASING S A P I DE CV,,Talpa de Allende,Jalisco,Occidente,20.40479,-105.1404
PL/25576/EXP/ES/2024,29468,,ESTACION DE SERVICIO RUMI SA DE CV,,Aguascalientes,Aguascalientes,Occidente,21.87454,-102.3701
PL/25578/EXP/ES/2024,29470,,HIDRO PANAMERICANA SA DE CV,,Celaya,Guanajuato,Occidente,20.51782,-100.8566
PL/25587/EXP/ES/2024,29479,,GASOLINERA EL TRIGO SA DE CV,,Aguascalientes,Aguascalientes,Occidente,21.89174,-102.2105
PL/25597/EXP/ES/2024,29439,,SERVICENTRO DE LEON SA DE CV,,Aguascalientes,Aguascalientes,Occidente,21.92021,-102.2975
PL/2561/EXP/ES/2015,3968,,GASISLO 2000 SA DE CV,,Fresnillo,Zacatecas,Occidente,23.17269,-102.8886
PL/25618/EXP/ES/2024,29514,,ESTACION DE SERVICIO GASOLINERO SAN JOSE SA DE CV,,Zapotlán el Grande,Jalisco,Occidente,19.74685,-103.4619
PL/25619/EXP/ES/2024,29515,,OPORTO PLAZA SA DE CV,,Tlajomulco de Zúñiga,Jalisco,Occidente,20.52978,-103.4687
PL/25623/EXP/ES/2024,29558,,SERVICIOS GASOLINEROS DE MEXICO SA DE CV,,Tarímbaro,Michoacán,Occidente,19.78081,-101.1572
PL/25627/EXP/ES/2024,29522,,GRUPO OPERADOR GASOLINERO TSA DEL CENTRO SA DE CV,,San Francisco de los Romo,Aguascalientes,Occidente,21.96114,-102.2719
PL/25628/EXP/ES/2024,29523,,GRAN AMOR SA DE CV,,Zapopan,Jalisco,Occidente,20.61722,-103.4298
PL/2563/EXP/ES/2015,3926,,GASISLO 2000 SA DE CV,,Fresnillo,Zacatecas,Occidente,23.18864,-102.8626
PL/25632/EXP/ES/2024,29527,,GASOLINERA LOS CITRICOS 2 SA DE CV,,Apatzingán,Michoacán,Occidente,19.07568,-102.3602
PL/25633/EXP/ES/2024,29528,,SUPER SERVICIO LA ESPERANZA JUCHITLAN SA DE CV,,Juchitlán,Jalisco,Occidente,20.09286,-104.0971
PL/25639/EXP/ES/2024,29534,,MEGA GASOLINERAS SA DE CV,,León,Guanajuato,Occidente,21.11419,-101.5889
PL/25641/EXP/ES/2024,29536,,ENERGETICOS EL ORITO SA DE CV,,Zacatecas,Zacatecas,Occidente,22.75524,-102.5936
PL/25642/EXP/ES/2024,29537,,COMBUSTIBLES JL SA DE CV,,Guadalajara,Jalisco,Occidente,20.68692,-103.3088
PL/25649/EXP/ES/2024,29544,,ESTACION COMPOSITORES SA DE CV,,Zapopan,Jalisco,Occidente,20.65355,-103.4226
PL/2572/EXP/ES/2015,4363,,GRUPO GASOLINERO BUGATTI SA DE CV,,Celaya,Guanajuato,Occidente,20.59783,-100.8051
PL/25749/EXP/ES/2024,29694,,GAS ACER SA DE CV,,Abasolo,Guanajuato,Occidente,20.49873,-101.4031
PL/25752/EXP/ES/2024,29689,,GASO MGA SA DE CV,,Zamora,Michoacán,Occidente,19.99045,-102.2894
PL/25754/EXP/ES/2024,29686,,SERVICIOS GASOLINEROS Y AUTOMOTRICES LAROSA SA DE CV,,Jesús María,Aguascalientes,Occidente,21.96756,-102.2902
PL/25757/EXP/ES/2024,29680,,GASOLINERA LOS VECINOS SA DE CV,,Puerto Vallarta,Jalisco,Occidente,20.7127,-105.2195
PL/25880/EXP/ES/2024,29764,,COMBU-EXPRESS SA DE CV,,Zapotlán el Grande,Jalisco,Occidente,19.68223,-103.4623
PL/25882/EXP/ES/2024,29769,,RODIMIRO MARTINEZ CHAIREZ,,Juan Aldama,Zacatecas,Occidente,24.30338,-103.3849
PL/25884/EXP/ES/2024,29773,,GASOLINERA EMILIANO ZAPATA SA DE CV,,La Huerta,Jalisco,Occidente,19.37279,-104.9326
PL/25885/EXP/ES/2024,29775,,SEVIOR SA DE CV,,Celaya,Guanajuato,Occidente,20.5181,-100.8821
PL/25891/EXP/ES/2024,29788,,GRUPO OPERADOR GASOLINERO TSA DEL CENTRO SA DE CV,,Jesús María,Aguascalientes,Occidente,21.95924,-102.3426
PL/25893/EXP/ES/2024,29792,,SERVICIO MAREMI SA DE CV,,Salvatierra,Guanajuato,Occidente,20.22777,-100.922
PL/25895/EXP/ES/2024,29796,,GASOLINERAS MAS UNO SA DE CV,,Salamanca,Guanajuato,Occidente,20.54395,-101.1879
PL/25899/EXP/ES/2024,29805,,ENERSISTEM SA DE CV,,Tuxpan,Jalisco,Occidente,19.5731,-103.4243
PL/25940/EXP/ES/2024,29848,,CARBURANTES DEL OSO SA DE CV,,Apaseo el Alto,Guanajuato,Occidente,20.50572,-100.5805
PL/25941/EXP/ES/2024,29847,,SERVICIO VIGAR SA DE CV,,Tangancícuaro,Michoacán,Occidente,19.89109,-102.2093
PL/25954/EXP/ES/2024,29834,,J JESUS VAZQUEZ,,San Luis de la Paz,Guanajuato,Occidente,21.2896,-100.5939
PL/25999/EXP/ES/2024,29932,,ALPEZ GAS SA DE CV,,Puerto Vallarta,Jalisco,Occidente,20.69854,-105.225
PL/26008/EXP/ES/2024,29941,,GRUPO SECA GASOLINERAS SA DE CV,,Irapuato,Guanajuato,Occidente,20.68554,-101.3802
PL/26009/EXP/ES/2024,29942,,COMBUSTIBLES BENEDICTO LOPEZ SA DE CV,,Tuxpan,Michoacán,Occidente,19.57033,-100.4651
PL/26012/EXP/ES/2024,29945,,GASOLINERA CHAPALITA SA DE CV,,Tepatitlán de Morelos,Jalisco,Occidente,20.80961,-102.7792
PL/26019/EXP/ES/2024,29952,,SERVICIO GASOLINERO JLI SA DE CV,,Pátzcuaro,Michoacán,Occidente,19.53278,-101.6278
PL/26020/EXP/ES/2024,29953,,GASOLINERA DUBAI SA DE CV,,Zapotlanejo,Jalisco,Occidente,20.613,-103.082
PL/26022/EXP/ES/2024,29955,,ESTACION DE SERVICIO MARSA SA DE CV,,Nocupétaro,Michoacán,Occidente,19.04971,-101.1703
PL/26026/EXP/ES/2024,29959,,JENIFER SANCHEZ DE LA TORRE,,Huetamo,Michoacán,Occidente,18.62964,-100.8994
PL/26033/EXP/ES/2024,29966,,MULTISERVICIOS LA MESA SA DE CV,,Tacámbaro,Michoacán,Occidente,19.26826,-101.4712
PL/26068/EXP/ES/2024,29986,,COMBU-EXPRESS SA DE CV,,Atemajac de Brizuela,Jalisco,Occidente,20.1279,-103.722
PL/26070/EXP/ES/2024,29988,,GASOLINERA PATAMBURAPIO SA DE CV,,Tingüindín,Michoacán,Occidente,19.76002,-102.4922
PL/26072/EXP/ES/2024,29990,,ESTACION SAN JOSE DE HUEJUCAR SA DE CV,,Calvillo,Aguascalientes,Occidente,21.89713,-102.7027
PL/26075/EXP/ES/2024,29993,,PINZANDARO DE ALMARAIL SA DE CV,,Buenavista,Michoacán,Occidente,19.10824,-102.5369
PL/26076/EXP/ES/2024,29994,,NAVALBELLO SA DE CV,,Concepción del Oro,Zacatecas,Occidente,24.61176,-101.3702
PL/26078/EXP/ES/2024,29996,,DUGAL SA DE CV,,Tuzantla,Michoacán,Occidente,19.23343,-100.5553
PL/26081/EXP/ES/2024,29999,,SERVICIO LOMAS AGUASCALIENTES SA DE CV,,Aguascalientes,Aguascalientes,Occidente,21.90625,-102.2708
PL/26082/EXP/ES/2024,30000,,CENTRO GASOLINERO DE LA CIENEGA SA DE CV,,Zacapu,Michoacán,Occidente,19.79956,-101.7769
PL/26086/EXP/ES/2024,30004,,GASOLINERA COMPAÑERO SA DE CV,,San Felipe,Guanajuato,Occidente,21.47063,-101.215
PL/26088/EXP/ES/2024,30006,,MULTISERVICIOS TULA 2000 SA DE CV,,San Francisco de los Romo,Aguascalientes,Occidente,22.0654,-102.2799
PL/26091/EXP/ES/2024,30009,,LA ULTIMA ESTACION ARANDAS IRAPUATO SA DE CV,,Irapuato,Guanajuato,Occidente,20.73121,-101.3789
PL/26120/EXP/ES/2024,30044,,PETROCANA SA DE CV,,Acatic,Jalisco,Occidente,20.75548,-102.8285
PL/2615/EXP/ES/2015,4565,,GRUPO GASOLINERO BUGATTI SA DE CV,,Comonfort,Guanajuato,Occidente,20.72946,-100.7394
PL/2618/EXP/ES/2015,4557,,SERVICIO RIVAS DE VALPARAISO SA DE CV,,Valparaíso,Zacatecas,Occidente,22.75932,-103.5731
PL/26183/EXP/ES/2025,30153,,GRUPO SECA GASOLINERAS SA DE CV,,León,Guanajuato,Occidente,21.09591,-101.6791
PL/26228/EXP/ES/2025,30172,,BLANCA ARACELI REYES ZARZOSA,,Villa Hidalgo,Zacatecas,Occidente,22.38464,-101.7833
PL/26245/EXP/ES/2025,30189,,PETRALL SA DE CV,,Aguascalientes,Aguascalientes,Occidente,21.88831,-102.393
PL/2640/EXP/ES/2015,4438,,SUPER COMBUSTIBLES DEL RIO SA DE CV,,Morelia,Michoacán,Occidente,19.71273,-101.1936
PL/2645/EXP/ES/2015,4463,,LA PASADITA DE OBREGON SA DE CV,,Salamanca,Guanajuato,Occidente,20.56057,-101.1987
PL/2646/EXP/ES/2015,4429,,SERVICIO CAZADORA SA DE CV,,Salamanca,Guanajuato,Occidente,20.55729,-101.2134
PL/2647/EXP/ES/2015,4385,,COMUNICACION NORTE SA DE CV,,Salamanca,Guanajuato,Occidente,20.55447,-101.1954
PL/2648/EXP/ES/2015,4484,,CENTRO DE SERVICIOS EL CRUCERO SA DE CV,,Lagos de Moreno,Jalisco,Occidente,21.37081,-101.9042
PL/2649/EXP/ES/2015,4559,,SERVICIO GASOLINERO VILLAS DE IRAPUATO SA DE CV,,Irapuato,Guanajuato,Occidente,20.68477,-101.3924
PL/2656/EXP/ES/2015,4396,,SERVICIOS ENERGETICOS CAPILLA S DE RL DE CV,,Tepatitlán de Morelos,Jalisco,Occidente,20.81734,-102.5887
PL/2666/EXP/ES/2015,4523,,GRUPO GASOLINERO RIVAS SA DE CV,,Guadalupe,Zacatecas,Occidente,22.75669,-102.5078
PL/2670/EXP/ES/2015,4605,,GASOLINERA EL CERRO CHATO SA DE CV,,Guadalajara,Jalisco,Occidente,20.67857,-103.267
PL/2673/EXP/ES/2015,4542,,SERVICIO LOS ARQUITOS DE OCAMPO SA DE CV,,Ocampo,Guanajuato,Occidente,21.65405,-101.4738
PL/2677/EXP/ES/2015,4608,,COMERCIALIZADORA DE COMBUSTIBLE POMPA SOCIEDAD ANONIMA DE CAPITAL VARIABLE,,León,Guanajuato,Occidente,21.12983,-101.6557
PL/2701/EXP/ES/2015,4427,,PRACOP SA DE CV,,Guadalajara,Jalisco,Occidente,20.68884,-103.3587
PL/2702/EXP/ES/2015,4471,,LA CALZADA GASOLINERA SA DE CV,,Uruapan,Michoacán,Occidente,19.39576,-102.0662
PL/2714/EXP/ES/2015,4342,,GASOLINERA LA EXPOSICION SA DE CV,,Apatzingán,Michoacán,Occidente,19.08177,-102.3548
PL/2721/EXP/ES/2015,4521,,BECKTROP GDL SA DE CV,,Guadalajara,Jalisco,Occidente,20.70188,-103.3278
PL/2723/EXP/ES/2015,4482,,SERVICIO LA PIRAMIDE SA DE CV,,Comonfort,Guanajuato,Occidente,20.75178,-100.7706
PL/2735/EXP/ES/2015,4508,,SERVICIOS GASOLINEROS DE MEXICO SA DE CV,,Morelia,Michoacán,Occidente,19.7001,-101.2471
PL/2736/EXP/ES/2015,4316,,GASOLINERA MARAVATIO SA DE CV,,Maravatío,Michoacán,Occidente,19.88386,-100.4458
PL/2743/EXP/ES/2015,4436,,JOSE DE JESUS ARIAS NEGRETE,,Pénjamo,Guanajuato,Occidente,20.4329,-101.7135
PL/2746/EXP/ES/2015,4403,,JOSE DE JESUS ARIAS NEGRETE,,Pénjamo,Guanajuato,Occidente,20.28501,-101.8467
PL/2747/EXP/ES/2015,4348,,GASOLINERA TANCITARO SA DE CV,,Tancítaro,Michoacán,Occidente,19.33424,-102.3626
PL/2750/EXP/ES/2015,4464,,SERVICIO PARAISO ALEGRE SA DE CV,,Tomatlán,Jalisco,Occidente,19.97524,-105.3204
PL/2759/EXP/ES/2015,4417,,ENERGETICOS EL CARACOL SA DE CV,,San Miguel de Allende,Guanajuato,Occidente,20.90562,-100.7293
PL/2769/EXP/ES/2015,4589,,GRUPO ENERGETICO GUDE SA DE CV,,Fresnillo,Zacatecas,Occidente,23.16839,-102.8551
PL/2771/EXP/ES/2015,4340,,ESTACION LA ANTIGUA VALLADOLID SA DE CV,,Morelia,Michoacán,Occidente,19.72843,-101.1516
PL/2775/EXP/ES/2015,4381,,GRUPO ENERGETICO GUDE SA DE CV,,Fresnillo,Zacatecas,Occidente,23.16811,-102.8529
PL/2776/EXP/ES/2015,4598,,SERVICIOS LA CATRINA DE PATZCUARO SA DE CV,,Pátzcuaro,Michoacán,Occidente,19.51219,-101.6122
PL/2780/EXP/ES/2015,4317,,GAS SAL SA DE CV,,Salamanca,Guanajuato,Occidente,20.56177,-101.2017
PL/2782/EXP/ES/2015,4358,,SERVICIO EL DUERO SA DE CV,,Zamora,Michoacán,Occidente,20.02153,-102.2564
PL/2783/EXP/ES/2015,4522,,INVERSERVICIOS EN GASOLINERAS SA DE CV,,Tlaquepaque,Jalisco,Occidente,20.59778,-103.4059
PL/2788/EXP/ES/2015,4569,,ESTACION SERVICIO LA CHARANDA SA DE CV,,Uruapan,Michoacán,Occidente,19.42795,-102.0613
PL/2801/EXP/ES/2015,4400,,LA PAROTA GASOLINERA SA DE CV,,Múgica,Michoacán,Occidente,19.00889,-102.0993
PL/2805/EXP/ES/2015,4424,,GASOLINERA SAN GERARDO SA DE CV,,Guadalajara,Jalisco,Occidente,20.69242,-103.2699
PL/2807/EXP/ES/2015,4591,,SERVICIOS BERNALDEZ SA DE CV,,Zapotlán del Rey,Jalisco,Occidente,20.46753,-102.9075
PL/2810/EXP/ES/2015,4554,,AUTOSERVICIO EL FUERTE SA DE CV,,La Piedad,Michoacán,Occidente,20.3592,-102.066
PL/2812/EXP/ES/2015,4408,,GASOLINERIA CAR-GO SA DE CV,,Apatzingán,Michoacán,Occidente,19.09495,-102.3474
PL/2817/EXP/ES/2015,4404,,SERVICIOS INTEGRALES MACRO SA DE CV,,Lagos de Moreno,Jalisco,Occidente,21.36184,-101.9305
PL/2823/EXP/ES/2015,4498,,SERVIEXPRESS DELFINES SA DE CV,,Abasolo,Guanajuato,Occidente,20.45082,-101.5528
PL/2825/EXP/ES/2015,4564,,EL ALTO ESTACION DE SERVICIO S DE RL DE CV,,Villa Hidalgo,Jalisco,Occidente,21.65872,-102.5936
PL/2826/EXP/ES/2015,4547,,SERVICIOS GASOLINEROS DE MEXICO SA DE CV,,Tonalá,Jalisco,Occidente,20.64961,-103.2611
PL/2828/EXP/ES/2015,4423,,SERVICIO ANDRADE SA DE CV,,Guadalajara,Jalisco,Occidente,20.65039,-103.3829
PL/2829/EXP/ES/2015,11068,,SERVICIO TAPIA SA DE CV,,Salvatierra,Guanajuato,Occidente,20.22041,-100.881
PL/2832/EXP/ES/2015,4352,,SERVICIO INDUSTRIAL DE ZAPOPAN SA DE CV,,Zapopan,Jalisco,Occidente,20.73126,-103.3855
PL/2833/EXP/ES/2015,4603,,GRUPO URANUS SA DE CV,,Celaya,Guanajuato,Occidente,20.53851,-100.8602
PL/2834/EXP/ES/2015,4432,,PETROMAX SA DE CV,,Tlaquepaque,Jalisco,Occidente,20.5809,-103.2842
PL/2835/EXP/ES/2015,4488,,GASOLINERA EXCELENCIA SA DE CV,,Uriangato,Guanajuato,Occidente,20.10933,-101.1707
PL/2836/EXP/ES/2015,4380,,VICTOR HUGO RODRIGUEZ PAREDES,,Tarimoro,Guanajuato,Occidente,20.29885,-100.7497
PL/2841/EXP/ES/2015,4458,,HECTOR RAMON MARTINEZ RAMIREZ,,Tonalá,Jalisco,Occidente,20.63632,-103.2531
PL/2847/EXP/ES/2015,4459,,ALAZAN S SA DE CV,,Salamanca,Guanajuato,Occidente,20.51185,-101.2085
PL/2848/EXP/ES/2015,4425,,SERVICIO LA NOGALERA SA DE CV,,Guadalajara,Jalisco,Occidente,20.62865,-103.3347
PL/2849/EXP/ES/2015,4534,,COMBUSTIBLES Y LUBRICANTES SALTILLO SA DE CV,,Zapopan,Jalisco,Occidente,20.73113,-103.3432
PL/2855/EXP/ES/2015,4506,,COMBU-EXPRESS SA DE CV,,,Colima,Occidente,18.9174,-103.883
PL/2866/EXP/ES/2015,11181,,SERVICIOS GONRI SA DE CV,,León,Guanajuato,Occidente,21.03051,-101.5454
PL/2867/EXP/ES/2015,4513,,SERVICIOS CEMENTOS SA DE CV,,San Francisco del Rincón,Guanajuato,Occidente,20.99226,-101.8432
PL/2868/EXP/ES/2015,4349,,GUILLERMO CHACON ZAVALA,,Huanímaro,Guanajuato,Occidente,20.3691,-101.4912
PL/2869/EXP/ES/2015,4453,,SERVICIO PUENTE GRANDE SA DE CV,,Valle de Santiago,Guanajuato,Occidente,20.39431,-101.2064
PL/2875/EXP/ES/2015,4433,,SERVICIO AUTOPISTA SA DE CV,,Tlaquepaque,Jalisco,Occidente,20.62854,-103.2908
PL/2880/EXP/ES/2015,4532,,COMBU-EXPRESS SA DE CV,,El Grullo,Jalisco,Occidente,19.79983,-104.2261
PL/2881/EXP/ES/2015,4437,,COMBU-EXPRESS SA DE CV,,Cihuatlán,Jalisco,Occidente,19.23925,-104.7096
PL/2886/EXP/ES/2015,4469,,GASOLINERA ZALATITAN SA DE CV,,Tonalá,Jalisco,Occidente,20.66723,-103.2639
PL/2887/EXP/ES/2015,4483,,CONSORCIO DEL PINAR SA DE CV,,Guadalajara,Jalisco,Occidente,20.64324,-103.3188
PL/2890/EXP/ES/2015,4530,,GASOLINERA FRANCISCO VILLA NORTE SA DE CV,,León,Guanajuato,Occidente,21.14426,-101.6363
PL/2892/EXP/ES/2015,11047,,OLEUM SERVICE SA DE CV,,Villagrán,Guanajuato,Occidente,20.51331,-100.9321
PL/2907/EXP/ES/2015,10982,,RED SIGLO XXI SA DE CV,,Aguascalientes,Aguascalientes,Occidente,21.90174,-102.3169
PL/2908/EXP/ES/2015,11131,,RED SIGLO XXI SA DE CV,,Aguascalientes,Aguascalientes,Occidente,21.93241,-102.3214
PL/2915/EXP/ES/2015,11158,,SERVICIOS SAN JUAN SA DE CV,,Colima,Colima,Occidente,19.24233,-103.7537
PL/2920/EXP/ES/2015,11102,,GASOLINERA JALISCO SA DE CV,,Guadalajara,Jalisco,Occidente,20.6844,-103.3529
PL/2922/EXP/ES/2015,10837,,DISTRIBUIDORA DEL NORTE DE SALAMANCA SA DE CV,,Salamanca,Guanajuato,Occidente,20.61465,-101.1682
PL/2923/EXP/ES/2015,11089,,GASOLINERA FELIPE ANGELES SA,,Guadalajara,Jalisco,Occidente,20.66949,-103.304
PL/2924/EXP/ES/2015,11155,,SERVICIO AMBARHATI S DE RL DE CV,,Chilchota,Michoacán,Occidente,19.85346,-102.04
PL/2925/EXP/ES/2015,11015,,SERVICIO IRASAL SA DE CV,,Irapuato,Guanajuato,Occidente,20.64996,-101.2953
PL/2927/EXP/ES/2015,11120,,GASOLINERA BARAJAS SA DE CV,,Ixtlahuacán del Río,Jalisco,Occidente,20.85699,-103.2498
PL/2935/EXP/ES/2015,10824,,GASOLINEROS MEXICANOS SA DE CV,,Guadalajara,Jalisco,Occidente,20.66682,-103.3461
PL/2943/EXP/ES/2015,11056,,SUPER SERVICIO GASOLINERO DEL SUR SA DE CV,,Tacámbaro,Michoacán,Occidente,19.09892,-101.5075
PL/2947/EXP/ES/2015,10924,,SUPERSERVICIO TALA SA DE CV,,Tala,Jalisco,Occidente,20.66067,-103.7293
PL/2950/EXP/ES/2015,10849,,ESTACION MORELOS SA,,Celaya,Guanajuato,Occidente,20.52099,-100.8103
PL/2962/EXP/ES/2015,10903,,GASOLINERA LA HACIENDA ROSA DE CASTILLA SA DE CV,,Uruapan,Michoacán,Occidente,19.39269,-102.0223
PL/2974/EXP/ES/2015,11043,,GRUPO CESCO DE LOS ALTOS SA DE CV,,Lagos de Moreno,Jalisco,Occidente,21.34962,-101.929
PL/2977/EXP/ES/2015,11125,,COMBUSTIBLES ALCE SA DE CV,,Guadalajara,Jalisco,Occidente,20.67095,-103.2965
PL/2984/EXP/ES/2015,10930,,SERVICIO LAS PALMAS DE FRESNILLO SA DE CV,,Fresnillo,Zacatecas,Occidente,23.29802,-102.9584
PL/2989/EXP/ES/2015,10882,,UNIDAD DE GASOLINERAS SA DE CV,,Aguascalientes,Aguascalientes,Occidente,21.91003,-102.2744
PL/2991/EXP/ES/2015,11187,,DISTRIBUIDORA DE COMBUSTIBLES MAZATL SA DE CV,,Guadalajara,Jalisco,Occidente,20.63205,-103.3807
PL/2994/EXP/ES/2015,11139,,SUPER SERVICIO GASOLINERO DEL SUR SA DE CV,,Tacámbaro,Michoacán,Occidente,19.23084,-101.4558
PL/2995/EXP/ES/2015,10961,,MULTISERVICIOS LA MESA SA DE CV,,Tacámbaro,Michoacán,Occidente,19.24656,-101.4656
PL/2999/EXP/ES/2015,11094,,GRUPO GARSAN DEL PACIFICO SA DE CV,,Villa de Álvarez,Colima,Occidente,19.27115,-103.7328
PL/3004/EXP/ES/2015,11076,,ENERGETICOS PLUS SA DE CV,,Zapopan,Jalisco,Occidente,20.69176,-103.4154
PL/3009/EXP/ES/2015,11188,,SUPERSERVICIO JOSE LUIS SA DE CV,,Tocumbo,Michoacán,Occidente,19.69528,-102.4946
PL/3017/EXP/ES/2015,11160,,SERVICIOS ECOLOGICOS DE ESCARCEGA SA DE CV,,La Barca,Jalisco,Occidente,20.36029,-102.4501
PL/3021/EXP/ES/2015,11049,,LOS CUATES HERRERA TORRES SA DE CV,,Tepechitlán,Zacatecas,Occidente,21.65619,-103.3282
PL/3032/EXP/ES/2015,10994,,GASOLINERA Q SA DE CV,,Uruapan,Michoacán,Occidente,19.4257,-102.0508
PL/3033/EXP/ES/2015,11020,,SUPER SERVICIO SALVATIERRA SA DE CV,,Salvatierra,Guanajuato,Occidente,20.21673,-100.8953
PL/3035/EXP/ES/2015,11074,,SUPER SERVICIO GASOLINERO DEL SUR SA DE CV,,Tacámbaro,Michoacán,Occidente,19.13699,-101.4715
PL/3047/EXP/ES/2015,10954,,FRANCISCO MENDEZ GARCIA,,San Diego de la Unión,Guanajuato,Occidente,21.53844,-100.7458
PL/3050/EXP/ES/2015,10863,,SUPER GAS SAN LUIS MATEHUALA SA DE CV,,Irapuato,Guanajuato,Occidente,20.68355,-101.3492
PL/3052/EXP/ES/2015,11079,,ENERGETICOS PLUS SA DE CV,,Tlaquepaque,Jalisco,Occidente,20.56817,-103.3658
PL/3056/EXP/ES/2015,10848,,SUPER SERVICIOS ALMARAIL SA DE CV,,Zamora,Michoacán,Occidente,19.95894,-102.2569
PL/3058/EXP/ES/2015,10887,,GASOLINERIA SANTA RITA SA DE CV,,Tonalá,Jalisco,Occidente,20.68935,-103.2619
PL/3064/EXP/ES/2015,10987,,NORMAN AUTO SERVICIO SA DE CV,,Miguel Auza,Zacatecas,Occidente,24.29007,-103.4463
PL/3085/EXP/ES/2015,11169,,OPERADORA EL GUANTON SA DE CV,,Irapuato,Guanajuato,Occidente,20.61111,-101.4295
PL/3088/EXP/ES/2015,11002,,GASOLINERA REYES SA DE CV,,Pénjamo,Guanajuato,Occidente,20.42636,-101.7233
PL/3090/EXP/ES/2015,10892,,GASOLINERA PENJAMO SA DE CV,,Pénjamo,Guanajuato,Occidente,20.44014,-101.6763
PL/3091/EXP/ES/2015,10949,,ISABEL FERNANDEZ MAGAÑA,,Múgica,Michoacán,Occidente,18.99089,-102.1048
PL/3094/EXP/ES/2015,10874,,SERVICIOS PLAZA GALERIAS SA DE CV,,Salamanca,Guanajuato,Occidente,20.58427,-101.2164
PL/3096/EXP/ES/2015,11036,,SERVICIO LA CENTRAL SA DE CV,,Uruapan,Michoacán,Occidente,19.42581,-102.0457
PL/3098/EXP/ES/2015,10856,,SIMBA EXPRESS SA DE CV,,Guadalajara,Jalisco,Occidente,20.68769,-103.3783
PL/3105/EXP/ES/2015,10884,,SUPER SERVICIO URZUA SA,,Colima,Colima,Occidente,19.25228,-103.7295
PL/3107/EXP/ES/2015,10980,,INVERSERVICIOS EN GASOLINERAS SA DE CV,,Tlaquepaque,Jalisco,Occidente,20.61123,-103.416
PL/3113/EXP/ES/2015,10859,,MACROSERVICIO DEL PACIFICO SA DE CV,,,Colima,Occidente,18.94362,-103.9223
PL/3117/EXP/ES/2015,10841,,EPITACIO SANTOS CHAVEZ,,Gómez Farías,Jalisco,Occidente,19.81485,-103.4904
PL/3119/EXP/ES/2015,10832,,GASOLINERA INDUSTRIAL SA DE CV,,Uruapan,Michoacán,Occidente,19.42191,-102.0319
PL/3123/EXP/ES/2015,10835,,NOVOGAS GUADALAJARA VALLARTA SA DE CV,,Zapopan,Jalisco,Occidente,20.67897,-103.4308
PL/3130/EXP/ES/2015,10890,,GASO SHOP SA DE CV,,León,Guanajuato,Occidente,21.13228,-101.6881
PL/3131/EXP/ES/2015,11190,,SERVICIO NIÑOS HEROES SA DE CV,,Guadalajara,Jalisco,Occidente,20.66663,-103.3628
PL/3132/EXP/ES/2015,10959,,SILAO GAS SA DE CV,,Silao,Guanajuato,Occidente,20.94397,-101.4211
PL/3141/EXP/ES/2015,10933,,SUPER SERVICIO LA ZIRANDA SA DE CV,,Tingambato,Michoacán,Occidente,19.50253,-101.8441
PL/3149/EXP/ES/2015,11001,,SERVICIO EL CERRITO SA DE CV,,Zamora,Michoacán,Occidente,20.03339,-102.2776
PL/3152/EXP/ES/2015,10946,,LA ERRE SA DE CV,,Salamanca,Guanajuato,Occidente,20.59348,-101.1831
PL/3153/EXP/ES/2015,10934,,RAUL ALVAREZ PEREZ,,Jesús María,Jalisco,Occidente,20.68539,-102.2349
PL/3160/EXP/ES/2015,11087,,SERVICIO CAPUCHINAS SA DE CV,,Lagos de Moreno,Jalisco,Occidente,21.36053,-101.9212
PL/3161/EXP/ES/2015,10836,,GRUPO GASOLINERO LAGOS SA DE CV,,Lagos de Moreno,Jalisco,Occidente,21.37967,-101.924
PL/3162/EXP/ES/2015,11098,,GASOLINERA SERVICIO EL TREBOL SA DE CV,,Apaseo el Grande,Guanajuato,Occidente,20.53481,-100.7099
PL/3164/EXP/ES/2015,11014,,COMERCIALIZADORA DE COMBUSTIBLE LA FUENTE SA DE CV,,Uruapan,Michoacán,Occidente,19.41466,-102.0294
PL/3167/EXP/ES/2015,10932,,GASOLINERA QUIRINDAVARA SA DE CV,,Uruapan,Michoacán,Occidente,19.3801,-102.046
PL/3170/EXP/ES/2015,10985,,GASOLINERA MICHOACAN SA DE CV,,Uruapan,Michoacán,Occidente,19.41899,-102.0451
PL/3174/EXP/ES/2015,10996,,GASO CONTROL INTEGRAL DOS SA DE CV,,Atotonilco el Alto,Jalisco,Occidente,20.56788,-102.4239
PL/3190/EXP/ES/2015,10972,,MULTISERVICIO EL FRESNO SA DE CV,,Zinapécuaro,Michoacán,Occidente,19.88483,-100.6651
PL/3194/EXP/ES/2015,10912,,SERVICIO DEL CENTRO DE ZAMORA SA DE CV,,Zamora,Michoacán,Occidente,19.98203,-102.2894
PL/3196/EXP/ES/2015,10825,,SERVICIO VILLAVAL SA DE CV,,Morelia,Michoacán,Occidente,19.58714,-101.3034
PL/3198/EXP/ES/2015,10899,,SERVICIO DEL CENTRO DE ZAMORA SA DE CV,,Zamora,Michoacán,Occidente,20.01432,-102.2814
PL/3212/EXP/ES/2015,11119,,INMOBILIARIA CORBELI SA DE CV,,Celaya,Guanajuato,Occidente,20.49651,-100.842
PL/3213/EXP/ES/2015,10960,,GRUPO SECA GASOLINERAS SA DE CV,,León,Guanajuato,Occidente,21.1066,-101.6575
PL/3214/EXP/ES/2015,7307,,LUIS FERNANDO ARIAS OCHOA,,Fresnillo,Zacatecas,Occidente,23.19432,-102.8602
PL/3221/EXP/ES/2015,6507,,SOCORRO RUVALCABA RODRIGUEZ,,Yahualica de González Gallo,Jalisco,Occidente,21.16129,-102.8876
PL/3229/EXP/ES/2015,5787,,BECKTROP GDL SA DE CV,,Guadalajara,Jalisco,Occidente,20.72913,-103.3143
PL/3241/EXP/ES/2015,6536,,ESTACION DE SERVICIOS SOLEDAD SA DE CV,,Fresnillo,Zacatecas,Occidente,23.32043,-102.9588
PL/3296/EXP/ES/2015,5840,,GASOLINERA LOGO SA,,León,Guanajuato,Occidente,21.09769,-101.6309
PL/3299/EXP/ES/2015,5793,,GASOLINERIA MICHIFAZO II SA DE CV,,Etzatlán,Jalisco,Occidente,20.78429,-104.1982
PL/3313/EXP/ES/2015,6508,,MARIA MARTHA ARROYO DE LEON,,Jiménez,Michoacán,Occidente,19.91875,-101.7469
PL/3323/EXP/ES/2015,5899,,RODELI SAN JOSE SA DE CV,,San José Iturbide,Guanajuato,Occidente,20.98197,-100.4344
PL/3333/EXP/ES/2015,7261,,SERVICIO LIBRAMIENTO NORTE SA DE CV,,León,Guanajuato,Occidente,21.17387,-101.663
PL/3340/EXP/ES/2015,6782,,FORMULA GAS SA DE CV,,Aguascalientes,Aguascalientes,Occidente,21.89848,-102.2791
PL/3343/EXP/ES/2015,5786,,XOCHITL MOJICA CASTILLO,,Morelia,Michoacán,Occidente,19.7157,-101.1723
PL/3364/EXP/ES/2015,7508,,SERVICIO INDIANAPOLIS SA DE CV,,Guadalajara,Jalisco,Occidente,20.67215,-103.3149
PL/3380/EXP/ES/2015,7384,,SERVICIOS SAN GABRIEL SA DE CV,,Morelia,Michoacán,Occidente,19.67485,-101.1791
PL/3418/EXP/ES/2015,6646,,GRUPO GASOLINERO GILCO SA DE CV,,Tuxpan,Michoacán,Occidente,19.56156,-100.467
PL/3423/EXP/ES/2015,6060,,GRUPO GASOLINERO GILCO SA DE CV,,Jungapeo,Michoacán,Occidente,19.48313,-100.4429
PL/3425/EXP/ES/2015,7254,,MEGA GASOLINERAS SA DE CV,,León,Guanajuato,Occidente,21.13331,-101.665
PL/3426/EXP/ES/2015,7130,,NOVOGAS GOMEZ FARIAS SA DE CV,,San José Iturbide,Guanajuato,Occidente,21.0039,-100.3813
PL/3428/EXP/ES/2015,6433,,NOVOGAS CELAYA SA DE CV,,Celaya,Guanajuato,Occidente,20.524,-100.8264
PL/3431/EXP/ES/2015,5995,,GASOLINERA DEL VALLE DE ZAMORA SA DE CV,,Tangancícuaro,Michoacán,Occidente,19.93692,-102.2403
PL/3439/EXP/ES/2015,5916,,SERVICIO LIBRAMIENTO NORTE SA DE CV,,León,Guanajuato,Occidente,21.17268,-101.6637
PL/3470/EXP/ES/2015,6871,,ABEL ZAMORA SEPULVEDA,,Tancítaro,Michoacán,Occidente,19.33262,-102.4666
PL/3475/EXP/ES/2015,5875,,BECKTROP GDL SA DE CV,,Guadalajara,Jalisco,Occidente,20.72247,-103.3167
PL/3476/EXP/ES/2015,6661,,SERVIEXPRESS ECOLOGICO SA DE CV,,Guadalajara,Jalisco,Occidente,20.68715,-103.3211
PL/3478/EXP/ES/2015,6202,,PRESTIGIO Y SOLVENCIA SA DE CV,,Tlaquepaque,Jalisco,Occidente,20.61755,-103.3115
PL/3485/EXP/ES/2015,6814,,BECKTROP GDL SA DE CV,,Tlaquepaque,Jalisco,Occidente,20.5806,-103.4285
PL/3486/EXP/ES/2015,6030,,GASOLINERA DIECIOCHO DE MARZO SA,,Tlaquepaque,Jalisco,Occidente,20.62525,-103.3215
PL/3517/EXP/ES/2015,6123,,KIARA EDITH BETANCOURT MORENO,,Tepalcatepec,Michoacán,Occidente,19.18229,-102.848
PL/3523/EXP/ES/2015,7416,,SERVICIOS SAN JOSE CUARACURIO SA DE CV,,Uriangato,Guanajuato,Occidente,20.09072,-101.1583
PL/3524/EXP/ES/2015,6544,,NORMAN AUTO SERVICIO SA DE CV,,Miguel Auza,Zacatecas,Occidente,24.2769,-103.4021
PL/3526/EXP/ES/2015,7058,,NORMAN AUTO SERVICIO SA DE CV,,Río Grande,Zacatecas,Occidente,23.82836,-103.0417
PL/3555/EXP/ES/2015,6104,,SERVICIOS Y COMBUSTIBLES ROJO SA DE CV,,Zacapu,Michoacán,Occidente,19.83637,-101.77
PL/3574/EXP/ES/2015,6450,,SERVICIOS GASOLINEROS DE MEXICO SA DE CV,,El Salto,Jalisco,Occidente,20.56113,-103.276
PL/3577/EXP/ES/2015,6714,,SERVICIOS GASOLINEROS DE MEXICO SA DE CV,,La Barca,Jalisco,Occidente,20.30241,-102.5416
PL/3583/EXP/ES/2015,5769,,SERVICIOS GASOLINEROS DE MEXICO SA DE CV,,Guanajuato,Guanajuato,Occidente,20.99645,-101.289
PL/3591/EXP/ES/2015,6540,,SUPER SERVICIO EL ROSARIO SA DE CV,,Dolores Hidalgo Cuna de la Independencia Nacional,Guanajuato,Occidente,21.16516,-100.938
PL/3593/EXP/ES/2015,6731,,GASOLINERA EL GUERO SA DE CV,,Múgica,Michoacán,Occidente,19.00989,-102.0997
PL/3595/EXP/ES/2015,6932,,SERVI EXPRESS BALVANERA SA DE CV,,Corregidora,Guanajuato,Occidente,20.53797,-100.4853
PL/3596/EXP/ES/2015,6180,,GASOLINERA ENTRONQUE SA DE CV,,Dolores Hidalgo Cuna de la Independencia Nacional,Guanajuato,Occidente,21.17102,-100.8935
PL/3601/EXP/ES/2015,6617,,OSCAR MEDINA JIMENEZ,,Tabasco,Zacatecas,Occidente,21.87006,-102.9101
PL/3614/EXP/ES/2015,6454,,SERVICIOS GASOLINEROS DE MEXICO SA DE CV,,Salamanca,Guanajuato,Occidente,20.54141,-101.2048
PL/3615/EXP/ES/2015,6839,,SERVICIOS GASOLINEROS DE MEXICO SA DE CV,,Irapuato,Guanajuato,Occidente,20.62763,-101.3939
PL/3616/EXP/ES/2015,6612,,SERVICIOS GASOLINEROS DE MEXICO SA DE CV,,Guanajuato,Guanajuato,Occidente,20.98176,-101.283
PL/3617/EXP/ES/2015,6663,,SERVICIOS GASOLINEROS DE MEXICO SA DE CV,,León,Guanajuato,Occidente,21.13529,-101.6807
PL/3618/EXP/ES/2015,6103,,SERVICIOS GASOLINEROS DE MEXICO SA DE CV,,Irapuato,Guanajuato,Occidente,20.67913,-101.347
PL/3619/EXP/ES/2015,6931,,SERVICIOS GASOLINEROS DE MEXICO SA DE CV,,Irapuato,Guanajuato,Occidente,20.65195,-101.3584
PL/3623/EXP/ES/2015,6021,,GASOLINA Y LUBRICANTES DEL VALLE SA DE CV,,Valparaíso,Zacatecas,Occidente,22.65368,-104.1065
PL/3625/EXP/ES/2015,6999,,AUTOGAS ALEMANIA SA DE CV,,Guadalajara,Jalisco,Occidente,20.66345,-103.3567
PL/3627/EXP/ES/2015,6813,,GASOLINERIA ZEUS SA DE CV,,Guadalajara,Jalisco,Occidente,20.69735,-103.3632
PL/3633/EXP/ES/2015,6893,,ESTACIONES DE SERVICIO SA DE CV,,San Miguel de Allende,Guanajuato,Occidente,20.88325,-100.5784
PL/3635/EXP/ES/2015,7257,,JORGE FLORES MEDINA,,Guadalupe,Zacatecas,Occidente,22.74952,-102.5011
PL/3649/EXP/ES/2015,6892,,SERVICIO LOMA DE LAGOS SA DE CV,,Lagos de Moreno,Jalisco,Occidente,21.37212,-101.9034
PL/3665/EXP/ES/2015,5800,,SERVICIO AMBAKITI S DE RL DE CV,,Paracho,Michoacán,Occidente,19.65866,-102.0353
PL/3670/EXP/ES/2015,6963,,GRUPO AGUILARIOS SA DE CV,,Lagos de Moreno,Jalisco,Occidente,21.3625,-101.9401
PL/3671/EXP/ES/2015,6077,,SERVICIO ESPECIALIZADO INTEGRAL DE LEON SA DE CV,,León,Guanajuato,Occidente,21.13672,-101.6311
PL/3674/EXP/ES/2015,6900,,RAMSSA DE PARACUARO SA DE CV,,Acámbaro,Guanajuato,Occidente,20.12757,-100.7467
PL/3684/EXP/ES/2015,6156,,GRUPO GASOLINERO MINATITLAN COLIMA SA DE CV,,Coquimatlán,Colima,Occidente,19.21517,-103.8044
PL/3689/EXP/ES/2015,6760,,ESTACION DE SERVICIO VB SA DE CV,,Guadalajara,Jalisco,Occidente,20.69294,-103.3675
PL/3699/EXP/ES/2015,6211,,ESTACION DE SERVICIO BETA SA DE CV,,Tlaquepaque,Jalisco,Occidente,20.5633,-103.4473
PL/3700/EXP/ES/2015,6360,,ESTACION DE SERVICIO ZERBA SA DE CV,,El Salto,Jalisco,Occidente,20.5433,-103.2621
PL/3702/EXP/ES/2015,7327,,AUTOSERVICIO GASOLINERO HACIENDA SANTA FE SA DE CV,,Tlajomulco de Zúñiga,Jalisco,Occidente,20.5269,-103.3841
PL/3705/EXP/ES/2015,6755,,PEDRO PLANCARTE ANDRADE,,Uruapan,Michoacán,Occidente,19.42187,-102.0057
PL/3714/EXP/ES/2015,5989,,NORMAN AUTO SERVICIO SA DE CV,,Juan Aldama,Zacatecas,Occidente,24.28317,-103.4008
PL/3719/EXP/ES/2015,7512,,NORMAN AUTO SERVICIO SA DE CV,,Juan Aldama,Zacatecas,Occidente,24.28959,-103.3973
PL/3720/EXP/ES/2015,6381,,GUILLERMO ENRIQUEZ MORENO,,León,Guanajuato,Occidente,21.10505,-101.6488
PL/3733/EXP/ES/2015,7263,,MULTISERVICIOS GASOLINEROS LUNA SA DE CV,,Tlajomulco de Zúñiga,Jalisco,Occidente,20.43856,-103.5262
PL/3747/EXP/ES/2015,6048,,GASOLINERA LOLITA SA DE CV,,El Salto,Jalisco,Occidente,20.54839,-103.3023
PL/3755/EXP/ES/2015,6673,,GERMAN RAMIREZ ROSAS,,San Martín Hidalgo,Jalisco,Occidente,20.44717,-103.9455
PL/3768/EXP/ES/2015,6408,,SERVICIO AZTECA DE LEON SA DE CV,,León,Guanajuato,Occidente,21.09692,-101.6553
PL/3776/EXP/ES/2015,6557,,GUILLERMO ANAYA GUTIERREZ,,Guanajuato,Guanajuato,Occidente,20.97192,-101.3154
PL/3781/EXP/ES/2015,7282,,GUILLERMO ANAYA GUTIERREZ,,Guanajuato,Guanajuato,Occidente,20.93654,-101.2397
PL/3788/EXP/ES/2015,7256,,MULTISERVICIOS 511 SA DE CV,,Zapopan,Jalisco,Occidente,20.6133,-103.4311
PL/3829/EXP/ES/2015,6631,,GASOLINERA EL TECUAN SA DE CV,,Encarnación de Díaz,Jalisco,Occidente,21.68424,-102.0224
PL/3831/EXP/ES/2015,6317,,GASOLINERA GONZALEZ ORTEGA SA DE CV,,Sombrerete,Zacatecas,Occidente,23.95731,-103.4368
PL/3839/EXP/ES/2015,7221,,ROBERTO LOPEZ OROZCO,,Jalpa,Zacatecas,Occidente,21.62605,-103.0387
PL/3852/EXP/ES/2015,6789,,GERARDO PALOMINO MACIAS,,San Francisco de los Romo,Aguascalientes,Occidente,21.98016,-102.2575
PL/3859/EXP/ES/2015,5873,,ADOLFO LOPEZ CALDERON,,Santa Ana Maya,Michoacán,Occidente,20.01827,-101.0343
PL/386/EXP/ES/2015,2410,,COMBU-EXPRESS SA DE CV,,Poncitlán,Jalisco,Occidente,20.37663,-102.9302
PL/3861/EXP/ES/2015,6494,,GRUPO JGJ-LUAN SA DE CV,,Tepatitlán de Morelos,Jalisco,Occidente,20.83614,-102.7938
PL/3862/EXP/ES/2015,7293,,GRUPO GASOLINERO ALCI SA DE CV,,Tepatitlán de Morelos,Jalisco,Occidente,20.88419,-102.7127
PL/3866/EXP/ES/2015,7054,,JORGE FLORES MEDINA,,Villanueva,Zacatecas,Occidente,22.61534,-102.7643
PL/3874/EXP/ES/2015,6953,,GRUPO GASOLINERO AGRICOLA SA DE CV,,Guadalupe,Zacatecas,Occidente,22.80167,-102.4128
PL/3876/EXP/ES/2015,7511,,JORGE FLORES MEDINA,,Jerez,Zacatecas,Occidente,22.67365,-103.01
PL/3884/EXP/ES/2015,7497,,RED TITANIUM SA DE CV,,Aguascalientes,Aguascalientes,Occidente,21.85958,-102.263
PL/3888/EXP/ES/2015,6830,,GERARDO PALOMINO MACIAS,,Aguascalientes,Aguascalientes,Occidente,21.9387,-102.2912
PL/3890/EXP/ES/2015,6118,,SERVICIO HELIX S DE RL DE CV,,Zacatecas,Zacatecas,Occidente,22.75044,-102.6058
PL/3927/EXP/ES/2015,7437,,GASOLINERA ATIMAPA SA DE CV,,Apatzingán,Michoacán,Occidente,19.11548,-102.3766
PL/3928/EXP/ES/2015,6719,,AUTOSERVICIO LOMAS SA DE CV,,Guadalupe,Zacatecas,Occidente,22.75586,-102.5328
PL/3948/EXP/ES/2015,7157,,SERVICIO ZACATECAS DE CONCEPCION DEL ORO SA DE CV,,Concepción del Oro,Zacatecas,Occidente,24.62212,-101.3913
PL/3950/EXP/ES/2015,7446,,DISTRIBUIDORA DE ACEITES Y COMBUSTIBLES DE AYUTLA SA DE CV,,Ayutla,Jalisco,Occidente,20.12025,-104.3358
PL/3952/EXP/ES/2015,6711,,ESTACION DE SERVICIO HIDALGO SA DE CV,,León,Guanajuato,Occidente,21.15046,-101.67
PL/3955/EXP/ES/2015,5764,,PARADOR SAN JORGE SA DE CV,,Zitácuaro,Michoacán,Occidente,19.47572,-100.3536
PL/3956/EXP/ES/2015,6860,,GASISLO 2000 SA DE CV,,Morelos,Zacatecas,Occidente,22.876,-102.6368
PL/3961/EXP/ES/2015,5925,,GRUPO GASOLINERO AGRICOLA SA DE CV,,Calera,Zacatecas,Occidente,22.95126,-102.694
PL/3983/EXP/ES/2015,6541,,COMBUSTIBLES DE COCULA SA DE CV,,Cocula,Jalisco,Occidente,20.39896,-103.7972
PL/3998/EXP/ES/2015,6127,,GUSTAVO DE LA SOTA BALVANERA,,San José Iturbide,Guanajuato,Occidente,21.01286,-100.3898
PL/400/EXP/ES/2015,2262,,GRUPO OCTANO SA DE CV,,Morelia,Michoacán,Occidente,19.67717,-101.2223
PL/4006/EXP/ES/2015,6072,,GRUPO ALTAMIRANO MONROY SA DE CV,,Puerto Vallarta,Jalisco,Occidente,20.63752,-105.2327
PL/4010/EXP/ES/2015,7216,,SERVICIO LOS PIRULES SA DE CV,,Cosío,Aguascalientes,Occidente,22.35616,-102.2939
PL/4034/EXP/ES/2015,6217,,SERVICIO NATILLAS SA DE CV,,Cosío,Aguascalientes,Occidente,22.36372,-102.2961
PL/4037/EXP/ES/2015,5766,,MULTISERVICIO LA PLATA SA DE CV,,Guadalupe,Zacatecas,Occidente,22.75284,-102.5295
PL/4040/EXP/ES/2015,6834,,MULTISERVICIO LA PLATA SA DE CV,,Zacatecas,Zacatecas,Occidente,22.75393,-102.574
PL/4045/EXP/ES/2015,7429,,BIELISHEIDA NATALIA MENDEZ QUEZADA,,Guadalajara,Jalisco,Occidente,20.68516,-103.3362
PL/4048/EXP/ES/2015,6554,,MULTISERVICIO LA PLATA SA DE CV,,Zacatecas,Zacatecas,Occidente,22.77257,-102.6287
PL/405/EXP/ES/2015,2093,,GRUPO OCTANO SA DE CV,,Indaparapeo,Michoacán,Occidente,19.79169,-100.9704
PL/4051/EXP/ES/2015,6747,,MULTISERVICIO LA PLATA SA DE CV,,Guadalupe,Zacatecas,Occidente,22.76772,-102.5007
PL/4053/EXP/ES/2015,6088,,MULTISERVICIO LA PLATA SA DE CV,,Guadalupe,Zacatecas,Occidente,22.73966,-102.4969
PL/4056/EXP/ES/2015,6610,,MULTISERVICIO LA PLATA SA DE CV,,Guadalupe,Zacatecas,Occidente,22.75118,-102.4878
PL/4059/EXP/ES/2015,5908,,MULTISERVICIO LA PLATA SA DE CV,,Guadalupe,Zacatecas,Occidente,22.74377,-102.5057
PL/4060/EXP/ES/2015,7316,,GASOLINERA YURIRENSE SA DE CV,,Yuriria,Guanajuato,Occidente,20.21782,-101.1172
PL/4077/EXP/ES/2015,6442,,SERVIOESTE ROMA SA DE CV,,Salamanca,Guanajuato,Occidente,20.57728,-101.2156
PL/4088/EXP/ES/2015,5939,,COMBUSTIBLES LAS GLORIAS SA DE CV,,Puerto Vallarta,Jalisco,Occidente,20.6325,-105.2289
PL/4098/EXP/ES/2015,6745,,FLOGAS SA DE CV,,Puerto Vallarta,Jalisco,Occidente,20.69898,-105.2412
PL/410/EXP/ES/2015,2445,,GRUPO OCTANO SA DE CV,,Cuitzeo,Michoacán,Occidente,19.96015,-101.1363
PL/4100/EXP/ES/2015,5963,,FLOGAS SA DE CV,,Puerto Vallarta,Jalisco,Occidente,20.70573,-105.2288
PL/4102/EXP/ES/2015,7066,,FLOGAS SA DE CV,,Puerto Vallarta,Jalisco,Occidente,20.69737,-105.2431
PL/4106/EXP/ES/2015,6697,,CALIXTO GARCIA CARDONA,,Mazapil,Zacatecas,Occidente,24.17305,-101.4846
PL/4107/EXP/ES/2015,6294,,CALIXTO GARCIA CARDONA,,Mazapil,Zacatecas,Occidente,24.64168,-101.5615
PL/4108/EXP/ES/2015,6609,,PASEO BOHEMIO SA DE CV,,Guadalajara,Jalisco,Occidente,20.70753,-103.3242
PL/4109/EXP/ES/2015,6864,,SIMBA EXPRESS SA DE CV,,Tlaquepaque,Jalisco,Occidente,20.62737,-103.3236
PL/411/EXP/ES/2015,2288,,GRUPO OCTANO SA DE CV,,Álvaro Obregón,Michoacán,Occidente,19.82875,-101.0389
PL/4114/EXP/ES/2015,7473,,JORGE ORLANDO LARA ORTIZ,,Guanajuato,Guanajuato,Occidente,21.0101,-101.2694
PL/4129/EXP/ES/2015,7309,,GRUPO GASOLINERO LOS APASEOS SA DE CV,,Apaseo el Alto,Guanajuato,Occidente,20.50979,-100.573
PL/414/EXP/ES/2015,2170,,GRUPO OCTANO SA DE CV,,Tarímbaro,Michoacán,Occidente,19.78714,-101.0983
PL/415/EXP/ES/2015,2539,,GRUPO OCTANO SA DE CV,,Queréndaro,Michoacán,Occidente,19.80758,-100.8826
PL/4151/EXP/ES/2015,7112,,GASOLINERAS DEL CENTRO SA DE CV,,San Miguel de Allende,Guanajuato,Occidente,20.9322,-100.753
PL/4152/EXP/ES/2015,6749,,GELOM SAN MIGUEL SA DE CV,,Morelia,Michoacán,Occidente,19.67394,-101.2213
PL/4153/EXP/ES/2015,7408,,SERVICIO SAN NICOLAS SA DE CV,,Celaya,Guanajuato,Occidente,20.51,-100.8134
PL/4156/EXP/ES/2015,6942,,CIRILO TAPIA ALMANZA,,Villagrán,Guanajuato,Occidente,20.51107,-100.9535
PL/4169/EXP/ES/2015,7370,,SERVICIO J Y J SA DE CV,,Tlaquepaque,Jalisco,Occidente,20.59295,-103.3475
PL/4172/EXP/ES/2015,6616,,GASOLINERA SALAMANCA SA DE CV,,Salamanca,Guanajuato,Occidente,20.60916,-101.2505
PL/4176/EXP/ES/2015,6589,,MULTISERVICIOS OJO DE AGUA SA DE CV,,Abasolo,Guanajuato,Occidente,20.39087,-101.5781
PL/4178/EXP/ES/2015,5984,,ESTACION DE SERVICIO BAHIA TENACATITA SA DE CV,,Casimiro Castillo,Jalisco,Occidente,19.50458,-104.5475
PL/418/EXP/ES/2015,2331,,GRUPO OCTANO SA DE CV,,Zapopan,Jalisco,Occidente,20.70532,-103.4485
PL/4180/EXP/ES/2015,6519,,ORGANIZACION AUTOGAS SA DE CV,,Celaya,Guanajuato,Occidente,20.51123,-100.8044
PL/4182/EXP/ES/2015,6245,,DESPACHADORA ABASTOS DE JALISCO S DE RL DE CV,,Zapopan,Jalisco,Occidente,20.73074,-103.3898
PL/4188/EXP/ES/2015,5839,,GRUPO GASOLINERO DE OCCIDENTE SA DE CV,,Cuauhtémoc,Colima,Occidente,19.32543,-103.6026
PL/419/EXP/ES/2015,2169,,GRUPO OCTANO SA DE CV,,Zapopan,Jalisco,Occidente,20.64037,-103.4172
PL/4195/EXP/ES/2015,7342,,UNION PANAMERICANA DE SERVICIOS SA DE CV,,Asientos,Aguascalientes,Occidente,22.08678,-102.0791
PL/4199/EXP/ES/2015,6169,,OPERADORA PANAMERICANA DEL SUR SA DE CV,,Etzatlán,Jalisco,Occidente,20.76476,-104.0795
PL/4209/EXP/ES/2015,6274,,GASOLINERA LA CENTRAL DE TAMAZULA SA DE CV,,Tamazula de Gordiano,Jalisco,Occidente,19.68903,-103.2424
PL/421/EXP/ES/2015,2158,,GRUPO OCTANO SA DE CV,,Puerto Vallarta,Jalisco,Occidente,20.65418,-105.2224
PL/4213/EXP/ES/2015,6879,,SERVICIO DEL EJE DE LEON SA DE CV,,León,Guanajuato,Occidente,21.11234,-101.6485
PL/4221/EXP/ES/2015,5836,,SERVICIO VILLAS SA DE CV,,Irapuato,Guanajuato,Occidente,20.68219,-101.3856
PL/4226/EXP/ES/2015,6758,,SERVICIO ITURBIDE SA DE CV,,San José Iturbide,Guanajuato,Occidente,20.99385,-100.3886
PL/4242/EXP/ES/2015,6497,,ESTACIONES DE SERVICIO SA DE CV,,San Miguel de Allende,Guanajuato,Occidente,20.90466,-100.7489
PL/4247/EXP/ES/2015,7043,,SERVICIOS GASOLINEROS DE MEXICO SA DE CV,,Villagrán,Guanajuato,Occidente,20.51582,-101.0006
PL/4248/EXP/ES/2015,5759,,COMBUSTIBLES CERRO ALTO SPR DE RI DE CV,,Fresnillo,Zacatecas,Occidente,23.12416,-102.8206
PL/4257/EXP/ES/2015,6998,,JUAN MANUEL CHAVEZ RAMIREZ,,Ocotlán,Jalisco,Occidente,20.34782,-102.7644
PL/4267/EXP/ES/2015,5824,,J. TRINIDAD FONSECA TORRES,,Purísima del Rincón,Guanajuato,Occidente,20.87082,-101.9872
PL/4282/EXP/ES/2015,6485,,GASOLINERA CASILLAS S DE RL DE CV,,Jamay,Jalisco,Occidente,20.29501,-102.7034
PL/4286/EXP/ES/2015,7038,,DISTRIBUIDORA Y COMERCIALIZADORA MERCANTIL DEL OCCIDENTE SA DE CV,,Puerto Vallarta,Jalisco,Occidente,20.61867,-105.2312
PL/4296/EXP/ES/2015,7075,,AUTO SERVICIO EL DURAZNO SA DE CV,,Morelia,Michoacán,Occidente,19.65807,-101.1761
PL/4297/EXP/ES/2015,7389,,ESTACION DE SERVICIO PUERTA GRANDE S DE RL DE CV,,León,Guanajuato,Occidente,21.08558,-101.6248
PL/4298/EXP/ES/2015,7122,,GAS VAGA SA DE CV,,Tlajomulco de Zúñiga,Jalisco,Occidente,20.46098,-103.4436
PL/4301/EXP/ES/2015,6625,,PETER GUENTHER WALL,,Miguel Auza,Zacatecas,Occidente,24.0696,-103.4205
PL/4303/EXP/ES/2015,6628,,SUPERSERVICIO TORRES SA DE CV,,Tepalcatepec,Michoacán,Occidente,19.19558,-102.8425
PL/4314/EXP/ES/2015,6914,,FRAXER SA DE CV,,Pinos,Zacatecas,Occidente,22.29549,-101.6036
PL/4319/EXP/ES/2015,6819,,SERVICIOS GASOLINEROS DE MEXICO SA DE CV,,Colima,Colima,Occidente,19.24569,-103.7278
PL/4324/EXP/ES/2015,5862,,ESTACION DE SERVICIO MONTE DE LA VIRGEN SA DE CV,,Guadalajara,Jalisco,Occidente,20.63948,-103.3465
PL/4325/EXP/ES/2015,6702,,ESTACION DE SERVICIO MEDINA GUERRA SA DE CV,,Sombrerete,Zacatecas,Occidente,23.95803,-103.4433
PL/4331/EXP/ES/2015,6582,,SERVICIOS GASOLINEROS DE MEXICO SA DE CV,,Villa de Álvarez,Colima,Occidente,19.28037,-103.7426
PL/4336/EXP/ES/2015,7147,,DISTRIBUIDORA Y COMERCIALIZADORA MERCANTIL DEL OCCIDENTE SA DE CV,,Puerto Vallarta,Jalisco,Occidente,20.6345,-105.2251
PL/4343/EXP/ES/2015,6950,,DISTRIBUIDORA Y COMERCIALIZADORA MERCANTIL DEL OCCIDENTE SA DE CV,,Puerto Vallarta,Jalisco,Occidente,20.66588,-105.2279
PL/4344/EXP/ES/2015,7499,,GRUPO CORPORATIVO ALMA SA DE CV,,Jerez,Zacatecas,Occidente,22.63526,-102.999
PL/4345/EXP/ES/2015,6026,,COMBUSTIBLES DE LA BAHIA SA DE CV,,Puerto Vallarta,Jalisco,Occidente,20.68311,-105.2409
PL/4346/EXP/ES/2015,7345,,COMBUSTIBLES DE LA BAHIA SA DE CV,,Puerto Vallarta,Jalisco,Occidente,20.66099,-105.2035
PL/4347/EXP/ES/2015,6794,,COMBUSTIBLES DE LA BAHIA SA DE CV,,Puerto Vallarta,Jalisco,Occidente,20.65254,-105.241
PL/4348/EXP/ES/2015,5772,,COMBUSTIBLES DE LA BAHIA SA DE CV,,Puerto Vallarta,Jalisco,Occidente,20.64518,-105.2203
PL/4350/EXP/ES/2015,6012,,SERVICIO EL PIMO SA DE CV,,Tototlán,Jalisco,Occidente,20.55268,-102.8071
PL/4354/EXP/ES/2015,7067,,ESTACION DE SERVICIO LA FAVORITA SA DE CV,,Zapotlanejo,Jalisco,Occidente,20.58232,-102.9244
PL/4357/EXP/ES/2015,6474,,ROBERTO PIMENTEL ALVAREZ,,Zacatecas,Zacatecas,Occidente,22.77046,-102.6116
PL/4365/EXP/ES/2015,6353,,MULTISERVICIOS DE MORELIA SA DE CV,,Morelia,Michoacán,Occidente,19.67567,-101.2181
PL/4368/EXP/ES/2015,5960,,GASOLINERA EXPRESS DE TECARIO SA DE CV,,Tacámbaro,Michoacán,Occidente,19.2325,-101.4554
PL/4371/EXP/ES/2015,6116,,LUIS ARMANDO RUIZ GARCIA,,San Luis de la Paz,Guanajuato,Occidente,21.29639,-100.5275
PL/4387/EXP/ES/2015,6456,,SERVICENTRO DE LEON SA DE CV,,León,Guanajuato,Occidente,21.07413,-101.6017
PL/4390/EXP/ES/2015,6043,,COMBUSTIBLES DE LEON SA DE CV,,León,Guanajuato,Occidente,21.06571,-101.5905
PL/4391/EXP/ES/2015,7329,,OPERADORA LA HERRADURA SA DE CV,,León,Guanajuato,Occidente,21.05034,-101.5712
PL/4402/EXP/ES/2015,7207,,SERVICIO ATOCHA SA DE CV,,Fresnillo,Zacatecas,Occidente,23.15214,-102.8484
PL/4403/EXP/ES/2015,7494,,GASOLINERA LOMAS DEL TAPATIO SA DE CV,,Tlaquepaque,Jalisco,Occidente,20.60883,-103.3149
PL/4405/EXP/ES/2015,7392,,AUTO SERVICIOS COSTEÑO SA DE CV,,Colima,Colima,Occidente,19.21563,-103.7217
PL/4420/EXP/ES/2015,7403,,ESTACIONES DE SERVICIO SA DE CV,,Irapuato,Guanajuato,Occidente,20.56545,-101.4471
PL/4421/EXP/ES/2015,5833,,ESTACIONES DE SERVICIO SA DE CV,,Salamanca,Guanajuato,Occidente,20.59815,-101.1798
PL/4435/EXP/ES/2015,6746,,MULTISERVICIOS ENTRONQUE PUERTA DE CALERAS MADRID SA DE CV,,,Colima,Occidente,18.97788,-103.8578
PL/4436/EXP/ES/2015,6975,,MAGNOGAS SA DE CV,,Villa de Álvarez,Colima,Occidente,19.26966,-103.7477
PL/4437/EXP/ES/2015,6390,,GRUPO DIAMANTE DE COLIMA SA DE CV,,Villa de Álvarez,Colima,Occidente,19.27073,-103.7478
PL/4438/EXP/ES/2015,6242,,GASCOL DE OCCIDENTE SA DE CV,,Colima,Colima,Occidente,19.26868,-103.6743
PL/4439/EXP/ES/2015,5940,,SERVICIO ARMERIA SA DE CV,,,Colima,Occidente,18.94515,-103.9092
PL/4443/EXP/ES/2015,7501,,MARIA ENGRACIA ROSAS ZEPEDA,,San Martín Hidalgo,Jalisco,Occidente,20.43472,-103.924
PL/4444/EXP/ES/2015,5803,,GASOLINERA JUANACATLAN SA DE CV,,Juanacatlán,Jalisco,Occidente,20.51097,-103.1732
PL/4449/EXP/ES/2015,7390,,MULTISERVICIO LA VILLITA SA DE CV,,Fresnillo,Zacatecas,Occidente,23.16896,-102.8577
PL/4450/EXP/ES/2015,6704,,MULTISERVICIO LA VILLITA SA DE CV,,Fresnillo,Zacatecas,Occidente,23.17409,-102.9149
PL/4451/EXP/ES/2015,6962,,MULTISERVICIO LA VILLITA SA DE CV,,Villa de Cos,Zacatecas,Occidente,23.27802,-102.3364
PL/4452/EXP/ES/2015,6955,,MULTISERVICIO LA VILLITA SA DE CV,,Aguascalientes,Aguascalientes,Occidente,21.88269,-102.3363
PL/4460/EXP/ES/2015,6648,,SERVICIOS GASOLINEROS DE MEXICO SA DE CV,,Pueblo Nuevo,Guanajuato,Occidente,20.52866,-101.3696
PL/4465/EXP/ES/2015,7186,,GASOLINERA MADERO SA DE CV,,General Enrique Estrada,Zacatecas,Occidente,23.02484,-102.7579
PL/4467/EXP/ES/2015,6980,,SANDRA ANGELICA TORRES DIAZ,,General Enrique Estrada,Zacatecas,Occidente,22.98318,-102.7293
PL/4474/EXP/ES/2015,7488,,RAUL RIZO RAMIREZ,,Purísima del Rincón,Guanajuato,Occidente,20.88963,-101.9671
PL/4501/EXP/ES/2015,5891,,SIMBA EXPRESS SA DE CV,,El Arenal,Jalisco,Occidente,20.78223,-103.6957
PL/4503/EXP/ES/2015,7434,,GASOLINERA SAN GASPAR SA DE CV,,Tonalá,Jalisco,Occidente,20.67867,-103.2409
PL/4506/EXP/ES/2015,6246,,JOSE LUIS IBARRA NAVARRO,,Tlajomulco de Zúñiga,Jalisco,Occidente,20.47753,-103.2653
PL/4514/EXP/ES/2015,5923,,J JESUS VAZQUEZ,,San Luis de la Paz,Guanajuato,Occidente,21.28767,-100.5223
PL/4516/EXP/ES/2015,6728,,J JESUS VAZQUEZ,,San Luis de la Paz,Guanajuato,Occidente,21.30312,-100.5288
PL/452/EXP/ES/2015,2431,,PETROMAX SA DE CV,,Tonalá,Jalisco,Occidente,20.61732,-103.2545
PL/4520/EXP/ES/2015,6471,,COMBUSTIBLES DE RINCON DE TAMAYO SA DE CV,,Celaya,Guanajuato,Occidente,20.42236,-100.7714
PL/4522/EXP/ES/2015,6510,,COMBUSTIBLES Y SERVICIOS BOULEVARD SA DE CV,,Celaya,Guanajuato,Occidente,20.51966,-100.8265
PL/4534/EXP/ES/2015,6019,,SERVICIO VILLAGRAN SA DE CV,,Villagrán,Guanajuato,Occidente,20.50842,-100.9938
PL/4537/EXP/ES/2015,6062,,GASOLINERA ARANDAS SA DE CV,,Arandas,Jalisco,Occidente,20.68789,-102.3591
PL/4543/EXP/ES/2015,6888,,ENERRED S DE RL DE CV,,Guadalupe,Zacatecas,Occidente,22.65516,-102.4792
PL/4548/EXP/ES/2015,7335,,PARADOR HACIENDA NUEVA SA DE CV,,Monte Escobedo,Zacatecas,Occidente,22.4326,-103.5131
PL/4560/EXP/ES/2015,6734,,SERVICIO LA CORONELA S.A. DE C.V.,,Zapopan,Jalisco,Occidente,20.75262,-103.4428
PL/4561/EXP/ES/2015,7156,,UNION CASMO S DE RL DE CV,,Unión de Tula,Jalisco,Occidente,19.9697,-104.2615
PL/4563/EXP/ES/2015,7487,,PARADOR HACIENDA NUEVA SA DE CV,,Pinos,Zacatecas,Occidente,22.29658,-101.5827
PL/4579/EXP/ES/2015,6341,,GASOLINERA DE LA VICTORIA SA,,Guadalajara,Jalisco,Occidente,20.66665,-103.3699
PL/4606/EXP/ES/2015,7137,,ESTACION DE SERVICIO LA CAPICHOLA SA DE CV,,Madero,Michoacán,Occidente,19.38977,-101.2954
PL/4607/EXP/ES/2015,5933,,ESTHER LEON LUVIANO,,Valle de Santiago,Guanajuato,Occidente,20.39766,-101.1841
PL/4617/EXP/ES/2015,6350,,MULTISERVICIO EXPRESS TAMACUA SA DE CV,,Uruapan,Michoacán,Occidente,19.4089,-102.0667
PL/4620/EXP/ES/2015,6395,,COMBUSTIBLES SAN SEBASTIAN SA DE CV,,San Sebastián del Oeste,Jalisco,Occidente,20.76775,-104.9067
PL/4626/EXP/ES/2015,7099,,SERVICIO FAMILIA MARQUEZ SA DE CV,,Monte Escobedo,Zacatecas,Occidente,22.30247,-103.5616
PL/465/EXP/ES/2015,2083,,PETROMAX SA DE CV,,Zapopan,Jalisco,Occidente,20.73139,-103.4519
PL/4652/EXP/ES/2015,7133,,COMERCIALIZADORA MADIPRO SA DE CV,,Aguascalientes,Aguascalientes,Occidente,21.7779,-102.2801
PL/4668/EXP/ES/2015,5855,,AUTO SERVICIO MIR SOT SA DE CV,,Acámbaro,Guanajuato,Occidente,20.03806,-100.7341
PL/4671/EXP/ES/2015,7420,,PROMOTORES COMBYLUB SA DE CV,,Río Grande,Zacatecas,Occidente,23.8361,-103.0275
PL/4673/EXP/ES/2015,6600,,AUTO SERVICIO MIR SOT SA DE CV,,Acámbaro,Guanajuato,Occidente,20.13758,-100.7558
PL/4679/EXP/ES/2015,6922,,Autoservicio Comb y Lub de Colima REJAGAS SA de CV,,Villa de Álvarez,Colima,Occidente,19.28479,-103.7394
PL/4686/EXP/ES/2015,7424,,Autoservicio Comb y Lub de Colima REJAGAS SA de CV,,Armería,Colima,Occidente,18.93453,-103.9734
PL/4688/EXP/ES/2015,7459,,Autoservicio Comb y Lub de Colima REJAGAS SA de CV,,Colima,Colima,Occidente,19.25892,-103.7214
PL/4692/EXP/ES/2015,7021,,Autoservicio Comb y Lub de Colima REJAGAS SA de CV,,Villa de Álvarez,Colima,Occidente,19.28537,-103.7397
PL/4700/EXP/ES/2015,5798,,GRUPO JOVALDI SA DE CV,,Manzanillo,Colima,Occidente,19.06669,-104.2874
PL/4702/EXP/ES/2015,7193,,SERVICIO INCHAMACUARO SA DE CV,,Acámbaro,Guanajuato,Occidente,20.06917,-100.8224
PL/4704/EXP/ES/2015,5922,,COMBUSTIBLES SALAGUA SA DE CV,,Manzanillo,Colima,Occidente,19.11589,-104.3284
PL/4706/EXP/ES/2015,7258,,SERVICIO GOAM SA DE CV,,Zamora,Michoacán,Occidente,19.97525,-102.2853
PL/4707/EXP/ES/2015,6742,,KRISHNA LUIS ABRAJAN ALVAREZ,,Manzanillo,Colima,Occidente,19.10453,-104.3317
PL/4709/EXP/ES/2015,6802,,GASISLO 2000 SA DE CV,,Guadalupe,Zacatecas,Occidente,22.75668,-102.5333
PL/4734/EXP/ES/2015,5993,,VICTOR MANUEL CORONA OCHOA,,Jiquilpan,Michoacán,Occidente,19.99488,-102.8028
PL/4738/EXP/ES/2015,6400,,GASISLO 2000 SA DE CV,,Jerez,Zacatecas,Occidente,22.64616,-102.9704
PL/4739/EXP/ES/2015,6451,,GASISLO 2000 SA DE CV,,Ojocaliente,Zacatecas,Occidente,22.5645,-102.2486
PL/4740/EXP/ES/2015,7320,,GASISLO 2000 SA DE CV,,Calera,Zacatecas,Occidente,22.93941,-102.6931
PL/4741/EXP/ES/2015,6480,,GASISLO 2000 SA DE CV,,Guadalupe,Zacatecas,Occidente,22.75634,-102.5405
PL/4742/EXP/ES/2015,7118,,GASISLO 2000 SA DE CV,,Guadalupe,Zacatecas,Occidente,22.75049,-102.4915
PL/4743/EXP/ES/2015,6358,,GASISLO 2000 SA DE CV,,Guadalupe,Zacatecas,Occidente,22.761,-102.5451
PL/4744/EXP/ES/2015,6761,,GASISLO 2000 SA DE CV,,Sain Alto,Zacatecas,Occidente,23.58016,-103.2689
PL/4745/EXP/ES/2015,6884,,GASISLO 2000 SA DE CV,,Zacatecas,Zacatecas,Occidente,22.7734,-102.6286
PL/4746/EXP/ES/2015,7322,,GASISLO 2000 SA DE CV,,Guadalupe,Zacatecas,Occidente,22.75332,-102.5024
PL/4747/EXP/ES/2015,6750,,GASISLO 2000 SA DE CV,,Calera,Zacatecas,Occidente,22.97214,-102.7212
PL/4748/EXP/ES/2015,7462,,GASISLO 2000 SA DE CV,,Calera,Zacatecas,Occidente,22.9364,-102.6913
PL/4749/EXP/ES/2015,6701,,GASISLO 2000 SA DE CV,,Guadalupe,Zacatecas,Occidente,22.75138,-102.4219
PL/4750/EXP/ES/2015,6658,,GASISLO 2000 SA DE CV,,Guadalupe,Zacatecas,Occidente,22.7274,-102.4945
PL/4752/EXP/ES/2015,6807,,SERVICIO CI DI INDUSTRIAL SA DE CV,,Irapuato,Guanajuato,Occidente,20.64082,-101.2875
PL/4753/EXP/ES/2015,6911,,ESTACION PETROMEX SA DE CV,,Tlaquepaque,Jalisco,Occidente,20.56567,-103.4437
PL/4759/EXP/ES/2015,6630,,TRACTOCOMBUSTIBLES PLAZA SA DE CV,,Salamanca,Guanajuato,Occidente,20.57182,-101.1802
PL/4760/EXP/ES/2015,7260,,GASOLINERA EL COLUMPIO SA DE CV,,Múgica,Michoacán,Occidente,19.04586,-102.0863
PL/4761/EXP/ES/2015,5806,,MIGUEL ARCINIEGA FIGUEROA,,Minatitlán,Colima,Occidente,19.39674,-104.0562
PL/4773/EXP/ES/2015,6429,,YOLANDA SANCHEZ MALAGON,,Tarandacuao,Guanajuato,Occidente,20.00603,-100.5216
PL/4779/EXP/ES/2015,7311,,GASOLINERA PARAISO SA DE CV,,Nuevo Parangaricutiro,Michoacán,Occidente,19.4139,-102.1198
PL/4786/EXP/ES/2015,5791,,MULTISERVICIOS MURILLO SA DE CV,,Sombrerete,Zacatecas,Occidente,23.63885,-103.6433
PL/4789/EXP/ES/2015,6654,,COMBUSTIBLES DANFE SA DE CV,,Tala,Jalisco,Occidente,20.6658,-103.7206
PL/4793/EXP/ES/2015,7121,,MULTISERVICIOS MURILLO SA DE CV,,Sain Alto,Zacatecas,Occidente,23.57936,-103.2729
PL/4800/EXP/ES/2015,6351,,MULTISERVICIOS MURILLO SA DE CV,,Sombrerete,Zacatecas,Occidente,23.6393,-103.6285
PL/4804/EXP/ES/2015,6187,,SERVICIO XIDOO SA DE CV,,Salamanca,Guanajuato,Occidente,20.57525,-101.1913
PL/4806/EXP/ES/2015,6535,,GRUPO SULUMA SA DE CV,,Tlajomulco de Zúñiga,Jalisco,Occidente,20.48259,-103.5398
PL/4809/EXP/ES/2015,7460,,DEMETRIO CUEVAS SANCHEZ,,Guadalajara,Jalisco,Occidente,20.66962,-103.363
PL/4816/EXP/ES/2015,6335,,SERVICIO LAUREL SA DE CV,,Guadalajara,Jalisco,Occidente,20.66266,-103.2766
PL/4817/EXP/ES/2015,6848,,EDGARDO ESQUEDA RUIZ,,Salamanca,Guanajuato,Occidente,20.57236,-101.2255
PL/4819/EXP/ES/2015,7479,,GASOLINERA GIGANTES SA DE CV,,Guadalajara,Jalisco,Occidente,20.66163,-103.2916
PL/4822/EXP/ES/2015,7463,,GASISLO 2000 SA DE CV,,Zacatecas,Zacatecas,Occidente,22.775,-102.6071
PL/4836/EXP/ES/2015,5837,,SERVICIO SANTA ANITA SA DE CV,,Tlaltenango de Sánchez Román,Zacatecas,Occidente,21.78702,-103.2999
PL/4846/EXP/ES/2015,6765,,SERVICIO COMERCIAL DEL CENTRO SA DE CV,,Colima,Colima,Occidente,19.23879,-103.7248
PL/4850/EXP/ES/2015,6687,,SERVICIOS PEREYRA SA DE CV,,Colima,Colima,Occidente,19.23984,-103.7402
PL/4860/EXP/ES/2015,7042,,ESTACIONES DE SERVICIO SA DE CV,,Valle de Santiago,Guanajuato,Occidente,20.41035,-101.1927
PL/4863/EXP/ES/2015,6357,,SERVICIO LLENALO SA DE CV,,Irapuato,Guanajuato,Occidente,20.67524,-101.3713
PL/4864/EXP/ES/2015,6944,,SERVICIO CASIMIRO LICEAGA SA DE CV,,Irapuato,Guanajuato,Occidente,20.67892,-101.3604
PL/4865/EXP/ES/2015,7393,,SERVICIO SOLIDARIDAD SA DE CV,,Irapuato,Guanajuato,Occidente,20.69898,-101.3447
PL/4868/EXP/ES/2015,7070,,GASOLINERA CUESCO SA DE CV,,Tlajomulco de Zúñiga,Jalisco,Occidente,20.44063,-103.3574
PL/4869/EXP/ES/2015,7489,,ESTACION DE SERVICIO COLON SA DE CV,,Guadalajara,Jalisco,Occidente,20.69675,-103.3732
PL/4874/EXP/ES/2015,6759,,ENERGETICOS CAZADORA SA DE CV,,Salamanca,Guanajuato,Occidente,20.58514,-101.2078
PL/4912/EXP/ES/2015,6151,,ESAU GUILLERMO MOSQUEDA GONZALEZ,,Valle de Santiago,Guanajuato,Occidente,20.40807,-101.296
PL/4918/EXP/ES/2015,6314,,GASOLINERA TOMATLAN SA DE CV,,Buenavista,Michoacán,Occidente,19.23451,-102.5839
PL/4920/EXP/ES/2015,7176,,ENERRED S DE RL DE CV,,Cuauhtémoc,Zacatecas,Occidente,22.45851,-102.3446
PL/4939/EXP/ES/2015,5871,,ESTACION DE SERVICIO LA SIERRA SA DE CV,,Guadalupe,Zacatecas,Occidente,22.82557,-102.3979
PL/4946/EXP/ES/2015,6571,,NAVALBELLO SA DE CV,,Fresnillo,Zacatecas,Occidente,23.21539,-102.901
PL/497/EXP/ES/2015,2118,,GRUPO OCTANO SA DE CV,,Zinapécuaro,Michoacán,Occidente,19.90187,-100.7924
PL/498/EXP/ES/2015,2518,,GRUPO OCTANO SA DE CV,,Morelia,Michoacán,Occidente,19.72294,-101.1903
PL/500/EXP/ES/2015,2529,,GRUPO OCTANO SA DE CV,,Morelia,Michoacán,Occidente,19.69432,-101.15
PL/501/EXP/ES/2015,2159,,GRUPO OCTANO SA DE CV,,Yuriria,Guanajuato,Occidente,20.20225,-101.1592
PL/503/EXP/ES/2015,2356,,GRUPO OCTANO SA DE CV,,Zapopan,Jalisco,Occidente,20.6932,-103.4529
PL/504/EXP/ES/2015,2207,,GRUPO OCTANO SA DE CV,,El Grullo,Jalisco,Occidente,19.80471,-104.2044
PL/505/EXP/ES/2015,2061,,GRUPO OCTANO SA DE CV,,Tonaya,Jalisco,Occidente,19.77838,-103.9754
PL/5055/EXP/ES/2015,11209,,ESTACION DE SERVICIO PLEYADES SA DE CV,,Zapopan,Jalisco,Occidente,20.64252,-103.4124
PL/5056/EXP/ES/2015,11205,,ESTACIONES DE SERVICIO SA DE CV,,Celaya,Guanajuato,Occidente,20.53064,-100.8354
PL/5063/EXP/ES/2015,4768,,UNION CASMO S DE RL DE CV,,Unión de Tula,Jalisco,Occidente,19.96086,-104.2646
PL/5078/EXP/ES/2015,4639,,MARIA GUADALUPE CARBAJAL RIVERA,,Acatic,Jalisco,Occidente,20.72184,-102.9052
PL/5079/EXP/ES/2015,5259,,DESPACHADORA ABASTOS DE JALISCO S DE RL DE CV,,Guadalajara,Jalisco,Occidente,20.62999,-103.3381
PL/508/EXP/ES/2015,2386,,GRUPO OCTANO SA DE CV,,Puerto Vallarta,Jalisco,Occidente,20.62714,-105.2228
PL/5083/EXP/ES/2015,5605,,DESPACHADORA ABASTOS DE JALISCO S DE RL DE CV,,Guadalajara,Jalisco,Occidente,20.65915,-103.3849
PL/5092/EXP/ES/2015,5746,,SERVICIO MASCOTA SA DE CV,,Mascota,Jalisco,Occidente,20.52357,-104.779
PL/5100/EXP/ES/2015,4872,,GASOLINERA EXPRESS DE BUENAVISTA SA DE CV,,Buenavista,Michoacán,Occidente,19.20808,-102.5862
PL/5105/EXP/ES/2015,4880,,GASOLINERA LAS AMERICAS SA DE CV,,Guadalajara,Jalisco,Occidente,20.68543,-103.3732
PL/5107/EXP/ES/2015,5705,,SERVICIO LOVEGO SA DE CV,,Guadalajara,Jalisco,Occidente,20.66719,-103.3144
PL/5111/EXP/ES/2015,4893,,VICTOR MANUEL LOPEZ STOUPIGNAN,,Zapopan,Jalisco,Occidente,20.67984,-103.4245
PL/5113/EXP/ES/2015,4789,,GASOLINERA TLAZAZALCA SA DE CV,,Tlazazalca,Michoacán,Occidente,19.95641,-102.0512
PL/512/EXP/ES/2015,2302,,PETROMAX SA DE CV,,Tlajomulco de Zúñiga,Jalisco,Occidente,20.54878,-103.4711
PL/5146/EXP/ES/2015,5323,,SISTEMA PARA EL DESARROLLO INTEGRAL DE LA FAMILIA DEL ESTADO DE GUANAJUATO SIN TIPO DE SOCIEDAD,,Guanajuato,Guanajuato,Occidente,20.98432,-101.288
PL/5147/EXP/ES/2015,5411,,PROMOTORES COMBYLUB SA DE CV,,Río Grande,Zacatecas,Occidente,23.84455,-103.0563
PL/5152/EXP/ES/2015,4901,,SUPER SERVICIO SOLIDARIDAD SA DE CV,,Irapuato,Guanajuato,Occidente,20.71359,-101.35
PL/5160/EXP/ES/2015,5065,,SERVICIO CHINISTILA S DE RL DE CV,,Coalcomán de Vázquez Pallares,Michoacán,Occidente,18.77721,-103.1784
PL/5171/EXP/ES/2015,5394,,SERVICIO SANDOVAL SA DE CV,,Totatiche,Jalisco,Occidente,21.92987,-103.4408
PL/5174/EXP/ES/2015,5271,,GASOLINERA VILLA GUERRERO SA DE CV,,Villa Guerrero,Jalisco,Occidente,21.98147,-103.5835
PL/5175/EXP/ES/2015,5379,,SERVICIO IBSOM SA DE CV,,Puerto Vallarta,Jalisco,Occidente,20.72059,-105.2053
PL/5176/EXP/ES/2015,5236,,IVIDELIZA REYES HERNANDEZ,,La Yesca,Jalisco,Occidente,21.68768,-104.0801
PL/5177/EXP/ES/2015,4936,,ANTONIO FRANCO ARELLANO,,Tala,Jalisco,Occidente,20.66118,-103.7005
PL/518/EXP/ES/2015,2545,,PETROMAX SA DE CV,,Tlajomulco de Zúñiga,Jalisco,Occidente,20.5867,-103.4448
PL/5181/EXP/ES/2015,5570,,AUTOSERVICIO GONIMA SA DE CV,,Salamanca,Guanajuato,Occidente,20.58007,-101.2045
PL/5192/EXP/ES/2015,5278,,GASOLINERA LA NOPALERA SA DE CV,,Apatzingán,Michoacán,Occidente,19.05484,-102.3227
PL/5193/EXP/ES/2015,4941,,COMERCIALIZADORA BOSQUES SA DE CV,,Zapopan,Jalisco,Occidente,20.71793,-103.4252
PL/5216/EXP/ES/2015,5416,,PEDRO ARROYO SANCHEZ,,Uruapan,Michoacán,Occidente,19.42518,-102.0487
PL/5222/EXP/ES/2015,4709,,ALMARAIL S.A. DE C.V.,,Buenavista,Michoacán,Occidente,19.10818,-102.5369
PL/5247/EXP/ES/2015,5558,,SUPER SERVICIO LA ESPERANZA SA DE CV,,El Grullo,Jalisco,Occidente,19.81325,-104.23
PL/5248/EXP/ES/2015,4859,,MULTISERVICIOS COSTA DEL SOL SA DE CV,,Manzanillo,Colima,Occidente,19.13935,-104.432
PL/5271/EXP/ES/2015,5207,,GASOLINERA CRUZ DEL SUR SA DE CV,,Guadalajara,Jalisco,Occidente,20.63804,-103.3948
PL/5290/EXP/ES/2015,5307,,GASOLINERA SERVICIO MANUEL GONZALEZ MARTINEZ SA DE CV,,Taretan,Michoacán,Occidente,19.33879,-101.9263
PL/5305/EXP/ES/2015,4857,,SUPER SERVICIOS MORENO SA DE CV,,,Colima,Occidente,18.9545,-103.8852
PL/531/EXP/ES/2015,2553,,GRUPO OCTANO SA DE CV,,El Grullo,Jalisco,Occidente,19.80574,-104.2104
PL/5310/EXP/ES/2015,5347,,MULTISERVICIO EXPRESS VALVI SA DE CV,,Uruapan,Michoacán,Occidente,19.39565,-102.0356
PL/5313/EXP/ES/2015,4996,,SERVICIO LAS PALMAS VALLARTA SA DE CV,,Puerto Vallarta,Jalisco,Occidente,20.68582,-105.2284
PL/5317/EXP/ES/2015,5547,,"Estación Marina Manzanillo, S.A. de C.V.",,Manzanillo,Colima,Occidente,19.08006,-104.294
PL/532/EXP/ES/2015,2399,,GRUPO OCTANO SA DE CV,,Zinapécuaro,Michoacán,Occidente,19.90299,-100.7929
PL/5322/EXP/ES/2015,5221,,SERVICIO LOS POETAS SA DE CV,,Puerto Vallarta,Jalisco,Occidente,20.66986,-105.214
PL/5324/EXP/ES/2015,5700,,SERVICIO TORRES DIEZ SA DE CV,,Zapopan,Jalisco,Occidente,20.65325,-103.4523
PL/5326/EXP/ES/2015,5671,,RIGOBERTO EQUIHUA GARCIA,,Apatzingán,Michoacán,Occidente,19.10191,-102.3644
PL/5328/EXP/ES/2015,4622,,SERVICIO TORRES DIEZ SA DE CV,,Puerto Vallarta,Jalisco,Occidente,20.64719,-105.2135
PL/5333/EXP/ES/2015,4651,,ENERGIA SAN ERNESTO SA DE CV,,Puerto Vallarta,Jalisco,Occidente,20.6646,-105.2298
PL/534/EXP/ES/2015,2184,,GRUPO OCTANO SA DE CV,,Puerto Vallarta,Jalisco,Occidente,20.69032,-105.2258
PL/5343/EXP/ES/2015,5624,,SERVICIO CLOUTHIER PREMIER SA DE CV,,Zapopan,Jalisco,Occidente,20.66917,-103.4189
PL/5344/EXP/ES/2015,5698,,SERVICIO GONTA SA DE CV,,Celaya,Guanajuato,Occidente,20.48676,-100.8082
PL/5345/EXP/ES/2015,4946,,ESTACION DE COMBUSTIBLE SANTA ANA SA DE CV,,La Piedad,Michoacán,Occidente,20.34458,-102.0199
PL/5347/EXP/ES/2015,5444,,GAS SAN AMARO SA DE CV,,Celaya,Guanajuato,Occidente,20.50174,-100.8127
PL/5352/EXP/ES/2015,5644,,COMBU-EXPRESS SA DE CV,,Jamay,Jalisco,Occidente,20.29235,-102.6052
PL/5354/EXP/ES/2015,4777,,SUPER SERVICIO MARAVILLAS SA DE CV,,Jacona,Michoacán,Occidente,19.96368,-102.3021
PL/5355/EXP/ES/2015,5238,,SERVICIO TESCOGAS SA DE CV,,Zapopan,Jalisco,Occidente,20.78856,-103.4718
PL/5357/EXP/ES/2015,5168,,ORGANIZACION LA LUNA SA DE CV,,Cuquío,Jalisco,Occidente,20.96468,-103.0214
PL/5361/EXP/ES/2015,5749,,JOSE ANTONIO GARCIA MUNGUIA,,Comala,Colima,Occidente,19.37618,-103.7168
PL/5362/EXP/ES/2015,5634,,VICTORIA MENDOZA BARRAGAN,,Los Reyes,Michoacán,Occidente,19.59386,-102.4729
PL/5368/EXP/ES/2015,4707,,PARADOR HACIENDA NUEVA SA DE CV,,Morelos,Zacatecas,Occidente,22.82659,-102.6247
PL/5380/EXP/ES/2015,5628,,GRUPO GARTECO SA DE CV,,,Colima,Occidente,18.94059,-103.8939
PL/5384/EXP/ES/2015,5246,,SERVICIO TESCOGAS SA DE CV,,Zapopan,Jalisco,Occidente,20.77656,-103.4567
PL/5396/EXP/ES/2015,4719,,ANTONIO MUÑOZ GARCIA,,Unión de San Antonio,Jalisco,Occidente,21.20643,-102.1239
PL/5401/EXP/ES/2015,5086,,SERVICIO COLOTLAN EXPRESS SA DE CV,,Zapopan,Jalisco,Occidente,20.80675,-103.4571
PL/5408/EXP/ES/2015,4682,,SERVICIO TESISTAN SA DE CV,,Zapopan,Jalisco,Occidente,20.79965,-103.4868
PL/5409/EXP/ES/2015,4871,,GASOLINERA INDEPENDIENTE SA DE CV,,Morelia,Michoacán,Occidente,19.69106,-101.1795
PL/5426/EXP/ES/2015,4973,,SERVICIO CALY SA DE CV,,Puruándiro,Michoacán,Occidente,20.09246,-101.5439
PL/5429/EXP/ES/2015,5447,,SERVICIOS SAN ALFONSO SA DE CV,,Tepatitlán de Morelos,Jalisco,Occidente,20.80032,-102.7393
PL/5438/EXP/ES/2015,5009,,SERVICIOS SAN JOSE SA DE CV,,Jalostotitlán,Jalisco,Occidente,21.16494,-102.4721
PL/5450/EXP/ES/2015,4662,,SERVICIO MATATLAN SA DE CV,,Tonalá,Jalisco,Occidente,20.66618,-103.2152
PL/5453/EXP/ES/2015,4655,,GASOLINERA ZAPOTILTIC SA DE CV,,Zapotiltic,Jalisco,Occidente,19.63218,-103.4309
PL/5455/EXP/ES/2015,4660,,CORPORATIVO AP SA DE CV,,Zitácuaro,Michoacán,Occidente,19.42855,-100.3439
PL/5457/EXP/ES/2015,4698,,SERVICIO SAN PEDRO SA DE CV,,Irapuato,Guanajuato,Occidente,20.6764,-101.3683
PL/546/EXP/ES/2015,2435,,PETROMAX SA DE CV,,Tlaquepaque,Jalisco,Occidente,20.61091,-103.4194
PL/5462/EXP/ES/2015,5374,,SERVICIO GAS LO SA DE CV,,Valle de Santiago,Guanajuato,Occidente,20.40229,-101.194
PL/5472/EXP/ES/2015,5696,,GASOLINERA LA PERLA SA DE CV,,San José Iturbide,Guanajuato,Occidente,21.07969,-100.5146
PL/5474/EXP/ES/2015,5386,,CAMPANITA GAS DE ZACATECAS SA DE CV,,Guadalupe,Zacatecas,Occidente,22.74246,-102.5011
PL/5475/EXP/ES/2015,5111,,PROMOTORA INTEGRACION URBANA SA DE CV,,Tonalá,Jalisco,Occidente,20.64127,-103.2593
PL/5476/EXP/ES/2015,4962,,SERVICIOS SIERRA GORDA SA DE CV,,San Luis de la Paz,Guanajuato,Occidente,21.29277,-100.5378
PL/5483/EXP/ES/2015,5499,,ESTACION DE SERVICIOS LUNA Y SOL SA DE CV,,San Luis de la Paz,Guanajuato,Occidente,21.2413,-100.5828
PL/5489/EXP/ES/2015,4688,,SERVICIO SANJOGAS SA DE CV,,San José Iturbide,Guanajuato,Occidente,20.98545,-100.4062
PL/549/EXP/ES/2015,2468,,PETROMAX SA DE CV,,Tonalá,Jalisco,Occidente,20.62028,-103.2741
PL/5490/EXP/ES/2015,5300,,SERVICIO LOVA SA DE CV,,San Miguel de Allende,Guanajuato,Occidente,20.9228,-100.9704
PL/5491/EXP/ES/2015,5192,,OPERADORA DE SERVICIO DEL BAJIO SA DE CV,,Uriangato,Guanajuato,Occidente,20.14581,-101.1777
PL/5505/EXP/ES/2015,5276,,GRUPO GASOCOL SA DE CV,,Colima,Colima,Occidente,19.24378,-103.7446
PL/5508/EXP/ES/2015,4944,,CAVE SA DE CV,,Colima,Colima,Occidente,19.23672,-103.7149
PL/5514/EXP/ES/2015,5015,,MA JORGE HERNANDEZ OROPEZA,,Encarnación de Díaz,Jalisco,Occidente,21.6462,-102.2782
PL/5518/EXP/ES/2015,4634,,ESTACIONES DE SERVICIO SA DE CV,,Irapuato,Guanajuato,Occidente,20.67908,-101.3458
PL/5520/EXP/ES/2015,4806,,ESTACIONES DE SERVICIO SA DE CV,,Salamanca,Guanajuato,Occidente,20.59887,-101.1801
PL/5525/EXP/ES/2015,5619,,DERIVADORA DE COMBUSTIBLES IXTLAHUACAN SA DE CV,,Tlaquepaque,Jalisco,Occidente,20.57334,-103.3326
PL/5530/EXP/ES/2015,4632,,ESTACION DE SERVICIO LA MANGA SA DE CV,,Tepatitlán de Morelos,Jalisco,Occidente,20.9066,-102.8001
PL/5534/EXP/ES/2015,5647,,JUAN JOSE VELAZQUEZ PEREZ,,Coroneo,Guanajuato,Occidente,20.19737,-100.3668
PL/5538/EXP/ES/2015,5142,,ESTACION GDL EXPRESS SA DE CV,,Guadalajara,Jalisco,Occidente,20.63493,-103.3267
PL/5544/EXP/ES/2015,5701,,CAMPANITA GAS DE ZACATECAS SA DE CV,,Calera,Zacatecas,Occidente,22.93567,-102.6913
PL/5546/EXP/ES/2015,4751,,GASOLINERA ENTRONQUE LAS PALMAS SA DE CV,,Lázaro Cárdenas,Michoacán,Occidente,17.97219,-102.2074
PL/5552/EXP/ES/2015,5102,,ESTACION DE SERVICIOS EL TEMAZCAL SA DE CV,,Tiquicheo de Nicolás Romero,Michoacán,Occidente,19.02593,-100.7433
PL/5560/EXP/ES/2015,5523,,ADALBERTO FRUCTUOSO COMPARAN RODRIGUEZ,,Aguililla,Michoacán,Occidente,18.73705,-102.7749
PL/5567/EXP/ES/2015,5639,,SERVICIO INDEPENDENCIA SA DE CV,,San Francisco de los Romo,Aguascalientes,Occidente,22.02564,-102.283
PL/5572/EXP/ES/2015,5549,,SUPER SERVICIO MARAVILLAS SA DE CV,,Zamora,Michoacán,Occidente,20.04053,-102.2834
PL/5578/EXP/ES/2015,4917,,SERVICIO INDEPENDENCIA SA DE CV,,Jesús María,Aguascalientes,Occidente,21.94627,-102.2968
PL/5585/EXP/ES/2015,5498,,SERVICIO INDEPENDENCIA SA DE CV,,Rincón de Romos,Aguascalientes,Occidente,22.2228,-102.318
PL/5588/EXP/ES/2015,5506,,SERVICIO INDEPENDENCIA SA DE CV,,Jesús María,Aguascalientes,Occidente,21.95485,-102.3385
PL/5593/EXP/ES/2015,5463,,SERVICIO INDEPENDENCIA SA DE CV,,Aguascalientes,Aguascalientes,Occidente,21.90233,-102.2707
PL/5597/EXP/ES/2015,5601,,SERVICIO CRUCERO JARIPO SA DE CV,,Villamar,Michoacán,Occidente,19.98185,-102.6126
PL/5604/EXP/ES/2015,5057,,JOSE RAFAEL PALACIOS CERVANTES,,Tarimoro,Guanajuato,Occidente,20.35636,-100.6937
PL/5609/EXP/ES/2015,5241,,SERVICIO HUMBERTO PALACIOS SA DE CV,,Luis Moya,Zacatecas,Occidente,22.42923,-102.2475
PL/5626/EXP/ES/2015,4928,,CAÑAGAS AUTLAN SA DE CV,,Autlán de Navarro,Jalisco,Occidente,19.787,-104.2344
PL/5631/EXP/ES/2015,5341,,EMILIO RUIZ MENDEZ,,Huanusco,Zacatecas,Occidente,21.76226,-102.9709
PL/5646/EXP/ES/2015,4700,,ELIAS ALFARO BARRERA,,Zinapécuaro,Michoacán,Occidente,19.89034,-100.8002
PL/5648/EXP/ES/2015,5318,,DARA SERVICIOS SA DE CV,,Zapopan,Jalisco,Occidente,20.75699,-103.3428
PL/5649/EXP/ES/2015,5693,,ESTACION DE SERVICIO NAPTE SA DE CV,,Tlajomulco de Zúñiga,Jalisco,Occidente,20.53079,-103.426
PL/5653/EXP/ES/2015,5412,,SERVICIO PETROJUELOS SA DE CV,,Aguascalientes,Aguascalientes,Occidente,21.86349,-102.3353
PL/5655/EXP/ES/2015,5308,,SERVICIOS SAN JOSE SA DE CV,,Jalostotitlán,Jalisco,Occidente,21.15356,-102.4625
PL/5660/EXP/ES/2015,4779,,FLECHA GRANA SA DE CV,,Tlaquepaque,Jalisco,Occidente,20.58118,-103.3726
PL/5663/EXP/ES/2015,4623,,EVERARDO CORONADO OROZCO,,Tonalá,Jalisco,Occidente,20.57092,-103.1582
PL/5665/EXP/ES/2015,4875,,GOMCOVI SA DE CV,,Guadalajara,Jalisco,Occidente,20.64039,-103.3756
PL/5671/EXP/ES/2015,5473,,SERVICIO JUVENTUD SA DE CV,,Cortazar,Guanajuato,Occidente,20.48272,-100.9686
PL/5675/EXP/ES/2015,5078,,SERVICIO GASOLINERA ZAPOTLANEJO SA DE CV,,Zapotlanejo,Jalisco,Occidente,20.61863,-103.0765
PL/5680/EXP/ES/2015,5625,,GASOLINERA EL CARRIL SA DE CV,,El Salto,Jalisco,Occidente,20.51386,-103.1885
PL/5686/EXP/ES/2015,4785,,GASOS MANZANILLO SA DE CV,,,Colima,Occidente,19.05317,-104.3108
PL/5690/EXP/ES/2015,4679,,ENERGETICOS PLUS SA DE CV,,Guadalajara,Jalisco,Occidente,20.65666,-103.3187
PL/5691/EXP/ES/2015,5380,,GASOLINERA VISTA ALEGRE SA DE CV,,Tlaquepaque,Jalisco,Occidente,20.60555,-103.288
PL/5692/EXP/ES/2015,5445,,ENERGETICOS PLUS SA DE CV,,Tlaquepaque,Jalisco,Occidente,20.57901,-103.3652
PL/5701/EXP/ES/2015,5148,,SERVICIO ERLO 24 HORAS SA DE CV,,La Piedad,Michoacán,Occidente,20.35159,-102.0424
PL/5706/EXP/ES/2015,5541,,SERVICIOS GASOLINEROS DE MEXICO SA DE CV,,Zapopan,Jalisco,Occidente,20.75987,-103.3403
PL/5708/EXP/ES/2015,5721,,SERVICIOS GASOLINEROS DE MEXICO SA DE CV,,Ixtlahuacán del Río,Jalisco,Occidente,20.84832,-103.257
PL/5711/EXP/ES/2015,5633,,SERVICIOS GASOLINEROS DE MEXICO SA DE CV,,Ixtlahuacán del Río,Jalisco,Occidente,20.88756,-103.2278
PL/5713/EXP/ES/2015,4752,,COMBUSTIBLES TUPATARO SA DE CV,,Cuerámaro,Guanajuato,Occidente,20.60618,-101.6468
PL/5715/EXP/ES/2015,4867,,SERVICIO VALTIERRA SA DE CV,,León,Guanajuato,Occidente,21.12656,-101.6394
PL/5719/EXP/ES/2015,5675,,GASOLINERIA TEQUILA SA DE CV,,Tequila,Jalisco,Occidente,20.8823,-103.8328
PL/5724/EXP/ES/2015,5519,,GASOLINERIA TEQUILA SA DE CV,,Tequila,Jalisco,Occidente,20.87439,-103.8055
PL/5727/EXP/ES/2015,5488,,COMBUSTIBLES LA MURALLA SA DE CV,,Romita,Guanajuato,Occidente,20.80235,-101.7093
PL/5728/EXP/ES/2015,5554,,SUPER SERVICIO LA HACIENDA SA DE CV,,Tlajomulco de Zúñiga,Jalisco,Occidente,20.53533,-103.3661
PL/5732/EXP/ES/2015,4878,,SUPER SERVICIO CLAUDIA DE GUADALAJARA SA DE CV,,Tonalá,Jalisco,Occidente,20.60085,-103.2392
PL/5733/EXP/ES/2015,5493,,SUPER SERVICIO CLAUDIA DE GUADALAJARA SA DE CV,,Guadalajara,Jalisco,Occidente,20.65704,-103.3575
PL/5740/EXP/ES/2015,5289,,JORGE QUESADA MORAN,,Aguascalientes,Aguascalientes,Occidente,21.91894,-102.2612
PL/5741/EXP/ES/2015,5573,,SERVICIO VALLE DE LA LUZ SA DE CV,,Pajacuarán,Michoacán,Occidente,20.11879,-102.5747
PL/5744/EXP/ES/2015,5602,,SERVICIO VILLA CORONA SA DE CV,,Villa Corona,Jalisco,Occidente,20.41309,-103.6634
PL/5747/EXP/ES/2015,5428,,SERVICIO HIDALGO DE FRESNILLO SA DE CV,,Fresnillo,Zacatecas,Occidente,23.17211,-102.8596
PL/5748/EXP/ES/2015,5595,,SERVICIO ROHUS SA DE CV,,Tancítaro,Michoacán,Occidente,19.33438,-102.3602
PL/5759/EXP/ES/2015,5332,,RAQUEL JIMENEZ MARTINEZ,,Tabasco,Zacatecas,Occidente,21.86734,-102.9083
PL/5761/EXP/ES/2015,5673,,ESTACION DE SERVICIO PROGRESO SA DE CV,,Celaya,Guanajuato,Occidente,20.51852,-100.8613
PL/5764/EXP/ES/2015,5175,,SERVICIO CIUDADELA SA DE CV,,Celaya,Guanajuato,Occidente,20.55334,-100.8233
PL/5772/EXP/ES/2015,5674,,RAUL ALVAREZ PEREZ,,Arandas,Jalisco,Occidente,20.68353,-102.3512
PL/5775/EXP/ES/2015,5753,,GRUPO ENERGETICO GUDE SA DE CV,,Fresnillo,Zacatecas,Occidente,23.1979,-102.8887
PL/5776/EXP/ES/2015,5291,,MARTIN LOPEZ LOPEZ,,Numarán,Michoacán,Occidente,20.24465,-101.9487
PL/5778/EXP/ES/2015,4883,,KOPLA S DE RL DE CV,,Morelia,Michoacán,Occidente,19.65513,-101.244
PL/5780/EXP/ES/2015,4659,,CENTRO CARRETERO SAN JORGE SA DE CV,,Tarímbaro,Michoacán,Occidente,19.7884,-101.1594
PL/5782/EXP/ES/2015,4950,,SERVICIO PETROJUELOS SA DE CV,,Ojuelos de Jalisco,Jalisco,Occidente,21.87523,-101.5764
PL/5787/EXP/ES/2015,5297,,MULTISERVICIOS ORCA SA DE CV,,Abasolo,Guanajuato,Occidente,20.45272,-101.5219
PL/5789/EXP/ES/2015,5144,,ARMANDO PLASCENCIA ORTIZ,,Ojuelos de Jalisco,Jalisco,Occidente,21.84481,-101.5953
PL/5796/EXP/ES/2015,5413,,DISCIP COMBUSTIBLE 1 SA DE CV,,Irapuato,Guanajuato,Occidente,20.63528,-101.3652
PL/5802/EXP/ES/2015,5335,,FRANCISCO DIAZ DELGADO,,Loreto,Zacatecas,Occidente,22.28243,-101.9908
PL/5807/EXP/ES/2015,5520,,SERVICIOS GASOLINEROS DE MEXICO SA DE CV,,Ocotlán,Jalisco,Occidente,20.34682,-102.7768
PL/5810/EXP/ES/2015,5265,,SERVICIO LA PETATERA SA DE CV,,Villa de Álvarez,Colima,Occidente,19.2684,-103.7432
PL/5820/EXP/ES/2015,4776,,COMBUSTIBLES MODI SA DE CV,,Amatitán,Jalisco,Occidente,20.83454,-103.7328
PL/5829/EXP/ES/2015,5121,,COMBUSTIBLES EL SAUCILLO SA DE CV,,Cuerámaro,Guanajuato,Occidente,20.64025,-101.6805
PL/5832/EXP/ES/2015,5235,,GASOLINERA ZALATE SA DE CV,,Tonalá,Jalisco,Occidente,20.65901,-103.2538
PL/5840/EXP/ES/2015,5724,,SERVICIOS GASOLINEROS DE MEXICO SA DE CV,,Poncitlán,Jalisco,Occidente,20.37609,-102.9298
PL/5845/EXP/ES/2015,5697,,OPEQUIMAR SA DE CV,,Puerto Vallarta,Jalisco,Occidente,20.66049,-105.2487
PL/5846/EXP/ES/2015,5105,,LOZA GUTIERREZ SA DE CV,,San Miguel el Alto,Jalisco,Occidente,21.07025,-102.2906
PL/5848/EXP/ES/2015,5156,,GRUPO HUROLI SA DE CV,,Manzanillo,Colima,Occidente,19.10838,-104.3356
PL/5854/EXP/ES/2015,5072,,GASOLINERA EL ZAPOTE SA DE CV,,Tlajomulco de Zúñiga,Jalisco,Occidente,20.50441,-103.2799
PL/5855/EXP/ES/2015,4738,,SERVICIO LAS CONCHITAS SA DE CV,,Tlaquepaque,Jalisco,Occidente,20.59241,-103.3219
PL/5856/EXP/ES/2015,4831,,GASOLINERA COYULA SA DE CV,,Tonalá,Jalisco,Occidente,20.66344,-103.2332
PL/5862/EXP/ES/2015,5729,,FRANCISCO SALAS GARCIA,,General Francisco R. Murguía,Zacatecas,Occidente,24.23361,-102.8208
PL/5868/EXP/ES/2015,5006,,TISUR GASOLINERAS SA DE CV,,Ojocaliente,Zacatecas,Occidente,22.56026,-102.2521
PL/5869/EXP/ES/2015,4855,,CARFLOR SA DE CV,,Puerto Vallarta,Jalisco,Occidente,20.6601,-105.2185
PL/5870/EXP/ES/2015,5258,,GRUPO OCCIDENTAL DE COMBUSTIBLES SA DE CV,,Manzanillo,Colima,Occidente,19.13019,-104.3385
PL/5872/EXP/ES/2015,5163,,GRUPO OCCIDENTAL DE COMBUSTIBLES SA DE CV,,Manzanillo,Colima,Occidente,19.09233,-104.3013
PL/5874/EXP/ES/2015,4994,,GRUPO OCCIDENTAL DE COMBUSTIBLES SA DE CV,,Manzanillo,Colima,Occidente,19.08752,-104.2798
PL/5875/EXP/ES/2015,5008,,GRUPO OCCIDENTAL DE COMBUSTIBLES SA DE CV,,Colima,Colima,Occidente,19.24004,-103.7569
PL/5876/EXP/ES/2015,4977,,SERVICIOS GASOLINEROS DE MEXICO SA DE CV,,Tepatitlán de Morelos,Jalisco,Occidente,20.7929,-102.7716
PL/5877/EXP/ES/2015,4656,,TISUR GASOLINERAS SA DE CV,,Ojocaliente,Zacatecas,Occidente,22.57871,-102.2451
PL/5911/EXP/ES/2015,5245,,COMBUSERVICIOS MEXICANOS S DE RL DE CV,,Dolores Hidalgo Cuna de la Independencia Nacional,Guanajuato,Occidente,21.13218,-100.9325
PL/5912/EXP/ES/2015,4760,,COMBUSTIBLES EBANO SA DE CV,,Acatlán de Juárez,Jalisco,Occidente,20.41183,-103.594
PL/5915/EXP/ES/2015,5678,,COMBUSERVICIOS MEXICANOS S DE RL DE CV,,San Diego de la Unión,Guanajuato,Occidente,21.47034,-100.8715
PL/5917/EXP/ES/2015,4665,,GASOLINERA COMPLEJO SA DE CV,,Colima,Colima,Occidente,19.25438,-103.6894
PL/5919/EXP/ES/2015,5364,,SERVICIO MAPRI SA DE CV,,Pátzcuaro,Michoacán,Occidente,19.53695,-101.535
PL/5947/EXP/ES/2015,5007,,SERVICIO LAS ESMERALDAS SA DE CV,,Nocupétaro,Michoacán,Occidente,19.03169,-101.1295
PL/5950/EXP/ES/2015,4999,,SERVICIO HUAJUMBARO SA DE CV,,Hidalgo,Michoacán,Occidente,19.67221,-100.7398
PL/5952/EXP/ES/2015,5267,,COSAGS SA DE CV,,Aguascalientes,Aguascalientes,Occidente,21.84611,-102.2697
PL/5961/EXP/ES/2015,4712,,AUTOSERVICIOS UNIDOS JOCOTEPEC SA DE CV,,Jocotepec,Jalisco,Occidente,20.28456,-103.4189
PL/5980/EXP/ES/2015,4990,,SERVICIO VIGAR SA DE CV,,Tangancícuaro,Michoacán,Occidente,19.89029,-102.2005
PL/6006/EXP/ES/2015,4667,,GRUPO OCCIDENTAL DE COMBUSTIBLES SA DE CV,,Manzanillo,Colima,Occidente,19.09229,-104.3011
PL/6014/EXP/ES/2015,5604,,GASOLINERIA LAS CONCHITAS SA DE CV,,Tlaquepaque,Jalisco,Occidente,20.59406,-103.324
PL/6018/EXP/ES/2015,5130,,ALZAHI SA DE CV,,Morelia,Michoacán,Occidente,19.7313,-101.1713
PL/6023/EXP/ES/2015,4673,,JOSE MANUEL ZABALEGUI RODRIGUEZ,,Morelia,Michoacán,Occidente,19.65894,-101.2277
PL/6024/EXP/ES/2015,4653,,ROBERTO CARDENAS GONZALEZ,,Guadalajara,Jalisco,Occidente,20.6387,-103.3774
PL/6025/EXP/ES/2015,11200,,MULTISERVICIOS DEL PEDREGAL SA DE CV,,Morelia,Michoacán,Occidente,19.67308,-101.2112
PL/6028/EXP/ES/2015,5555,,LUIS FERNANDO ARIAS OCHOA,,Fresnillo,Zacatecas,Occidente,23.22067,-102.845
PL/6029/EXP/ES/2015,11198,,SERVICIO REAL DE MORELIA SA DE CV,,Morelia,Michoacán,Occidente,19.72552,-101.2014
PL/6032/EXP/ES/2015,4654,,SERVICIOS DE ALBA O SA DE CV,,Aguascalientes,Aguascalientes,Occidente,21.87349,-102.3122
PL/6033/EXP/ES/2015,5652,,LEOPOLDO DE LA TORRE ROMERO,,Mezquitic,Jalisco,Occidente,22.39529,-103.7269
PL/6035/EXP/ES/2015,11192,,SERVICIO SANTA ISABEL SA DE CV,,Morelia,Michoacán,Occidente,19.69937,-101.1543
PL/6045/EXP/ES/2015,11195,,MULTISERVICIOS LA ESTACION SA DE CV,,Morelia,Michoacán,Occidente,19.6933,-101.2225
PL/6046/EXP/ES/2015,5304,,M LUISA SERRANO MENDEZ,,Atotonilco el Alto,Jalisco,Occidente,20.50009,-102.5311
PL/6047/EXP/ES/2015,11196,,MULTISERVICIOS DEL CRUCERO SA DE CV,,Morelia,Michoacán,Occidente,19.70517,-101.2249
PL/6048/EXP/ES/2015,5039,,SERVICIO GUADALUPANO S DE RL DE CV,,Aguascalientes,Aguascalientes,Occidente,21.90823,-102.2564
PL/6054/EXP/ES/2015,4863,,LIZARDE Y COMPAÑIA SA DE CV,,Yahualica de González Gallo,Jalisco,Occidente,21.18877,-102.8853
PL/6074/EXP/ES/2015,11208,,MULTISERVICIOS DEL ORIENTE SA DE CV,,Morelia,Michoacán,Occidente,19.71873,-101.1779
PL/6076/EXP/ES/2015,5566,,GASOLINERA BELIARJO SA DE CV,,Tonalá,Jalisco,Occidente,20.66633,-103.2337
PL/6080/EXP/ES/2015,11201,,SERVICIO QUINCEO SA DE CV,,Morelia,Michoacán,Occidente,19.7256,-101.2243
PL/6084/EXP/ES/2015,5137,,SUPER SERVICIO GARBRI SA DE CV,,La Piedad,Michoacán,Occidente,20.35248,-102.0336
PL/6086/EXP/ES/2015,4778,,SUPER SERVICIO GARBRI SA DE CV,,Pénjamo,Michoacán,Occidente,20.35254,-102.0195
PL/6089/EXP/ES/2015,5378,,SUPER SERVICIO GARBRI SA DE CV,,Pénjamo,Guanajuato,Occidente,20.38947,-101.9348
PL/6112/EXP/ES/2015,5629,,SERVICIO XOCONOXTLE SA DE CV,,Yuriria,Guanajuato,Occidente,20.23751,-101.28
PL/6115/EXP/ES/2015,5572,,CENTRO CARRETERO SAN JORGE SA DE CV,,Tarímbaro,Michoacán,Occidente,19.82417,-101.1666
PL/6120/EXP/ES/2015,4764,,GASOLINERA EL PAISA SA DE CV,,San Juan de los Lagos,Jalisco,Occidente,21.25094,-102.3275
PL/6122/EXP/ES/2015,4690,,RED NACIONAL DE COMBUSTIBLES Y SERVICIOS SA DE CV,,Guadalajara,Jalisco,Occidente,20.68168,-103.3742
PL/6129/EXP/ES/2015,5577,,GASOLINERA LOS CRISTEROS SA DE CV,,Encarnación de Díaz,Jalisco,Occidente,21.51375,-102.2386
PL/616/EXP/ES/2015,2305,,GRUPO OCTANO SA DE CV,,Morelia,Michoacán,Occidente,19.70107,-101.1545
PL/6174/EXP/ES/2015,4675,,ESTACION DE SERVICIO VALLE NUEVO SA DE CV,,,Colima,Occidente,18.90619,-103.878
PL/6176/EXP/ES/2015,5507,,SERVICIO HERMANOS ALDAMA SA DE CV,,León,Guanajuato,Occidente,21.11154,-101.6765
PL/6177/EXP/ES/2015,11203,,MULTISERVICIOS SAN ANGEL SA DE CV,,Morelia,Michoacán,Occidente,19.67385,-101.2046
PL/618/EXP/ES/2015,2544,,GRUPO OCTANO SA DE CV,,Zapopan,Jalisco,Occidente,20.73159,-103.6072
PL/6181/EXP/ES/2015,11206,,SERVICIO PRINCIPAL SA DE CV,,Morelia,Michoacán,Occidente,19.66122,-101.2359
PL/6189/EXP/ES/2015,5185,,SERVICIO PEDREGAL DEL CARMEN SA DE CV,,León,Guanajuato,Occidente,21.11324,-101.6047
PL/623/EXP/ES/2015,2351,,PETROMAX SA DE CV,,Tlajomulco de Zúñiga,Jalisco,Occidente,20.45484,-103.2512
PL/6271/EXP/ES/2015,7878,,GASISLO 2000 SA DE CV,,Zacatecas,Zacatecas,Occidente,22.76712,-102.5647
PL/6276/EXP/ES/2015,7629,,JOSE ANTONIO DURAN ARREDONDO,,Pueblo Nuevo,Guanajuato,Occidente,20.52187,-101.3747
PL/6281/EXP/ES/2015,8107,,OSCAR ALEJANDRO PADILLA LOPEZ,,León,Guanajuato,Occidente,21.12282,-101.694
PL/6306/EXP/ES/2015,8226,,SERVICIO ARTEAGA SA DE CV,,Valle de Santiago,Guanajuato,Occidente,20.39465,-101.1805
PL/6309/EXP/ES/2015,7836,,SERVICIO VENTURA PUENTE SA DE CV,,Morelia,Michoacán,Occidente,19.68788,-101.1805
PL/6314/EXP/ES/2015,7845,,BERTHA FUENTES OÑATE,,Atotonilco el Alto,Jalisco,Occidente,20.54843,-102.5089
PL/6320/EXP/ES/2015,8361,,ADALBERTO YAÑEZ ESPARZA,,Asientos,Aguascalientes,Occidente,22.116,-102.0126
PL/6321/EXP/ES/2015,7661,,AUTO SERVICIO MIR SOT SA DE CV,,Maravatío,Michoacán,Occidente,19.89161,-100.4362
PL/6322/EXP/ES/2015,7550,,GASOLINERA DEL PACIFICO SA DE CV,,,Colima,Occidente,18.91597,-103.8777
PL/6328/EXP/ES/2015,7996,,SERVICIO EL PILAR SA DE CV,,Zacatecas,Zacatecas,Occidente,22.77547,-102.6245
PL/6329/EXP/ES/2015,8256,,COMBUSTIBLES CARRETEROS CARCO SA DE CV,,Zapotlán el Grande,Jalisco,Occidente,19.72862,-103.5094
PL/6332/EXP/ES/2015,7969,,SERVICIO GERO SA DE CV,,Jesús María,Aguascalientes,Occidente,21.97246,-102.3401
PL/6339/EXP/ES/2015,8345,,SERVICIO PORTOMARIN SA DE CV,,Zitácuaro,Michoacán,Occidente,19.4754,-100.352
PL/6348/EXP/ES/2015,7662,,"ESTACION DE SERVICIO TAFETAN, MICH SA DE CV",,Tzitzio,Michoacán,Occidente,19.43171,-100.9026
PL/6357/EXP/ES/2015,8040,,SERVICIO DEL PORVENIR SA DE CV,,Tarímbaro,Michoacán,Occidente,19.87595,-101.1419
PL/6368/EXP/ES/2015,8492,,SERVICIO BELEN HERNANDEZ SA DE CV,,Teocaltiche,Jalisco,Occidente,21.5397,-102.4288
PL/6370/EXP/ES/2015,8080,,GASOLINERA LAS LIEBRES SA DE CV,,Tlaquepaque,Jalisco,Occidente,20.58432,-103.3178
PL/6371/EXP/ES/2015,7585,,GASOLINERA LA 34 SA DE CV,,Guadalajara,Jalisco,Occidente,20.68077,-103.3219
PL/6372/EXP/ES/2015,8033,,SUPERSERVICIO EL OBRERO SA DE CV,,Guadalajara,Jalisco,Occidente,20.69171,-103.3118
PL/6393/EXP/ES/2015,8250,,ESTACION DE SERVICIO LA MOJONERA SA DE CV,,Jocotepec,Jalisco,Occidente,20.292,-103.3075
PL/6396/EXP/ES/2015,8493,,SERVICIO MEGABANDERA DE IRAPUATO SA DE CV,,Irapuato,Guanajuato,Occidente,20.70756,-101.3526
PL/6431/EXP/ES/2015,7565,,ESTACION DE SERVICIO K2 SA DE CV,,Arandas,Jalisco,Occidente,20.69889,-102.3189
PL/6434/EXP/ES/2015,8286,,AUTO SERVICIO MIR SOT SA DE CV,,Maravatío,Michoacán,Occidente,19.89858,-100.45
PL/6441/EXP/ES/2015,8019,,SUPER SERVICIO GASOLINERO SANTA FE SA DE CV,,Morelia,Michoacán,Occidente,19.74139,-101.1765
PL/6442/EXP/ES/2015,8525,,SUPER SERVICIO LAJA BAJIO SA DE CV,,Celaya,Guanajuato,Occidente,20.51383,-100.773
PL/6449/EXP/ES/2015,8404,,SUMINISTROS BASICOS DE COMBUSTIBLES Y ENERGETICOS SA DE CV,,León,Guanajuato,Occidente,21.1528,-101.6472
PL/6450/EXP/ES/2015,8383,,KOPLA S DE RL DE CV,,Zitácuaro,Michoacán,Occidente,19.43511,-100.3571
PL/6451/EXP/ES/2015,8199,,SUMINISTROS BASICOS DE COMBUSTIBLES Y ENERGETICOS SA DE CV,,León,Guanajuato,Occidente,21.10362,-101.6412
PL/6453/EXP/ES/2015,8281,,SUMINISTROS BASICOS DE COMBUSTIBLES Y ENERGETICOS SA DE CV,,León,Guanajuato,Occidente,21.11699,-101.7007
PL/6456/EXP/ES/2015,7860,,SERVICIO PARO SA DE CV,,San Juan de los Lagos,Jalisco,Occidente,21.24153,-102.3261
PL/6459/EXP/ES/2015,7800,,GAS CONFIA SA DE CV,,Villa de Álvarez,Colima,Occidente,19.26264,-103.7257
PL/6460/EXP/ES/2015,7731,,SERVICIO SOLORZANO PADILLA SA DE CV,,Nochistlán de Mejía,Zacatecas,Occidente,21.3549,-102.7879
PL/6461/EXP/ES/2015,8121,,GASISLO 2000 SA DE CV,,Río Grande,Zacatecas,Occidente,23.7688,-103.0101
PL/6462/EXP/ES/2015,7960,,SERVICIO CAMPO REAL SA DE CV,,Villa de Álvarez,Colima,Occidente,19.25239,-103.7452
PL/6466/EXP/ES/2015,8536,,ESTACION DE SERVICIO PABELLON SA DE CV,,Pabellón de Arteaga,Aguascalientes,Occidente,22.14896,-102.267
PL/6469/EXP/ES/2015,8402,,GASOLINERA LOS ROBLES SA DE CV,,Zapopan,Jalisco,Occidente,20.75459,-103.4266
PL/6471/EXP/ES/2015,8485,,SERVICIO FRANCISCO VILLA SA DE CV,,León,Guanajuato,Occidente,21.11962,-101.6505
PL/6489/EXP/ES/2015,7812,,GASOLINERAS DEL LERMA SA DE CV,,Tanhuato,Michoacán,Occidente,20.27821,-102.376
PL/6493/EXP/ES/2015,7794,,CARMEN IVETTE MARTIN DEL CAMPO ABARCA,,Tanhuato,Michoacán,Occidente,20.30255,-102.3211
PL/6502/EXP/ES/2015,8298,,KOPLA S DE RL DE CV,,Angangueo,Michoacán,Occidente,19.61127,-100.3034
PL/6506/EXP/ES/2015,7677,,SERVICIOS ALCARAZ Y HERNANDEZ SA DE CV,,Zapopan,Jalisco,Occidente,20.72249,-103.3457
PL/6508/EXP/ES/2015,7935,,KOPLA S DE RL DE CV,,Pénjamo,Guanajuato,Occidente,20.38069,-101.8691
PL/6514/EXP/ES/2015,8196,,ARCELIA HERNANDEZ SILVA,,Ecuandureo,Michoacán,Occidente,20.16136,-102.2092
PL/6522/EXP/ES/2015,8189,,GASOLINERA LOS TULIPANES SA DE CV,,Uriangato,Guanajuato,Occidente,20.1022,-101.1613
PL/6536/EXP/ES/2015,8320,,PARADOR SAN JORGE SA DE CV,,Tuzantla,Michoacán,Occidente,19.2118,-100.5699
PL/6537/EXP/ES/2015,8014,,SERVICIO CAMINO REAL SA DE CV,,Colima,Colima,Occidente,19.25406,-103.696
PL/6544/EXP/ES/2015,8024,,COMBUSTILAX SA DE CV,,Concepción del Oro,Zacatecas,Occidente,24.61886,-101.383
PL/655/EXP/ES/2015,2109,,MULTISERVICIOS SIGAS SA DE CV,,San José de Gracia,Aguascalientes,Occidente,22.14957,-102.4106
PL/6567/EXP/ES/2015,8547,,SERVICIO NIÑO DON BOSCO SA DE CV,,León,Guanajuato,Occidente,21.08486,-101.6667
PL/6570/EXP/ES/2015,8067,,SERVICIO NIÑO DON BOSCO SA DE CV,,León,Guanajuato,Occidente,21.08825,-101.6993
PL/6573/EXP/ES/2015,8205,,SERVICIO MIRADOR CAMPESTRE SA DE CV,,León,Guanajuato,Occidente,21.14627,-101.7144
PL/6574/EXP/ES/2015,8439,,MAURICIO DEL SAGRADO CORAZON ENRIQUEZ MORENO,,León,Guanajuato,Occidente,21.14326,-101.6542
PL/6575/EXP/ES/2015,8475,,SERVICIO DE GASOLINAS Y LUBRICANTES SA DE CV,,León,Guanajuato,Occidente,21.09737,-101.6466
PL/6576/EXP/ES/2015,8449,,SERVICIOS DE COMBUSTIBLES PALOMARES S DE RL DE CV,,Hidalgo,Michoacán,Occidente,19.67365,-100.5207
PL/6579/EXP/ES/2015,7927,,SERVIEXPRESS BC SA DE CV,,Pátzcuaro,Michoacán,Occidente,19.51783,-101.6173
PL/6581/EXP/ES/2015,7911,,MAURICIO DEL SAGRADO CORAZON ENRIQUEZ MOREN,,León,Guanajuato,Occidente,21.10378,-101.6908
PL/6583/EXP/ES/2015,8521,,ESTACION DE SERVICIO LEON S DE RL DE CV,,León,Guanajuato,Occidente,21.11754,-101.6522
PL/6584/EXP/ES/2015,7937,,ESTACION DE SERVICIO LEON S DE RL DE CV,,León,Guanajuato,Occidente,21.11588,-101.6952
PL/6588/EXP/ES/2015,8082,,Servicio El Cañón del Astillero,,Concepción del Oro,Zacatecas,Occidente,24.53251,-101.3677
PL/6590/EXP/ES/2015,8308,,ANTIGUO KORRAL SA DE CV,,Fresnillo,Zacatecas,Occidente,23.23381,-102.5907
PL/6603/EXP/ES/2015,8309,,MARIA DEL CARMEN HERNANDEZ RUIZ,,Chapala,Jalisco,Occidente,20.30058,-103.2572
PL/6609/EXP/ES/2015,7916,,ESTACION ZONA VIRGEN SA DE CV,,Villa de Álvarez,Colima,Occidente,19.26385,-103.7673
PL/6614/EXP/ES/2015,7975,,SERVICIO PUERTO GUAYMAS SA DE CV,,Zapopan,Jalisco,Occidente,20.64171,-103.444
PL/6618/EXP/ES/2015,8333,,CID Y JAIMES SA DE CV,,Tarímbaro,Michoacán,Occidente,19.76953,-101.1517
PL/6620/EXP/ES/2015,7919,,ZALAPAS GASOLINERA SA DE CV,,Paracho,Michoacán,Occidente,19.6409,-102.0513
PL/6623/EXP/ES/2015,8341,,MARTIN ALFONSO RUIZ GARCIA,,Guadalajara,Jalisco,Occidente,20.70704,-103.3141
PL/6624/EXP/ES/2015,8178,,SUPER SERVICIO PONCITLAN SA DE CV,,Poncitlán,Jalisco,Occidente,20.38502,-102.9721
PL/6625/EXP/ES/2015,7524,,GASOLINERIA TECALITLAN SA DE CV,,Tecalitlán,Jalisco,Occidente,19.47883,-103.3022
PL/6630/EXP/ES/2015,8312,,EXPRESERVICIO GASOLINAS SA DE CV,,Tlaquepaque,Jalisco,Occidente,20.6295,-103.2955
PL/6634/EXP/ES/2015,8496,,SERVICIO PUREZA SA DE CV,,Guadalajara,Jalisco,Occidente,20.65182,-103.3499
PL/6642/EXP/ES/2015,8222,,GASOLINERA ALEMANIA SA DE CV,,Guadalajara,Jalisco,Occidente,20.66162,-103.3532
PL/6644/EXP/ES/2015,8094,,J NEDER DAHER HERNANDEZ,,Rincón de Romos,Aguascalientes,Occidente,22.23358,-102.3192
PL/6646/EXP/ES/2015,7868,,HECTOR EDUARDO LEAL PALOS,,San Juan de los Lagos,Jalisco,Occidente,21.29144,-102.2694
PL/6664/EXP/ES/2015,8375,,ENERGETICOS DEA SA DE CV,,Tlaquepaque,Jalisco,Occidente,20.56473,-103.3546
PL/6666/EXP/ES/2015,8516,,GASOLINA Y SERVICIOS QUINTA FEDERALISMO SA DE CV,,Zapopan,Jalisco,Occidente,20.73544,-103.3507
PL/6668/EXP/ES/2015,8355,,HUACHERR SA DE CV,,Acuitzio,Michoacán,Occidente,19.49958,-101.3395
PL/6693/EXP/ES/2015,8306,,MA DEL CONSUELO VILLANUEVA SALAS,,La Barca,Jalisco,Occidente,20.41125,-102.429
PL/6721/EXP/ES/2015,8135,,PATRICIA DIAZ DIAZ,,Uriangato,Guanajuato,Occidente,20.15765,-101.163
PL/6735/EXP/ES/2015,7730,,SERVICIOS GASOLINEROS DE MEXICO SA DE CV,,Tonalá,Jalisco,Occidente,20.65183,-103.2265
PL/6736/EXP/ES/2015,8274,,GASOLINERA CHAPALITA SA DE CV,,Guadalajara,Jalisco,Occidente,20.66277,-103.3903
PL/6737/EXP/ES/2015,8157,,GASOLINERA CURUTARAN SA DE CV,,Jacona,Michoacán,Occidente,19.9374,-102.321
PL/6744/EXP/ES/2015,8316,,SERVI EXPRESS OBLATOS SA DE CV,,Guadalajara,Jalisco,Occidente,20.68947,-103.2976
PL/6752/EXP/ES/2015,7528,,CAJIVHE SA DE CV,,Zapopan,Jalisco,Occidente,20.6297,-103.4494
PL/6760/EXP/ES/2015,7607,,GASOLINERA EL LIMONCITO SA DE CV,,Aguililla,Michoacán,Occidente,19.0067,-102.6993
PL/6766/EXP/ES/2015,7823,,ENERGETICOS PLUS SA DE CV,,Guadalajara,Jalisco,Occidente,20.67008,-103.3544
PL/6767/EXP/ES/2015,7819,,SERVICIO SAN JOSE DE LA PEÑA SA DE CV,,Cortazar,Guanajuato,Occidente,20.45247,-100.9644
PL/6769/EXP/ES/2015,7755,,ENERGETICOS PLUS SA DE CV,,Guadalajara,Jalisco,Occidente,20.67166,-103.3053
PL/6771/EXP/ES/2015,7918,,ENERGETICOS PLUS SA DE CV,,Tlajomulco de Zúñiga,Jalisco,Occidente,20.46214,-103.4452
PL/6773/EXP/ES/2015,8358,,SERVICIO LA YERBABUENA SA DE CV,,Jiquilpan,Michoacán,Occidente,20.03682,-102.7164
PL/6774/EXP/ES/2015,7805,,SUPER SERVICIO DEL CENTRO DE SAHUAYO SA DE CV,,Sahuayo,Michoacán,Occidente,20.06146,-102.7161
PL/6776/EXP/ES/2015,8000,,SERVICIO COSTA NORTE DE JALISCO SA DE CV,,Tomatlán,Jalisco,Occidente,20.01677,-105.3095
PL/6778/EXP/ES/2015,7628,,SERVICIO BAULOP SA DE CV,,Tomatlán,Jalisco,Occidente,19.93842,-105.2497
PL/6780/EXP/ES/2015,8494,,SERVICIO BAULOP SA DE CV,,Tomatlán,Jalisco,Occidente,19.87043,-105.338
PL/6788/EXP/ES/2015,7612,,SUPERSERVICIO PACIFICO AM SA DE CV,,Lázaro Cárdenas,Michoacán,Occidente,17.96115,-102.205
PL/6793/EXP/ES/2015,7717,,KOPLA S DE RL DE CV,,León,Guanajuato,Occidente,21.09115,-101.6783
PL/6799/EXP/ES/2015,7833,,KOPLA S DE RL DE CV,,San Francisco del Rincón,Guanajuato,Occidente,21.02088,-101.8515
PL/6800/EXP/ES/2015,8535,,KOPLA S DE RL DE CV,,Zinapécuaro,Michoacán,Occidente,19.87748,-100.9251
PL/6801/EXP/ES/2015,8424,,KOPLA S DE RL DE CV,,Purísima del Rincón,Guanajuato,Occidente,21.03779,-101.8161
PL/6805/EXP/ES/2015,8372,,KOPLA S DE RL DE CV,,Encarnación de Díaz,Jalisco,Occidente,21.51365,-102.237
PL/6806/EXP/ES/2015,7526,,GASOLINERA SANTA MARIA DEL VALLE SA DE CV,,Arandas,Jalisco,Occidente,20.87444,-102.3888
PL/681/EXP/ES/2015,2379,,BECKTROP OPERADORA SA DE CV,,Zapopan,Jalisco,Occidente,20.68804,-103.4197
PL/6819/EXP/ES/2015,8514,,SERVICIOS MOZA SA DE CV,,Zapopan,Jalisco,Occidente,20.67858,-103.4207
PL/6820/EXP/ES/2015,8426,,MIGUEL TORRES VALENCIANO,,El Llano,Aguascalientes,Occidente,21.82057,-102.1
PL/683/EXP/ES/2015,2467,,RAMCAL SA DE CV,,Manzanillo,Colima,Occidente,19.0389,-104.2583
PL/6836/EXP/ES/2015,7581,,GASOLINERA SERVICIO EL CARMEN SA DE CV,,Apaseo el Grande,Guanajuato,Occidente,20.54111,-100.6738
PL/6861/EXP/ES/2015,7965,,FER-PETRO S DE RL DE CV,,Guadalajara,Jalisco,Occidente,20.6845,-103.381
PL/6863/EXP/ES/2015,8089,,IGNACIO AYALA SALAZAR,,Jesús María,Jalisco,Occidente,20.60413,-102.2201
PL/6864/EXP/ES/2015,7559,,PLAZA GAS SA DE CV,,Aguascalientes,Aguascalientes,Occidente,21.87279,-102.2461
PL/6871/EXP/ES/2015,7644,,SERVICIOS ESPECIALIZADOS DEL VALLE DE AMECA SA DE CV,,Ameca,Jalisco,Occidente,20.53417,-104.019
PL/6875/EXP/ES/2015,7774,,GASOLINERA KUKULKAN SA DE CV,,Zapopan,Jalisco,Occidente,20.65113,-103.4223
PL/689/EXP/ES/2015,2070,,RAMCAL SA DE CV,,Manzanillo,Colima,Occidente,19.03549,-104.2109
PL/6895/EXP/ES/2015,8145,,J DONACIANO ZAMORA LOPEZ,,Tapalpa,Jalisco,Occidente,19.94853,-103.7626
PL/6897/EXP/ES/2015,8217,,SUPER SERVICIO DE COMBUSTIBLES MONARCA SA DE CV,,Zitácuaro,Michoacán,Occidente,19.42848,-100.3458
PL/690/EXP/ES/2015,2089,,SOCOMBUMEX S DE RL DE CV,,Manzanillo,Colima,Occidente,19.07791,-104.288
PL/6900/EXP/ES/2015,7641,,GASOLINEROS MEXICANOS SA DE CV,,Tlajomulco de Zúñiga,Jalisco,Occidente,20.52828,-103.2977
PL/6905/EXP/ES/2015,7986,,MIGUEL ZAZUETA BELTRAN,,Zapopan,Jalisco,Occidente,20.65823,-103.4371
PL/6912/EXP/ES/2015,7598,,GASOLINEROS MEXICANOS SA DE CV,,Manzanillo,Colima,Occidente,19.10392,-104.3305
PL/6926/EXP/ES/2015,7782,,OPERADORA DE ESTACIONES Y PARADORES SA DE CV,,Lázaro Cárdenas,Michoacán,Occidente,17.98405,-102.2205
PL/6943/EXP/ES/2015,7718,,SERVICIO PONCE -  MEDINA SA DE CV,,El Arenal,Jalisco,Occidente,20.77818,-103.692
PL/6945/EXP/ES/2015,7771,,COMBUSTIBLES DE VILLANUEVA SA DE CV,,Villanueva,Zacatecas,Occidente,22.342,-102.88
PL/6952/EXP/ES/2015,7835,,ENERGIA SAN PABLO SA DE CV,,Zapopan,Jalisco,Occidente,20.64125,-103.4302
PL/6959/EXP/ES/2015,8110,,ENERGIA DAMARIS SA DE CV,,Tlajomulco de Zúñiga,Jalisco,Occidente,20.47167,-103.442
PL/6986/EXP/ES/2015,8153,,GASOLINERA ZIRACUA SA DE CV,,Ziracuaretiro,Michoacán,Occidente,19.41648,-101.9287
PL/700/EXP/ES/2015,2454,,SERVICIO ROMALSA SA DE CV,,Calvillo,Aguascalientes,Occidente,21.84296,-102.7334
PL/701/EXP/ES/2015,2476,,SERVICIO VILLAS DEL PILAR SA DE CV,,Aguascalientes,Aguascalientes,Occidente,21.84497,-102.3077
PL/7016/EXP/ES/2015,8543,,SERVICIO LAMAS SA DE CV,,Huejuquilla el Alto,Jalisco,Occidente,22.62189,-103.9022
PL/7019/EXP/ES/2015,8243,,SERVICIO SIGLO XXI S DE RL DE CV,,Zamora,Michoacán,Occidente,19.99703,-102.2839
PL/7020/EXP/ES/2015,7970,,SERVICIO SIGLO XXI S DE RL DE CV,,Morelia,Michoacán,Occidente,19.71064,-101.1672
PL/7021/EXP/ES/2015,8186,,SERVICIO SIGLO XXI S DE RL DE CV,,León,Guanajuato,Occidente,21.15643,-101.6681
PL/7022/EXP/ES/2015,8133,,SERVICIO SIGLO XXI S DE RL DE CV,,León,Guanajuato,Occidente,21.17103,-101.6802
PL/7023/EXP/ES/2015,8397,,SERVICIO SIGLO XXI S DE RL DE CV,,Zapopan,Jalisco,Occidente,20.73396,-103.5778
PL/7024/EXP/ES/2015,8055,,SERVICIO SIGLO XXI S DE RL DE CV,,San Miguel el Alto,Jalisco,Occidente,21.03086,-102.3984
PL/7025/EXP/ES/2015,8247,,SERVICIO SIGLO XXI S DE RL DE CV,,San Miguel el Alto,Jalisco,Occidente,21.01454,-102.3233
PL/7026/EXP/ES/2015,7590,,SERVICIO SIGLO XXI S DE RL DE CV,,Jalostotitlán,Jalisco,Occidente,21.18514,-102.4621
PL/7033/EXP/ES/2015,8548,,DOROTEO DIAZ DIAZ,,Huejúcar,Jalisco,Occidente,22.32818,-103.3197
PL/7053/EXP/ES/2015,8294,,GASOLINERIA LOS 19 HERMANOS SA DE CV,,Tototlán,Jalisco,Occidente,20.56136,-102.7426
PL/7059/EXP/ES/2015,7841,,EZEQUIEL BUENROSTRO PADILLA,,Villamar,Michoacán,Occidente,20.01807,-102.5945
PL/7063/EXP/ES/2015,8295,,VILLASEÑOR BARAJAS SA DE CV,,San Martín Hidalgo,Jalisco,Occidente,20.57804,-103.8534
PL/7076/EXP/ES/2015,8065,,SERVICIO SIERRA ESMERALDA SA DE CV,,Mascota,Jalisco,Occidente,20.53337,-104.7988
PL/7089/EXP/ES/2015,8278,,SERVICIO EL COBANO SA DE CV,,Cuauhtémoc,Colima,Occidente,19.3018,-103.6297
PL/7090/EXP/ES/2015,8359,,SUPERSERVICIO EL TECOLOTE SA DE CV,,Colima,Colima,Occidente,19.22018,-103.7225
PL/7097/EXP/ES/2015,7764,,GASOLINERA VICAM SA DE CV,,Tepatitlán de Morelos,Jalisco,Occidente,20.77925,-102.7598
PL/7120/EXP/ES/2015,8483,,SERVICIO EL REFUGIO DE LAGOS SA DE CV,,Lagos de Moreno,Jalisco,Occidente,21.34698,-101.9397
PL/7131/EXP/ES/2015,8042,,SERVICIO RAMIREZ ZENTENO SA DE CV,,Irapuato,Guanajuato,Occidente,20.67048,-101.3567
PL/7137/EXP/ES/2015,7844,,GASOLINEROS MEXICANOS SA DE CV,,Zapopan,Jalisco,Occidente,20.72789,-103.3419
PL/714/EXP/ES/2015,2421,,COMBU-EXPRESS SA DE CV,,Manzanillo,Colima,Occidente,19.09598,-104.3036
PL/7141/EXP/ES/2015,7588,,SERVICIO INDEPENDENCIA SA DE CV,,Aguascalientes,Aguascalientes,Occidente,21.86039,-102.2687
PL/7145/EXP/ES/2015,8314,,SERVICIO INDEPENDENCIA SA DE CV,,Jesús María,Aguascalientes,Occidente,21.95503,-102.3376
PL/7146/EXP/ES/2015,7531,,SERVICIO RAMIREZ VILLALOBOS SA DE CV,,Encarnación de Díaz,Jalisco,Occidente,21.41976,-102.2553
PL/7148/EXP/ES/2015,7884,,"SERVICIOS HERMANOS VACO, S.A. DE C.V.",,Tlajomulco de Zúñiga,Jalisco,Occidente,20.54158,-103.4676
PL/7151/EXP/ES/2015,8455,,SERVICIO INDEPENDENCIA SA DE CV,,Aguascalientes,Aguascalientes,Occidente,21.94109,-102.2784
PL/7152/EXP/ES/2015,8146,,SERVICIO SOTO ESQUEDA SA DE CV,,Villa Hidalgo,Jalisco,Occidente,21.67949,-102.5889
PL/7155/EXP/ES/2015,7737,,SERVICIOS MARKOIL SA DE CV,,Tonalá,Jalisco,Occidente,20.66901,-103.2354
PL/7156/EXP/ES/2015,7923,,"GASOLINERA LA PURISIMA, S.A. DE C.V.",,Taretan,Michoacán,Occidente,19.30266,-101.881
PL/7164/EXP/ES/2015,7792,,SERVICIO GASOLINERA CEREZO SA DE CV,,Ario,Michoacán,Occidente,19.20376,-101.7197
PL/7167/EXP/ES/2015,7721,,SUPER SERVICIO SAN MIGUELITO SA DE CV,,Irapuato,Guanajuato,Occidente,20.66904,-101.3753
PL/7170/EXP/ES/2015,8356,,SUPER SERVICIO SANSON SA DE CV,,Irapuato,Guanajuato,Occidente,20.71483,-101.3502
PL/7173/EXP/ES/2015,7933,,SERVICIO CASTRO DEL RIO SA DE CV,,Irapuato,Guanajuato,Occidente,20.78989,-101.3275
PL/7177/EXP/ES/2015,8263,,SERVICIO JILOTLAN SA DE CV,,Jilotlán de los Dolores,Jalisco,Occidente,19.3665,-103.0202
PL/7190/EXP/ES/2015,7982,,MA. DE LOS DOLORES PALACIOS MACIAS,,Loreto,Zacatecas,Occidente,22.27148,-101.9693
PL/7199/EXP/ES/2015,8209,,SERVICIOS MANA SA DE CV,,Colotlán,Jalisco,Occidente,22.11526,-103.2571
PL/720/EXP/ES/2015,2533,,LARSOL COMBUSTIBLES SA DE CV,,Rincón de Romos,Aguascalientes,Occidente,22.17901,-102.296
PL/7202/EXP/ES/2015,8260,,SERVICIOS LOS SAUCES SA DE CV,,Colima,Colima,Occidente,19.21306,-103.7402
PL/7207/EXP/ES/2015,8041,,SERVICIO TONILA SA DE CV,,Tonila,Jalisco,Occidente,19.40573,-103.5414
PL/7211/EXP/ES/2015,7831,,GASOLINEROS MEXICANOS SA DE CV,,Zapopan,Jalisco,Occidente,20.72952,-103.3527
PL/7212/EXP/ES/2015,8287,,SERVICIO IXTLAHUACAN SA DE CV,,Ixtlahuacán,Colima,Occidente,18.99839,-103.7342
PL/7221/EXP/ES/2015,7762,,COMBUSTIBLES MARVIC SA DE CV,,Tlaquepaque,Jalisco,Occidente,20.59561,-103.3127
PL/7231/EXP/ES/2015,8104,,MARIA DEL CARMEN MARTINEZ HERNANDEZ,,Villa de Cos,Zacatecas,Occidente,23.17234,-102.4599
PL/7237/EXP/ES/2015,7744,,ARMANDO GAETA LOERA,,Colotlán,Jalisco,Occidente,22.10917,-103.2643
PL/7238/EXP/ES/2015,8255,,ARMANDO GAETA LOERA,,Santa María de los Ángeles,Jalisco,Occidente,22.16526,-103.2282
PL/724/EXP/ES/2015,2084,,SERVICIO AVENIDA SA DE CV,,Aguascalientes,Aguascalientes,Occidente,21.89668,-102.3053
PL/7246/EXP/ES/2015,8233,,AUTO SERVICIO MIR SOT SA DE CV,,Maravatío,Michoacán,Occidente,19.90118,-100.4522
PL/7257/EXP/ES/2015,7760,,AUTO SERVICIO MIR SOT SA DE CV,,Maravatío,Michoacán,Occidente,19.90873,-100.4544
PL/7258/EXP/ES/2015,7816,,VILMON SA DE CV,,Irapuato,Guanajuato,Occidente,20.66244,-101.3489
PL/7259/EXP/ES/2015,8123,,JOSE LUIS ALVAREZ GONZALEZ,,Tepatitlán de Morelos,Jalisco,Occidente,20.81608,-102.7764
PL/727/EXP/ES/2015,2156,,SERVICIOS ENERGETICOS DEL PACIFICO SA DE CV,,Manzanillo,Colima,Occidente,19.11446,-104.3236
PL/728/EXP/ES/2015,2412,,GENERAL DE COMBUSTIBLES COLIMA SA DE CV,,Manzanillo,Colima,Occidente,19.12105,-104.3395
PL/7290/EXP/ES/2015,7746,,BLANCA ARACELI REYES ZARZOSA,,General Pánfilo Natera,Zacatecas,Occidente,22.68073,-102.1081
PL/7300/EXP/ES/2015,7799,,JOSE DE JESUS RUESGA HERNANDEZ,,Juchitlán,Jalisco,Occidente,20.08601,-104.0982
PL/731/EXP/ES/2015,2470,,SERVICIO MARTIN SA DE CV,,Aguascalientes,Aguascalientes,Occidente,21.88947,-102.2888
PL/7363/EXP/ES/2015,9066,,SIMBA EXPRESS SA DE CV,,Guadalajara,Jalisco,Occidente,20.6839,-103.3376
PL/7369/EXP/ES/2015,8790,,SERVICIO GASOLINERO DEL ANGEL SA DE CV,,Turicato,Michoacán,Occidente,19.05565,-101.4196
PL/738/EXP/ES/2015,2532,,SERVICIO SAN FRANCISCO DE LOS ROMO DE AGUASCALIENTES SA DE CV,,San Francisco de los Romo,Aguascalientes,Occidente,22.07574,-102.2729
PL/7389/EXP/ES/2015,9214,,GRUPO MOLMER SA DE CV,,Fresnillo,Zacatecas,Occidente,23.17373,-102.9201
PL/7391/EXP/ES/2015,9228,,SALVADOR GUZMAN LUNA,,Trinidad García de la Cadena,Zacatecas,Occidente,21.2102,-103.4593
PL/7392/EXP/ES/2015,8976,,MULTISERVICIOS SAN JOSE SA DE CV,,Silao,Guanajuato,Occidente,20.91935,-101.3924
PL/7393/EXP/ES/2015,8809,,GASOLINERA LARIOS SA DE CV,,Santa María de la Paz,Zacatecas,Occidente,21.52142,-103.4054
PL/7402/EXP/ES/2015,8909,,SERVICIOS GASOLINEROS DE MEXICO SA DE CV,,Aguascalientes,Aguascalientes,Occidente,21.86795,-102.2945
PL/7406/EXP/ES/2015,9234,,SERVICIOS GASOLINEROS DE MEXICO SA DE CV,,Silao,Guanajuato,Occidente,20.95161,-101.4352
PL/7407/EXP/ES/2015,8915,,RAFAEL VERA VELASQUEZ,,Tototlán,Jalisco,Occidente,20.54535,-102.793
PL/7410/EXP/ES/2015,9007,,SERVICIOS GASOLINEROS DE MEXICO SA DE CV,,Guanajuato,Guanajuato,Occidente,20.84233,-101.315
PL/7415/EXP/ES/2015,8573,,SERVICIOS GASOLINEROS DE MEXICO SA DE CV,,León,Guanajuato,Occidente,21.12181,-101.7222
PL/742/EXP/ES/2015,2563,,SERVICIO LA PANADERA SA DE CV,,Calvillo,Aguascalientes,Occidente,21.86312,-102.6932
PL/7420/EXP/ES/2015,8709,,AUTO SERVICIO MIR SOT SA DE CV,,Maravatío,Michoacán,Occidente,19.88105,-100.4508
PL/7421/EXP/ES/2015,8808,,SERVICIOS GASOLINEROS DE MEXICO SA DE CV,,León,Guanajuato,Occidente,21.11246,-101.6246
PL/7427/EXP/ES/2015,8991,,AUTO SERVICIO MIR SOT SA DE CV,,Hidalgo,Michoacán,Occidente,19.68364,-100.5444
PL/7428/EXP/ES/2015,9041,,ENERGETICOS TEPAK SA DE CV,,San Ignacio Cerro Gordo,Jalisco,Occidente,20.75203,-102.5403
PL/7430/EXP/ES/2015,9006,,SERVICIOS GASOLINEROS DE MEXICO SA DE CV,,León,Guanajuato,Occidente,21.13888,-101.7249
PL/7433/EXP/ES/2015,8800,,SERVICIOS GASOLINEROS DE MEXICO SA DE CV,,Silao,Guanajuato,Occidente,20.95429,-101.425
PL/7437/EXP/ES/2015,8722,,SERVICIOS GASOLINEROS DE MEXICO SA DE CV,,León,Guanajuato,Occidente,21.14808,-101.6556
PL/7439/EXP/ES/2015,8626,,SERVICIOS GASOLINEROS DE MEXICO SA DE CV,,León,Guanajuato,Occidente,21.14151,-101.6604
PL/744/EXP/ES/2015,2525,,SERVICIOS VILLALOBOS SA,,Aguascalientes,Aguascalientes,Occidente,21.8348,-102.2898
PL/7445/EXP/ES/2015,9235,,SERVICIOS GASOLINEROS DE MEXICO SA DE CV,,León,Guanajuato,Occidente,21.16758,-101.6932
PL/7453/EXP/ES/2015,9193,,SERVICIOS GASOLINEROS DE MEXICO SA DE CV,,Salamanca,Guanajuato,Occidente,20.59482,-101.235
PL/7454/EXP/ES/2015,9044,,ESTACION DE SERVICIO ALBA SA DE CV,,Tecolotlán,Jalisco,Occidente,20.1905,-104.0387
PL/7455/EXP/ES/2015,9166,,SERVICIOS GASOLINEROS DE MEXICO SA DE CV,,León,Guanajuato,Occidente,21.12754,-101.6446
PL/7457/EXP/ES/2015,9010,,ESTACION DE SERVICIO ALBA SA DE CV,,Tecolotlán,Jalisco,Occidente,20.19573,-104.0286
PL/7462/EXP/ES/2015,8766,,SERVICIOS GASOLINEROS DE MEXICO SA DE CV,,Silao,Guanajuato,Occidente,20.94395,-101.4194
PL/7464/EXP/ES/2015,8699,,SERVICIOS GASOLINEROS DE MEXICO SA DE CV,,Tlajomulco de Zúñiga,Jalisco,Occidente,20.46504,-103.2573
PL/7465/EXP/ES/2015,9031,,SERVICIOS GASOLINEROS DE MEXICO SA DE CV,,El Salto,Jalisco,Occidente,20.51155,-103.1928
PL/7466/EXP/ES/2015,8964,,SERVICIOS GASOLINEROS DE MEXICO SA DE CV,,Coahuayana,Michoacán,Occidente,18.67496,-103.6809
PL/7467/EXP/ES/2015,9036,,SERVICIOS GASOLINEROS DE MEXICO SA DE CV,,Jesús María,Aguascalientes,Occidente,21.98469,-102.3356
PL/7473/EXP/ES/2015,9064,,SERVICIOS GASOLINEROS DE MEXICO SA DE CV,,Tlajomulco de Zúñiga,Jalisco,Occidente,20.50662,-103.2824
PL/7475/EXP/ES/2015,9189,,SERVICIOS GASOLINEROS DE MEXICO SA DE CV,,Guadalajara,Jalisco,Occidente,20.71669,-103.3456
PL/7476/EXP/ES/2015,8636,,SERVICIOS GASOLINEROS DE MEXICO SA DE CV,,Romita,Guanajuato,Occidente,20.87212,-101.5271
PL/7479/EXP/ES/2015,8780,,SERVICIOS GASOLINEROS DE MEXICO SA DE CV,,Guadalajara,Jalisco,Occidente,20.64464,-103.3522
PL/7482/EXP/ES/2015,8629,,SERVICIOS GASOLINEROS DE MEXICO SA DE CV,,León,Guanajuato,Occidente,21.09896,-101.6694
PL/750/EXP/ES/2015,2504,,SERVICIO MARTIN SA DE CV,,Aguascalientes,Aguascalientes,Occidente,21.86697,-102.2441
PL/7509/EXP/ES/2015,8951,,ESTACION BANDERA SA DE CV,,Pabellón de Arteaga,Aguascalientes,Occidente,22.14729,-102.2804
PL/7514/EXP/ES/2015,8656,,GASOJAL SA DE CV,,Guadalajara,Jalisco,Occidente,20.68852,-103.3733
PL/7520/EXP/ES/2015,9135,,SERVICIOS GASOLINEROS DE MEXICO SA DE CV,,Briseñas,Michoacán,Occidente,20.26009,-102.5528
PL/7523/EXP/ES/2015,8566,,GASOLINERIA SERVICIO ZAPOPAN SA DE CV,,Zapopan,Jalisco,Occidente,20.71969,-103.3877
PL/753/EXP/ES/2015,2297,,ENERGETICOS CERRO DE ORTEGA SA DE CV,,,Colima,Occidente,18.76095,-103.729
PL/7532/EXP/ES/2015,9122,,ESTACION DE SERVICIO ERANDENI SA DE CV,,Tarímbaro,Michoacán,Occidente,19.75233,-101.1783
PL/755/EXP/ES/2015,2179,,GAS SANFER S DE RL DE CV,,Colima,Colima,Occidente,19.24986,-103.719
PL/7553/EXP/ES/2015,9008,,SOLUCIONES EN GASOLINERIAS SA DE CV,,Tlajomulco de Zúñiga,Jalisco,Occidente,20.52176,-103.4226
PL/7554/EXP/ES/2015,8627,,SERVICIOS GASOLINEROS DE MEXICO SA DE CV,,León,Guanajuato,Occidente,21.18147,-101.664
PL/7556/EXP/ES/2015,8614,,SERVICIOS GASOLINEROS DE MEXICO SA DE CV,,Aguascalientes,Aguascalientes,Occidente,21.83461,-102.2938
PL/7559/EXP/ES/2015,9286,,SERVICIOS GASOLINEROS DE MEXICO SA DE CV,,León,Guanajuato,Occidente,21.17399,-101.6614
PL/7562/EXP/ES/2015,9249,,ESTACION DE SERVICIOS PIEDRA PARADA SA DE CV,,Parácuaro,Michoacán,Occidente,18.99859,-102.2056
PL/7564/EXP/ES/2015,8824,,GASOLINERA GUACAMAR SA DE CV,,Lázaro Cárdenas,Michoacán,Occidente,18.01096,-102.2169
PL/7566/EXP/ES/2015,8655,,SERVICIOS GASOLINEROS DE MEXICO SA DE CV,,León,Guanajuato,Occidente,21.10308,-101.6893
PL/7568/EXP/ES/2015,8590,,SERVICIOS GASOLINEROS DE MEXICO SA DE CV,,Silao,Guanajuato,Occidente,20.95817,-101.4251
PL/7569/EXP/ES/2015,9034,,CENTRAL DE CARGA DE COMBUSTIBLES 22 DE OCTUBRE SA DE CV,,Apatzingán,Michoacán,Occidente,19.08807,-102.3623
PL/757/EXP/ES/2015,2193,,DALROM SA DE CV,,Aguascalientes,Aguascalientes,Occidente,21.87411,-102.2435
PL/7571/EXP/ES/2015,9290,,SERVICIOS GASOLINEROS DE MEXICO SA DE CV,,León,Guanajuato,Occidente,21.09238,-101.6177
PL/7574/EXP/ES/2015,8559,,SERVICIOS GASOLINEROS DE MEXICO SA DE CV,,León,Guanajuato,Occidente,21.12052,-101.6698
PL/7577/EXP/ES/2015,8917,,LUIS GUILLERMO BAUTISTA MARTINEZ,,Ameca,Jalisco,Occidente,20.54102,-104.0432
PL/758/EXP/ES/2015,2291,,GASOPRIM SA DE CV,,Colima,Colima,Occidente,19.2684,-103.7026
PL/7581/EXP/ES/2015,9156,,LUIS GUILLERMO BAUTISTA MARTINEZ,,Ameca,Jalisco,Occidente,20.53399,-104.0073
PL/7585/EXP/ES/2015,8689,,SERVICIOS GASOLINEROS DE MEXICO SA DE CV,,León,Guanajuato,Occidente,21.11025,-101.602
PL/7586/EXP/ES/2015,9265,,FRENTE SERVICIO SA DE CV,,Uruapan,Michoacán,Occidente,19.41995,-102.0017
PL/7587/EXP/ES/2015,9071,,SERVICIOS GASOLINEROS DE MEXICO SA DE CV,,León,Guanajuato,Occidente,21.09664,-101.6339
PL/759/EXP/ES/2015,2474,,DALCON SA DE CV,,Aguascalientes,Aguascalientes,Occidente,21.85173,-102.2698
PL/7592/EXP/ES/2015,8568,,SERVICIOS GASOLINEROS DE MEXICO SA DE CV,,León,Guanajuato,Occidente,21.16307,-101.6478
PL/7593/EXP/ES/2015,8828,,SERVICIOS GASOLINEROS DE MEXICO SA DE CV,,Irapuato,Guanajuato,Occidente,20.65726,-101.341
PL/7599/EXP/ES/2015,9270,,SERVICIOS GASOLINEROS DE MEXICO SA DE CV,,León,Guanajuato,Occidente,21.16133,-101.6925
PL/7601/EXP/ES/2015,8899,,GASOLINERIA CORONA SA DE CV,,Ixtlahuacán de los Membrillos,Jalisco,Occidente,20.40332,-103.1741
PL/7602/EXP/ES/2015,9145,,SERVICIOS GASOLINEROS DE MEXICO SA DE CV,,León,Guanajuato,Occidente,21.10086,-101.6728
PL/7606/EXP/ES/2015,8694,,SERVICIO TALPA SA DE CV,,Talpa de Allende,Jalisco,Occidente,20.39007,-104.822
PL/7609/EXP/ES/2015,8663,,ESTACION DE SERVICIO LOS 3 ENCINOS SA DE CV,,Acatic,Jalisco,Occidente,20.70789,-102.9564
PL/7611/EXP/ES/2015,9199,,AUTOEXPRESS EL CRUCERO SANTA MARIA SA DE CV,,San Martín Hidalgo,Jalisco,Occidente,20.38051,-103.8498
PL/7613/EXP/ES/2015,9146,,SERVICIO LA PAZ SA DE CV,,Guadalajara,Jalisco,Occidente,20.64762,-103.3061
PL/7614/EXP/ES/2015,8640,,HIDROCARBUROS  DE TONALA SA DE CV,,Tonalá,Jalisco,Occidente,20.61923,-103.2525
PL/7616/EXP/ES/2015,8974,,HIDROCARBUROS DEL BAJIO SA DE CV,,Salamanca,Guanajuato,Occidente,20.57422,-101.2117
PL/7617/EXP/ES/2015,8785,,GASOEXPRESS EL VERDE SA DE CV,,Guadalajara,Jalisco,Occidente,20.65208,-103.2884
PL/7619/EXP/ES/2015,9012,,COMBUSTIBLES AVIACION SA DE CV,,Zapopan,Jalisco,Occidente,20.71948,-103.4554
PL/7621/EXP/ES/2015,8805,,SUPER SERVICIOS DE COMBUSTIBLE HUACUZ SA DE CV,,Morelia,Michoacán,Occidente,19.55779,-101.3327
PL/7622/EXP/ES/2015,9105,,M. DOLORES GARCIA MORENO,,Atotonilco el Alto,Jalisco,Occidente,20.5476,-102.5116
PL/7628/EXP/ES/2015,8592,,AUTOEXPRESS EL CRUCERO SANTA MARIA SA DE CV,,Villa Corona,Jalisco,Occidente,20.41553,-103.6684
PL/7629/EXP/ES/2015,8850,,ENERGIA CLAUDIA SA DE CV,,Puerto Vallarta,Jalisco,Occidente,20.68998,-105.2516
PL/7630/EXP/ES/2015,8687,,SERVICIOS PLATINO 2000 SA DE CV,,San Juan de los Lagos,Jalisco,Occidente,21.28876,-102.2712
PL/7631/EXP/ES/2015,8942,,SERVICIO ZZVV SA DE CV,,Tapalpa,Jalisco,Occidente,19.95981,-103.7133
PL/7635/EXP/ES/2015,9028,,GRUPO GASOLINERO ALVAREZ SA DE CV,,Tepatitlán de Morelos,Jalisco,Occidente,20.8044,-102.7455
PL/7636/EXP/ES/2015,8923,,GRUPO GASOLINERO DE SAHUAYO SA DE CV,,Sahuayo,Michoacán,Occidente,20.06755,-102.7162
PL/766/EXP/ES/2015,2133,,MARA ESTACION DE SERVICIOS SA DE CV,,Aguascalientes,Aguascalientes,Occidente,21.89202,-102.2631
PL/7669/EXP/ES/2015,8890,,SERVICIOS Y COMERCIALIZADORA NACIONAL SA DE CV,,Aguascalientes,Aguascalientes,Occidente,21.91145,-102.2919
PL/7681/EXP/ES/2015,9195,,SERVICIO CARNICERITO S DE RL DE CV,,Tepatitlán de Morelos,Jalisco,Occidente,20.81281,-102.7523
PL/7682/EXP/ES/2015,8686,,SERVICIO CARNICERITO S DE RL DE CV,,Tepatitlán de Morelos,Jalisco,Occidente,20.80494,-102.7814
PL/7685/EXP/ES/2015,8882,,COMERCIALIZADORA DE COMBUSTIBLES DE LOS ALTOS SA DE CV,,Lagos de Moreno,Jalisco,Occidente,21.30869,-101.9282
PL/7686/EXP/ES/2015,8977,,COMERCIALIZADORA DE COMBUSTIBLES DE LOS ALTOS SA DE CV,,Lagos de Moreno,Jalisco,Occidente,21.33036,-101.9926
PL/770/EXP/ES/2015,2136,,SERVICIO PUERTA DE HIERRO SA DE CV,,Colima,Colima,Occidente,19.25796,-103.7087
PL/7709/EXP/ES/2015,8961,,HIDROCARBUROS SAN ANTONIO SA DE CV,,Ixtlahuacán del Río,Jalisco,Occidente,20.81752,-103.1486
PL/7721/EXP/ES/2015,9004,,SERVICIOS GASOLINEROS DE MEXICO SA DE CV,,Zapopan,Jalisco,Occidente,20.6284,-103.4099
PL/7729/EXP/ES/2015,9267,,SERVICIO YURIRIA SA DE CV,,Yuriria,Guanajuato,Occidente,20.21599,-101.0819
PL/7730/EXP/ES/2015,8792,,SERVICIO SAN JOSE DEL ALTO SA DE CV,,León,Guanajuato,Occidente,21.15032,-101.6849
PL/7736/EXP/ES/2015,8765,,ESTACION TRIGON SA DE CV,,Venustiano Carranza,Michoacán,Occidente,20.15895,-102.6171
PL/774/EXP/ES/2015,2123,,SERVICIO DEL CENTRO HIDALGO SA DE CV,,Silao,Guanajuato,Occidente,20.94723,-101.4349
PL/7758/EXP/ES/2015,9201,,MARIA LUISA NUÑEZ GONZALEZ,,Parácuaro,Michoacán,Occidente,19.14062,-102.2135
PL/7771/EXP/ES/2015,9165,,GASOLINERIA SAN LUCAS SA DE CV,,San Lucas,Michoacán,Occidente,18.57749,-100.7845
PL/7772/EXP/ES/2015,9132,,GASOLINERIA SAN LUCAS SA DE CV,,Huetamo,Michoacán,Occidente,18.54207,-101.3042
PL/7773/EXP/ES/2015,8998,,GASOLINERA MARTIN SA DE CV,,Zapopan,Jalisco,Occidente,20.60642,-103.433
PL/7775/EXP/ES/2015,8676,,ENERGIA URBANA SA DE CV,,Tonalá,Jalisco,Occidente,20.62647,-103.2513
PL/7778/EXP/ES/2015,8967,,AUTO SERVICIO ARIO DE RAYON SA DE CV,,Zamora,Michoacán,Occidente,20.00558,-102.3182
PL/7780/EXP/ES/2015,9049,,SERVICIO DEL CENTRO TOCUMBO SA DE CV,,Tocumbo,Michoacán,Occidente,19.70372,-102.5164
PL/7786/EXP/ES/2015,8632,,JORGE FLORES MEDINA,,Guadalupe,Zacatecas,Occidente,22.75118,-102.4933
PL/7788/EXP/ES/2015,8948,,AUTOSERVICIO NAROCA SA DE CV,,Venustiano Carranza,Michoacán,Occidente,20.1062,-102.6695
PL/7790/EXP/ES/2015,9266,,SERVICIO COLOTLAN EXPRESS SA DE CV,,Zapopan,Jalisco,Occidente,20.8057,-103.4558
PL/7792/EXP/ES/2015,8866,,CORPMEZ GASOSERVICIO SA DE CV,,León,Guanajuato,Occidente,21.09694,-101.778
PL/7796/EXP/ES/2015,9035,,SERVICIO ACATIC SA DE CV,,Acatic,Jalisco,Occidente,20.77048,-102.9104
PL/7807/EXP/ES/2015,8962,,SERVICIO ACATIC SA DE CV,,Tepatitlán de Morelos,Jalisco,Occidente,20.67358,-102.8478
PL/7898/EXP/ES/2015,8751,,SERVICIOS GASOLINEROS DE MEXICO SA DE CV,,Tonalá,Jalisco,Occidente,20.6317,-103.2504
PL/7924/EXP/ES/2015,8871,,EDUARDO HUACUZ CABALLERO,,Morelia,Michoacán,Occidente,19.54862,-101.3425
PL/7928/EXP/ES/2015,8856,,MULTISERVICIOS MARIANO ABASOLO SA DE CV,,Abasolo,Guanajuato,Occidente,20.46022,-101.5123
PL/7932/EXP/ES/2015,9260,,ALEJANDRO ESTRADA ESTRADA,,Tlaltenango de Sánchez Román,Zacatecas,Occidente,21.78751,-103.3003
PL/7933/EXP/ES/2015,8878,,ALEJANDRO ESTRADA ESTRADA,,Juchipila,Zacatecas,Occidente,21.38674,-103.1218
PL/7934/EXP/ES/2015,8811,,ALEJANDRO ESTRADA ESTRADA,,Tlaltenango de Sánchez Román,Zacatecas,Occidente,21.76392,-103.3114
PL/7935/EXP/ES/2015,8875,,ALEJANDRO ESTRADA ESTRADA,,Tlaltenango de Sánchez Román,Zacatecas,Occidente,21.77681,-103.2955
PL/7936/EXP/ES/2015,9185,,ARMIDA ROJAS SERRANO,,Atolinga,Zacatecas,Occidente,21.80988,-103.4601
PL/7952/EXP/ES/2015,9079,,SM GAS PLUS SA DE CV,,Guadalajara,Jalisco,Occidente,20.67702,-103.371
PL/7953/EXP/ES/2015,8896,,OROFULL SA DE CV,,Casimiro Castillo,Jalisco,Occidente,19.62054,-104.4532
PL/7975/EXP/ES/2015,8806,,SERVICIO VICTORIA DE LA SIERRA GORDA SA DE CV,,Victoria,Guanajuato,Occidente,21.21721,-100.2307
PL/7985/EXP/ES/2015,8770,,ESTACION DE SERVICIO SD ESPITIA SA DE CV,,Valle de Santiago,Guanajuato,Occidente,20.3713,-101.3161
PL/7992/EXP/ES/2015,9048,,GASOLINERA SERVICIO FRANCO S DE RL DE CV,,Dolores Hidalgo Cuna de la Independencia Nacional,Guanajuato,Occidente,21.15648,-100.9223
PL/7994/EXP/ES/2015,8933,,SERVICIO NOVOA BLANCARTE SA DE CV,,Venustiano Carranza,Michoacán,Occidente,20.1102,-102.6611
PL/7999/EXP/ES/2015,8598,,NAVALBELLO SA DE CV,,Fresnillo,Zacatecas,Occidente,23.17405,-102.9222
PL/800/EXP/ES/2015,2422,,GRUPO 65 SA DE CV,,Villa de Álvarez,Colima,Occidente,19.27286,-103.7395
PL/8000/EXP/ES/2015,8748,,ESTACION MONTORO SA DE CV,,Aguascalientes,Aguascalientes,Occidente,21.73006,-102.2777
PL/8001/EXP/ES/2015,8680,,MULTISERVICIOS EL TORNERO SA DE CV,,Acámbaro,Guanajuato,Occidente,20.01132,-100.7281
PL/8003/EXP/ES/2015,8836,,MULTISERVICIOS EL TORNERO SA DE CV,,Acámbaro,Guanajuato,Occidente,20.07674,-100.659
PL/8007/EXP/ES/2015,8843,,MARIA DEL CARMEN DODDOLI VILLASEÑOR,,Uruapan,Michoacán,Occidente,19.39058,-102.0704
PL/8013/EXP/ES/2015,9245,,UNIDAD DE GASOLINERAS SA DE CV,,Aguascalientes,Aguascalientes,Occidente,21.86623,-102.3008
PL/8014/EXP/ES/2015,8654,,SERVICIO EL TIGRE SA DE CV,,Yuriria,Guanajuato,Occidente,20.23438,-101.2632
PL/8025/EXP/ES/2015,9236,,SEGURA & LEON HERNANDEZ SA DE CV,,Manuel Doblado,Guanajuato,Occidente,20.72315,-101.944
PL/8032/EXP/ES/2015,8891,,DELFINA ORTIZ REGALADO,,Tlajomulco de Zúñiga,Jalisco,Occidente,20.54698,-103.3517
PL/8033/EXP/ES/2015,9045,,GRUPO ESPECIALIZADO CASTELLANOS SA DE CV,,Jiquilpan,Michoacán,Occidente,20.02536,-102.7171
PL/8041/EXP/ES/2015,8762,,SERVICIO MARTIRES DEL TESORO S DE RL DE CV,,Tlaquepaque,Jalisco,Occidente,20.61976,-103.4073
PL/8042/EXP/ES/2015,8630,,SERVICIO ORANDINO S DE RL DE CV,,Jacona,Michoacán,Occidente,19.95408,-102.3133
PL/8043/EXP/ES/2015,8863,,ESTACION DE SERVICIO LA PRINCESA SA DE CV,,Huetamo,Michoacán,Occidente,18.54742,-100.9666
PL/8048/EXP/ES/2015,8803,,SERVICIOS GASOLINEROS DE MEXICO SA DE CV,,Concepción del Oro,Zacatecas,Occidente,24.61452,-101.3739
PL/8061/EXP/ES/2015,9203,,SERVIEXPRESS COLINAS SA DE CV,,Silao,Guanajuato,Occidente,20.96732,-101.4215
PL/8062/EXP/ES/2015,8893,,MULTISERVICIO SAN RAMON SA DE CV,,Guadalupe,Zacatecas,Occidente,22.7323,-102.5155
PL/8067/EXP/ES/2015,9154,,SERVIEXPRESS SANTA ANITA SA DE CV,,Irapuato,Guanajuato,Occidente,20.63079,-101.3898
PL/8072/EXP/ES/2015,8734,,PETRO SERVICIO PILOTOS SA DE CV,,Asientos,Aguascalientes,Occidente,22.04339,-101.9608
PL/8075/EXP/ES/2015,9160,,GASOLINERA MONTAÑA SUR S DE RL DE CV,,Morelia,Michoacán,Occidente,19.66428,-101.1624
PL/8096/EXP/ES/2015,9204,,PARADOR SAN GILBERTO SA DE CV,,Silao,Guanajuato,Occidente,20.8915,-101.4904
PL/8097/EXP/ES/2015,9257,,SERVIEXPRESS AEROPUERTO SA DE CV,,Silao,Guanajuato,Occidente,20.97812,-101.4743
PL/8134/EXP/ES/2015,11333,,GRUPO PROLGAS SA DE CV,,Zapopan,Jalisco,Occidente,20.63011,-103.4353
PL/8138/EXP/ES/2015,11335,,SUPER SERVICIO JIQUILPAN SA DE CV,,Jiquilpan,Michoacán,Occidente,20.00074,-102.7176
PL/8142/EXP/ES/2015,11329,,SERVICIO PANORAMICA SA DE CV,,Guanajuato,Guanajuato,Occidente,21.03161,-101.2577
PL/8146/EXP/ES/2015,9489,,J JESUS VAZQUEZ,,San Luis de la Paz,Guanajuato,Occidente,21.28842,-100.5094
PL/8148/EXP/ES/2015,9460,,AUTOSERVICIO GASHR SA DE CV,,Tonalá,Jalisco,Occidente,20.61612,-103.2318
PL/8157/EXP/ES/2015,9908,,SERVICIOS GASOLINEROS DE MEXICO SA DE CV,,León,Guanajuato,Occidente,21.10044,-101.6754
PL/8158/EXP/ES/2015,9896,,SERVICIOS GASOLINEROS DE MEXICO SA DE CV,,León,Guanajuato,Occidente,21.08868,-101.6227
PL/8159/EXP/ES/2015,9703,,GRUPO GASOLINERO AZTECA SA DE CV,,Venustiano Carranza,Michoacán,Occidente,20.13196,-102.6418
PL/8188/EXP/ES/2015,9507,,GASOLINERA LA PROVEEDORA SA DE CV,,Uriangato,Guanajuato,Occidente,20.11263,-101.1878
PL/8193/EXP/ES/2015,9590,,PETROMAX SA DE CV,,Tlaquepaque,Jalisco,Occidente,20.58796,-103.3846
PL/8226/EXP/ES/2015,9342,,RR&V ASOCIADOS SA DE CV,,Apaseo el Grande,Guanajuato,Occidente,20.55442,-100.6801
PL/8239/EXP/ES/2015,9548,,HIDROSINA PLUS S A P I DE CV,,León,Guanajuato,Occidente,21.14073,-101.6334
PL/8244/EXP/ES/2015,9300,,GASOLINERA EL CERRO CHATO SA DE CV,,El Salto,Jalisco,Occidente,20.50296,-103.2189
PL/825/EXP/ES/2015,2042,,COMBU-EXPRESS SA DE CV,,Guadalajara,Jalisco,Occidente,20.71413,-103.3042
PL/8251/EXP/ES/2015,9453,,SUPERSERVICIO TERECAR SA DE CV,,Aguascalientes,Aguascalientes,Occidente,21.84588,-102.2814
PL/8252/EXP/ES/2015,9801,,HIDROSINA PLUS S A P I DE CV,,Celaya,Guanajuato,Occidente,20.53148,-100.8362
PL/8253/EXP/ES/2015,9668,,HIDROSINA PLUS S A P I DE CV,,Salamanca,Guanajuato,Occidente,20.56279,-101.198
PL/8256/EXP/ES/2015,9330,,SUPERSERVICIO TERECAR SA DE CV,,Aguascalientes,Aguascalientes,Occidente,21.87259,-102.3274
PL/8257/EXP/ES/2015,9587,,PETRO FUELS TAMUIN SA DE CV,,Epitacio Huerta,Michoacán,Occidente,20.13303,-100.2938
PL/8261/EXP/ES/2015,9364,,TLAJOGAS SA DE CV,,Tlajomulco de Zúñiga,Jalisco,Occidente,20.4687,-103.4401
PL/8265/EXP/ES/2015,9681,,SUPER SERVICIO 5 MINAS SA DE CV,,Etzatlán,Jalisco,Occidente,20.77366,-104.0714
PL/8269/EXP/ES/2015,9486,,SUPER SERVICIO LOS CAÑAVERALES SA DE CV,,Tala,Jalisco,Occidente,20.66058,-103.7348
PL/8279/EXP/ES/2015,9448,,IMPULSORA DE SERVICIO Y TURISMO CALTZONTZIN SA DE CV,,Pátzcuaro,Michoacán,Occidente,19.54611,-101.5965
PL/828/EXP/ES/2015,2243,,GASOLINERA COLON SA DE CV,,Guadalajara,Jalisco,Occidente,20.65207,-103.3658
PL/829/EXP/ES/2015,2085,,ESTACION DE SERVICIO LEON S DE RL DE CV,,León,Guanajuato,Occidente,21.09879,-101.6677
PL/8290/EXP/ES/2015,9744,,SUPERSERVICIO TERECAR SA DE CV,,Aguascalientes,Aguascalientes,Occidente,21.8932,-102.2539
PL/8296/EXP/ES/2015,9306,,GASOLINERA LOS SAUCES DE LA COFRADIA SA DE CV,,Gómez Farías,Jalisco,Occidente,19.81225,-103.4898
PL/8322/EXP/ES/2015,9716,,GASOLINERAS MGM SA DE CV,,Churintzio,Michoacán,Occidente,20.14173,-102.0677
PL/8328/EXP/ES/2015,9848,,DISTRIBUIDORA DE COMBUSTIBLES DE ZACATECAS SA DE CV,,Río Grande,Zacatecas,Occidente,23.83521,-103.0526
PL/8332/EXP/ES/2015,9828,,SERVICIOS GASOLINEROS DE MEXICO SA DE CV,,Tlajomulco de Zúñiga,Jalisco,Occidente,20.51475,-103.411
PL/8335/EXP/ES/2015,9304,,SERVICIO LOMAS AGUASCALIENTES SA DE CV,,Zacatecas,Zacatecas,Occidente,22.75504,-102.5735
PL/8338/EXP/ES/2015,9495,,SILVINO IBARRA MORA,,Nuevo Urecho,Michoacán,Occidente,19.20064,-101.8835
PL/8341/EXP/ES/2015,9642,,GASOLINERA SERVICIO BRAVO SA DE CV,,Yurécuaro,Michoacán,Occidente,20.32857,-102.292
PL/8342/EXP/ES/2015,9633,,OTON ZAZUETA BELTRAN,,Zapopan,Jalisco,Occidente,20.65886,-103.4371
PL/8348/EXP/ES/2015,9679,,MANUEL ARTEAGA ALVAREZ,,Apaseo el Alto,Guanajuato,Occidente,20.46037,-100.6296
PL/8354/EXP/ES/2015,9551,,GASOLINERA FAZA SA DE CV,,General Francisco R. Murguía,Zacatecas,Occidente,24.00096,-103.0178
PL/8355/EXP/ES/2015,9456,,SUPER SERVICIO SALDAÑA SA DE CV,,Panindícuaro,Michoacán,Occidente,19.979,-101.7551
PL/8359/EXP/ES/2015,9690,,GASOLINERA SERVICIO YURECUARO SA DE CV,,Yurécuaro,Michoacán,Occidente,20.32858,-102.263
PL/8362/EXP/ES/2015,9627,,GASOLINERIA SAN FRANCISCO DE ASIS SA DE CV,,Atotonilco el Alto,Jalisco,Occidente,20.59612,-102.5516
PL/8372/EXP/ES/2015,9534,,SERVICIOS DE COMBUSTIBLES DE OCCIDENTE SA DE CV,,Aguascalientes,Aguascalientes,Occidente,21.91659,-102.3127
PL/8375/EXP/ES/2015,9377,,JUAN MANUEL DURON GONZALEZ,,Chalchihuites,Zacatecas,Occidente,23.3873,-103.8976
PL/8377/EXP/ES/2015,9789,,GASOSERVICIO MAZAMITLA SA DE CV,,Mazamitla,Jalisco,Occidente,19.93361,-103.0387
PL/8378/EXP/ES/2015,9885,,GASEGURO SA DE CV,,Tlajomulco de Zúñiga,Jalisco,Occidente,20.50948,-103.4005
PL/8380/EXP/ES/2015,9671,,SUPERSERVICIO MARIA SA DE CV,,Los Reyes,Michoacán,Occidente,19.57721,-102.4792
PL/8382/EXP/ES/2015,9659,,ALFONSO COBIAN RAMIREZ,,Puerto Vallarta,Jalisco,Occidente,20.82121,-105.094
PL/8383/EXP/ES/2015,9395,,JESUS ZAMORA MADRIGAL,,Tancítaro,Michoacán,Occidente,19.29734,-102.3131
PL/8385/EXP/ES/2015,9575,,MULTISERVICIOS HIDALGO SA DE CV,,Hidalgo,Michoacán,Occidente,19.68532,-100.5475
PL/8392/EXP/ES/2015,9307,,SERVICIO VUELTA DEL ZAPOTE SA DE CV,,Zapotiltic,Jalisco,Occidente,19.65316,-103.474
PL/8393/EXP/ES/2015,9427,,GRUPO ADYEHILA Y ASOCIADOS SA DE CV,,Tuxcueca,Jalisco,Occidente,20.20169,-103.3123
PL/8396/EXP/ES/2015,9417,,GASOLINERA APATZINGAN SA DE CV,,Apatzingán,Michoacán,Occidente,19.08415,-102.3604
PL/8397/EXP/ES/2015,9854,,SERVICIOS Y COMBUSTIBLES TEPEYAC SA DE CV,,Zapopan,Jalisco,Occidente,20.65898,-103.413
PL/8405/EXP/ES/2015,9517,,JOSE FRANCISCO PONCE PEREZ,,Puruándiro,Michoacán,Occidente,20.09661,-101.5189
PL/841/EXP/ES/2015,2117,,ESTACION DE SERVICIO LEON S DE RL DE CV,,León,Guanajuato,Occidente,21.12003,-101.6691
PL/8416/EXP/ES/2015,9322,,GRUPO FUNJARMEGS DE MICHOACAN SA DE CV,,Buenavista,Michoacán,Occidente,19.09774,-102.5737
PL/8418/EXP/ES/2015,9722,,SERVICIO CHUMATO SA DE CV,,Cojumatlán de Régules,Michoacán,Occidente,20.10842,-102.8313
PL/8434/EXP/ES/2015,9350,,KALUA TRUCK STOP SA DE CV,,Luis Moya,Zacatecas,Occidente,22.45439,-102.2568
PL/845/EXP/ES/2015,2106,,ESTACION DE SERVICIO AUTOMOTRIZ DEL NORTE SA DE CV,,Aguascalientes,Aguascalientes,Occidente,21.91625,-102.2924
PL/8479/EXP/ES/2015,9526,,GABINO BARRERA ESTRADA,,Churumuco,Michoacán,Occidente,18.66421,-101.6576
PL/8481/EXP/ES/2015,9739,,AUTOSERVICIOS AZTLAN SA DE CV,,Tonalá,Jalisco,Occidente,20.61693,-103.2719
PL/8486/EXP/ES/2015,9731,,AUTO EXPRESS CALZADA-PERIFERICO SA DE CV,,Guadalajara,Jalisco,Occidente,20.72043,-103.3178
PL/8487/EXP/ES/2015,9347,,M. DE LA LUZ CAMARENA PADILLA,,León,Guanajuato,Occidente,21.18456,-101.7453
PL/8497/EXP/ES/2015,9852,,FRANCISCO JAVIER AVILA LARA,,Salvatierra,Guanajuato,Occidente,20.21601,-100.8783
PL/8505/EXP/ES/2015,9670,,ESTACION PETRO3 SA DE CV,,Tepatitlán de Morelos,Jalisco,Occidente,20.9428,-102.6738
PL/851/EXP/ES/2015,2075,,SERVICIOS GASOLINEROS DE MEXICO SA DE CV,,Pabellón de Arteaga,Aguascalientes,Occidente,22.12339,-102.2834
PL/8516/EXP/ES/2015,9428,,SERVICIOS LA QUEMADA SA DE CV,,Morelia,Michoacán,Occidente,19.70302,-101.2301
PL/8532/EXP/ES/2015,9328,,SUPER SERVICIOS EL CASTILLO SA DE CV,,El Salto,Jalisco,Occidente,20.51024,-103.2362
PL/8534/EXP/ES/2015,9591,,SERVICIO GASOLINERO CALVILLENSE SA DE CV,,Calvillo,Aguascalientes,Occidente,21.84827,-102.7017
PL/8543/EXP/ES/2015,9320,,SERVICIOS GUZMAN SA,,Aguascalientes,Aguascalientes,Occidente,21.87701,-102.2812
PL/8551/EXP/ES/2015,9871,,GASOLINERA LA MANZANILLA SA DE CV,,La Manzanilla de la Paz,Jalisco,Occidente,20.00666,-103.151
PL/8556/EXP/ES/2015,9381,,GRUPO MOLMER SA DE CV,,Calera,Zacatecas,Occidente,22.95211,-102.7063
PL/8557/EXP/ES/2015,9674,,GRUPO MOLMER SA DE CV,,Fresnillo,Zacatecas,Occidente,23.18893,-102.8754
PL/8558/EXP/ES/2015,9554,,GRUPO MOLMER SA DE CV,,Fresnillo,Zacatecas,Occidente,23.18412,-102.8848
PL/8572/EXP/ES/2015,9487,,ENERGIA SAN RICARDO SA DE CV,,Puerto Vallarta,Jalisco,Occidente,20.66008,-105.221
PL/8573/EXP/ES/2015,9512,,GASOLINERA EL PITILLAL SA DE CV,,Puerto Vallarta,Jalisco,Occidente,20.65308,-105.2207
PL/8580/EXP/ES/2015,9483,,ESTACION DE SERVICIO REVOLUCION SA DE CV,,,Colima,Occidente,18.90937,-103.8679
PL/8588/EXP/ES/2015,9471,,ESTACION DE SERVICIO EXPRESS LA PROVIDENCIA SA DE CV,,Morelia,Michoacán,Occidente,19.74105,-101.1772
PL/859/EXP/ES/2015,2192,,ESTACION DE SERVICIO LEON S DE RL DE CV,,León,Guanajuato,Occidente,21.15335,-101.6542
PL/8590/EXP/ES/2015,9309,,SERVICIO EL MAGUEY SA DE CV,,Salamanca,Guanajuato,Occidente,20.48135,-101.2503
PL/8592/EXP/ES/2015,9353,,GASOLINERA CONDESA SA DE CV,,San Martín de Bolaños,Jalisco,Occidente,21.68612,-103.8054
PL/8602/EXP/ES/2015,9404,,SERVICIO LLANO EN LLAMAS SA DE CV,,San Gabriel,Jalisco,Occidente,19.68167,-103.7997
PL/8607/EXP/ES/2015,9484,,SERVICIO LLANO EN LLAMAS SA DE CV,,Tolimán,Jalisco,Occidente,19.63894,-103.9105
PL/8609/EXP/ES/2015,9796,,SERVICIO LLANO EN LLAMAS SA DE CV,,Tuxcacuesco,Jalisco,Occidente,19.70147,-103.987
PL/8612/EXP/ES/2015,9439,,SILVERIO RODRIGUEZ CARRILLO,,Teocaltiche,Jalisco,Occidente,21.39325,-102.5821
PL/8621/EXP/ES/2015,9609,,JUANA PEREZ AVIÑA,,Fresnillo,Zacatecas,Occidente,23.14908,-103.1927
PL/8622/EXP/ES/2015,9363,,SERVICIOS LA PERLA SA DE CV,,Guadalupe,Zacatecas,Occidente,22.74001,-102.5093
PL/8623/EXP/ES/2015,9470,,SERVICIO TALAMANTES SA DE CV,,Tepechitlán,Zacatecas,Occidente,21.67314,-103.3226
PL/8624/EXP/ES/2015,9687,,Servicio Las Arsinas S.A. de C.V.,,Trancoso,Zacatecas,Occidente,22.72233,-102.3326
PL/8630/EXP/ES/2015,9666,,COMBUSTIBLES DEL LAGO SA DE CV,,Chapala,Jalisco,Occidente,20.29708,-103.2892
PL/8631/EXP/ES/2015,9815,,COMBUSTIBLES DEL LAGO SA DE CV,,Chapala,Jalisco,Occidente,20.30116,-103.2427
PL/8641/EXP/ES/2015,9701,,SUPER SERVICIO JUMM SA DE CV,,Zapotlán el Grande,Jalisco,Occidente,19.66713,-103.4857
PL/8652/EXP/ES/2015,9874,,IMPULSORA ENERGETICA SA DE CV,,Guadalajara,Jalisco,Occidente,20.70263,-103.2815
PL/8667/EXP/ES/2015,9356,,SERVICIO MORELOS ZACATECAS SA DE CV,,Morelos,Zacatecas,Occidente,22.86131,-102.6247
PL/8668/EXP/ES/2015,9444,,TECNI SERVICIO AUTOMOTRIZ DEL CENTRO SA DE CV,,La Piedad,Michoacán,Occidente,20.34763,-102.0293
PL/8669/EXP/ES/2015,9760,,MULTISERVICIOS ESPECIALIZADOS MORITA SOCIEDAD ANONIMA DE CAPITAL VARIABLE,,Encarnación de Díaz,Jalisco,Occidente,21.53213,-102.2444
PL/8671/EXP/ES/2015,9727,,SERVICIO COLON SA DE CV,,Zacatecas,Zacatecas,Occidente,22.77004,-102.5819
PL/8678/EXP/ES/2015,9692,,SERVICIO COLON SA DE CV,,Guadalupe,Zacatecas,Occidente,22.751,-102.4613
PL/8681/EXP/ES/2015,9879,,MULTISERVICIOS ESPECIALIZADOS MORITA SOCIEDAD ANONIMA DE CAPITAL VARIABLE,,Pabellón de Arteaga,Aguascalientes,Occidente,22.17026,-102.2463
PL/8686/EXP/ES/2015,9878,,SERVICIOS LA PRIMAVERA SA DE CV,,Gabriel Zamora,Michoacán,Occidente,19.19526,-101.917
PL/8703/EXP/ES/2015,9921,,KOPLA S DE RL DE CV,,Zinapécuaro,Michoacán,Occidente,19.86195,-100.8345
PL/8717/EXP/ES/2015,9510,,CRISTINA RICO,,Villagrán,Guanajuato,Occidente,20.52639,-100.9963
PL/8724/EXP/ES/2015,9785,,GASOLINERIA TORNADO SA DE CV,,Uruapan,Michoacán,Occidente,19.40495,-102.0493
PL/8726/EXP/ES/2015,9805,,MULTISERVICIO ROJAS SA DE CV,,Juchipila,Zacatecas,Occidente,21.4204,-103.1113
PL/8728/EXP/ES/2015,9838,,MULTISERVICIO ROJAS SA DE CV,,Moyahua de Estrada,Zacatecas,Occidente,21.26252,-103.1595
PL/873/EXP/ES/2015,2424,,INDUSTRIAS CEBRA SA DE CV,,Guadalajara,Jalisco,Occidente,20.63894,-103.3643
PL/8742/EXP/ES/2015,9910,,SUPER SERVICIO SANTA MONICA SA DE CV,,Morelia,Michoacán,Occidente,19.70039,-101.2084
PL/8752/EXP/ES/2015,9464,,MULTISERVICIOS ESPECIALIZADOS MORITA SOCIEDAD ANONIMA DE CAPITAL VARIABLE,,Aguascalientes,Aguascalientes,Occidente,21.80068,-102.2835
PL/8758/EXP/ES/2015,9809,,SERVICIO ZACAPU SA DE CV,,Zacapu,Michoacán,Occidente,19.80832,-101.7827
PL/8760/EXP/ES/2015,9916,,MULTISERVICIO ROJAS SA DE CV,,Apozol,Zacatecas,Occidente,21.46527,-103.0909
PL/8761/EXP/ES/2015,9502,,SANTA MARIA DE LAS NIEVES SA DE CV,,General Francisco R. Murguía,Zacatecas,Occidente,23.99487,-103.036
PL/877/EXP/ES/2015,2206,,ESTACION DE SERVICIO LEON S DE RL DE CV,,León,Guanajuato,Occidente,21.07652,-101.6518
PL/878/EXP/ES/2015,2558,,ESTACION DE SERVICIO LEON S DE RL DE CV,,León,Guanajuato,Occidente,21.12689,-101.6378
PL/885/EXP/ES/2015,2526,,COMBUSTIBLES DE ACAMBARO SA,,Acámbaro,Guanajuato,Occidente,20.01938,-100.7283
PL/8874/EXP/ES/2015,10069,,COMERCIALIZADORA DE HIDROCARBUROS DE LEON SA DE CV,,León,Guanajuato,Occidente,21.13866,-101.6239
PL/8877/EXP/ES/2015,9988,,"ROBINMEX, S.A. DE C.V.",,Irapuato,Guanajuato,Occidente,20.66692,-101.3393
PL/8879/EXP/ES/2015,10004,,SERVICIO ANAVE SA DE CV,,Uruapan,Michoacán,Occidente,19.40413,-102.0306
PL/8885/EXP/ES/2015,10189,,ESTACION DE SERVICIO LAJA SA DE CV,,Comonfort,Guanajuato,Occidente,20.71585,-100.7749
PL/8895/EXP/ES/2015,10246,,GILBERTO RIVERA MARTINEZ,,Morelia,Michoacán,Occidente,19.72362,-101.1438
PL/8896/EXP/ES/2015,10210,,MULTISERVICIOS ESPECIALIZADOS MORITA SOCIEDAD ANONIMA DE CAPITAL VARIABLE,,Encarnación de Díaz,Jalisco,Occidente,21.518,-102.2403
PL/8899/EXP/ES/2015,10129,,MULTISERVICIOS ESPECIALIZADOS MORITA SOCIEDAD ANONIMA DE CAPITAL VARIABLE,,Pabellón de Arteaga,Aguascalientes,Occidente,22.14792,-102.2936
PL/8905/EXP/ES/2015,9957,,MULTISERVICIOS ESPECIALIZADOS MORITA SOCIEDAD ANONIMA DE CAPITAL VARIABLE,,Aguascalientes,Aguascalientes,Occidente,21.86207,-102.2481
PL/8906/EXP/ES/2015,9973,,GASOLINERA PATRIA SA DE CV,,Zapopan,Jalisco,Occidente,20.64351,-103.4206
PL/8908/EXP/ES/2015,9948,,COMBUSTIBLES ADITIVOS Y SERVICIOS MAGICOS S DE RL DE CV,,Zapopan,Jalisco,Occidente,20.66972,-103.4034
PL/8910/EXP/ES/2015,10072,,SERVICIO NUEVA ESPAÑA SA DE CV,,Guadalajara,Jalisco,Occidente,20.61699,-103.3929
PL/8912/EXP/ES/2015,9992,,SERVICIO LA COFRADIA SA DE CV,,Uruapan,Michoacán,Occidente,19.43844,-102.0146
PL/8915/EXP/ES/2015,10162,,AUTOSERVICIO TAXIMAROA SA DE CV,,Hidalgo,Michoacán,Occidente,19.68618,-100.5225
PL/892/EXP/ES/2015,2101,,CRUCERO LAS GOLONDRINAS SA DE CV,,Colima,Colima,Occidente,19.14014,-103.7721
PL/8921/EXP/ES/2015,10048,,SUPER SERVICIOS SANTA ANA SA DE CV,,Buenavista,Michoacán,Occidente,19.16984,-102.5476
PL/893/EXP/ES/2015,2144,,ESTACIONES DE SERVICIO CAMINOS DE GUANAJUATO SA DE CV,,Dolores Hidalgo Cuna de la Independencia Nacional,Guanajuato,Occidente,21.16531,-100.9016
PL/8931/EXP/ES/2015,10250,,CORPORACION GASOLINERA MILLENIUM SA DE CV,,Guadalajara,Jalisco,Occidente,20.67702,-103.3534
PL/8936/EXP/ES/2015,9928,,MERCARMEN SA DE CV,,Silao,Guanajuato,Occidente,20.91545,-101.386
PL/8938/EXP/ES/2015,10115,,CORPORACION GASOLINERA MILLENIUM SA DE CV,,Guadalajara,Jalisco,Occidente,20.67516,-103.3572
PL/8944/EXP/ES/2015,9926,,GASOLINERA INFONAVIT SA DE CV,,Arandas,Jalisco,Occidente,20.69777,-102.3516
PL/8953/EXP/ES/2015,10068,,GASOLINERA EL DIAMANTE SA DE CV,,Huetamo,Michoacán,Occidente,18.65971,-100.9
PL/8954/EXP/ES/2015,10170,,SERVICIO EL SAUZ AMARILLO AG SA DE CV,,Lagos de Moreno,Jalisco,Occidente,21.33748,-101.928
PL/8955/EXP/ES/2015,10198,,AUTOSERVICIO TONALA SA DE CV,,Tonalá,Jalisco,Occidente,20.6705,-103.2223
PL/8957/EXP/ES/2015,10169,,GONBRIZ SA DE CV,,Tumbiscatío,Michoacán,Occidente,18.52229,-102.3712
PL/8963/EXP/ES/2015,10021,,SERVICIOS GASOLINEROS DE MEXICO SA DE CV,,Irapuato,Guanajuato,Occidente,20.66256,-101.3159
PL/8964/EXP/ES/2015,10232,,GRUPO PIZANO SA DE CV,,Maravatío,Guanajuato,Occidente,19.9578,-100.5033
PL/8972/EXP/ES/2015,10181,,SERVICIO COLIMAN SA DE CV,,Colima,Colima,Occidente,19.23018,-103.7233
PL/8978/EXP/ES/2015,10075,,SERVICIO LOS DELFINES SA DE CV,,Zapopan,Jalisco,Occidente,20.74036,-103.4254
PL/8980/EXP/ES/2015,10018,,SERVICIO LOS DELFINES SA DE CV,,Guadalajara,Jalisco,Occidente,20.67489,-103.3161
PL/8982/EXP/ES/2015,10043,,ENERGIA FATIMA SA DE CV,,Zapopan,Jalisco,Occidente,20.74139,-103.4309
PL/8987/EXP/ES/2015,9971,,DANIELA ELIZABETH FRANCO RIVERA,,San Felipe,Guanajuato,Occidente,21.47051,-101.2175
PL/8989/EXP/ES/2015,10240,,ESTACION EL MOLINO DE ORO SA DE CV,,Jocotepec,Jalisco,Occidente,20.33489,-103.5087
PL/8992/EXP/ES/2015,9945,,LEOCADIO MACIAS MUÑOZ,,San Juan de los Lagos,Jalisco,Occidente,21.27594,-102.298
PL/8994/EXP/ES/2015,10207,,JOSE JAIME CASTELLANOS FLORES,,Zapotlán del Rey,Jalisco,Occidente,20.46415,-102.9283
PL/8995/EXP/ES/2015,10242,,JAVIER MACIAS RAMIREZ,,Nochistlán de Mejía,Zacatecas,Occidente,21.6009,-102.8467
PL/8997/EXP/ES/2015,9939,,FRANCISCO DIAZ DELGADO,,Asientos,Aguascalientes,Occidente,22.106,-102.0603
PL/9004/EXP/ES/2015,10047,,GASOLINERA URUAPAN SA DE CV,,Uruapan,Michoacán,Occidente,19.41664,-102.0334
PL/9008/EXP/ES/2015,10062,,SERVICIO GARLO SA DE CV,,Zinapécuaro,Michoacán,Occidente,19.8561,-100.8303
PL/9010/EXP/ES/2015,10171,,SERVICIOS ECOLOGICOS CHICHEN ITZA SA DE CV,,Tlajomulco de Zúñiga,Jalisco,Occidente,20.59072,-103.4432
PL/9013/EXP/ES/2015,10175,,SUPER SERVICIO HUANIQUEO SA DE CV,,Huaniqueo,Michoacán,Occidente,19.88701,-101.5083
PL/9018/EXP/ES/2015,9931,,MULTISERVICIOS SANTA CLARA SA DE CV,,Zinapécuaro,Michoacán,Occidente,19.81907,-100.8279
PL/9023/EXP/ES/2015,10141,,GASOLINERA MIRAMONTES DE MOMAX SUCESORES S DE RL DE CV,,Momax,Zacatecas,Occidente,21.93075,-103.3111
PL/9025/EXP/ES/2015,9997,,ENERGETICOS LA VALENTINA SA DE CV,,Sayula,Jalisco,Occidente,19.88209,-103.585
PL/9037/EXP/ES/2015,9924,,GASOLINERA PABLO DE LA GARZA SA DE CV,,Coroneo,Guanajuato,Occidente,20.21161,-100.3659
PL/9041/EXP/ES/2015,10103,,COMBUSTIBLE LA ESTANCIA SA DE CV,,Villa de Álvarez,Colima,Occidente,19.24521,-103.7583
PL/9046/EXP/ES/2015,10045,,AUTO SERVICIO LA ESTANCIA SA DE CV,,Colima,Colima,Occidente,19.23484,-103.6853
PL/9066/EXP/ES/2015,10024,,AUTO SERVICIO NUCAR SA DE CV,,Maravatío,Michoacán,Occidente,19.85399,-100.4
PL/907/EXP/ES/2015,2428,,LAS MEJORES ESTACIONES SA DE CV,,San Miguel de Allende,Guanajuato,Occidente,20.90505,-100.7242
PL/9071/EXP/ES/2015,10063,,GASOLINERA LA CAPACHA SA DE CV,,Tlaquepaque,Jalisco,Occidente,20.54241,-103.4211
PL/908/EXP/ES/2015,2437,,"DIGEPE, S.A. DE C.V. (07356)",,San Miguel de Allende,Guanajuato,Occidente,21.01261,-100.6528
PL/9089/EXP/ES/2015,9966,,SERVICIO CAMPOS SA DE CV,,Poncitlán,Jalisco,Occidente,20.34731,-102.784
PL/9098/EXP/ES/2015,10230,,EL CALLEJON DE MORELOS SA DE CV,,Poncitlán,Jalisco,Occidente,20.34745,-102.7838
PL/9107/EXP/ES/2015,9952,,SERVICIOS GASOLINEROS DE MEXICO SA DE CV,,León,Guanajuato,Occidente,21.0802,-101.6091
PL/9109/EXP/ES/2015,10000,,SERVICIOS GASOLINEROS DE MEXICO SA DE CV,,León,Guanajuato,Occidente,21.15192,-101.7293
PL/9110/EXP/ES/2015,10123,,SERVICIOS GASOLINEROS DE MEXICO SA DE CV,,León,Guanajuato,Occidente,21.13041,-101.6581
PL/9111/EXP/ES/2015,10154,,MULTISERVICIOS MILCUMBRES SA DE CV,,Morelia,Michoacán,Occidente,19.68754,-101.1205
PL/9138/EXP/ES/2015,10019,,SERVICIO CIENEGA GRANDE SA DE CV,,Asientos,Zacatecas,Occidente,22.2154,-102.0066
PL/916/EXP/ES/2015,2855,,SERVICIO GASOLINERO HERMANOS PALACIOS SA DE CV,,Jerécuaro,Guanajuato,Occidente,20.17217,-100.5108
PL/9183/EXP/ES/2015,10044,,SERVICIO LAS TORRES SA DE CV,,Fresnillo,Zacatecas,Occidente,23.27974,-102.9986
PL/9194/EXP/ES/2015,10040,,JESUS JOSE GONZALEZ MONTAÑEZ,,Loreto,Zacatecas,Occidente,22.26756,-101.9785
PL/920/EXP/ES/2015,3132,,GASOJARAL SA DE CV,,San Felipe,Guanajuato,Occidente,21.70034,-101.0238
PL/9256/EXP/ES/2015,11896,,GASOLINERA PIREKUA SA DE CV,,Pátzcuaro,Michoacán,Occidente,19.49753,-101.6002
PL/9259/EXP/ES/2015,10624,,GRUPO GAEXPO SA DE CV,,Zapotitlán de Vadillo,Jalisco,Occidente,19.55486,-103.804
PL/926/EXP/ES/2015,2910,,GRUPO GASOLINERO BUGATTI SA DE CV,,Celaya,Guanajuato,Occidente,20.54934,-100.841
PL/9270/EXP/ES/2015,10320,,GIOVANNI MEREDITH MEZA VIRRUETA,,Gabriel Zamora,Michoacán,Occidente,19.17527,-102.0649
PL/9274/EXP/ES/2015,10781,,GRUPO OCTANO SA DE CV,,Zapotlán el Grande,Jalisco,Occidente,19.702,-103.4915
PL/9275/EXP/ES/2015,10729,,GRUPO OCTANO SA DE CV,,Zapotlán el Grande,Jalisco,Occidente,19.72093,-103.4598
PL/9276/EXP/ES/2015,10281,,GRUPO OCTANO SA DE CV,,Zapotlán el Grande,Jalisco,Occidente,19.69313,-103.4647
PL/9284/EXP/ES/2015,10361,,GASOLINERIA SAN SEBASTIAN SA DE CV,,Encarnación de Díaz,Jalisco,Occidente,21.43133,-102.3442
PL/9285/EXP/ES/2015,10399,,SERVICIOS GASOLINEROS DE MEXICO SA DE CV,,Atotonilco el Alto,Jalisco,Occidente,20.55107,-102.4997
PL/9286/EXP/ES/2015,10627,,TERCER ANILLO SA DE CV,,Aguascalientes,Aguascalientes,Occidente,21.90888,-102.3283
PL/9288/EXP/ES/2015,10437,,TERCER ANILLO SA DE CV,,Aguascalientes,Aguascalientes,Occidente,21.8858,-102.3171
PL/9296/EXP/ES/2015,10641,,BRANSLE S DE RL DE CV,,Jocotepec,Jalisco,Occidente,20.2888,-103.3465
PL/9297/EXP/ES/2015,10330,,SERVICIO AGUITAS SA DE CV,,Aguascalientes,Aguascalientes,Occidente,21.85827,-102.307
PL/9298/EXP/ES/2015,10316,,SERVICIOS GASOLINEROS DE MEXICO SA DE CV,,Aguascalientes,Aguascalientes,Occidente,21.814,-102.2864
PL/9300/EXP/ES/2015,10546,,SERVICIOS GASOLINEROS DE MEXICO SA DE CV,,Silao,Guanajuato,Occidente,20.97901,-101.4773
PL/9302/EXP/ES/2015,10717,,SERVICIOS GASOLINEROS DE MEXICO SA DE CV,,León,Guanajuato,Occidente,21.14687,-101.6718
PL/9304/EXP/ES/2015,10537,,SERVICIOS GASOLINEROS DE MEXICO SA DE CV,,Aguascalientes,Aguascalientes,Occidente,21.87228,-102.3178
PL/9305/EXP/ES/2015,10513,,SERVICIOS GASOLINEROS DE MEXICO SA DE CV,,Aguascalientes,Aguascalientes,Occidente,21.90612,-102.2927
PL/9311/EXP/ES/2015,10640,,SERVICIO NORAMA SA DE CV,,Arandas,Jalisco,Occidente,20.70485,-102.3327
PL/9321/EXP/ES/2015,10325,,VALCOOP Y ASOCIADOS SA DE CV,,Tlajomulco de Zúñiga,Jalisco,Occidente,20.49825,-103.2787
PL/9324/EXP/ES/2015,10702,,MURADAS SA DE CV,,Aguascalientes,Aguascalientes,Occidente,21.86248,-102.3176
PL/9325/EXP/ES/2015,10324,,GASOLINERA JUANACAXTLE SA DE CV,,Juanacatlán,Jalisco,Occidente,20.56466,-103.1434
PL/9327/EXP/ES/2015,10527,,"""GASOLINERA LOS OLIVOS"", SA DE CV",,Villa de Álvarez,Colima,Occidente,19.26018,-103.752
PL/9328/EXP/ES/2015,10748,,OBRA DOBLADENSE SA DE CV,,Manuel Doblado,Guanajuato,Occidente,20.74006,-101.931
PL/933/EXP/ES/2015,2759,,ESTACION DE SERVICIO LEON S DE RL DE CV,,León,Guanajuato,Occidente,21.13958,-101.7443
PL/9331/EXP/ES/2015,10683,,LOS PERALES DE AGUASCALIENTES SA DE CV,,Aguascalientes,Aguascalientes,Occidente,21.87459,-102.2551
PL/9334/EXP/ES/2015,10639,,SERVIEXPRESS OLYMPIA SA DE CV,,Uruapan,Michoacán,Occidente,19.3754,-102.0595
PL/9335/EXP/ES/2015,10263,,SERVICIO LA HERRADURA SA DE CV,,José Sixto Verduzco,Michoacán,Occidente,20.21532,-101.6095
PL/9337/EXP/ES/2015,10732,,SERVICIOS GASOLINEROS DE MEXICO SA DE CV,,Irapuato,Guanajuato,Occidente,20.70326,-101.3215
PL/9338/EXP/ES/2015,10706,,SERVICIO SAN JUAN PURUANDIRO SA DE CV,,Puruándiro,Michoacán,Occidente,20.09236,-101.495
PL/9340/EXP/ES/2015,10496,,COMBUSTIBLES TRITON SA DE CV,,Tlaquepaque,Jalisco,Occidente,20.62459,-103.2868
PL/9344/EXP/ES/2015,10507,,"COMBUSTIBLES, ACEITES Y DERIVADOS SA DE CV",,Tzintzuntzan,Michoacán,Occidente,19.63272,-101.4695
PL/9346/EXP/ES/2015,10596,,JORIMAR GASOLINEROS SA DE CV,,Tlajomulco de Zúñiga,Jalisco,Occidente,20.43826,-103.3129
PL/9347/EXP/ES/2015,10504,,SERVICIO LAS HILAMAS SA DE CV,,León,Guanajuato,Occidente,21.13274,-101.7166
PL/9349/EXP/ES/2015,10703,,JORIMAR GASOLINEROS SA DE CV,,Tlaquepaque,Jalisco,Occidente,20.59685,-103.3029
PL/9350/EXP/ES/2015,10564,,ESTACION DE SERVICIO TERROGAS SA DE CV,,El Arenal,Jalisco,Occidente,20.72904,-103.6134
PL/9351/EXP/ES/2015,10658,,JORIMAR GASOLINEROS SA DE CV,,Tlajomulco de Zúñiga,Jalisco,Occidente,20.486,-103.4042
PL/9352/EXP/ES/2015,10646,,JORIMAR GASOLINEROS SA DE CV,,Tlajomulco de Zúñiga,Jalisco,Occidente,20.49383,-103.2544
PL/9355/EXP/ES/2015,10656,,NIÑOS HEROES ESTACION DE SERVICIOS SA DE CV,,Guadalajara,Jalisco,Occidente,20.66726,-103.3608
PL/9358/EXP/ES/2015,10459,,SERVICIO MINERVA DE GUADALAJARA SA DE CV,,Guadalajara,Jalisco,Occidente,20.67469,-103.3883
PL/9360/EXP/ES/2015,10663,,GRUPO GASOLINERO SAMARA SA DE CV,,Bahía de Banderas,Jalisco,Occidente,20.69616,-105.2672
PL/9362/EXP/ES/2015,10477,,SERVICIO DEL VARAL SA DE CV,,Tocumbo,Michoacán,Occidente,19.62127,-102.4873
PL/9368/EXP/ES/2015,10619,,GRUPO GASOLINERO SAMARA SA DE CV,,Cabo Corrientes,Jalisco,Occidente,20.31608,-105.3178
PL/9369/EXP/ES/2015,10660,,GRUPO GASOLINERO SAMARA SA DE CV,,Zapopan,Jalisco,Occidente,20.64186,-103.4615
PL/9373/EXP/ES/2015,10623,,SERVICIOS GASOLINEROS DE MEXICO SA DE CV,,El Arenal,Jalisco,Occidente,20.77776,-103.6594
PL/9374/EXP/ES/2015,10435,,GASOLINERA EL SALVADOR SA DE CV,,Tequila,Jalisco,Occidente,21.01569,-103.7205
PL/9375/EXP/ES/2015,10308,,GASOLINERAS FAST DE OCCIDENTE S DE RL DE CV,,Tlajomulco de Zúñiga,Jalisco,Occidente,20.53838,-103.4044
PL/9379/EXP/ES/2015,10408,,DISTRIBUIDORA Y COMERCIALIZADORA MERCANTIL DEL OCCIDENTE SA DE CV,,Puerto Vallarta,Jalisco,Occidente,20.60199,-105.2337
PL/938/EXP/ES/2015,2791,,ESTACION DE SERVICIO LEON S DE RL DE CV,,León,Guanajuato,Occidente,21.11255,-101.635
PL/9387/EXP/ES/2015,10655,,ORGANIZACION LA LUNA SA DE CV,,Ocotlán,Jalisco,Occidente,20.35524,-102.7691
PL/9388/EXP/ES/2015,10350,,DH GAS SA DE CV,,Aguascalientes,Aguascalientes,Occidente,22.00859,-102.1455
PL/9393/EXP/ES/2015,10743,,SERVICIO GASOLINERO AEROPUERTO SA DE CV,,El Salto,Jalisco,Occidente,20.53959,-103.2966
PL/9402/EXP/ES/2015,10474,,SERVICIO TONAGAS SA DE CV,,Tonalá,Jalisco,Occidente,20.62871,-103.2607
PL/9403/EXP/ES/2015,10685,,PROMOTORES COMBYLUB SA DE CV,,Río Grande,Zacatecas,Occidente,23.7835,-103.0143
PL/9412/EXP/ES/2015,10615,,JOSE ANTONIO HERNANDEZ ESPINOSA,,San Francisco del Rincón,Guanajuato,Occidente,20.97978,-101.844
PL/9414/EXP/ES/2015,10533,,GRUPO OCTANO SA DE CV,,Guadalajara,Jalisco,Occidente,20.64203,-103.3029
PL/9419/EXP/ES/2015,10773,,IMELDA SANTOYO SANCHEZ,,General Pánfilo Natera,Zacatecas,Occidente,22.65955,-102.1208
PL/9426/EXP/ES/2015,10767,,JOSE GABRIEL ROMERO ECHEVERRIA,,Villagrán,Guanajuato,Occidente,20.52054,-101.0565
PL/9429/EXP/ES/2015,10783,,GASOLINERA Y LUBRICANTES REAL DE COLIMA SA DE CV,,Tlajomulco de Zúñiga,Jalisco,Occidente,20.53689,-103.472
PL/9435/EXP/ES/2015,10280,,SERVICIO RIVENI SA DE CV,,Fresnillo,Zacatecas,Occidente,23.14095,-103.0382
PL/9437/EXP/ES/2015,10276,,ROJAS PALLARES ULTRA SERVICIO SA DE CV,,San José Iturbide,Guanajuato,Occidente,21.09589,-100.4792
PL/944/EXP/ES/2015,3042,,SUPER SERVICIO SAN MIGUEL ARCANGEL SA DE CV,,Tarimoro,Guanajuato,Occidente,20.28677,-100.7617
PL/9440/EXP/ES/2015,10264,,ADVANCE GASOLINAS SA DE CV,,Guadalajara,Jalisco,Occidente,20.64225,-103.3941
PL/9448/EXP/ES/2015,10440,,GASOLINERA FAZA SA DE CV,,Río Grande,Zacatecas,Occidente,23.76915,-103.01
PL/9449/EXP/ES/2015,10787,,GRUPO DE GASOLINEROS UNIDOS MI RIU SA DE CV,,El Salto,Jalisco,Occidente,20.52922,-103.2416
PL/9457/EXP/ES/2015,10571,,SERVICIO UNION A G SA DE CV,,Unión de San Antonio,Jalisco,Occidente,21.12109,-102.002
PL/946/EXP/ES/2015,2892,,AUTOSERVICIO EL AGUILA SA DE CV,,Irapuato,Guanajuato,Occidente,20.67178,-101.298
PL/947/EXP/ES/2015,3013,,COMBU-EXPRESS SA DE CV,,Guadalajara,Jalisco,Occidente,20.66231,-103.346
PL/9481/EXP/ES/2015,10497,,FERNANDO GARZA MAGAÑA,,Tuxcueca,Jalisco,Occidente,20.15064,-103.1869
PL/9484/EXP/ES/2015,10548,,GASOSERVICIO EXPRESS PATRIA SA DE CV,,Puerto Vallarta,Jalisco,Occidente,20.6549,-105.2295
PL/9488/EXP/ES/2015,10472,,GAS 4 ASOCIADOS SA DE CV,,Guadalajara,Jalisco,Occidente,20.66868,-103.3501
PL/9489/EXP/ES/2015,10688,,GASOLINERA LATINOAMERICANA SA DE CV,,Uruapan,Michoacán,Occidente,19.40733,-102.0535
PL/9496/EXP/ES/2015,10591,,PETROMAX SA DE CV,,Guadalajara,Jalisco,Occidente,20.62228,-103.3462
PL/9499/EXP/ES/2015,10739,,SERVICIOS GASOLINEROS DE MEXICO SA DE CV,,León,Guanajuato,Occidente,21.11299,-101.7101
PL/950/EXP/ES/2015,2988,,GASOLINERIA SERVICIO MINI EXPRESS SA DE CV,,Acámbaro,Guanajuato,Occidente,20.00397,-100.7303
PL/9505/EXP/ES/2015,10673,,SERVICIO EL CHANTE SA DE CV,,Jocotepec,Jalisco,Occidente,20.29325,-103.3944
PL/9525/EXP/ES/2015,10462,,BLANCA ARACELI REYES ZARZOSA,,Villa González Ortega,Zacatecas,Occidente,22.51732,-101.9173
PL/9531/EXP/ES/2015,10724,,EL PORTIN DE CLAUDIA SA DE CV,,,Colima,Occidente,19.00297,-103.8356
PL/9532/EXP/ES/2015,10599,,ALFONSO GONZALEZ GONZALEZ,,Tepatitlán de Morelos,Jalisco,Occidente,20.82856,-102.6011
PL/954/EXP/ES/2015,2895,,SERVICIO CULIACAN SA DE CV,,Salvatierra,Guanajuato,Occidente,20.24604,-100.884
PL/9545/EXP/ES/2015,10536,,CCORPORATIVO GLOBAL ROCA SA DE CV,,Zacatecas,Zacatecas,Occidente,22.75121,-102.6674
PL/9546/EXP/ES/2015,10370,,SERVICIO LUX SA DE CV,,Guadalajara,Jalisco,Occidente,20.66407,-103.3315
PL/955/EXP/ES/2015,2838,,SERVICIO PATRYBACH SA DE CV,,Zapopan,Jalisco,Occidente,20.67214,-103.4234
PL/956/EXP/ES/2015,2821,,SERVIDIESEL DEL BAJIO SA DE CV,,Cortazar,Guanajuato,Occidente,20.47596,-100.972
PL/9568/EXP/ES/2015,10479,,ATEMAJAC GASOLINERA Y LUBRICANTES SA DE CV,,Atemajac de Brizuela,Jalisco,Occidente,20.12536,-103.7236
PL/9569/EXP/ES/2015,10291,,COMBUSTIBLES PELAYO SA DE CV,,Jocotepec,Jalisco,Occidente,20.31965,-103.4935
PL/9576/EXP/ES/2015,10730,,SERVICIO UNIDOS SA DE CV,,Sombrerete,Zacatecas,Occidente,23.96956,-103.6611
PL/958/EXP/ES/2015,3041,,COMBU-EXPRESS SA DE CV,,Magdalena,Jalisco,Occidente,20.90965,-103.9674
PL/9581/EXP/ES/2015,10785,,SERVICIO SAN MIGUEL DE MEZQUITAN SA DE CV,,Guadalajara,Jalisco,Occidente,20.70011,-103.3569
PL/9582/EXP/ES/2015,10684,,SERVICIO MEZQUITE SA DE CV,,Guadalajara,Jalisco,Occidente,20.65387,-103.372
PL/9584/EXP/ES/2015,10511,,SERVICIO MEZQUITE SA DE CV,,Guadalajara,Jalisco,Occidente,20.67908,-103.3266
PL/9585/EXP/ES/2015,10689,,OPERADORA KINZA SA DE CV,,Zapopan,Jalisco,Occidente,20.65215,-103.4417
PL/9589/EXP/ES/2015,10676,,ESTACION SERVICIO SANTA TERE SA DE CV,,Tonalá,Jalisco,Occidente,20.63621,-103.2734
PL/959/EXP/ES/2015,2984,,COMBU-EXPRESS SA DE CV,,Zapopan,Jalisco,Occidente,20.71805,-103.4839
PL/9596/EXP/ES/2015,10609,,SERVICIOS PICHARDO DE SAN LUIS SA DE CV,,San Luis de la Paz,Guanajuato,Occidente,21.29296,-100.5409
PL/960/EXP/ES/2015,2755,,COMBU-EXPRESS SA DE CV,,Tonalá,Jalisco,Occidente,20.61719,-103.2802
PL/9602/EXP/ES/2015,10618,,RN GAS SA DE CV,,Aguascalientes,Aguascalientes,Occidente,21.92471,-102.2629
PL/9607/EXP/ES/2015,10349,,SERVICIO LA GASO SA DE CV,,Calvillo,Zacatecas,Occidente,21.77679,-102.8026
PL/9609/EXP/ES/2015,10528,,MISAEL CHAVEZ YAÑEZ,,Calvillo,Aguascalientes,Occidente,21.85433,-102.6949
PL/9619/EXP/ES/2015,10381,,ESTACION TINIJARO SA DE CV,,Morelia,Michoacán,Occidente,19.69667,-101.2581
PL/9620/EXP/ES/2015,10659,,GONQUI SA DE CV,,Morelia,Michoacán,Occidente,19.69426,-101.184
PL/9624/EXP/ES/2015,10789,,SERVICIO URIREO SA DE CV,,Salvatierra,Guanajuato,Occidente,20.23453,-100.84
PL/9626/EXP/ES/2015,10383,,GASOLINERA TECOMAN SA DE CV,,,Colima,Occidente,18.86326,-103.8371
PL/9627/EXP/ES/2015,10393,,GASOLINERA TECOMAN SA DE CV,,,Colima,Occidente,18.92436,-103.8839
PL/9628/EXP/ES/2015,10441,,GASOLINERA TECOMAN SA DE CV,,,Colima,Occidente,18.91973,-103.8757
PL/9633/EXP/ES/2015,10759,,CRUCERO DE PARACUARO SA DE CV,,Parácuaro,Michoacán,Occidente,19.01655,-102.2749
PL/9634/EXP/ES/2015,10600,,ESTACION DE SERVICIO PORTEZUELO SA DE CV,,La Barca,Jalisco,Occidente,20.4122,-102.5285
PL/9645/EXP/ES/2015,10376,,AUTOSERVICIO GASOLINERO MUÑOZ SA DE CV,,Pénjamo,Guanajuato,Occidente,20.45756,-101.9818
PL/9676/EXP/ES/2015,10737,,HIDROCARBUROS Y GASOLINAS DE LEON SA DE CV,,León,Guanajuato,Occidente,21.13234,-101.6085
PL/968/EXP/ES/2015,2754,,SUPER SERVICIO EL HUERTO PLUS SA DE CV,,Cortazar,Guanajuato,Occidente,20.47289,-100.9659
PL/9689/EXP/ES/2015,10267,,SERVICIO SAN JOSE DEL CARACOL SA DE CV,,Ayotlán,Jalisco,Occidente,20.51744,-102.3267
PL/969/EXP/ES/2015,3047,,SABINO TRINIDAD GARCIA ESCUTIA,,Acámbaro,Michoacán,Occidente,19.96308,-100.9101
PL/9692/EXP/ES/2015,10401,,BRISCAN SA DE CV,,León,Guanajuato,Occidente,21.11167,-101.7118
PL/9699/EXP/ES/2015,10727,,COMBU-EXPRESS SA DE CV,,Autlán de Navarro,Jalisco,Occidente,19.77743,-104.3578
PL/971/EXP/ES/2015,3137,,COMBUSTIBLES SANTA FE SA DE CV,,Dolores Hidalgo Cuna de la Independencia Nacional,Guanajuato,Occidente,21.19457,-100.8677
PL/9722/EXP/ES/2015,10299,,LUIS MARIANO AMEZCUA SANCHEZ,,Sahuayo,Michoacán,Occidente,20.05557,-102.7166
PL/9725/EXP/ES/2015,10589,,SERVICIOS EL QUIJAY SA DE CV,,San José Iturbide,Guanajuato,Occidente,21.01404,-100.3913
PL/9727/EXP/ES/2015,10516,,SUPERSERVICIO BARRIGA S DE RL DE CV,,Pátzcuaro,Michoacán,Occidente,19.51107,-101.619
PL/9729/EXP/ES/2015,10752,,EMPRESAS ANGUIANO SA DE CV,,Morelos,Michoacán,Occidente,20.00003,-101.4294
PL/9742/EXP/ES/2015,10681,,VICTOR MANUEL OBREGON SOLIS,,Pátzcuaro,Michoacán,Occidente,19.51747,-101.6064
PL/9743/EXP/ES/2015,10483,,SALVADOR PEREZ HERNANDEZ,,Chavinda,Michoacán,Occidente,19.98964,-102.4647
PL/9746/EXP/ES/2015,10337,,SAVLOZ COMPANNY SA DE CV,,Tlajomulco de Zúñiga,Jalisco,Occidente,20.43201,-103.2965
PL/9747/EXP/ES/2015,10667,,SERVICIO SANTO NIÑO SA DE CV,,Valle de Guadalupe,Jalisco,Occidente,21.02653,-102.6049
PL/9748/EXP/ES/2015,10693,,GASOLINAS Y LUBRICANTES EL DESTIERRO SA DE CV,,Encarnación de Díaz,Jalisco,Occidente,21.56366,-102.1486
PL/9749/EXP/ES/2015,10645,,ODIN ANTUAN GARFIAS LOPEZ,,Hidalgo,Michoacán,Occidente,19.68758,-100.5514
PL/9753/EXP/ES/2015,10529,,FIDEL GARFIAS SUAREZ,,Tuxpan,Michoacán,Occidente,19.55316,-100.4707
PL/9754/EXP/ES/2015,10565,,DIMAS GARFIAS LOPEZ,,Zitácuaro,Michoacán,Occidente,19.44331,-100.3512
PL/9755/EXP/ES/2015,10387,,MARCELINA GARFIAS LOPEZ,,Hidalgo,Michoacán,Occidente,19.69112,-100.5676
PL/9756/EXP/ES/2015,10545,,ODIN ANTUAN GARFIAS LOPEZ,,Hidalgo,Michoacán,Occidente,19.69631,-100.5983
PL/9757/EXP/ES/2015,10494,,JESUS MARIA RAMIREZ GARCIA,,Arandas,Jalisco,Occidente,20.79622,-102.2486
PL/9759/EXP/ES/2015,10746,,JOSE CARMEN ARIEL BARRIGA VILLAGOMEZ,,Lagunillas,Michoacán,Occidente,19.55716,-101.4222
PL/9760/EXP/ES/2015,10449,,CARLOS ALBERTO PASCUAL VILLANUEVA,,Aguascalientes,Aguascalientes,Occidente,21.68944,-102.2856
PL/9765/EXP/ES/2015,10566,,SERVICIOS GASOLINEROS DE MEXICO SA DE CV,,Aguascalientes,Aguascalientes,Occidente,21.91466,-102.2815
PL/9779/EXP/ES/2015,10456,,RAFAEL HERRERA BARRIGA,,Huiramba,Michoacán,Occidente,19.53451,-101.4705
PL/9785/EXP/ES/2015,10580,,GASOLINAS Y MAS SA DE CV,,Salamanca,Guanajuato,Occidente,20.58555,-101.2213
PL/9786/EXP/ES/2015,10405,,GASOLINERA MICHOACAN SA DE CV,,Ario,Michoacán,Occidente,19.21506,-101.7038
PL/9787/EXP/ES/2015,10691,,SERVICIOS GASOLINEROS DE MEXICO SA DE CV,,Zapopan,Jalisco,Occidente,20.60687,-103.4315
PL/9789/EXP/ES/2015,10769,,SERVICIOS GASOLINEROS DE MEXICO SA DE CV,,Guadalajara,Jalisco,Occidente,20.69003,-103.3038
PL/9790/EXP/ES/2015,10306,,SERVICIOS GASOLINEROS DE MEXICO SA DE CV,,Tlajomulco de Zúñiga,Jalisco,Occidente,20.43668,-103.545
PL/9791/EXP/ES/2015,14580,,SERVICIOS GASOLINEROS DE MEXICO SA DE CV,,Aguascalientes,Aguascalientes,Occidente,21.88589,-102.313
PL/9944/EXP/ES/2015,11354,,AUTO SERVICIO TREJO SA DE CV,,Bolaños,Jalisco,Occidente,21.81635,-103.7735
PL/995/EXP/ES/2015,3088,,CORTA GAS SA DE CV,,Cortazar,Guanajuato,Occidente,20.48971,-100.9646
PL/996/EXP/ES/2015,2789,,ESTACION DE SERVICIO LEON S DE RL DE CV,,León,Guanajuato,Occidente,21.09397,-101.6885
PL/9973/EXP/ES/2015,11383,,HERMILA ASCENCIO RUEDA,,Salamanca,Guanajuato,Occidente,20.56469,-101.1843
PL/9974/EXP/ES/2015,11384,,PETRO SERVICIOS DE OCCIDENTE SA DE CV,,Tlajomulco de Zúñiga,Jalisco,Occidente,20.49921,-103.3401
PL/9978/EXP/ES/2015,11388,,SERVICIO VILLANUEVA SA DE CV,,Villanueva,Zacatecas,Occidente,22.36256,-102.8845
PL/9983/EXP/ES/2015,11393,,GASOLINERA LAS TRUCHAS SA DE CV,,Lázaro Cárdenas,Michoacán,Occidente,17.95762,-102.2159
PL/9985/EXP/ES/2015,11395,,COMBUSTIBLES PLATANITO SA DE CV,,Ixtlahuacán de los Membrillos,Jalisco,Occidente,20.44519,-103.2458
PL/9994/EXP/ES/2015,11698,,ANGEL PALACIOS TERAN,,Loreto,Zacatecas,Occidente,22.31408,-102.0295
PL/9999/EXP/ES/2015,11703,,SERVICIO LAS TORRES SUR SA DE CV,,León,Guanajuato,Occidente,21.14916,-101.6634
