Fecha,Region,Estado,Municipio,Marca,Estacion,Permiso CRE,Direccion,Regular,Premium,Diesel
2026-09-30,Occidente,Jalisco,Ixtlahuacán de los Membrillos,,COMBUSTIBLES PLATANITO SA DE CV,PL/9985/EXP/ES/2015,,23.99,26.18,25.99
2026-09-30,Occidente,Jalisco,Tlajomulco de Zúñiga,,PETRO SERVICIOS DE OCCIDENTE SA DE CV,PL/9974/EXP/ES/2015,,23.99,28.79,27.00
2026-09-30,Occidente,Jalisco,Bolaños,,AUTO SERVICIO TREJO SA DE CV,PL/9944/EXP/ES/2015,,24.00,29.20,27.50
2026-09-30,Occidente,Jalisco,Tlajomulco de Zúñiga,,SERVICIOS GASOLINEROS DE MEXICO SA DE CV,PL/9790/EXP/ES/2015,,23.99,29.99,27.00
2026-09-30,Occidente,Jalisco,Guadalajara,,SERVICIOS GASOLINEROS DE MEXICO SA DE CV,PL/9789/EXP/ES/2015,,23.99,29.99,27.00
2026-09-30,Occidente,Jalisco,Zapopan,,SERVICIOS GASOLINEROS DE MEXICO SA DE CV,PL/9787/EXP/ES/2015,,23.99,29.99,27.00
2026-09-30,Occidente,Jalisco,Arandas,,JESUS MARIA RAMIREZ GARCIA,PL/9757/EXP/ES/2015,,23.96,28.84,27.00
2026-09-30,Occidente,Jalisco,Encarnación de Díaz,,GASOLINAS Y LUBRICANTES EL DESTIERRO SA DE CV,PL/9748/EXP/ES/2015,,23.99,,27.00
2026-09-30,Occidente,Jalisco,Valle de Guadalupe,,SERVICIO SANTO NIÑO SA DE CV,PL/9747/EXP/ES/2015,,23.99,29.24,27.24
2026-09-30,Occidente,Jalisco,Tlajomulco de Zúñiga,,SAVLOZ COMPANNY SA DE CV,PL/9746/EXP/ES/2015,,23.99,29.99,26.99
2026-09-30,Occidente,Jalisco,Autlán de Navarro,,COMBU-EXPRESS SA DE CV,PL/9699/EXP/ES/2015,,24.49,29.89,27.50
2026-09-30,Occidente,Jalisco,Ayotlán,,SERVICIO SAN JOSE DEL CARACOL SA DE CV,PL/9689/EXP/ES/2015,,23.99,29.55,27.49
2026-09-30,Occidente,Jalisco,La Barca,,ESTACION DE SERVICIO PORTEZUELO SA DE CV,PL/9634/EXP/ES/2015,,23.69,28.79,27.00
2026-09-30,Occidente,Jalisco,Tonalá,,COMBU-EXPRESS SA DE CV,PL/960/EXP/ES/2015,,23.99,29.49,27.00
2026-09-30,Occidente,Jalisco,Zapopan,,COMBU-EXPRESS SA DE CV,PL/959/EXP/ES/2015,,23.99,29.49,27.00
2026-09-30,Occidente,Jalisco,Tonalá,,ESTACION SERVICIO SANTA TERE SA DE CV,PL/9589/EXP/ES/2015,,23.99,28.80,
2026-09-30,Occidente,Jalisco,Zapopan,,OPERADORA KINZA SA DE CV,PL/9585/EXP/ES/2015,,23.19,28.49,
2026-09-30,Occidente,Jalisco,Guadalajara,,SERVICIO MEZQUITE SA DE CV,PL/9584/EXP/ES/2015,,23.39,28.59,
2026-09-30,Occidente,Jalisco,Guadalajara,,SERVICIO MEZQUITE SA DE CV,PL/9582/EXP/ES/2015,,23.29,28.79,27.00
2026-09-30,Occidente,Jalisco,Guadalajara,,SERVICIO SAN MIGUEL DE MEZQUITAN SA DE CV,PL/9581/EXP/ES/2015,,23.35,28.29,
2026-09-30,Occidente,Jalisco,Magdalena,,COMBU-EXPRESS SA DE CV,PL/958/EXP/ES/2015,,23.99,29.99,27.49
2026-09-30,Occidente,Jalisco,Jocotepec,,COMBUSTIBLES PELAYO SA DE CV,PL/9569/EXP/ES/2015,,23.98,29.49,26.98
2026-09-30,Occidente,Jalisco,Zapopan,,SERVICIO PATRYBACH SA DE CV,PL/955/EXP/ES/2015,,23.99,29.98,
2026-09-30,Occidente,Jalisco,Guadalajara,,SERVICIO LUX SA DE CV,PL/9546/EXP/ES/2015,,24.00,29.50,
2026-09-30,Occidente,Jalisco,Tepatitlán de Morelos,,ALFONSO GONZALEZ GONZALEZ,PL/9532/EXP/ES/2015,,24.00,29.00,27.00
2026-09-30,Occidente,Jalisco,Jocotepec,,SERVICIO EL CHANTE SA DE CV,PL/9505/EXP/ES/2015,,23.99,29.79,26.99
2026-09-30,Occidente,Jalisco,Guadalajara,,PETROMAX SA DE CV,PL/9496/EXP/ES/2015,,24.59,29.99,26.99
2026-09-30,Occidente,Jalisco,Guadalajara,,GAS 4 ASOCIADOS SA DE CV,PL/9488/EXP/ES/2015,,23.99,29.40,
2026-09-30,Occidente,Jalisco,Puerto Vallarta,,GASOSERVICIO EXPRESS PATRIA SA DE CV,PL/9484/EXP/ES/2015,,23.99,29.59,27.00
2026-09-30,Occidente,Jalisco,Tuxcueca,,FERNANDO GARZA MAGAÑA,PL/9481/EXP/ES/2015,,23.98,29.49,26.98
2026-09-30,Occidente,Jalisco,Guadalajara,,COMBU-EXPRESS SA DE CV,PL/947/EXP/ES/2015,,23.99,29.59,27.00
2026-09-30,Occidente,Jalisco,Unión de San Antonio,,SERVICIO UNION A G SA DE CV,PL/9457/EXP/ES/2015,,23.99,29.74,26.99
2026-09-30,Occidente,Jalisco,El Salto,,GRUPO DE GASOLINEROS UNIDOS MI RIU SA DE CV,PL/9449/EXP/ES/2015,,22.99,28.69,26.99
2026-09-30,Occidente,Jalisco,Guadalajara,,ADVANCE GASOLINAS SA DE CV,PL/9440/EXP/ES/2015,,23.99,29.69,
2026-09-30,Occidente,Jalisco,Tlajomulco de Zúñiga,,GASOLINERA Y LUBRICANTES REAL DE COLIMA SA DE CV,PL/9429/EXP/ES/2015,,22.99,28.69,26.99
2026-09-30,Occidente,Jalisco,Guadalajara,,GRUPO OCTANO SA DE CV,PL/9414/EXP/ES/2015,,23.99,29.99,
2026-09-30,Occidente,Jalisco,Tonalá,,SERVICIO TONAGAS SA DE CV,PL/9402/EXP/ES/2015,,23.99,28.99,26.99
2026-09-30,Occidente,Jalisco,El Salto,,SERVICIO GASOLINERO AEROPUERTO SA DE CV,PL/9393/EXP/ES/2015,,23.60,29.45,26.99
2026-09-30,Occidente,Jalisco,Ocotlán,,ORGANIZACION LA LUNA SA DE CV,PL/9387/EXP/ES/2015,,23.99,29.99,27.00
2026-09-30,Occidente,Jalisco,Puerto Vallarta,,DISTRIBUIDORA Y COMERCIALIZADORA MERCANTIL DEL OCCIDENTE SA DE CV,PL/9379/EXP/ES/2015,,24.88,29.99,27.99
2026-09-30,Occidente,Jalisco,Tlajomulco de Zúñiga,,GASOLINERAS FAST DE OCCIDENTE S DE RL DE CV,PL/9375/EXP/ES/2015,,23.99,28.99,26.99
2026-09-30,Occidente,Jalisco,Tequila,,GASOLINERA EL SALVADOR SA DE CV,PL/9374/EXP/ES/2015,,24.29,29.99,28.29
2026-09-30,Occidente,Jalisco,El Arenal,,SERVICIOS GASOLINEROS DE MEXICO SA DE CV,PL/9373/EXP/ES/2015,,23.99,29.99,27.99
2026-09-30,Occidente,Jalisco,Zapopan,,GRUPO GASOLINERO SAMARA SA DE CV,PL/9369/EXP/ES/2015,,22.99,28.69,26.99
2026-09-30,Occidente,Jalisco,Cabo Corrientes,,GRUPO GASOLINERO SAMARA SA DE CV,PL/9368/EXP/ES/2015,,23.99,28.99,28.99
2026-09-30,Occidente,Jalisco,Bahía de Banderas,,GRUPO GASOLINERO SAMARA SA DE CV,PL/9360/EXP/ES/2015,,22.99,28.69,26.99
2026-09-30,Occidente,Jalisco,Tlajomulco de Zúñiga,,JORIMAR GASOLINEROS SA DE CV,PL/9351/EXP/ES/2015,,22.99,28.69,26.99
2026-09-30,Occidente,Jalisco,El Arenal,,ESTACION DE SERVICIO TERROGAS SA DE CV,PL/9350/EXP/ES/2015,,23.99,27.99,26.85
2026-09-30,Occidente,Jalisco,Tlaquepaque,,JORIMAR GASOLINEROS SA DE CV,PL/9349/EXP/ES/2015,,22.99,27.99,26.99
2026-09-30,Occidente,Jalisco,Tlajomulco de Zúñiga,,JORIMAR GASOLINEROS SA DE CV,PL/9346/EXP/ES/2015,,22.99,28.69,26.99
2026-09-30,Occidente,Jalisco,Tlaquepaque,,COMBUSTIBLES TRITON SA DE CV,PL/9340/EXP/ES/2015,,23.99,29.49,27.29
2026-09-30,Occidente,Jalisco,Juanacatlán,,GASOLINERA JUANACAXTLE SA DE CV,PL/9325/EXP/ES/2015,,23.99,29.49,27.00
2026-09-30,Occidente,Jalisco,Tlajomulco de Zúñiga,,VALCOOP Y ASOCIADOS SA DE CV,PL/9321/EXP/ES/2015,,23.80,28.59,26.99
2026-09-30,Occidente,Jalisco,Arandas,,SERVICIO NORAMA SA DE CV,PL/9311/EXP/ES/2015,,23.70,28.39,
2026-09-30,Occidente,Jalisco,Jocotepec,,BRANSLE S DE RL DE CV,PL/9296/EXP/ES/2015,,22.99,28.69,
2026-09-30,Occidente,Jalisco,Atotonilco el Alto,,SERVICIOS GASOLINEROS DE MEXICO SA DE CV,PL/9285/EXP/ES/2015,,23.99,29.99,27.00
2026-09-30,Occidente,Jalisco,Encarnación de Díaz,,GASOLINERIA SAN SEBASTIAN SA DE CV,PL/9284/EXP/ES/2015,,23.99,28.79,26.86
2026-09-30,Occidente,Jalisco,Zapotlán el Grande,,GRUPO OCTANO SA DE CV,PL/9276/EXP/ES/2015,,24.38,29.99,27.48
2026-09-30,Occidente,Jalisco,Zapotlán el Grande,,GRUPO OCTANO SA DE CV,PL/9275/EXP/ES/2015,,24.38,29.99,27.48
2026-09-30,Occidente,Jalisco,Zapotlán el Grande,,GRUPO OCTANO SA DE CV,PL/9274/EXP/ES/2015,,24.38,29.99,27.48
2026-09-30,Occidente,Jalisco,Zapotitlán de Vadillo,,GRUPO GAEXPO SA DE CV,PL/9259/EXP/ES/2015,,23.99,29.78,27.00
2026-09-30,Occidente,Jalisco,Poncitlán,,EL CALLEJON DE MORELOS SA DE CV,PL/9098/EXP/ES/2015,,23.85,29.55,26.96
2026-09-30,Occidente,Jalisco,Poncitlán,,SERVICIO CAMPOS SA DE CV,PL/9089/EXP/ES/2015,,23.85,29.55,26.96
2026-09-30,Occidente,Jalisco,Tlaquepaque,,GASOLINERA LA CAPACHA SA DE CV,PL/9071/EXP/ES/2015,,23.99,29.99,26.99
2026-09-30,Occidente,Jalisco,Sayula,,ENERGETICOS LA VALENTINA SA DE CV,PL/9025/EXP/ES/2015,,23.99,28.89,26.99
2026-09-30,Occidente,Jalisco,Tlajomulco de Zúñiga,,SERVICIOS ECOLOGICOS CHICHEN ITZA SA DE CV,PL/9010/EXP/ES/2015,,23.99,29.49,
2026-09-30,Occidente,Jalisco,Zapotlán del Rey,,JOSE JAIME CASTELLANOS FLORES,PL/8994/EXP/ES/2015,,23.99,29.79,27.00
2026-09-30,Occidente,Jalisco,San Juan de los Lagos,,LEOCADIO MACIAS MUÑOZ,PL/8992/EXP/ES/2015,,,28.49,26.98
2026-09-30,Occidente,Jalisco,Jocotepec,,ESTACION EL MOLINO DE ORO SA DE CV,PL/8989/EXP/ES/2015,,23.99,29.80,27.00
2026-09-30,Occidente,Jalisco,Zapopan,,ENERGIA FATIMA SA DE CV,PL/8982/EXP/ES/2015,,23.99,28.99,
2026-09-30,Occidente,Jalisco,Guadalajara,,SERVICIO LOS DELFINES SA DE CV,PL/8980/EXP/ES/2015,,23.79,28.59,26.99
2026-09-30,Occidente,Jalisco,Zapopan,,SERVICIO LOS DELFINES SA DE CV,PL/8978/EXP/ES/2015,,23.99,28.99,26.99
2026-09-30,Occidente,Jalisco,Tonalá,,AUTOSERVICIO TONALA SA DE CV,PL/8955/EXP/ES/2015,,23.99,29.99,26.99
2026-09-30,Occidente,Jalisco,Lagos de Moreno,,SERVICIO EL SAUZ AMARILLO AG SA DE CV,PL/8954/EXP/ES/2015,,23.99,28.99,
2026-09-30,Occidente,Jalisco,Arandas,,GASOLINERA INFONAVIT SA DE CV,PL/8944/EXP/ES/2015,,23.60,28.99,26.99
2026-09-30,Occidente,Jalisco,Guadalajara,,CORPORACION GASOLINERA MILLENIUM SA DE CV,PL/8938/EXP/ES/2015,,23.99,29.89,
2026-09-30,Occidente,Jalisco,Guadalajara,,CORPORACION GASOLINERA MILLENIUM SA DE CV,PL/8931/EXP/ES/2015,,22.99,27.99,
2026-09-30,Occidente,Jalisco,Guadalajara,,SERVICIO NUEVA ESPAÑA SA DE CV,PL/8910/EXP/ES/2015,,23.29,28.99,27.00
2026-09-30,Occidente,Jalisco,Zapopan,,COMBUSTIBLES ADITIVOS Y SERVICIOS MAGICOS S DE RL DE CV,PL/8908/EXP/ES/2015,,24.00,26.20,
2026-09-30,Occidente,Jalisco,Zapopan,,GASOLINERA PATRIA SA DE CV,PL/8906/EXP/ES/2015,,23.29,28.99,27.00
2026-09-30,Occidente,Jalisco,Encarnación de Díaz,,MULTISERVICIOS ESPECIALIZADOS MORITA SOCIEDAD ANONIMA DE CAPITAL VARIABLE,PL/8896/EXP/ES/2015,,23.97,28.79,26.99
2026-09-30,Occidente,Jalisco,Guadalajara,,INDUSTRIAS CEBRA SA DE CV,PL/873/EXP/ES/2015,,23.99,29.59,27.00
2026-09-30,Occidente,Jalisco,Encarnación de Díaz,,MULTISERVICIOS ESPECIALIZADOS MORITA SOCIEDAD ANONIMA DE CAPITAL VARIABLE,PL/8669/EXP/ES/2015,,23.97,,
2026-09-30,Occidente,Jalisco,Guadalajara,,IMPULSORA ENERGETICA SA DE CV,PL/8652/EXP/ES/2015,,23.49,28.89,26.99
2026-09-30,Occidente,Jalisco,Zapotlán el Grande,,SUPER SERVICIO JUMM SA DE CV,PL/8641/EXP/ES/2015,,24.00,29.88,27.00
2026-09-30,Occidente,Jalisco,Chapala,,COMBUSTIBLES DEL LAGO SA DE CV,PL/8631/EXP/ES/2015,,23.99,29.95,27.00
2026-09-30,Occidente,Jalisco,Chapala,,COMBUSTIBLES DEL LAGO SA DE CV,PL/8630/EXP/ES/2015,,23.99,29.95,
2026-09-30,Occidente,Jalisco,Tuxcacuesco,,SERVICIO LLANO EN LLAMAS SA DE CV,PL/8609/EXP/ES/2015,,24.25,29.99,27.29
2026-09-30,Occidente,Jalisco,Tolimán,,SERVICIO LLANO EN LLAMAS SA DE CV,PL/8607/EXP/ES/2015,,24.25,29.99,27.39
2026-09-30,Occidente,Jalisco,San Gabriel,,SERVICIO LLANO EN LLAMAS SA DE CV,PL/8602/EXP/ES/2015,,24.25,29.90,27.39
2026-09-30,Occidente,Jalisco,San Martín de Bolaños,,GASOLINERA CONDESA SA DE CV,PL/8592/EXP/ES/2015,,24.10,29.99,28.89
2026-09-30,Occidente,Jalisco,Puerto Vallarta,,GASOLINERA EL PITILLAL SA DE CV,PL/8573/EXP/ES/2015,,24.68,29.94,
2026-09-30,Occidente,Jalisco,Puerto Vallarta,,ENERGIA SAN RICARDO SA DE CV,PL/8572/EXP/ES/2015,,24.68,29.94,
2026-09-30,Occidente,Jalisco,La Manzanilla de la Paz,,GASOLINERA LA MANZANILLA SA DE CV,PL/8551/EXP/ES/2015,,24.00,29.98,26.99
2026-09-30,Occidente,Jalisco,El Salto,,SUPER SERVICIOS EL CASTILLO SA DE CV,PL/8532/EXP/ES/2015,,23.99,28.99,27.00
2026-09-30,Occidente,Jalisco,Tepatitlán de Morelos,,ESTACION PETRO3 SA DE CV,PL/8505/EXP/ES/2015,,23.99,29.24,27.24
2026-09-30,Occidente,Jalisco,Guadalajara,,AUTO EXPRESS CALZADA-PERIFERICO SA DE CV,PL/8486/EXP/ES/2015,,24.00,29.90,
2026-09-30,Occidente,Jalisco,Tonalá,,AUTOSERVICIOS AZTLAN SA DE CV,PL/8481/EXP/ES/2015,,23.83,29.28,27.00
2026-09-30,Occidente,Jalisco,Zapopan,,SERVICIOS Y COMBUSTIBLES TEPEYAC SA DE CV,PL/8397/EXP/ES/2015,,23.99,29.99,
2026-09-30,Occidente,Jalisco,Tuxcueca,,GRUPO ADYEHILA Y ASOCIADOS SA DE CV,PL/8393/EXP/ES/2015,,23.99,29.59,27.00
2026-09-30,Occidente,Jalisco,Zapotiltic,,SERVICIO VUELTA DEL ZAPOTE SA DE CV,PL/8392/EXP/ES/2015,,24.09,29.97,27.28
2026-09-30,Occidente,Jalisco,Puerto Vallarta,,ALFONSO COBIAN RAMIREZ,PL/8382/EXP/ES/2015,,24.95,30.75,27.00
2026-09-30,Occidente,Jalisco,Tlajomulco de Zúñiga,,GASEGURO SA DE CV,PL/8378/EXP/ES/2015,,23.99,29.90,
2026-09-30,Occidente,Jalisco,Mazamitla,,GASOSERVICIO MAZAMITLA SA DE CV,PL/8377/EXP/ES/2015,,23.99,29.99,26.99
2026-09-30,Occidente,Jalisco,Atotonilco el Alto,,GASOLINERIA SAN FRANCISCO DE ASIS SA DE CV,PL/8362/EXP/ES/2015,,23.99,29.45,27.00
2026-09-30,Occidente,Jalisco,Zapopan,,OTON ZAZUETA BELTRAN,PL/8342/EXP/ES/2015,,23.98,27.98,
2026-09-30,Occidente,Jalisco,Tlajomulco de Zúñiga,,SERVICIOS GASOLINEROS DE MEXICO SA DE CV,PL/8332/EXP/ES/2015,,23.99,29.99,27.99
2026-09-30,Occidente,Jalisco,Gómez Farías,,GASOLINERA LOS SAUCES DE LA COFRADIA SA DE CV,PL/8296/EXP/ES/2015,,23.99,29.80,27.00
2026-09-30,Occidente,Jalisco,Guadalajara,,GASOLINERA COLON SA DE CV,PL/828/EXP/ES/2015,,23.99,29.99,26.99
2026-09-30,Occidente,Jalisco,Tala,,SUPER SERVICIO LOS CAÑAVERALES SA DE CV,PL/8269/EXP/ES/2015,,23.99,29.30,27.00
2026-09-30,Occidente,Jalisco,Etzatlán,,SUPER SERVICIO 5 MINAS SA DE CV,PL/8265/EXP/ES/2015,,23.99,29.35,27.00
2026-09-30,Occidente,Jalisco,Tlajomulco de Zúñiga,,TLAJOGAS SA DE CV,PL/8261/EXP/ES/2015,,23.95,29.70,26.95
2026-09-30,Occidente,Jalisco,Guadalajara,,COMBU-EXPRESS SA DE CV,PL/825/EXP/ES/2015,,23.99,29.69,27.00
2026-09-30,Occidente,Jalisco,El Salto,,GASOLINERA EL CERRO CHATO SA DE CV,PL/8244/EXP/ES/2015,,24.00,29.99,27.00
2026-09-30,Occidente,Jalisco,Tonalá,,AUTOSERVICIO GASHR SA DE CV,PL/8148/EXP/ES/2015,,23.99,29.99,27.00
2026-09-30,Occidente,Jalisco,Tlaquepaque,,SERVICIO MARTIRES DEL TESORO S DE RL DE CV,PL/8041/EXP/ES/2015,,23.99,29.99,27.00
2026-09-30,Occidente,Jalisco,Tlajomulco de Zúñiga,,DELFINA ORTIZ REGALADO,PL/8032/EXP/ES/2015,,23.99,28.79,27.00
2026-09-30,Occidente,Jalisco,Casimiro Castillo,,OROFULL SA DE CV,PL/7953/EXP/ES/2015,,24.49,29.75,27.25
2026-09-30,Occidente,Jalisco,Guadalajara,,SM GAS PLUS SA DE CV,PL/7952/EXP/ES/2015,,23.99,29.19,
2026-09-30,Occidente,Jalisco,Tonalá,,SERVICIOS GASOLINEROS DE MEXICO SA DE CV,PL/7898/EXP/ES/2015,,24.99,29.99,
2026-09-30,Occidente,Jalisco,Tepatitlán de Morelos,,SERVICIO ACATIC SA DE CV,PL/7807/EXP/ES/2015,,23.98,,26.98
2026-09-30,Occidente,Jalisco,Acatic,,SERVICIO ACATIC SA DE CV,PL/7796/EXP/ES/2015,,23.98,28.95,26.98
2026-09-30,Occidente,Jalisco,Zapopan,,SERVICIO COLOTLAN EXPRESS SA DE CV,PL/7790/EXP/ES/2015,,23.99,29.29,26.99
2026-09-30,Occidente,Jalisco,Tonalá,,ENERGIA URBANA SA DE CV,PL/7775/EXP/ES/2015,,23.99,28.80,
2026-09-30,Occidente,Jalisco,Zapopan,,GASOLINERA MARTIN SA DE CV,PL/7773/EXP/ES/2015,,22.99,28.69,26.99
2026-09-30,Occidente,Jalisco,Zapopan,,SERVICIOS GASOLINEROS DE MEXICO SA DE CV,PL/7721/EXP/ES/2015,,23.99,29.99,
2026-09-30,Occidente,Jalisco,Ixtlahuacán del Río,,HIDROCARBUROS SAN ANTONIO SA DE CV,PL/7709/EXP/ES/2015,,24.49,,28.99
2026-09-30,Occidente,Jalisco,Lagos de Moreno,,COMERCIALIZADORA DE COMBUSTIBLES DE LOS ALTOS SA DE CV,PL/7686/EXP/ES/2015,,23.99,28.99,27.00
2026-09-30,Occidente,Jalisco,Lagos de Moreno,,COMERCIALIZADORA DE COMBUSTIBLES DE LOS ALTOS SA DE CV,PL/7685/EXP/ES/2015,,23.99,28.99,27.00
2026-09-30,Occidente,Jalisco,Tepatitlán de Morelos,,SERVICIO CARNICERITO S DE RL DE CV,PL/7682/EXP/ES/2015,,24.00,29.39,
2026-09-30,Occidente,Jalisco,Tepatitlán de Morelos,,SERVICIO CARNICERITO S DE RL DE CV,PL/7681/EXP/ES/2015,,24.00,29.39,27.39
2026-09-30,Occidente,Jalisco,Tepatitlán de Morelos,,GRUPO GASOLINERO ALVAREZ SA DE CV,PL/7635/EXP/ES/2015,,23.99,29.39,
2026-09-30,Occidente,Jalisco,Tapalpa,,SERVICIO ZZVV SA DE CV,PL/7631/EXP/ES/2015,,23.98,29.68,27.00
2026-09-30,Occidente,Jalisco,San Juan de los Lagos,,SERVICIOS PLATINO 2000 SA DE CV,PL/7630/EXP/ES/2015,,23.99,28.49,26.98
2026-09-30,Occidente,Jalisco,Puerto Vallarta,,ENERGIA CLAUDIA SA DE CV,PL/7629/EXP/ES/2015,,25.49,29.99,27.00
2026-09-30,Occidente,Jalisco,Villa Corona,,AUTOEXPRESS EL CRUCERO SANTA MARIA SA DE CV,PL/7628/EXP/ES/2015,,23.35,29.30,26.99
2026-09-30,Occidente,Jalisco,Atotonilco el Alto,,M. DOLORES GARCIA MORENO,PL/7622/EXP/ES/2015,,23.99,28.94,27.00
2026-09-30,Occidente,Jalisco,Zapopan,,COMBUSTIBLES AVIACION SA DE CV,PL/7619/EXP/ES/2015,,23.99,29.99,
2026-09-30,Occidente,Jalisco,Guadalajara,,GASOEXPRESS EL VERDE SA DE CV,PL/7617/EXP/ES/2015,,23.99,29.49,27.00
2026-09-30,Occidente,Jalisco,Tonalá,,HIDROCARBUROS  DE TONALA SA DE CV,PL/7614/EXP/ES/2015,,23.99,28.79,
2026-09-30,Occidente,Jalisco,Guadalajara,,SERVICIO LA PAZ SA DE CV,PL/7613/EXP/ES/2015,,23.99,29.90,28.00
2026-09-30,Occidente,Jalisco,San Martín Hidalgo,,AUTOEXPRESS EL CRUCERO SANTA MARIA SA DE CV,PL/7611/EXP/ES/2015,,24.00,29.35,27.00
2026-09-30,Occidente,Jalisco,Acatic,,ESTACION DE SERVICIO LOS 3 ENCINOS SA DE CV,PL/7609/EXP/ES/2015,,23.99,29.40,26.95
2026-09-30,Occidente,Jalisco,Talpa de Allende,,SERVICIO TALPA SA DE CV,PL/7606/EXP/ES/2015,,26.98,30.50,29.33
2026-09-30,Occidente,Jalisco,Ixtlahuacán de los Membrillos,,GASOLINERIA CORONA SA DE CV,PL/7601/EXP/ES/2015,,22.39,25.75,24.49
2026-09-30,Occidente,Jalisco,Ameca,,LUIS GUILLERMO BAUTISTA MARTINEZ,PL/7581/EXP/ES/2015,,23.99,29.95,27.99
2026-09-30,Occidente,Jalisco,Ameca,,LUIS GUILLERMO BAUTISTA MARTINEZ,PL/7577/EXP/ES/2015,,23.99,,27.99
2026-09-30,Occidente,Jalisco,Zapopan,,GASOLINERIA SERVICIO ZAPOPAN SA DE CV,PL/7523/EXP/ES/2015,,23.99,28.81,27.00
2026-09-30,Occidente,Jalisco,Guadalajara,,GASOJAL SA DE CV,PL/7514/EXP/ES/2015,,23.93,29.39,
2026-09-30,Occidente,Jalisco,Guadalajara,,SERVICIOS GASOLINEROS DE MEXICO SA DE CV,PL/7479/EXP/ES/2015,,23.99,,27.00
2026-09-30,Occidente,Jalisco,Guadalajara,,SERVICIOS GASOLINEROS DE MEXICO SA DE CV,PL/7475/EXP/ES/2015,,23.99,29.99,27.00
2026-09-30,Occidente,Jalisco,Tlajomulco de Zúñiga,,SERVICIOS GASOLINEROS DE MEXICO SA DE CV,PL/7473/EXP/ES/2015,,23.99,,27.00
2026-09-30,Occidente,Jalisco,El Salto,,SERVICIOS GASOLINEROS DE MEXICO SA DE CV,PL/7465/EXP/ES/2015,,23.99,,27.00
2026-09-30,Occidente,Jalisco,Tlajomulco de Zúñiga,,SERVICIOS GASOLINEROS DE MEXICO SA DE CV,PL/7464/EXP/ES/2015,,23.99,29.99,27.00
2026-09-30,Occidente,Jalisco,Tecolotlán,,ESTACION DE SERVICIO ALBA SA DE CV,PL/7457/EXP/ES/2015,,24.49,29.95,27.49
2026-09-30,Occidente,Jalisco,Tecolotlán,,ESTACION DE SERVICIO ALBA SA DE CV,PL/7454/EXP/ES/2015,,24.49,29.95,27.49
2026-09-30,Occidente,Jalisco,San Ignacio Cerro Gordo,,ENERGETICOS TEPAK SA DE CV,PL/7428/EXP/ES/2015,,23.99,28.55,27.00
2026-09-30,Occidente,Jalisco,Guadalajara,,SIMBA EXPRESS SA DE CV,PL/7363/EXP/ES/2015,,23.99,29.79,
2026-09-30,Occidente,Jalisco,Juchitlán,,JOSE DE JESUS RUESGA HERNANDEZ,PL/7300/EXP/ES/2015,,24.40,,27.40
2026-09-30,Occidente,Jalisco,Tepatitlán de Morelos,,JOSE LUIS ALVAREZ GONZALEZ,PL/7259/EXP/ES/2015,,23.99,29.39,
2026-09-30,Occidente,Jalisco,Santa María de los Ángeles,,ARMANDO GAETA LOERA,PL/7238/EXP/ES/2015,,24.00,29.00,27.60
2026-09-30,Occidente,Jalisco,Colotlán,,ARMANDO GAETA LOERA,PL/7237/EXP/ES/2015,,24.00,29.00,27.60
2026-09-30,Occidente,Jalisco,Tlaquepaque,,COMBUSTIBLES MARVIC SA DE CV,PL/7221/EXP/ES/2015,,23.59,28.49,26.99
2026-09-30,Occidente,Jalisco,Zapopan,,GASOLINEROS MEXICANOS SA DE CV,PL/7211/EXP/ES/2015,,23.99,28.80,
2026-09-30,Occidente,Jalisco,Tonila,,SERVICIO TONILA SA DE CV,PL/7207/EXP/ES/2015,,23.85,,27.00
2026-09-30,Occidente,Jalisco,Colotlán,,SERVICIOS MANA SA DE CV,PL/7199/EXP/ES/2015,,23.95,28.95,27.27
2026-09-30,Occidente,Jalisco,Jilotlán de los Dolores,,SERVICIO JILOTLAN SA DE CV,PL/7177/EXP/ES/2015,,24.30,,29.00
2026-09-30,Occidente,Jalisco,Tonalá,,SERVICIOS MARKOIL SA DE CV,PL/7155/EXP/ES/2015,,23.99,29.49,27.00
2026-09-30,Occidente,Jalisco,Villa Hidalgo,,SERVICIO SOTO ESQUEDA SA DE CV,PL/7152/EXP/ES/2015,,24.00,28.80,27.00
2026-09-30,Occidente,Jalisco,Tlajomulco de Zúñiga,,"SERVICIOS HERMANOS VACO, S.A. DE C.V.",PL/7148/EXP/ES/2015,,23.99,29.59,
2026-09-30,Occidente,Jalisco,Encarnación de Díaz,,SERVICIO RAMIREZ VILLALOBOS SA DE CV,PL/7146/EXP/ES/2015,,23.99,29.29,27.00
2026-09-30,Occidente,Jalisco,Zapopan,,GASOLINEROS MEXICANOS SA DE CV,PL/7137/EXP/ES/2015,,23.99,29.20,27.00
2026-09-30,Occidente,Jalisco,Lagos de Moreno,,SERVICIO EL REFUGIO DE LAGOS SA DE CV,PL/7120/EXP/ES/2015,,23.99,28.99,27.00
2026-09-30,Occidente,Jalisco,Tepatitlán de Morelos,,GASOLINERA VICAM SA DE CV,PL/7097/EXP/ES/2015,,23.99,28.99,26.99
2026-09-30,Occidente,Jalisco,Mascota,,SERVICIO SIERRA ESMERALDA SA DE CV,PL/7076/EXP/ES/2015,,26.99,31.99,30.09
2026-09-30,Occidente,Jalisco,San Martín Hidalgo,,VILLASEÑOR BARAJAS SA DE CV,PL/7063/EXP/ES/2015,,23.99,29.19,27.00
2026-09-30,Occidente,Jalisco,Tototlán,,GASOLINERIA LOS 19 HERMANOS SA DE CV,PL/7053/EXP/ES/2015,,23.99,29.99,27.57
2026-09-30,Occidente,Jalisco,Huejúcar,,DOROTEO DIAZ DIAZ,PL/7033/EXP/ES/2015,,24.00,28.66,27.00
2026-09-30,Occidente,Jalisco,Jalostotitlán,,SERVICIO SIGLO XXI S DE RL DE CV,PL/7026/EXP/ES/2015,,23.99,29.49,26.99
2026-09-30,Occidente,Jalisco,San Miguel el Alto,,SERVICIO SIGLO XXI S DE RL DE CV,PL/7025/EXP/ES/2015,,23.99,29.79,26.99
2026-09-30,Occidente,Jalisco,San Miguel el Alto,,SERVICIO SIGLO XXI S DE RL DE CV,PL/7024/EXP/ES/2015,,23.99,29.79,26.99
2026-09-30,Occidente,Jalisco,Zapopan,,SERVICIO SIGLO XXI S DE RL DE CV,PL/7023/EXP/ES/2015,,23.99,29.99,26.99
2026-09-30,Occidente,Jalisco,Huejuquilla el Alto,,SERVICIO LAMAS SA DE CV,PL/7016/EXP/ES/2015,,23.99,28.50,27.00
2026-09-30,Occidente,Jalisco,Tlajomulco de Zúñiga,,ENERGIA DAMARIS SA DE CV,PL/6959/EXP/ES/2015,,23.99,29.59,26.99
2026-09-30,Occidente,Jalisco,Zapopan,,ENERGIA SAN PABLO SA DE CV,PL/6952/EXP/ES/2015,,23.69,28.99,
2026-09-30,Occidente,Jalisco,El Arenal,,SERVICIO PONCE -  MEDINA SA DE CV,PL/6943/EXP/ES/2015,,23.99,29.45,27.58
2026-09-30,Occidente,Jalisco,Zapopan,,MIGUEL ZAZUETA BELTRAN,PL/6905/EXP/ES/2015,,23.98,28.90,
2026-09-30,Occidente,Jalisco,Tlajomulco de Zúñiga,,GASOLINEROS MEXICANOS SA DE CV,PL/6900/EXP/ES/2015,,23.99,29.79,27.00
2026-09-30,Occidente,Jalisco,Tapalpa,,J DONACIANO ZAMORA LOPEZ,PL/6895/EXP/ES/2015,,23.99,29.69,27.00
2026-09-30,Occidente,Jalisco,Zapopan,,GASOLINERA KUKULKAN SA DE CV,PL/6875/EXP/ES/2015,,23.99,29.89,
2026-09-30,Occidente,Jalisco,Ameca,,SERVICIOS ESPECIALIZADOS DEL VALLE DE AMECA SA DE CV,PL/6871/EXP/ES/2015,,24.00,29.95,27.99
2026-09-30,Occidente,Jalisco,Jesús María,,IGNACIO AYALA SALAZAR,PL/6863/EXP/ES/2015,,23.90,,27.00
2026-09-30,Occidente,Jalisco,Guadalajara,,FER-PETRO S DE RL DE CV,PL/6861/EXP/ES/2015,,23.99,29.00,
2026-09-30,Occidente,Jalisco,Zapopan,,SERVICIOS MOZA SA DE CV,PL/6819/EXP/ES/2015,,23.99,29.98,
2026-09-30,Occidente,Jalisco,Zapopan,,BECKTROP OPERADORA SA DE CV,PL/681/EXP/ES/2015,,23.99,29.99,26.99
2026-09-30,Occidente,Jalisco,Arandas,,GASOLINERA SANTA MARIA DEL VALLE SA DE CV,PL/6806/EXP/ES/2015,,23.99,27.87,27.45
2026-09-30,Occidente,Jalisco,Encarnación de Díaz,,KOPLA S DE RL DE CV,PL/6805/EXP/ES/2015,,23.99,,26.99
2026-09-30,Occidente,Jalisco,Tomatlán,,SERVICIO BAULOP SA DE CV,PL/6780/EXP/ES/2015,,23.99,29.45,27.49
2026-09-30,Occidente,Jalisco,Tomatlán,,SERVICIO BAULOP SA DE CV,PL/6778/EXP/ES/2015,,23.99,,27.49
2026-09-30,Occidente,Jalisco,Tomatlán,,SERVICIO COSTA NORTE DE JALISCO SA DE CV,PL/6776/EXP/ES/2015,,23.99,29.45,27.49
2026-09-30,Occidente,Jalisco,Tlajomulco de Zúñiga,,ENERGETICOS PLUS SA DE CV,PL/6771/EXP/ES/2015,,23.99,29.99,27.00
2026-09-30,Occidente,Jalisco,Guadalajara,,ENERGETICOS PLUS SA DE CV,PL/6769/EXP/ES/2015,,23.99,29.99,
2026-09-30,Occidente,Jalisco,Guadalajara,,ENERGETICOS PLUS SA DE CV,PL/6766/EXP/ES/2015,,23.99,29.99,
2026-09-30,Occidente,Jalisco,Zapopan,,CAJIVHE SA DE CV,PL/6752/EXP/ES/2015,,23.99,29.49,
2026-09-30,Occidente,Jalisco,Guadalajara,,SERVI EXPRESS OBLATOS SA DE CV,PL/6744/EXP/ES/2015,,23.99,29.99,
2026-09-30,Occidente,Jalisco,Guadalajara,,GASOLINERA CHAPALITA SA DE CV,PL/6736/EXP/ES/2015,,24.00,29.98,
2026-09-30,Occidente,Jalisco,Tonalá,,SERVICIOS GASOLINEROS DE MEXICO SA DE CV,PL/6735/EXP/ES/2015,,23.99,29.99,27.00
2026-09-30,Occidente,Jalisco,La Barca,,MA DEL CONSUELO VILLANUEVA SALAS,PL/6693/EXP/ES/2015,,23.99,29.90,27.90
2026-09-30,Occidente,Jalisco,Zapopan,,GASOLINA Y SERVICIOS QUINTA FEDERALISMO SA DE CV,PL/6666/EXP/ES/2015,,23.99,29.70,26.99
2026-09-30,Occidente,Jalisco,Tlaquepaque,,ENERGETICOS DEA SA DE CV,PL/6664/EXP/ES/2015,,23.99,29.70,26.99
2026-09-30,Occidente,Jalisco,San Juan de los Lagos,,HECTOR EDUARDO LEAL PALOS,PL/6646/EXP/ES/2015,,23.99,29.19,27.00
2026-09-30,Occidente,Jalisco,Guadalajara,,GASOLINERA ALEMANIA SA DE CV,PL/6642/EXP/ES/2015,,23.99,29.59,
2026-09-30,Occidente,Jalisco,Guadalajara,,SERVICIO PUREZA SA DE CV,PL/6634/EXP/ES/2015,,23.99,29.59,27.00
2026-09-30,Occidente,Jalisco,Tlaquepaque,,EXPRESERVICIO GASOLINAS SA DE CV,PL/6630/EXP/ES/2015,,23.89,28.99,
2026-09-30,Occidente,Jalisco,Tecalitlán,,GASOLINERIA TECALITLAN SA DE CV,PL/6625/EXP/ES/2015,,23.99,29.99,26.99
2026-09-30,Occidente,Jalisco,Poncitlán,,SUPER SERVICIO PONCITLAN SA DE CV,PL/6624/EXP/ES/2015,,23.99,29.89,26.99
2026-09-30,Occidente,Jalisco,Guadalajara,,MARTIN ALFONSO RUIZ GARCIA,PL/6623/EXP/ES/2015,,23.45,28.90,26.99
2026-09-30,Occidente,Jalisco,Zapopan,,SERVICIO PUERTO GUAYMAS SA DE CV,PL/6614/EXP/ES/2015,,23.99,23.89,
2026-09-30,Occidente,Jalisco,Chapala,,MARIA DEL CARMEN HERNANDEZ RUIZ,PL/6603/EXP/ES/2015,,23.85,29.51,27.00
2026-09-30,Occidente,Jalisco,Zapopan,,SERVICIOS ALCARAZ Y HERNANDEZ SA DE CV,PL/6506/EXP/ES/2015,,23.89,28.79,
2026-09-30,Occidente,Jalisco,Zapopan,,GASOLINERA LOS ROBLES SA DE CV,PL/6469/EXP/ES/2015,,23.99,29.50,26.99
2026-09-30,Occidente,Jalisco,San Juan de los Lagos,,SERVICIO PARO SA DE CV,PL/6456/EXP/ES/2015,,23.99,28.49,
2026-09-30,Occidente,Jalisco,Arandas,,ESTACION DE SERVICIO K2 SA DE CV,PL/6431/EXP/ES/2015,,23.98,29.71,27.47
2026-09-30,Occidente,Jalisco,Jocotepec,,ESTACION DE SERVICIO LA MOJONERA SA DE CV,PL/6393/EXP/ES/2015,,23.59,28.79,26.86
2026-09-30,Occidente,Jalisco,Guadalajara,,SUPERSERVICIO EL OBRERO SA DE CV,PL/6372/EXP/ES/2015,,23.99,29.45,
2026-09-30,Occidente,Jalisco,Guadalajara,,GASOLINERA LA 34 SA DE CV,PL/6371/EXP/ES/2015,,23.99,29.45,
2026-09-30,Occidente,Jalisco,Tlaquepaque,,GASOLINERA LAS LIEBRES SA DE CV,PL/6370/EXP/ES/2015,,23.99,29.45,26.99
2026-09-30,Occidente,Jalisco,Teocaltiche,,SERVICIO BELEN HERNANDEZ SA DE CV,PL/6368/EXP/ES/2015,,23.99,29.50,27.00
2026-09-30,Occidente,Jalisco,Zapotlán el Grande,,COMBUSTIBLES CARRETEROS CARCO SA DE CV,PL/6329/EXP/ES/2015,,24.00,29.99,27.59
2026-09-30,Occidente,Jalisco,Atotonilco el Alto,,BERTHA FUENTES OÑATE,PL/6314/EXP/ES/2015,,23.99,28.94,27.00
2026-09-30,Occidente,Jalisco,Tlajomulco de Zúñiga,,PETROMAX SA DE CV,PL/623/EXP/ES/2015,,24.49,29.99,
2026-09-30,Occidente,Jalisco,Zapopan,,GRUPO OCTANO SA DE CV,PL/618/EXP/ES/2015,,23.99,29.99,27.00
2026-09-30,Occidente,Jalisco,Encarnación de Díaz,,GASOLINERA LOS CRISTEROS SA DE CV,PL/6129/EXP/ES/2015,,23.99,28.79,26.99
2026-09-30,Occidente,Jalisco,Guadalajara,,RED NACIONAL DE COMBUSTIBLES Y SERVICIOS SA DE CV,PL/6122/EXP/ES/2015,,23.99,29.40,
2026-09-30,Occidente,Jalisco,San Juan de los Lagos,,GASOLINERA EL PAISA SA DE CV,PL/6120/EXP/ES/2015,,23.99,28.49,
2026-09-30,Occidente,Jalisco,Tonalá,,GASOLINERA BELIARJO SA DE CV,PL/6076/EXP/ES/2015,,23.99,29.49,26.99
2026-09-30,Occidente,Jalisco,Yahualica de González Gallo,,LIZARDE Y COMPAÑIA SA DE CV,PL/6054/EXP/ES/2015,,23.99,29.59,27.00
2026-09-30,Occidente,Jalisco,Atotonilco el Alto,,M LUISA SERRANO MENDEZ,PL/6046/EXP/ES/2015,,23.76,29.58,26.99
2026-09-30,Occidente,Jalisco,Mezquitic,,LEOPOLDO DE LA TORRE ROMERO,PL/6033/EXP/ES/2015,,24.00,29.30,27.00
2026-09-30,Occidente,Jalisco,Guadalajara,,ROBERTO CARDENAS GONZALEZ,PL/6024/EXP/ES/2015,,23.89,29.29,
2026-09-30,Occidente,Jalisco,Tlaquepaque,,GASOLINERIA LAS CONCHITAS SA DE CV,PL/6014/EXP/ES/2015,,23.99,29.45,26.99
2026-09-30,Occidente,Jalisco,Jocotepec,,AUTOSERVICIOS UNIDOS JOCOTEPEC SA DE CV,PL/5961/EXP/ES/2015,,23.98,29.49,26.98
2026-09-30,Occidente,Jalisco,Acatlán de Juárez,,COMBUSTIBLES EBANO SA DE CV,PL/5912/EXP/ES/2015,,23.99,29.49,27.00
2026-09-30,Occidente,Jalisco,Tepatitlán de Morelos,,SERVICIOS GASOLINEROS DE MEXICO SA DE CV,PL/5876/EXP/ES/2015,,23.99,29.99,27.00
2026-09-30,Occidente,Jalisco,Puerto Vallarta,,CARFLOR SA DE CV,PL/5869/EXP/ES/2015,,24.88,29.99,27.99
2026-09-30,Occidente,Jalisco,Tonalá,,GASOLINERA COYULA SA DE CV,PL/5856/EXP/ES/2015,,23.99,29.49,26.99
2026-09-30,Occidente,Jalisco,Tlaquepaque,,SERVICIO LAS CONCHITAS SA DE CV,PL/5855/EXP/ES/2015,,23.60,29.45,26.99
2026-09-30,Occidente,Jalisco,Tlajomulco de Zúñiga,,GASOLINERA EL ZAPOTE SA DE CV,PL/5854/EXP/ES/2015,,23.99,29.45,26.99
2026-09-30,Occidente,Jalisco,San Miguel el Alto,,LOZA GUTIERREZ SA DE CV,PL/5846/EXP/ES/2015,,23.99,29.48,27.00
2026-09-30,Occidente,Jalisco,Puerto Vallarta,,OPEQUIMAR SA DE CV,PL/5845/EXP/ES/2015,,23.99,28.69,
2026-09-30,Occidente,Jalisco,Poncitlán,,SERVICIOS GASOLINEROS DE MEXICO SA DE CV,PL/5840/EXP/ES/2015,,23.99,29.99,27.00
2026-09-30,Occidente,Jalisco,Tonalá,,GASOLINERA ZALATE SA DE CV,PL/5832/EXP/ES/2015,,23.55,29.49,26.98
2026-09-30,Occidente,Jalisco,Amatitán,,COMBUSTIBLES MODI SA DE CV,PL/5820/EXP/ES/2015,,23.99,29.59,29.59
2026-09-30,Occidente,Jalisco,Ocotlán,,SERVICIOS GASOLINEROS DE MEXICO SA DE CV,PL/5807/EXP/ES/2015,,23.99,29.99,27.00
2026-09-30,Occidente,Jalisco,Ojuelos de Jalisco,,ARMANDO PLASCENCIA ORTIZ,PL/5789/EXP/ES/2015,,23.99,29.49,27.00
2026-09-30,Occidente,Jalisco,Ojuelos de Jalisco,,SERVICIO PETROJUELOS SA DE CV,PL/5782/EXP/ES/2015,,23.99,29.49,27.00
2026-09-30,Occidente,Jalisco,Arandas,,RAUL ALVAREZ PEREZ,PL/5772/EXP/ES/2015,,23.70,28.39,27.00
2026-09-30,Occidente,Jalisco,Villa Corona,,SERVICIO VILLA CORONA SA DE CV,PL/5744/EXP/ES/2015,,23.24,28.61,26.85
2026-09-30,Occidente,Jalisco,Guadalajara,,SUPER SERVICIO CLAUDIA DE GUADALAJARA SA DE CV,PL/5733/EXP/ES/2015,,24.00,29.40,27.00
2026-09-30,Occidente,Jalisco,Tonalá,,SUPER SERVICIO CLAUDIA DE GUADALAJARA SA DE CV,PL/5732/EXP/ES/2015,,23.99,29.10,26.99
2026-09-30,Occidente,Jalisco,Tlajomulco de Zúñiga,,SUPER SERVICIO LA HACIENDA SA DE CV,PL/5728/EXP/ES/2015,,23.90,27.40,26.99
2026-09-30,Occidente,Jalisco,Tequila,,GASOLINERIA TEQUILA SA DE CV,PL/5724/EXP/ES/2015,,23.99,29.59,26.99
2026-09-30,Occidente,Jalisco,Tequila,,GASOLINERIA TEQUILA SA DE CV,PL/5719/EXP/ES/2015,,23.99,29.59,26.99
2026-09-30,Occidente,Jalisco,Ixtlahuacán del Río,,SERVICIOS GASOLINEROS DE MEXICO SA DE CV,PL/5711/EXP/ES/2015,,23.99,29.99,27.00
2026-09-30,Occidente,Jalisco,Ixtlahuacán del Río,,SERVICIOS GASOLINEROS DE MEXICO SA DE CV,PL/5708/EXP/ES/2015,,23.99,29.99,27.00
2026-09-30,Occidente,Jalisco,Zapopan,,SERVICIOS GASOLINEROS DE MEXICO SA DE CV,PL/5706/EXP/ES/2015,,23.99,29.99,27.00
2026-09-30,Occidente,Jalisco,Tlaquepaque,,ENERGETICOS PLUS SA DE CV,PL/5692/EXP/ES/2015,,23.99,29.99,27.00
2026-09-30,Occidente,Jalisco,Tlaquepaque,,GASOLINERA VISTA ALEGRE SA DE CV,PL/5691/EXP/ES/2015,,23.99,29.67,27.00
2026-09-30,Occidente,Jalisco,Guadalajara,,ENERGETICOS PLUS SA DE CV,PL/5690/EXP/ES/2015,,23.99,29.99,27.00
2026-09-30,Occidente,Jalisco,El Salto,,GASOLINERA EL CARRIL SA DE CV,PL/5680/EXP/ES/2015,,23.99,29.46,27.00
2026-09-30,Occidente,Jalisco,Zapotlanejo,,SERVICIO GASOLINERA ZAPOTLANEJO SA DE CV,PL/5675/EXP/ES/2015,,23.90,29.49,
2026-09-30,Occidente,Jalisco,Guadalajara,,GOMCOVI SA DE CV,PL/5665/EXP/ES/2015,,23.79,28.99,26.89
2026-09-30,Occidente,Jalisco,Tonalá,,EVERARDO CORONADO OROZCO,PL/5663/EXP/ES/2015,,23.99,29.49,27.00
2026-09-30,Occidente,Jalisco,Tlaquepaque,,FLECHA GRANA SA DE CV,PL/5660/EXP/ES/2015,,23.89,28.99,26.99
2026-09-30,Occidente,Jalisco,Jalostotitlán,,SERVICIOS SAN JOSE SA DE CV,PL/5655/EXP/ES/2015,,23.99,28.59,26.99
2026-09-30,Occidente,Jalisco,Tlajomulco de Zúñiga,,ESTACION DE SERVICIO NAPTE SA DE CV,PL/5649/EXP/ES/2015,,23.99,28.50,
2026-09-30,Occidente,Jalisco,Zapopan,,DARA SERVICIOS SA DE CV,PL/5648/EXP/ES/2015,,22.99,29.19,26.69
2026-09-30,Occidente,Jalisco,Autlán de Navarro,,CAÑAGAS AUTLAN SA DE CV,PL/5626/EXP/ES/2015,,24.39,29.78,27.30
2026-09-30,Occidente,Jalisco,Guadalajara,,ESTACION GDL EXPRESS SA DE CV,PL/5538/EXP/ES/2015,,23.75,29.50,27.00
2026-09-30,Occidente,Jalisco,Tepatitlán de Morelos,,ESTACION DE SERVICIO LA MANGA SA DE CV,PL/5530/EXP/ES/2015,,23.17,28.59,26.92
2026-09-30,Occidente,Jalisco,Tlaquepaque,,DERIVADORA DE COMBUSTIBLES IXTLAHUACAN SA DE CV,PL/5525/EXP/ES/2015,,23.99,29.45,26.99
2026-09-30,Occidente,Jalisco,Encarnación de Díaz,,MA JORGE HERNANDEZ OROPEZA,PL/5514/EXP/ES/2015,,23.99,29.80,27.00
2026-09-30,Occidente,Jalisco,Tonalá,,PETROMAX SA DE CV,PL/549/EXP/ES/2015,,24.49,29.99,
2026-09-30,Occidente,Jalisco,Tonalá,,PROMOTORA INTEGRACION URBANA SA DE CV,PL/5475/EXP/ES/2015,,23.69,29.29,26.99
2026-09-30,Occidente,Jalisco,Tlaquepaque,,PETROMAX SA DE CV,PL/546/EXP/ES/2015,,24.49,29.99,
2026-09-30,Occidente,Jalisco,Zapotiltic,,GASOLINERA ZAPOTILTIC SA DE CV,PL/5453/EXP/ES/2015,,24.39,29.88,27.69
2026-09-30,Occidente,Jalisco,Tonalá,,SERVICIO MATATLAN SA DE CV,PL/5450/EXP/ES/2015,,23.99,29.29,26.99
2026-09-30,Occidente,Jalisco,Jalostotitlán,,SERVICIOS SAN JOSE SA DE CV,PL/5438/EXP/ES/2015,,23.99,28.59,26.99
2026-09-30,Occidente,Jalisco,Tepatitlán de Morelos,,SERVICIOS SAN ALFONSO SA DE CV,PL/5429/EXP/ES/2015,,23.99,29.30,26.99
2026-09-30,Occidente,Jalisco,Zapopan,,SERVICIO TESISTAN SA DE CV,PL/5408/EXP/ES/2015,,23.99,28.99,26.99
2026-09-30,Occidente,Jalisco,Zapopan,,SERVICIO COLOTLAN EXPRESS SA DE CV,PL/5401/EXP/ES/2015,,23.99,28.99,26.99
2026-09-30,Occidente,Jalisco,Unión de San Antonio,,ANTONIO MUÑOZ GARCIA,PL/5396/EXP/ES/2015,,23.99,28.20,27.00
2026-09-30,Occidente,Jalisco,Zapopan,,SERVICIO TESCOGAS SA DE CV,PL/5384/EXP/ES/2015,,23.99,28.99,28.27
2026-09-30,Occidente,Jalisco,Cuquío,,ORGANIZACION LA LUNA SA DE CV,PL/5357/EXP/ES/2015,,23.99,29.99,27.00
2026-09-30,Occidente,Jalisco,Zapopan,,SERVICIO TESCOGAS SA DE CV,PL/5355/EXP/ES/2015,,23.99,28.99,26.99
2026-09-30,Occidente,Jalisco,Jamay,,COMBU-EXPRESS SA DE CV,PL/5352/EXP/ES/2015,,23.99,29.59,27.39
2026-09-30,Occidente,Jalisco,Zapopan,,SERVICIO CLOUTHIER PREMIER SA DE CV,PL/5343/EXP/ES/2015,,23.99,29.49,26.99
2026-09-30,Occidente,Jalisco,Puerto Vallarta,,GRUPO OCTANO SA DE CV,PL/534/EXP/ES/2015,,24.89,29.99,27.99
2026-09-30,Occidente,Jalisco,Puerto Vallarta,,ENERGIA SAN ERNESTO SA DE CV,PL/5333/EXP/ES/2015,,24.49,29.59,
2026-09-30,Occidente,Jalisco,Puerto Vallarta,,SERVICIO TORRES DIEZ SA DE CV,PL/5328/EXP/ES/2015,,24.49,29.59,27.49
2026-09-30,Occidente,Jalisco,Zapopan,,SERVICIO TORRES DIEZ SA DE CV,PL/5324/EXP/ES/2015,,23.99,29.49,26.99
2026-09-30,Occidente,Jalisco,Puerto Vallarta,,SERVICIO LOS POETAS SA DE CV,PL/5322/EXP/ES/2015,,24.49,29.59,27.49
2026-09-30,Occidente,Jalisco,Puerto Vallarta,,SERVICIO LAS PALMAS VALLARTA SA DE CV,PL/5313/EXP/ES/2015,,24.49,29.59,
2026-09-30,Occidente,Jalisco,Guadalajara,,GASOLINERA CRUZ DEL SUR SA DE CV,PL/5271/EXP/ES/2015,,23.89,29.29,
2026-09-30,Occidente,Jalisco,El Grullo,,SUPER SERVICIO LA ESPERANZA SA DE CV,PL/5247/EXP/ES/2015,,24.49,29.99,27.50
2026-09-30,Occidente,Jalisco,Zapopan,,COMERCIALIZADORA BOSQUES SA DE CV,PL/5193/EXP/ES/2015,,23.99,29.49,26.99
2026-09-30,Occidente,Jalisco,Tlajomulco de Zúñiga,,PETROMAX SA DE CV,PL/518/EXP/ES/2015,,24.59,29.99,
2026-09-30,Occidente,Jalisco,Tala,,ANTONIO FRANCO ARELLANO,PL/5177/EXP/ES/2015,,24.00,30.00,27.00
2026-09-30,Occidente,Jalisco,Puerto Vallarta,,SERVICIO IBSOM SA DE CV,PL/5175/EXP/ES/2015,,24.49,29.49,27.99
2026-09-30,Occidente,Jalisco,Villa Guerrero,,GASOLINERA VILLA GUERRERO SA DE CV,PL/5174/EXP/ES/2015,,23.99,29.00,27.46
2026-09-30,Occidente,Jalisco,Totatiche,,SERVICIO SANDOVAL SA DE CV,PL/5171/EXP/ES/2015,,23.99,29.00,27.00
2026-09-30,Occidente,Jalisco,Tlajomulco de Zúñiga,,PETROMAX SA DE CV,PL/512/EXP/ES/2015,,24.49,29.99,
2026-09-30,Occidente,Jalisco,Guadalajara,,SERVICIO LOVEGO SA DE CV,PL/5107/EXP/ES/2015,,23.98,29.79,26.99
2026-09-30,Occidente,Jalisco,Guadalajara,,GASOLINERA LAS AMERICAS SA DE CV,PL/5105/EXP/ES/2015,,23.95,29.70,
2026-09-30,Occidente,Jalisco,Mascota,,SERVICIO MASCOTA SA DE CV,PL/5092/EXP/ES/2015,,23.99,30.65,26.99
2026-09-30,Occidente,Jalisco,Guadalajara,,DESPACHADORA ABASTOS DE JALISCO S DE RL DE CV,PL/5083/EXP/ES/2015,,23.99,29.79,26.99
2026-09-30,Occidente,Jalisco,Puerto Vallarta,,GRUPO OCTANO SA DE CV,PL/508/EXP/ES/2015,,24.89,29.99,
2026-09-30,Occidente,Jalisco,Guadalajara,,DESPACHADORA ABASTOS DE JALISCO S DE RL DE CV,PL/5079/EXP/ES/2015,,23.99,29.49,26.99
2026-09-30,Occidente,Jalisco,Acatic,,MARIA GUADALUPE CARBAJAL RIVERA,PL/5078/EXP/ES/2015,,23.99,28.89,26.85
2026-09-30,Occidente,Jalisco,Unión de Tula,,UNION CASMO S DE RL DE CV,PL/5063/EXP/ES/2015,,24.49,29.96,27.49
2026-09-30,Occidente,Jalisco,Zapopan,,ESTACION DE SERVICIO PLEYADES SA DE CV,PL/5055/EXP/ES/2015,,23.99,29.99,
2026-09-30,Occidente,Jalisco,Tonaya,,GRUPO OCTANO SA DE CV,PL/505/EXP/ES/2015,,24.99,29.99,27.29
2026-09-30,Occidente,Jalisco,El Grullo,,GRUPO OCTANO SA DE CV,PL/504/EXP/ES/2015,,24.99,29.99,27.49
2026-09-30,Occidente,Jalisco,Zapopan,,GRUPO OCTANO SA DE CV,PL/503/EXP/ES/2015,,23.99,29.99,
2026-09-30,Occidente,Jalisco,Guadalajara,,ESTACION DE SERVICIO COLON SA DE CV,PL/4869/EXP/ES/2015,,23.98,28.98,
2026-09-30,Occidente,Jalisco,Tlajomulco de Zúñiga,,GASOLINERA CUESCO SA DE CV,PL/4868/EXP/ES/2015,,23.99,29.50,26.99
2026-09-30,Occidente,Jalisco,Guadalajara,,GASOLINERA GIGANTES SA DE CV,PL/4819/EXP/ES/2015,,22.99,27.99,26.99
2026-09-30,Occidente,Jalisco,Guadalajara,,SERVICIO LAUREL SA DE CV,PL/4816/EXP/ES/2015,,23.99,29.99,
2026-09-30,Occidente,Jalisco,Guadalajara,,DEMETRIO CUEVAS SANCHEZ,PL/4809/EXP/ES/2015,,23.99,29.59,
2026-09-30,Occidente,Jalisco,Tlajomulco de Zúñiga,,GRUPO SULUMA SA DE CV,PL/4806/EXP/ES/2015,,,29.40,27.00
2026-09-30,Occidente,Jalisco,Tala,,COMBUSTIBLES DANFE SA DE CV,PL/4789/EXP/ES/2015,,24.00,30.00,27.00
2026-09-30,Occidente,Jalisco,Tlaquepaque,,ESTACION PETROMEX SA DE CV,PL/4753/EXP/ES/2015,,23.99,29.90,26.98
2026-09-30,Occidente,Jalisco,Zapopan,,PETROMAX SA DE CV,PL/465/EXP/ES/2015,,24.49,29.99,
2026-09-30,Occidente,Jalisco,San Sebastián del Oeste,,COMBUSTIBLES SAN SEBASTIAN SA DE CV,PL/4620/EXP/ES/2015,,24.99,29.99,29.40
2026-09-30,Occidente,Jalisco,Guadalajara,,GASOLINERA DE LA VICTORIA SA,PL/4579/EXP/ES/2015,,23.99,29.44,27.00
2026-09-30,Occidente,Jalisco,Unión de Tula,,UNION CASMO S DE RL DE CV,PL/4561/EXP/ES/2015,,24.49,29.96,27.49
2026-09-30,Occidente,Jalisco,Zapopan,,SERVICIO LA CORONELA S.A. DE C.V.,PL/4560/EXP/ES/2015,,24.09,29.89,
2026-09-30,Occidente,Jalisco,Arandas,,GASOLINERA ARANDAS SA DE CV,PL/4537/EXP/ES/2015,,23.99,28.99,27.00
2026-09-30,Occidente,Jalisco,Tonalá,,PETROMAX SA DE CV,PL/452/EXP/ES/2015,,24.59,29.99,
2026-09-30,Occidente,Jalisco,Tlajomulco de Zúñiga,,JOSE LUIS IBARRA NAVARRO,PL/4506/EXP/ES/2015,,23.79,28.69,26.98
2026-09-30,Occidente,Jalisco,Tonalá,,GASOLINERA SAN GASPAR SA DE CV,PL/4503/EXP/ES/2015,,23.69,29.39,27.00
2026-09-30,Occidente,Jalisco,El Arenal,,SIMBA EXPRESS SA DE CV,PL/4501/EXP/ES/2015,,23.99,29.79,26.97
2026-09-30,Occidente,Jalisco,Juanacatlán,,GASOLINERA JUANACATLAN SA DE CV,PL/4444/EXP/ES/2015,,23.99,29.46,27.00
2026-09-30,Occidente,Jalisco,San Martín Hidalgo,,MARIA ENGRACIA ROSAS ZEPEDA,PL/4443/EXP/ES/2015,,24.00,29.70,27.00
2026-09-30,Occidente,Jalisco,Zapotlanejo,,ESTACION DE SERVICIO LA FAVORITA SA DE CV,PL/4354/EXP/ES/2015,,23.99,29.18,26.99
2026-09-30,Occidente,Jalisco,Tototlán,,SERVICIO EL PIMO SA DE CV,PL/4350/EXP/ES/2015,,23.99,29.89,26.99
2026-09-30,Occidente,Jalisco,Puerto Vallarta,,COMBUSTIBLES DE LA BAHIA SA DE CV,PL/4348/EXP/ES/2015,,24.88,29.99,27.99
2026-09-30,Occidente,Jalisco,Puerto Vallarta,,COMBUSTIBLES DE LA BAHIA SA DE CV,PL/4347/EXP/ES/2015,,24.88,29.99,
2026-09-30,Occidente,Jalisco,Puerto Vallarta,,COMBUSTIBLES DE LA BAHIA SA DE CV,PL/4346/EXP/ES/2015,,24.88,29.99,27.99
2026-09-30,Occidente,Jalisco,Puerto Vallarta,,COMBUSTIBLES DE LA BAHIA SA DE CV,PL/4345/EXP/ES/2015,,24.88,29.99,27.99
2026-09-30,Occidente,Jalisco,Puerto Vallarta,,DISTRIBUIDORA Y COMERCIALIZADORA MERCANTIL DEL OCCIDENTE SA DE CV,PL/4343/EXP/ES/2015,,24.88,29.99,27.99
2026-09-30,Occidente,Jalisco,Puerto Vallarta,,DISTRIBUIDORA Y COMERCIALIZADORA MERCANTIL DEL OCCIDENTE SA DE CV,PL/4336/EXP/ES/2015,,24.88,29.99,27.99
2026-09-30,Occidente,Jalisco,Guadalajara,,ESTACION DE SERVICIO MONTE DE LA VIRGEN SA DE CV,PL/4324/EXP/ES/2015,,23.99,29.59,26.99
2026-09-30,Occidente,Jalisco,Tlajomulco de Zúñiga,,GAS VAGA SA DE CV,PL/4298/EXP/ES/2015,,22.99,26.99,27.99
2026-09-30,Occidente,Jalisco,Puerto Vallarta,,DISTRIBUIDORA Y COMERCIALIZADORA MERCANTIL DEL OCCIDENTE SA DE CV,PL/4286/EXP/ES/2015,,24.88,29.99,
2026-09-30,Occidente,Jalisco,Jamay,,GASOLINERA CASILLAS S DE RL DE CV,PL/4282/EXP/ES/2015,,23.48,28.88,26.77
2026-09-30,Occidente,Jalisco,Ocotlán,,JUAN MANUEL CHAVEZ RAMIREZ,PL/4257/EXP/ES/2015,,,29.99,
2026-09-30,Occidente,Jalisco,Puerto Vallarta,,GRUPO OCTANO SA DE CV,PL/421/EXP/ES/2015,,24.89,29.99,27.99
2026-09-30,Occidente,Jalisco,Tamazula de Gordiano,,GASOLINERA LA CENTRAL DE TAMAZULA SA DE CV,PL/4209/EXP/ES/2015,,23.99,29.48,27.00
2026-09-30,Occidente,Jalisco,Etzatlán,,OPERADORA PANAMERICANA DEL SUR SA DE CV,PL/4199/EXP/ES/2015,,23.98,29.25,26.89
2026-09-30,Occidente,Jalisco,Zapopan,,GRUPO OCTANO SA DE CV,PL/419/EXP/ES/2015,,23.99,29.99,27.00
2026-09-30,Occidente,Jalisco,Zapopan,,DESPACHADORA ABASTOS DE JALISCO S DE RL DE CV,PL/4182/EXP/ES/2015,,23.99,29.49,26.99
2026-09-30,Occidente,Jalisco,Zapopan,,GRUPO OCTANO SA DE CV,PL/418/EXP/ES/2015,,23.99,29.99,27.00
2026-09-30,Occidente,Jalisco,Casimiro Castillo,,ESTACION DE SERVICIO BAHIA TENACATITA SA DE CV,PL/4178/EXP/ES/2015,,24.00,29.80,27.00
2026-09-30,Occidente,Jalisco,Tlaquepaque,,SERVICIO J Y J SA DE CV,PL/4169/EXP/ES/2015,,23.99,29.89,27.00
2026-09-30,Occidente,Jalisco,Tlaquepaque,,SIMBA EXPRESS SA DE CV,PL/4109/EXP/ES/2015,,23.99,29.79,
2026-09-30,Occidente,Jalisco,Guadalajara,,PASEO BOHEMIO SA DE CV,PL/4108/EXP/ES/2015,,23.99,29.79,
2026-09-30,Occidente,Jalisco,Puerto Vallarta,,FLOGAS SA DE CV,PL/4102/EXP/ES/2015,,24.88,29.99,27.99
2026-09-30,Occidente,Jalisco,Puerto Vallarta,,FLOGAS SA DE CV,PL/4100/EXP/ES/2015,,24.88,29.99,27.99
2026-09-30,Occidente,Jalisco,Puerto Vallarta,,FLOGAS SA DE CV,PL/4098/EXP/ES/2015,,24.88,29.99,27.99
2026-09-30,Occidente,Jalisco,Puerto Vallarta,,COMBUSTIBLES LAS GLORIAS SA DE CV,PL/4088/EXP/ES/2015,,24.88,29.99,
2026-09-30,Occidente,Jalisco,Guadalajara,,BIELISHEIDA NATALIA MENDEZ QUEZADA,PL/4045/EXP/ES/2015,,22.99,27.99,
2026-09-30,Occidente,Jalisco,Puerto Vallarta,,GRUPO ALTAMIRANO MONROY SA DE CV,PL/4006/EXP/ES/2015,,24.60,29.90,
2026-09-30,Occidente,Jalisco,Cocula,,COMBUSTIBLES DE COCULA SA DE CV,PL/3983/EXP/ES/2015,,23.99,29.49,27.00
2026-09-30,Occidente,Jalisco,Ayutla,,DISTRIBUIDORA DE ACEITES Y COMBUSTIBLES DE AYUTLA SA DE CV,PL/3950/EXP/ES/2015,,24.00,29.90,27.00
2026-09-30,Occidente,Jalisco,Tepatitlán de Morelos,,GRUPO GASOLINERO ALCI SA DE CV,PL/3862/EXP/ES/2015,,23.99,28.90,27.25
2026-09-30,Occidente,Jalisco,Tepatitlán de Morelos,,GRUPO JGJ-LUAN SA DE CV,PL/3861/EXP/ES/2015,,23.99,29.49,26.99
2026-09-30,Occidente,Jalisco,Poncitlán,,COMBU-EXPRESS SA DE CV,PL/386/EXP/ES/2015,,23.99,29.89,27.79
2026-09-30,Occidente,Jalisco,Encarnación de Díaz,,GASOLINERA EL TECUAN SA DE CV,PL/3829/EXP/ES/2015,,23.95,28.92,26.99
2026-09-30,Occidente,Jalisco,Zapopan,,MULTISERVICIOS 511 SA DE CV,PL/3788/EXP/ES/2015,,23.99,28.99,27.00
2026-09-30,Occidente,Jalisco,San Martín Hidalgo,,GERMAN RAMIREZ ROSAS,PL/3755/EXP/ES/2015,,24.00,29.70,27.00
2026-09-30,Occidente,Jalisco,El Salto,,GASOLINERA LOLITA SA DE CV,PL/3747/EXP/ES/2015,,23.99,29.39,27.00
2026-09-30,Occidente,Jalisco,Tlajomulco de Zúñiga,,MULTISERVICIOS GASOLINEROS LUNA SA DE CV,PL/3733/EXP/ES/2015,,23.99,29.49,27.00
2026-09-30,Occidente,Jalisco,Tlajomulco de Zúñiga,,AUTOSERVICIO GASOLINERO HACIENDA SANTA FE SA DE CV,PL/3702/EXP/ES/2015,,23.99,29.49,27.00
2026-09-30,Occidente,Jalisco,El Salto,,ESTACION DE SERVICIO ZERBA SA DE CV,PL/3700/EXP/ES/2015,,23.99,29.50,26.85
2026-09-30,Occidente,Jalisco,Tlaquepaque,,ESTACION DE SERVICIO BETA SA DE CV,PL/3699/EXP/ES/2015,,23.99,27.99,26.85
2026-09-30,Occidente,Jalisco,Guadalajara,,ESTACION DE SERVICIO VB SA DE CV,PL/3689/EXP/ES/2015,,23.99,29.89,26.92
2026-09-30,Occidente,Jalisco,Lagos de Moreno,,GRUPO AGUILARIOS SA DE CV,PL/3670/EXP/ES/2015,,23.99,29.59,27.00
2026-09-30,Occidente,Jalisco,Lagos de Moreno,,SERVICIO LOMA DE LAGOS SA DE CV,PL/3649/EXP/ES/2015,,23.99,28.99,27.00
2026-09-30,Occidente,Jalisco,Guadalajara,,GASOLINERIA ZEUS SA DE CV,PL/3627/EXP/ES/2015,,23.99,29.99,
2026-09-30,Occidente,Jalisco,Guadalajara,,AUTOGAS ALEMANIA SA DE CV,PL/3625/EXP/ES/2015,,23.99,29.69,
2026-09-30,Occidente,Jalisco,La Barca,,SERVICIOS GASOLINEROS DE MEXICO SA DE CV,PL/3577/EXP/ES/2015,,23.99,29.99,27.00
2026-09-30,Occidente,Jalisco,El Salto,,SERVICIOS GASOLINEROS DE MEXICO SA DE CV,PL/3574/EXP/ES/2015,,23.99,29.99,27.00
2026-09-30,Occidente,Jalisco,Tlaquepaque,,GASOLINERA DIECIOCHO DE MARZO SA,PL/3486/EXP/ES/2015,,23.99,29.50,27.50
2026-09-30,Occidente,Jalisco,Tlaquepaque,,BECKTROP GDL SA DE CV,PL/3485/EXP/ES/2015,,23.99,29.79,26.99
2026-09-30,Occidente,Jalisco,Tlaquepaque,,PRESTIGIO Y SOLVENCIA SA DE CV,PL/3478/EXP/ES/2015,,23.99,29.90,
2026-09-30,Occidente,Jalisco,Guadalajara,,SERVIEXPRESS ECOLOGICO SA DE CV,PL/3476/EXP/ES/2015,,23.98,29.97,
2026-09-30,Occidente,Jalisco,Guadalajara,,BECKTROP GDL SA DE CV,PL/3475/EXP/ES/2015,,23.99,29.49,26.99
2026-09-30,Occidente,Jalisco,Guadalajara,,SERVICIO INDIANAPOLIS SA DE CV,PL/3364/EXP/ES/2015,,23.79,28.29,27.00
2026-09-30,Occidente,Jalisco,Guadalajara,,BECKTROP GDL SA DE CV,PL/3229/EXP/ES/2015,,23.99,29.49,
2026-09-30,Occidente,Jalisco,Yahualica de González Gallo,,SOCORRO RUVALCABA RODRIGUEZ,PL/3221/EXP/ES/2015,,23.99,29.59,27.00
2026-09-30,Occidente,Jalisco,Atotonilco el Alto,,GASO CONTROL INTEGRAL DOS SA DE CV,PL/3174/EXP/ES/2015,,23.80,28.80,27.45
2026-09-30,Occidente,Jalisco,Lagos de Moreno,,GRUPO GASOLINERO LAGOS SA DE CV,PL/3161/EXP/ES/2015,,23.99,28.99,27.00
2026-09-30,Occidente,Jalisco,Lagos de Moreno,,SERVICIO CAPUCHINAS SA DE CV,PL/3160/EXP/ES/2015,,23.99,28.99,
2026-09-30,Occidente,Jalisco,Jesús María,,RAUL ALVAREZ PEREZ,PL/3153/EXP/ES/2015,,23.70,28.39,27.00
2026-09-30,Occidente,Jalisco,Guadalajara,,SERVICIO NIÑOS HEROES SA DE CV,PL/3131/EXP/ES/2015,,23.99,,27.00
2026-09-30,Occidente,Jalisco,Zapopan,,NOVOGAS GUADALAJARA VALLARTA SA DE CV,PL/3123/EXP/ES/2015,,23.99,29.28,
2026-09-30,Occidente,Jalisco,Gómez Farías,,EPITACIO SANTOS CHAVEZ,PL/3117/EXP/ES/2015,,23.99,29.80,27.00
2026-09-30,Occidente,Jalisco,Tlaquepaque,,INVERSERVICIOS EN GASOLINERAS SA DE CV,PL/3107/EXP/ES/2015,,23.99,29.99,
2026-09-30,Occidente,Jalisco,Guadalajara,,SIMBA EXPRESS SA DE CV,PL/3098/EXP/ES/2015,,23.99,29.79,
2026-09-30,Occidente,Jalisco,Tonalá,,GASOLINERIA SANTA RITA SA DE CV,PL/3058/EXP/ES/2015,,23.99,28.99,
2026-09-30,Occidente,Jalisco,Tlaquepaque,,ENERGETICOS PLUS SA DE CV,PL/3052/EXP/ES/2015,,23.99,29.99,27.00
2026-09-30,Occidente,Jalisco,La Barca,,SERVICIOS ECOLOGICOS DE ESCARCEGA SA DE CV,PL/3017/EXP/ES/2015,,23.89,,27.00
2026-09-30,Occidente,Jalisco,Zapopan,,ENERGETICOS PLUS SA DE CV,PL/3004/EXP/ES/2015,,23.99,29.99,
2026-09-30,Occidente,Jalisco,Guadalajara,,DISTRIBUIDORA DE COMBUSTIBLES MAZATL SA DE CV,PL/2991/EXP/ES/2015,,23.99,28.99,
2026-09-30,Occidente,Jalisco,Guadalajara,,COMBUSTIBLES ALCE SA DE CV,PL/2977/EXP/ES/2015,,23.99,28.99,27.00
2026-09-30,Occidente,Jalisco,Lagos de Moreno,,GRUPO CESCO DE LOS ALTOS SA DE CV,PL/2974/EXP/ES/2015,,23.99,28.99,27.00
2026-09-30,Occidente,Jalisco,Tala,,SUPERSERVICIO TALA SA DE CV,PL/2947/EXP/ES/2015,,23.99,28.99,26.99
2026-09-30,Occidente,Jalisco,Guadalajara,,GASOLINEROS MEXICANOS SA DE CV,PL/2935/EXP/ES/2015,,23.99,29.45,
2026-09-30,Occidente,Jalisco,Ixtlahuacán del Río,,GASOLINERA BARAJAS SA DE CV,PL/2927/EXP/ES/2015,,23.99,29.90,27.50
2026-09-30,Occidente,Jalisco,Guadalajara,,GASOLINERA FELIPE ANGELES SA,PL/2923/EXP/ES/2015,,23.95,29.50,
2026-09-30,Occidente,Jalisco,Guadalajara,,GASOLINERA JALISCO SA DE CV,PL/2920/EXP/ES/2015,,23.99,28.99,
2026-09-30,Occidente,Jalisco,Guadalajara,,CONSORCIO DEL PINAR SA DE CV,PL/2887/EXP/ES/2015,,23.99,27.99,26.85
2026-09-30,Occidente,Jalisco,Tonalá,,GASOLINERA ZALATITAN SA DE CV,PL/2886/EXP/ES/2015,,24.00,29.99,27.00
2026-09-30,Occidente,Jalisco,Cihuatlán,,COMBU-EXPRESS SA DE CV,PL/2881/EXP/ES/2015,,23.99,28.94,27.00
2026-09-30,Occidente,Jalisco,El Grullo,,COMBU-EXPRESS SA DE CV,PL/2880/EXP/ES/2015,,24.49,29.89,27.50
2026-09-30,Occidente,Jalisco,Tlaquepaque,,SERVICIO AUTOPISTA SA DE CV,PL/2875/EXP/ES/2015,,23.99,29.99,26.99
2026-09-30,Occidente,Jalisco,Zapopan,,COMBUSTIBLES Y LUBRICANTES SALTILLO SA DE CV,PL/2849/EXP/ES/2015,,23.99,29.49,27.00
2026-09-30,Occidente,Jalisco,Guadalajara,,SERVICIO LA NOGALERA SA DE CV,PL/2848/EXP/ES/2015,,23.99,29.49,26.99
2026-09-30,Occidente,Jalisco,Tonalá,,HECTOR RAMON MARTINEZ RAMIREZ,PL/2841/EXP/ES/2015,,23.99,29.10,26.95
2026-09-30,Occidente,Jalisco,Tlaquepaque,,PETROMAX SA DE CV,PL/2834/EXP/ES/2015,,23.99,29.99,27.49
2026-09-30,Occidente,Jalisco,Zapopan,,SERVICIO INDUSTRIAL DE ZAPOPAN SA DE CV,PL/2832/EXP/ES/2015,,23.70,29.30,
2026-09-30,Occidente,Jalisco,Guadalajara,,SERVICIO ANDRADE SA DE CV,PL/2828/EXP/ES/2015,,23.99,29.49,27.00
2026-09-30,Occidente,Jalisco,Tonalá,,SERVICIOS GASOLINEROS DE MEXICO SA DE CV,PL/2826/EXP/ES/2015,,23.99,,25.98
2026-09-30,Occidente,Jalisco,Villa Hidalgo,,EL ALTO ESTACION DE SERVICIO S DE RL DE CV,PL/2825/EXP/ES/2015,,24.00,29.20,27.00
2026-09-30,Occidente,Jalisco,Lagos de Moreno,,SERVICIOS INTEGRALES MACRO SA DE CV,PL/2817/EXP/ES/2015,,23.99,29.60,
2026-09-30,Occidente,Jalisco,Zapotlán del Rey,,SERVICIOS BERNALDEZ SA DE CV,PL/2807/EXP/ES/2015,,23.99,29.79,27.00
2026-09-30,Occidente,Jalisco,Guadalajara,,GASOLINERA SAN GERARDO SA DE CV,PL/2805/EXP/ES/2015,,23.99,28.99,26.99
2026-09-30,Occidente,Jalisco,Tlaquepaque,,INVERSERVICIOS EN GASOLINERAS SA DE CV,PL/2783/EXP/ES/2015,,24.00,29.99,
2026-09-30,Occidente,Jalisco,Tomatlán,,SERVICIO PARAISO ALEGRE SA DE CV,PL/2750/EXP/ES/2015,,23.99,29.45,27.45
2026-09-30,Occidente,Jalisco,Guadalajara,,BECKTROP GDL SA DE CV,PL/2721/EXP/ES/2015,,23.99,29.49,
2026-09-30,Occidente,Jalisco,Guadalajara,,PRACOP SA DE CV,PL/2701/EXP/ES/2015,,23.99,28.99,
2026-09-30,Occidente,Jalisco,Guadalajara,,GASOLINERA EL CERRO CHATO SA DE CV,PL/2670/EXP/ES/2015,,24.00,29.99,27.00
2026-09-30,Occidente,Jalisco,Tepatitlán de Morelos,,SERVICIOS ENERGETICOS CAPILLA S DE RL DE CV,PL/2656/EXP/ES/2015,,24.00,29.00,27.00
2026-09-30,Occidente,Jalisco,Lagos de Moreno,,CENTRO DE SERVICIOS EL CRUCERO SA DE CV,PL/2648/EXP/ES/2015,,23.59,28.69,26.99
2026-09-30,Occidente,Jalisco,Acatic,,PETROCANA SA DE CV,PL/26120/EXP/ES/2024,,23.59,28.78,26.84
2026-09-30,Occidente,Jalisco,Atemajac de Brizuela,,COMBU-EXPRESS SA DE CV,PL/26068/EXP/ES/2024,,24.29,29.39,27.29
2026-09-30,Occidente,Jalisco,Zapotlanejo,,GASOLINERA DUBAI SA DE CV,PL/26020/EXP/ES/2024,,23.90,29.50,27.00
2026-09-30,Occidente,Jalisco,Tepatitlán de Morelos,,GASOLINERA CHAPALITA SA DE CV,PL/26012/EXP/ES/2024,,23.99,29.98,
2026-09-30,Occidente,Jalisco,Puerto Vallarta,,ALPEZ GAS SA DE CV,PL/25999/EXP/ES/2024,,24.49,29.59,27.49
2026-09-30,Occidente,Jalisco,Tuxpan,,ENERSISTEM SA DE CV,PL/25899/EXP/ES/2024,,23.99,29.99,27.99
2026-09-30,Occidente,Jalisco,La Huerta,,GASOLINERA EMILIANO ZAPATA SA DE CV,PL/25884/EXP/ES/2024,,23.99,29.90,27.00
2026-09-30,Occidente,Jalisco,Puerto Vallarta,,GASOLINERA LOS VECINOS SA DE CV,PL/25757/EXP/ES/2024,,23.99,29.99,27.00
2026-09-30,Occidente,Jalisco,Zapopan,,ESTACION COMPOSITORES SA DE CV,PL/25649/EXP/ES/2024,,23.49,28.99,
2026-09-30,Occidente,Jalisco,Juchitlán,,SUPER SERVICIO LA ESPERANZA JUCHITLAN SA DE CV,PL/25633/EXP/ES/2024,,24.49,29.99,27.49
2026-09-30,Occidente,Jalisco,Tlajomulco de Zúñiga,,OPORTO PLAZA SA DE CV,PL/25619/EXP/ES/2024,,23.99,29.99,26.99
2026-09-30,Occidente,Jalisco,Zapotlán el Grande,,ESTACION DE SERVICIO GASOLINERO SAN JOSE SA DE CV,PL/25618/EXP/ES/2024,,24.35,29.99,27.35
2026-09-30,Occidente,Jalisco,Degollado,,MAGNO COMBUSTIBLES SA DE CV,PL/25567/EXP/ES/2024,,23.99,28.99,26.99
2026-09-30,Occidente,Jalisco,Guadalajara,,ESTACION DE SERVICIO OLIMPICA SA DE CV,PL/2555/EXP/ES/2015,,23.99,29.88,27.00
2026-09-30,Occidente,Jalisco,Zapopan,,ESTACION DE SERVICIO JUAN PALOMAR SA DE CV,PL/25533/EXP/ES/2024,,23.99,29.98,27.00
2026-09-30,Occidente,Jalisco,Guadalajara,,PEDRO MARTINEZ RAMIREZ,PL/2553/EXP/ES/2015,,23.99,29.10,
2026-09-30,Occidente,Jalisco,Zapopan,,COSTCO GAS SA DE CV,PL/25528/EXP/ES/2024,,23.69,28.99,
2026-09-30,Occidente,Jalisco,Zapopan,,PETRO HUNTER SA DE CV,PL/25482/EXP/ES/2024,,23.99,29.69,
2026-09-30,Occidente,Jalisco,Guadalajara,,COMBUSTIBLES Y ENERGETICOS ABC SA DE CV,PL/25463/EXP/ES/2024,,23.99,29.90,27.00
2026-09-30,Occidente,Jalisco,Autlán de Navarro,,WICRO OIL SA DE CV,PL/25442/EXP/ES/2023,,24.49,29.88,27.00
2026-09-30,Occidente,Jalisco,Ixtlahuacán de los Membrillos,,GRUPO EMPRESARIAL ALE SA DE CV,PL/25432/EXP/ES/2023,,23.98,29.48,27.00
2026-09-30,Occidente,Jalisco,Tonalá,,JANETH MARTIN RAMOS,PL/25390/EXP/ES/2023,,23.99,28.99,27.00
2026-09-30,Occidente,Jalisco,San Gabriel,,ESTACION DE SERVICIOS GMS S DE RL DE CV,PL/25387/EXP/ES/2023,,24.39,29.89,27.49
2026-09-30,Occidente,Jalisco,Zapopan,,GRUPO ATHOS DE OCCIDENTE SA DE CV,PL/25386/EXP/ES/2023,,23.99,29.99,26.99
2026-09-30,Occidente,Jalisco,Tlajomulco de Zúñiga,,SERVICIO NIGRAN SA DE CV,PL/25377/EXP/ES/2023,,23.99,,26.99
2026-09-30,Occidente,Jalisco,Atotonilco el Alto,,ESTACION DE SERVICIO LAS MESITAS SA DE CV,PL/25374/EXP/ES/2023,,23.99,29.55,26.99
2026-09-30,Occidente,Jalisco,Tlajomulco de Zúñiga,,GASOLINERA VERDE SA DE CV,PL/25372/EXP/ES/2023,,24.00,29.99,27.00
2026-09-30,Occidente,Jalisco,Talpa de Allende,,COMBUSTIBLES DE TALPA SA DE CV,PL/25331/EXP/ES/2023,,24.93,30.50,28.70
2026-09-30,Occidente,Jalisco,Zapotlanejo,,SUPER SERVICIO CATALUÑA SA DE CV,PL/2532/EXP/ES/2015,,23.99,29.49,27.00
2026-09-30,Occidente,Jalisco,Tenamaxtlán,,GASOLINERA TENAMAXTLAN SA DE CV,PL/2531/EXP/ES/2015,,24.49,29.99,27.49
2026-09-30,Occidente,Jalisco,Tepatitlán de Morelos,,ESTACION DE SERVICIO LA MANGA SA DE CV,PL/25296/EXP/ES/2023,,23.17,28.59,26.92
2026-09-30,Occidente,Jalisco,Ocotlán,,SERVICIOS INTEGRALES DE TLAQUEPAQUE SA DE CV,PL/25233/EXP/ES/2023,,23.59,28.79,26.99
2026-09-30,Occidente,Jalisco,Zacoalco de Torres,,COMBU-EXPRESS SA DE CV,PL/25158/EXP/ES/2023,,24.29,29.99,27.29
2026-09-30,Occidente,Jalisco,Tizapán el Alto,,GRUPO ADYEHILA Y ASOCIADOS SA DE CV,PL/25145/EXP/ES/2023,,23.99,29.59,27.00
2026-09-30,Occidente,Jalisco,Atotonilco el Alto,,INMOBILIARIA SAMICH SA DE CV,PL/25114/EXP/ES/2023,,23.76,29.59,26.88
2026-09-30,Occidente,Jalisco,Zapopan,,SERVICIOS Y COMBUSTIBLES TCHAIKOVSKY SA DE CV,PL/25050/EXP/ES/2023,,23.89,28.49,
2026-09-30,Occidente,Jalisco,Tlaquepaque,,ENERGETICA PETROTLAQ SA DE CV,PL/25049/EXP/ES/2023,,23.49,28.69,26.99
2026-09-30,Occidente,Jalisco,Guadalajara,,MEGA SERVICIO GRINGAS SA DE CV,PL/2504/EXP/ES/2015,,23.99,29.97,
2026-09-30,Occidente,Jalisco,Tenamaxtlán,,GASOLINERA TENAMAXTLAN SA DE CV,PL/24991/EXP/ES/2023,,24.49,29.99,27.49
2026-09-30,Occidente,Jalisco,Ayotlán,,SERVICIO D SOTO SA DE CV,PL/24951/EXP/ES/2023,,23.98,29.98,27.54
2026-09-30,Occidente,Jalisco,La Huerta,,SIEMPRE COMPLETOS POR TI SA DE CV,PL/24943/EXP/ES/2023,,24.00,29.35,27.00
2026-09-30,Occidente,Jalisco,Lagos de Moreno,,SERVICIOS ENERGETICOS LOS CUARTOS SA DE CV,PL/24896/EXP/ES/2023,,23.95,28.95,27.00
2026-09-30,Occidente,Jalisco,Tonalá,,ESTACION DE SERVICIO PRINCIPAL SA DE CV,PL/24823/EXP/ES/2023,,23.99,29.49,27.00
2026-09-30,Occidente,Jalisco,San Ignacio Cerro Gordo,,COMBUSTIBLES RIVALVA SA DE CV,PL/24813/EXP/ES/2023,,23.99,29.29,27.00
2026-09-30,Occidente,Jalisco,San Juan de los Lagos,,SERVICIO LOS LAGOS SA DE CV,PL/2469/EXP/ES/2015,,23.99,27.99,26.99
2026-09-30,Occidente,Jalisco,Guadalajara,,ENERGIA ATL SA DE CV,PL/24654/EXP/ES/2022,,23.99,29.78,
2026-09-30,Occidente,Jalisco,Jalostotitlán,,MULTISERVICIOS OTTO SA DE CV,PL/24653/EXP/ES/2022,,23.59,28.09,26.95
2026-09-30,Occidente,Jalisco,Teuchitlán,,GASBERRYS S A P I DE CV,PL/24549/EXP/ES/2022,,23.99,29.49,27.00
2026-09-30,Occidente,Jalisco,Tlaquepaque,,PETROMAX SA DE CV,PL/24501/EXP/ES/2022,,24.49,29.99,27.69
2026-09-30,Occidente,Jalisco,San Cristóbal de la Barranca,,GASOLINERA SUPER SERVICIO SAN CRISTOBAL SA DE CV,PL/24497/EXP/ES/2022,,23.99,29.27,26.99
2026-09-30,Occidente,Jalisco,Sayula,,COMBU-EXPRESS SA DE CV,PL/24380/EXP/ES/2022,,23.99,,27.00
2026-09-30,Occidente,Jalisco,Zapotlán el Grande,,RAGONZVILL SA DE CV,PL/24368/EXP/ES/2022,,24.35,29.90,27.35
2026-09-30,Occidente,Jalisco,Amatitán,,ESTACION DE SERVICIO LOS HIJUELOS SA DE CV,PL/24367/EXP/ES/2022,,23.99,29.99,26.99
2026-09-30,Occidente,Jalisco,San Juan de los Lagos,,GASOLINERA LOS CHARCOS SA DE CV,PL/24322/EXP/ES/2022,,23.99,28.54,27.00
2026-09-30,Occidente,Jalisco,Acatlán de Juárez,,GASOPOLIS SA DE CV,PL/2430/EXP/ES/2015,,23.99,29.49,27.00
2026-09-30,Occidente,Jalisco,Tecalitlán,,COMBU-EXPRESS SA DE CV,PL/24288/EXP/ES/2022,,24.39,29.88,27.49
2026-09-30,Occidente,Jalisco,El Salto,,GUILLE GASOLGRUPO SA DE CV,PL/2427/EXP/ES/2015,,23.99,29.49,27.00
2026-09-30,Occidente,Jalisco,Lagos de Moreno,,SERVIEXPRESS DOBLE RAM SA DE CV,PL/24165/EXP/ES/2022,,24.00,28.99,27.00
2026-09-30,Occidente,Jalisco,Tlaquepaque,,SERVICIOS INTEGRALES DE TLAQUEPAQUE SA DE CV,PL/24103/EXP/ES/2022,,23.29,28.99,26.99
2026-09-30,Occidente,Jalisco,Jocotepec,,SERVICIOS GASOLINEROS DE MEXICO SA DE CV,PL/2407/EXP/ES/2015,,23.99,29.99,27.00
2026-09-30,Occidente,Jalisco,Acatlán de Juárez,,AUTOSERVICIO GASHR SA DE CV,PL/2401/EXP/ES/2015,,23.99,29.99,27.00
2026-09-30,Occidente,Jalisco,Tepatitlán de Morelos,,SUMINISTRO DE COMBUSTIBLES EL SEIS S DE RL DE CV,PL/23961/EXP/ES/2022,,23.98,28.95,27.00
2026-09-30,Occidente,Jalisco,Tlaquepaque,,SERVICIOS INTEGRALES DE TLAQUEPAQUE SA DE CV,PL/2393/EXP/ES/2015,,23.19,28.59,26.99
2026-09-30,Occidente,Jalisco,Tlaquepaque,,SERVICIOS INTEGRALES DE TLAQUEPAQUE SA DE CV,PL/2392/EXP/ES/2015,,23.29,28.60,26.99
2026-09-30,Occidente,Jalisco,Tonalá,,SUMINISTROS DE COMBUSTIBLES QUIROGA SA DE CV,PL/23862/EXP/ES/2021,,23.99,29.25,26.99
2026-09-30,Occidente,Jalisco,Tepatitlán de Morelos,,AUTOSERVICIO LA GLORIETA DEL HUEVO SA DE CV,PL/23858/EXP/ES/2021,,23.59,28.78,26.84
2026-09-30,Occidente,Jalisco,Acatlán de Juárez,,AUTOSERVICIO GASHR SA DE CV,PL/2383/EXP/ES/2015,,23.99,29.99,27.00
2026-09-30,Occidente,Jalisco,Tonalá,,GASOLINERA SAN NICOLAS SA DE CV,PL/2379/EXP/ES/2015,,23.98,29.48,27.00
2026-09-30,Occidente,Jalisco,San Julián,,CLAUDIA MARGARITA ROSAS MARTINEZ,PL/23777/EXP/ES/2021,,23.99,28.84,27.00
2026-09-30,Occidente,Jalisco,Tlaquepaque,,SERVICIO LAS PEÑAS SA DE CV,PL/23764/EXP/ES/2021,,23.99,29.49,26.99
2026-09-30,Occidente,Jalisco,Tlajomulco de Zúñiga,,ORGANIZACION LA LUNA SA DE CV,PL/23762/EXP/ES/2021,,23.99,29.99,27.00
2026-09-30,Occidente,Jalisco,Tonalá,,GASOLINEROS SANGROUP SA DE CV,PL/23744/EXP/ES/2021,,23.99,29.50,26.99
2026-09-30,Occidente,Jalisco,Zapopan,,PETROMAX SA DE CV,PL/23696/EXP/ES/2020,,24.49,29.99,26.99
2026-09-30,Occidente,Jalisco,Guadalajara,,PETROMAX SA DE CV,PL/23695/EXP/ES/2020,,24.59,29.99,26.99
2026-09-30,Occidente,Jalisco,Zapopan,,PETROMAX SA DE CV,PL/23681/EXP/ES/2020,,24.49,29.99,
2026-09-30,Occidente,Jalisco,Tuxcueca,,FERNANDO BEDOY RUIZ,PL/23499/EXP/ES/2020,,23.99,29.59,26.99
2026-09-30,Occidente,Jalisco,Guadalajara,,GASOSERVICIOS DE LA PROVINCIA SA DE CV,PL/23231/EXP/ES/2020,,23.29,28.69,
2026-09-30,Occidente,Jalisco,San Miguel el Alto,,ASOCIACION GASOLINERA PIEDRAS NEGRAS SA DE CV,PL/2310/EXP/ES/2015,,23.99,28.49,27.00
2026-09-30,Occidente,Jalisco,El Salto,,SERVICIO AVENIDA DEL MAIZ SA DE CV,PL/2306/EXP/ES/2015,,23.99,29.99,26.99
2026-09-30,Occidente,Jalisco,Acatic,,SERVICIO EL TEPOZAN SA DE CV,PL/23049/EXP/ES/2019,,23.99,29.49,26.85
2026-09-30,Occidente,Jalisco,Tamazula de Gordiano,,SERVICIO EL PRADO SA DE CV,PL/23048/EXP/ES/2019,,23.99,29.86,27.98
2026-09-30,Occidente,Jalisco,Guadalajara,,COMBUSTIBLES PLATON SA DE CV,PL/23015/EXP/ES/2019,,23.99,29.75,26.98
2026-09-30,Occidente,Jalisco,Guadalajara,,PETROMAX SA DE CV,PL/2297/EXP/ES/2015,,23.99,29.99,
2026-09-30,Occidente,Jalisco,Zapopan,,LAS COMADRES DE NEXTIPAC SA DE CV,PL/22606/EXP/ES/2019,,23.97,29.47,26.99
2026-09-30,Occidente,Jalisco,Tlajomulco de Zúñiga,,JORIMAR GASOLINEROS SA DE CV,PL/22605/EXP/ES/2019,,22.99,28.69,26.99
2026-09-30,Occidente,Jalisco,Zapotlanejo,,GASOLINERA SJG SA DE CV,PL/22596/EXP/ES/2019,,23.89,29.14,26.99
2026-09-30,Occidente,Jalisco,Tlaquepaque,,GASOLINERA ALSO SA DE CV,PL/22594/EXP/ES/2019,,23.18,28.98,26.98
2026-09-30,Occidente,Jalisco,Tamazula de Gordiano,,ESTACION DE SERVICIO SOYATLAN SA DE CV,PL/22589/EXP/ES/2019,,23.99,29.88,27.99
2026-09-30,Occidente,Jalisco,Guadalajara,,ESTACION DE SERVICIO LA RESERVA SA DE CV,PL/22583/EXP/ES/2019,,23.99,28.69,27.00
2026-09-30,Occidente,Jalisco,Arandas,,COMBUSTIBLES RIVALVA SA DE CV,PL/22565/EXP/ES/2019,,23.99,28.69,27.00
2026-09-30,Occidente,Jalisco,Guadalajara,,SERVICIO EXTRARAPIDO SA DE CV,PL/2244/EXP/ES/2015,,23.79,28.99,26.99
2026-09-30,Occidente,Jalisco,Tonalá,,ESTACION DE SERVICIO MARROT SA DE CV,PL/22223/EXP/ES/2019,,23.99,29.29,27.00
2026-09-30,Occidente,Jalisco,Zapopan,,COMBUSTRON 1272 SA DE CV,PL/22221/EXP/ES/2019,,23.99,29.89,
2026-09-30,Occidente,Jalisco,San Ignacio Cerro Gordo,,SERVICIOS INTEGRALES DE TLAQUEPAQUE SA DE CV,PL/22158/EXP/ES/2019,,23.70,28.55,26.99
2026-09-30,Occidente,Jalisco,Poncitlán,,SERVICIOS GASOLINEROS DE MEXICO SA DE CV,PL/22157/EXP/ES/2019,,23.99,29.99,27.00
2026-09-30,Occidente,Jalisco,Acatlán de Juárez,,SERVICIOS INTELIGENTES FLOMAR SA DE CV,PL/22067/EXP/ES/2019,,22.99,28.89,26.99
2026-09-30,Occidente,Jalisco,Lagos de Moreno,,MEGA GASOLINERAS SA DE CV,PL/22062/EXP/ES/2019,,23.99,29.99,27.00
2026-09-30,Occidente,Jalisco,Guadalajara,,ALPEZ GAS SA DE CV,PL/22052/EXP/ES/2019,,23.69,29.29,
2026-09-30,Occidente,Jalisco,Tlajomulco de Zúñiga,,SERVICIOS SCDJ SI SA DE CV,PL/21994/EXP/ES/2018,,23.99,27.49,27.00
2026-09-30,Occidente,Jalisco,Lagos de Moreno,,SERVICIOS VICTORIA SA DE CV,PL/2193/EXP/ES/2015,,23.99,28.99,27.00
2026-09-30,Occidente,Jalisco,Lagos de Moreno,,SERVICIOS VICTORIA SA DE CV,PL/2188/EXP/ES/2015,,23.99,28.99,27.00
2026-09-30,Occidente,Jalisco,Tlaquepaque,,SERVICIOS INTELIGENTES FLOMAR SA DE CV,PL/21852/EXP/ES/2018,,22.99,28.69,26.99
2026-09-30,Occidente,Jalisco,Guadalajara,,SERVI GAXMAR SC DE RL DE CV,PL/21851/EXP/ES/2018,,23.95,28.90,26.99
2026-09-30,Occidente,Jalisco,Tonalá,,AUTOESTACIONES DE SERVICIO CPG2 SA DE CV,PL/21844/EXP/ES/2018,,23.95,28.80,
2026-09-30,Occidente,Jalisco,Guadalajara,,ESTACION ARB SA DE CV,PL/2182/EXP/ES/2015,,23.99,29.49,
2026-09-30,Occidente,Jalisco,Guadalajara,,COMBUSTIBLE BELPER SA DE CV,PL/21721/EXP/ES/2018,,23.99,29.97,
2026-09-30,Occidente,Jalisco,Jocotepec,,AUTO SERVICIOS SAN CRISTOBAL SA DE CV,PL/21718/EXP/ES/2018,,23.98,29.49,26.98
2026-09-30,Occidente,Jalisco,Acatic,,GASOLINERA TRIUNFO SA DE CV,PL/2168/EXP/ES/2015,,24.00,28.99,26.99
2026-09-30,Occidente,Jalisco,Tonalá,,GASOLINERA DIXE SA DE CV,PL/21670/EXP/ES/2018,,23.99,27.99,26.95
2026-09-30,Occidente,Jalisco,Guadalajara,,SERVICIO BELISARIO SA DE CV,PL/2167/EXP/ES/2015,,23.99,29.30,27.00
2026-09-30,Occidente,Jalisco,Guadalajara,,COMBUSTIBLES ALCE SA DE CV,PL/21664/EXP/ES/2018,,23.89,26.99,
2026-09-30,Occidente,Jalisco,Ocotlán,,SERVICIOS GASOLINEROS DE MEXICO SA DE CV,PL/21558/EXP/ES/2018,,23.99,29.99,27.00
2026-09-30,Occidente,Jalisco,El Salto,,COMBUSTIBLES HALCON DE MEXICO SA DE CV,PL/21545/EXP/ES/2018,,23.99,29.20,27.00
2026-09-30,Occidente,Jalisco,Amatitán,,ESTACION DE SERVICIO LOS HIJUELOS SA DE CV,PL/21443/EXP/ES/2018,,23.99,29.99,26.99
2026-09-30,Occidente,Jalisco,Arandas,,SERVICIO NORAMA SA DE CV,PL/2142/EXP/ES/2015,,23.70,28.39,27.00
2026-09-30,Occidente,Jalisco,Puerto Vallarta,,COSTCO GAS SA DE CV,PL/21361/EXP/ES/2018,,23.99,29.39,
2026-09-30,Occidente,Jalisco,El Salto,,GASOLINERA ESTACION CAYETANO SA DE CV,PL/21274/EXP/ES/2018,,24.00,29.99,27.00
2026-09-30,Occidente,Jalisco,Zapopan,,LOSA GAS SA DE CV,PL/21122/EXP/ES/2018,,23.99,29.10,
2026-09-30,Occidente,Jalisco,Tlaquepaque,,MONDYAL LAVANT SA DE CV,PL/21072/EXP/ES/2018,,23.99,29.69,27.49
2026-09-30,Occidente,Jalisco,Tepatitlán de Morelos,,ESTACION UNIVERSIDAD DE TEPA SA DE CV,PL/21064/EXP/ES/2018,,24.00,29.35,27.00
2026-09-30,Occidente,Jalisco,Lagos de Moreno,,SERVICIO CALIPSO S DE RL DE CV,PL/21006/EXP/ES/2018,,23.99,29.99,27.00
2026-09-30,Occidente,Jalisco,Zapotiltic,,COMBU-EXPRESS SA DE CV,PL/21004/EXP/ES/2018,,24.39,29.88,27.69
2026-09-30,Occidente,Jalisco,San Julián,,YEFFRANDI S DE RL DE CV,PL/20972/EXP/ES/2018,,23.99,29.99,26.99
2026-09-30,Occidente,Jalisco,Jalostotitlán,,SERVICIO LOS LAGOS SA DE CV,PL/20970/EXP/ES/2018,,23.99,27.97,26.99
2026-09-30,Occidente,Jalisco,Tlaquepaque,,REFINERIA FAOMABIR SA DE CV,PL/20967/EXP/ES/2018,,23.99,29.50,27.00
2026-09-30,Occidente,Jalisco,Zapopan,,GRUPO JGJ-LUAN SA DE CV,PL/20959/EXP/ES/2018,,23.99,29.49,26.99
2026-09-30,Occidente,Jalisco,Lagos de Moreno,,SERVICIOS GASOLINEROS DE MEXICO SA DE CV,PL/20890/EXP/ES/2018,,23.99,29.99,27.00
2026-09-30,Occidente,Jalisco,Tlaquepaque,,GASOLINERAS DIERSA SA DE CV,PL/20886/EXP/ES/2018,,23.99,29.49,26.99
2026-09-30,Occidente,Jalisco,Guadalajara,,COMBUESTACION DE SERVICIOS DEL SUR SA DE CV,PL/20844/EXP/ES/2018,,23.99,29.90,
2026-09-30,Occidente,Jalisco,Cañadas de Obregón,,ROSA MARIA BECERRA RUIZ,PL/20778/EXP/ES/2017,,23.98,,26.98
2026-09-30,Occidente,Jalisco,Tlaquepaque,,COMBUSTIBLES ARCADE SA DE CV,PL/2073/EXP/ES/2015,,23.35,28.69,26.79
2026-09-30,Occidente,Jalisco,Guadalajara,,GASOLINERA PEGASO DE OCCIDENTE SA DE CV,PL/2072/EXP/ES/2015,,23.35,28.69,26.79
2026-09-30,Occidente,Jalisco,La Barca,,INMOBILIARIA SAMICH SA DE CV,PL/20671/EXP/ES/2017,,23.77,28.88,26.88
2026-09-30,Occidente,Jalisco,Guadalajara,,ESTACION DE SERVICIO EJERCITO SA DE CV,PL/20666/EXP/ES/2017,,23.89,29.76,27.00
2026-09-30,Occidente,Jalisco,Guadalajara,,FLORENCIA 1000 SA DE CV,PL/20613/EXP/ES/2017,,23.98,28.98,
2026-09-30,Occidente,Jalisco,Guadalajara,,SIMBA EXPRESS SA DE CV,PL/20584/EXP/ES/2017,,23.99,29.99,
2026-09-30,Occidente,Jalisco,Ixtlahuacán del Río,,ORGANIZACION LA LUNA SA DE CV,PL/2058/EXP/ES/2015,,23.99,29.99,27.00
2026-09-30,Occidente,Jalisco,Guadalajara,,SERVIEXPRESS 5 DE MAYO S DE RL DE CV,PL/20549/EXP/ES/2017,,23.39,28.69,
2026-09-30,Occidente,Jalisco,San Juan de los Lagos,,OPERADORA DE COMBUSTIBLES SAN JUAN SA DE CV,PL/2051/EXP/ES/2015,,23.99,28.49,26.98
2026-09-30,Occidente,Jalisco,San Juan de los Lagos,,SERVICIOS GASOLINEROS DE MEXICO SA DE CV,PL/20495/EXP/ES/2017,,23.99,29.99,27.00
2026-09-30,Occidente,Jalisco,Ocotlán,,GASOLINERA LOS PIRULES SA DE CV,PL/20493/EXP/ES/2017,,23.99,29.79,26.99
2026-09-30,Occidente,Jalisco,Tlajomulco de Zúñiga,,TLAJOGAS SA DE CV,PL/20456/EXP/ES/2017,,23.90,29.70,26.90
2026-09-30,Occidente,Jalisco,Guadalajara,,ESTACION 5 DE FEBRERO SA DE CV,PL/20443/EXP/ES/2017,,23.89,28.97,27.00
2026-09-30,Occidente,Jalisco,Puerto Vallarta,,GASOLINERA LOS VECINOS SA DE CV,PL/20333/EXP/ES/2017,,23.99,29.99,27.00
2026-09-30,Occidente,Jalisco,Puerto Vallarta,,SERVICIO LOS POETAS SA DE CV,PL/20290/EXP/ES/2017,,24.49,29.59,27.49
2026-09-30,Occidente,Jalisco,Tototlán,,SERVICIOS GASOLINEROS DE MEXICO SA DE CV,PL/20242/EXP/ES/2017,,23.99,29.99,27.00
2026-09-30,Occidente,Jalisco,Valle de Guadalupe,,ESTACION GM SA DE CV,PL/20233/EXP/ES/2017,,23.95,29.26,27.25
2026-09-30,Occidente,Jalisco,Tlaquepaque,,GUSTAVO CORDOVA LOUSTAUNAU,PL/20208/EXP/ES/2017,,23.99,29.49,26.99
2026-09-30,Occidente,Jalisco,Teocaltiche,,SERVICIOS AUTOENERGETICOS CAMPOS SA DE CV,PL/20189/EXP/ES/2017,,24.00,28.95,27.00
2026-09-30,Occidente,Jalisco,Sayula,,SERVICIO TECHALUTA SA DE CV,PL/20119/EXP/ES/2017,,23.99,28.90,27.00
2026-09-30,Occidente,Jalisco,Guadalajara,,SERVICIO CAMPER SA DE CV,PL/2011/EXP/ES/2015,,24.09,29.89,27.09
2026-09-30,Occidente,Jalisco,Tlajomulco de Zúñiga,,SERVICIO FAPILO SA DE CV,PL/2007/EXP/ES/2015,,23.99,29.79,26.99
2026-09-30,Occidente,Jalisco,Lagos de Moreno,,DORADO MOTORS SA DE CV,PL/20060/EXP/ES/2017,,24.00,29.99,27.24
2026-09-30,Occidente,Jalisco,Guadalajara,,COMBUSTIBLES EL AMIAL SA DE CV,PL/20059/EXP/ES/2017,,23.99,29.49,27.00
2026-09-30,Occidente,Jalisco,Tonalá,,COMBUSTIBLES CHURUMUCO SA DE CV,PL/2005/EXP/ES/2015,,23.99,29.49,
2026-09-30,Occidente,Jalisco,Zapopan,,SERVICIO RAYO SA DE CV,PL/2004/EXP/ES/2015,,23.99,29.79,
2026-09-30,Occidente,Jalisco,Zapopan,,COMBUSTIBLES TAFIRUL SA DE CV,PL/2003/EXP/ES/2015,,23.99,29.99,
2026-09-30,Occidente,Jalisco,Zapopan,,ESTACION DE SERVICIO PATRIA UNIVERSIDAD SA DE CV,PL/2002/EXP/ES/2015,,23.99,29.98,27.00
2026-09-30,Occidente,Jalisco,Tlajomulco de Zúñiga,,COMBUSTIBLES POPOYOTE SA DE CV,PL/2001/EXP/ES/2015,,23.99,29.99,27.29
2026-09-30,Occidente,Jalisco,Pihuamo,,COMBUSTIBLES EL RELICARIO SA DE CV,PL/19998/EXP/ES/2017,,23.99,28.70,27.00
2026-09-30,Occidente,Jalisco,Zapopan,,COMBUSTIBLES TRITON SA DE CV,PL/1999/EXP/ES/2015,,23.99,29.99,27.29
2026-09-30,Occidente,Jalisco,Tlaquepaque,,SERVICIOS GASOLINEROS DE MEXICO SA DE CV,PL/1998/EXP/ES/2015,,23.99,29.99,27.00
2026-09-30,Occidente,Jalisco,Tonalá,,GASOLINERIA SAN JUAN PABLO SEGUNDO SA DE CV,PL/19971/EXP/ES/2017,,23.99,28.99,26.99
2026-09-30,Occidente,Jalisco,Zapotiltic,,SERVICIO CERCA LIZA SA DE CV,PL/1997/EXP/ES/2015,,23.99,29.88,27.99
2026-09-30,Occidente,Jalisco,Tala,,GASOLINERA FEMARA SA DE CV,PL/19969/EXP/ES/2017,,23.86,29.49,26.99
2026-09-30,Occidente,Jalisco,Zapopan,,COMBUSTIBLES MELAMENGAMBREAS SA DE CV,PL/1996/EXP/ES/2015,,23.99,29.99,
2026-09-30,Occidente,Jalisco,Guadalajara,,GASOABASTECIMIENTO DE GUADALAJARA SA DE CV,PL/19943/EXP/ES/2017,,23.98,29.65,27.00
2026-09-30,Occidente,Jalisco,Tuxpan,,SUPER SERVICIO TUXPAN SA DE CV,PL/1994/EXP/ES/2015,,23.99,29.88,27.99
2026-09-30,Occidente,Jalisco,Zapopan,,SERVICIOS GASOLINEROS DE MEXICO SA DE CV,PL/1993/EXP/ES/2015,,23.99,29.99,
2026-09-30,Occidente,Jalisco,Zapotlanejo,,ESTACION DE SERVICIO MAXIPISTA TAPATIA SA DE CV,PL/1991/EXP/ES/2015,,23.99,29.99,27.29
2026-09-30,Occidente,Jalisco,Guadalajara,,GASOLINERA MOCHICAHUI SA DE CV,PL/19902/EXP/ES/2017,,23.98,28.98,26.98
2026-09-30,Occidente,Jalisco,Zapopan,,COMBUSTIBLES CENTAURO SA DE CV,PL/1990/EXP/ES/2015,,23.99,29.99,
2026-09-30,Occidente,Jalisco,Tlajomulco de Zúñiga,,COMBUSTIBLES POSEIDON SA DE CV,PL/1989/EXP/ES/2015,,23.99,29.99,
2026-09-30,Occidente,Jalisco,Tlaquepaque,,SERVICIOS GASOLINEROS DE MEXICO SA DE CV,PL/1988/EXP/ES/2015,,23.99,29.99,27.00
2026-09-30,Occidente,Jalisco,Guadalajara,,PICO DE LAMAS SA DE CV,PL/1987/EXP/ES/2015,,23.49,28.89,26.99
2026-09-30,Occidente,Jalisco,Tlaquepaque,,SERVICIOS GASOLINEROS DE MEXICO SA DE CV,PL/1986/EXP/ES/2015,,23.99,29.99,27.00
2026-09-30,Occidente,Jalisco,Tlajomulco de Zúñiga,,SERVICIOS GASOLINEROS DE MEXICO SA DE CV,PL/1985/EXP/ES/2015,,24.99,29.99,
2026-09-30,Occidente,Jalisco,Tonalá,,SERVICIO PERITALA SA DE CV,PL/1983/EXP/ES/2015,,23.99,28.99,26.89
2026-09-30,Occidente,Jalisco,Tlajomulco de Zúñiga,,EUCALIPTOS DEL VALLE SA DE CV,PL/19828/EXP/ES/2016,,23.99,29.19,26.99
2026-09-30,Occidente,Jalisco,Zapopan,,COMBUSTIBLES MINOTAURO SA DE CV,PL/1982/EXP/ES/2015,,23.99,29.99,
2026-09-30,Occidente,Jalisco,Guadalajara,,ESTACION LA 74 SA DE CV,PL/19819/EXP/ES/2016,,23.99,28.99,
2026-09-30,Occidente,Jalisco,Zapotlanejo,,ESTACION DE SERVICIO LA ARENA SA DE CV,PL/1980/EXP/ES/2015,,24.00,29.40,26.96
2026-09-30,Occidente,Jalisco,Zapopan,,ABC FUEL SERVICES S DE RL DE CV,PL/19792/EXP/ES/2016,,23.99,28.99,
2026-09-30,Occidente,Jalisco,Huejúcar,,GRUPO CORPORATIVO ALMA SA DE CV,PL/1979/EXP/ES/2015,,23.99,28.75,27.00
2026-09-30,Occidente,Jalisco,Acatlán de Juárez,,ESTACION DE SERVICIO COMBUMET SA DE CV,PL/19759/EXP/ES/2016,,24.00,29.89,26.99
2026-09-30,Occidente,Jalisco,Tlajomulco de Zúñiga,,OPERADORA DE SERVICIOS EN MOVILIDAD SA DE CV,PL/19754/EXP/ES/2016,,22.99,28.69,26.99
2026-09-30,Occidente,Jalisco,Zapotlanejo,,GASOLINERA LAS VENADAS SA DE CV,PL/19748/EXP/ES/2016,,23.99,27.99,26.99
2026-09-30,Occidente,Jalisco,Tlaquepaque,,IMPEROGAS SA DE CV,PL/19731/EXP/ES/2016,,22.99,28.69,26.99
2026-09-30,Occidente,Jalisco,Tlajomulco de Zúñiga,,JORIMAR GASOLINEROS SA DE CV,PL/19730/EXP/ES/2016,,22.99,27.99,26.99
2026-09-30,Occidente,Jalisco,Zapotlán del Rey,,COMBU-EXPRESS SA DE CV,PL/19711/EXP/ES/2016,,23.99,29.89,27.79
2026-09-30,Occidente,Jalisco,Magdalena,,SERVICIO MAGDALENA SA DE CV,PL/1971/EXP/ES/2015,,23.99,29.99,27.00
2026-09-30,Occidente,Jalisco,Tequila,,COMBU-EXPRESS SA DE CV,PL/19709/EXP/ES/2016,,23.99,29.59,27.00
2026-09-30,Occidente,Jalisco,Magdalena,,ESTACION SAN ANDRES SA DE CV,PL/1969/EXP/ES/2015,,23.99,29.99,27.00
2026-09-30,Occidente,Jalisco,Tlaquepaque,,PETROMAX SA DE CV,PL/19682/EXP/ES/2016,,23.99,29.99,
2026-09-30,Occidente,Jalisco,Tonalá,,GRUPO VEDOGAS SA DE CV,PL/1966/EXP/ES/2015,,23.99,29.79,26.99
2026-09-30,Occidente,Jalisco,Acatlán de Juárez,,ARGUS GASOLINERA SA DE CV,PL/19618/EXP/ES/2016,,23.98,29.48,27.00
2026-09-30,Occidente,Jalisco,Tepatitlán de Morelos,,ESTACION GM SA DE CV,PL/19617/EXP/ES/2016,,23.99,29.25,27.25
2026-09-30,Occidente,Jalisco,Zapopan,,SERVICIO REAL ACUEDUCTO SA DE CV,PL/19613/EXP/ES/2016,,23.99,29.55,
2026-09-30,Occidente,Jalisco,El Salto,,SERVICIOS GASOLINEROS DE MEXICO SA DE CV,PL/1961/EXP/ES/2015,,23.99,29.99,27.00
2026-09-30,Occidente,Jalisco,Zapopan,,SERVICIO NECTAR 58 SA DE CV,PL/19569/EXP/ES/2016,,23.99,28.99,26.99
2026-09-30,Occidente,Jalisco,Lagos de Moreno,,SERVICIOS GASOLINEROS DE MEXICO SA DE CV,PL/19524/EXP/ES/2016,,23.99,29.99,27.00
2026-09-30,Occidente,Jalisco,Tlaquepaque,,AUTOSERVICIO GASHR SA DE CV,PL/1952/EXP/ES/2015,,23.99,29.49,
2026-09-30,Occidente,Jalisco,Valle de Guadalupe,,SERVICIOS GASOLINEROS DE MEXICO SA DE CV,PL/19516/EXP/ES/2016,,24.99,29.99,27.00
2026-09-30,Occidente,Jalisco,Zapopan,,COMBUSTIBLES PAVILLON SA DE CV,PL/1950/EXP/ES/2015,,23.99,29.99,
2026-09-30,Occidente,Jalisco,Zapopan,,COMBUSTIBLES MILLENIUM SA DE CV,PL/1947/EXP/ES/2015,,23.99,29.99,27.29
2026-09-30,Occidente,Jalisco,Jamay,,"PETRO SERVICENTRO, S.A. DE C.V.",PL/19450/EXP/ES/2016,,23.99,29.78,26.99
2026-09-30,Occidente,Jalisco,Zapotlanejo,,ESTACION DE SERVICIO MAXIPISTA TAPATIA SA DE CV,PL/1945/EXP/ES/2015,,23.99,29.99,27.29
2026-09-30,Occidente,Jalisco,Jamay,,"PETRO SERVICENTRO, S.A. DE C.V.",PL/19449/EXP/ES/2016,,23.99,29.78,26.99
2026-09-30,Occidente,Jalisco,Tonalá,,CONSORCIO DE HIDROCARBUROS VILLALOBOS SA DE CV,PL/19446/EXP/ES/2016,,23.85,28.95,27.00
2026-09-30,Occidente,Jalisco,Zapopan,,RINCON ENERGETICO SA DE CV,PL/1944/EXP/ES/2015,,23.49,28.89,26.99
2026-09-30,Occidente,Jalisco,Tamazula de Gordiano,,SERVICIO MENDEZ IBAÑEZ SA DE CV,PL/1943/EXP/ES/2015,,23.99,29.88,27.99
2026-09-30,Occidente,Jalisco,Lagos de Moreno,,SERVICIO HUSARES DE LA UNION SA DE CV,PL/19417/EXP/ES/2016,,23.99,29.50,26.99
2026-09-30,Occidente,Jalisco,Jesús María,,SERVICIO CAMARENA SA DE CV,PL/1940/EXP/ES/2015,,23.65,28.80,26.99
2026-09-30,Occidente,Jalisco,Zapotlanejo,,ENERGETICA  PETROJAL SA DE CV,PL/1937/EXP/ES/2015,,24.00,29.99,27.50
2026-09-30,Occidente,Jalisco,Tonalá,,GASOLINERA SANTA PAULA SA DE CV,PL/19324/EXP/ES/2016,,23.99,29.95,26.99
2026-09-30,Occidente,Jalisco,San Juan de los Lagos,,MULTISERVICIOS ALTOS NORTE SA DE CV,PL/19305/EXP/ES/2016,,24.00,29.49,27.24
2026-09-30,Occidente,Jalisco,Puerto Vallarta,,SERVICIO APOLO SA DE CV,PL/1930/EXP/ES/2015,,24.49,28.89,27.96
2026-09-30,Occidente,Jalisco,Tlajomulco de Zúñiga,,COMBUSTIBLES ECCO SA DE CV,PL/19293/EXP/ES/2016,,23.94,28.50,26.95
2026-09-30,Occidente,Jalisco,Tlajomulco de Zúñiga,,SERVICIO SANTA ANITA SA DE CV,PL/1926/EXP/ES/2015,,23.99,29.79,27.00
2026-09-30,Occidente,Jalisco,Tonalá,,SUMINISTROS DE GASOLINA DIEZ SA DE CV,PL/19252/EXP/ES/2016,,23.99,29.79,26.99
2026-09-30,Occidente,Jalisco,Jocotepec,,SERVICIO CARRETERO JOCOTEPEC SA DE CV,PL/1924/EXP/ES/2015,,23.99,29.29,26.99
2026-09-30,Occidente,Jalisco,San Juan de los Lagos,,GASOLINERA EL PAISA SA DE CV,PL/19231/EXP/ES/2016,,23.99,28.49,
2026-09-30,Occidente,Jalisco,Tlajomulco de Zúñiga,,SERVICIOS GOMAR SA DE CV,PL/19220/EXP/ES/2016,,22.99,28.69,26.99
2026-09-30,Occidente,Jalisco,Cuquío,,COMBUSTIBLES EL CUATRO SA DE CV,PL/19216/EXP/ES/2016,,23.48,,26.77
2026-09-30,Occidente,Jalisco,Guadalajara,,COMBUSTIBLES MEDRANO SA DE CV,PL/19188/EXP/ES/2016,,23.99,29.49,27.00
2026-09-30,Occidente,Jalisco,Tlaquepaque,,MINATORE Y PIOGGIA SA DE CV,PL/1915/EXP/ES/2015,,22.95,28.48,26.98
2026-09-30,Occidente,Jalisco,Guadalajara,,CORPOGASCHAPALITA SA DE CV,PL/19142/EXP/ES/2016,,23.99,29.89,
2026-09-30,Occidente,Jalisco,Tala,,GASO TALA SA DE CV,PL/19122/EXP/ES/2016,,23.98,29.98,26.99
2026-09-30,Occidente,Jalisco,Guadalajara,,GASOSERVICIO OILGAS EXPRESS SA DE CV,PL/19120/EXP/ES/2016,,23.98,29.99,
2026-09-30,Occidente,Jalisco,Zapopan,,ECOESTACION DE COMBUSTIBLES SA DE CV,PL/19030/EXP/ES/2016,,23.99,28.99,26.99
2026-09-30,Occidente,Jalisco,Jesús María,,SERVICIO BETULIA S DE RL DE CV,PL/18960/EXP/ES/2016,,24.00,29.00,27.00
2026-09-30,Occidente,Jalisco,Zapopan,,SERVICIO PASO REAL SA DE CV,PL/18919/EXP/ES/2016,,24.49,29.59,27.49
2026-09-30,Occidente,Jalisco,Guadalajara,,GASOLINERA CUDEA SA DE CV,PL/1890/EXP/ES/2015,,23.99,29.49,26.99
2026-09-30,Occidente,Jalisco,Tlaquepaque,,GASOLINERA CUDEA SA DE CV,PL/1887/EXP/ES/2015,,23.99,29.49,26.99
2026-09-30,Occidente,Jalisco,Guadalajara,,GASOLINERA CUDEA SA DE CV,PL/1884/EXP/ES/2015,,23.99,29.49,26.99
2026-09-30,Occidente,Jalisco,Tlaquepaque,,ORGANIZACION LA LUNA SA DE CV,PL/1883/EXP/ES/2015,,23.99,23.99,27.00
2026-09-30,Occidente,Jalisco,Tlaquepaque,,GASOLINERA CUDEA SA DE CV,PL/1882/EXP/ES/2015,,24.00,29.50,27.00
2026-09-30,Occidente,Jalisco,Zapopan,,SERVICIO EXTRARAPIDO SA DE CV,PL/1865/EXP/ES/2015,,23.99,28.99,26.99
2026-09-30,Occidente,Jalisco,Teocaltiche,,SERVICIO MARTINEZ GONZALEZ SA DE CV,PL/1847/EXP/ES/2015,,24.00,29.30,27.00
2026-09-30,Occidente,Jalisco,Tlaquepaque,,ESTACION DE SERVICIOS PUNTO SUR SA DE CV,PL/1842/EXP/ES/2015,,23.99,29.28,26.99
2026-09-30,Occidente,Jalisco,San Miguel el Alto,,ESTACION JH SA DE CV,PL/1808/EXP/ES/2015,,23.99,28.88,26.99
2026-09-30,Occidente,Jalisco,Zapopan,,GAXCO OBELISCO SA DE CV,PL/1807/EXP/ES/2015,,23.89,28.99,
2026-09-30,Occidente,Jalisco,Unión de San Antonio,,SERVICIO HUSARES DE LA UNION SA DE CV,PL/1806/EXP/ES/2015,,23.99,29.64,26.99
2026-09-30,Occidente,Jalisco,Tepatitlán de Morelos,,PETRO SAN JUAN SA DE CV,PL/1805/EXP/ES/2015,,23.99,28.99,26.99
2026-09-30,Occidente,Jalisco,Lagos de Moreno,,SERVICIO OCCIDENTAL REFSA SA DE CV,PL/1801/EXP/ES/2015,,23.99,29.19,27.00
2026-09-30,Occidente,Jalisco,Tonalá,,SERVICIO AUTOMOTRIZ JEMA SA DE CV,PL/1795/EXP/ES/2015,,23.99,29.49,27.00
2026-09-30,Occidente,Jalisco,Lagos de Moreno,,SERVICIO CALIPSO S DE RL DE CV,PL/1793/EXP/ES/2015,,23.99,29.99,27.00
2026-09-30,Occidente,Jalisco,Puerto Vallarta,,GASOLINERA LOS VECINOS SA DE CV,PL/1787/EXP/ES/2015,,23.99,29.99,27.00
2026-09-30,Occidente,Jalisco,El Salto,,GASOFIA SA DE CV,PL/1786/EXP/ES/2015,,23.99,29.70,27.00
2026-09-30,Occidente,Jalisco,Guadalajara,,GASOLINERA SANTA BARBARA SA DE CV,PL/1785/EXP/ES/2015,,23.57,29.30,27.00
2026-09-30,Occidente,Jalisco,Guadalajara,,TRENOGAS SA DE CV,PL/1784/EXP/ES/2015,,23.99,29.70,27.00
2026-09-30,Occidente,Jalisco,Tlaquepaque,,GASOVIA SA DE CV,PL/1783/EXP/ES/2015,,23.99,27.00,27.00
2026-09-30,Occidente,Jalisco,Guadalajara,,VALES FUSION SA DE CV,PL/1782/EXP/ES/2015,,23.99,29.70,
2026-09-30,Occidente,Jalisco,Tlajomulco de Zúñiga,,COMBUSTION PALMARES SA DE CV,PL/1780/EXP/ES/2015,,23.99,29.70,
2026-09-30,Occidente,Jalisco,Tlaquepaque,,SERVICIO PRECIADO MARTINEZ SA DE CV,PL/1778/EXP/ES/2015,,23.99,29.70,27.00
2026-09-30,Occidente,Jalisco,Teocaltiche,,SERVICIO PADILLA MARQUEZ SA DE CV,PL/1771/EXP/ES/2015,,24.00,29.00,27.00
2026-09-30,Occidente,Jalisco,Tepatitlán de Morelos,,SERVICIO RAMIREZ DE TEPATITLAN SA DE CV,PL/1766/EXP/ES/2015,,23.99,28.99,27.00
2026-09-30,Occidente,Jalisco,Tepatitlán de Morelos,,MINI ESTACION TEPA SA DE CV,PL/1764/EXP/ES/2015,,23.99,28.99,
2026-09-30,Occidente,Jalisco,Tlajomulco de Zúñiga,,GASOLINERA CASCO HERMANOS SA DE CV,PL/1763/EXP/ES/2015,,23.99,28.99,26.99
2026-09-30,Occidente,Jalisco,Tepatitlán de Morelos,,SUPER SERVICIO TEPATITLAN SA DE CV,PL/1761/EXP/ES/2015,,23.99,28.99,
2026-09-30,Occidente,Jalisco,Zapopan,,GAXCOPETROL DE MEXICO SA DE CV,PL/1760/EXP/ES/2015,,23.69,28.99,
2026-09-30,Occidente,Jalisco,Tepatitlán de Morelos,,SERVICIO RAMIREZ DE TEPATITLAN SA DE CV,PL/1757/EXP/ES/2015,,23.99,28.99,
2026-09-30,Occidente,Jalisco,Zapopan,,SERVICIO BASE AEREA SA DE CV,PL/1756/EXP/ES/2015,,23.79,28.79,
2026-09-30,Occidente,Jalisco,Tlajomulco de Zúñiga,,GASOLINERA SAN MIGUEL SA DE CV,PL/1752/EXP/ES/2015,,23.99,29.97,26.99
2026-09-30,Occidente,Jalisco,Unión de Tula,,GASOLINERA CUATRO ESTRELLAS SA DE CV,PL/1750/EXP/ES/2015,,24.00,29.96,27.49
2026-09-30,Occidente,Jalisco,Villa Hidalgo,,SERVICIO SOTO SANTANA SA DE CV,PL/1740/EXP/ES/2015,,23.99,29.20,27.00
2026-09-30,Occidente,Jalisco,Tlajomulco de Zúñiga,,GRUPO G&G DE OCCIDENTE SA DE CV,PL/1739/EXP/ES/2015,,23.89,29.29,27.00
2026-09-30,Occidente,Jalisco,La Barca,,CALUFER SA DE CV,PL/1735/EXP/ES/2015,,23.99,29.59,26.86
2026-09-30,Occidente,Jalisco,La Barca,,CALUFER SA DE CV,PL/1734/EXP/ES/2015,,23.99,29.89,26.86
2026-09-30,Occidente,Jalisco,La Barca,,DISTRIBUIDORA ABREVADERO SA DE CV,PL/1733/EXP/ES/2015,,23.99,28.59,
2026-09-30,Occidente,Jalisco,Jamay,,CEFEVIG SA DE CV,PL/1732/EXP/ES/2015,,23.89,,26.86
2026-09-30,Occidente,Jalisco,Zapopan,,SUPER SERVICIO CIUDAD GRANJA SA DE CV,PL/1726/EXP/ES/2015,,23.98,29.99,26.99
2026-09-30,Occidente,Jalisco,Guadalajara,,SERVICIO PATRIA SA DE CV,PL/1725/EXP/ES/2015,,23.99,28.69,
2026-09-30,Occidente,Jalisco,Zapopan,,GASOLINERA LA MORENA SA DE CV,PL/1719/EXP/ES/2015,,23.99,29.70,
2026-09-30,Occidente,Jalisco,Tlajomulco de Zúñiga,,ORGANIZACION LA LUNA SA DE CV,PL/1712/EXP/ES/2015,,23.99,29.99,27.00
2026-09-30,Occidente,Jalisco,Ojuelos de Jalisco,,COMBUSTIBLES Y LUBRICANTES OJUELOS SA DE CV,PL/1710/EXP/ES/2015,,23.99,29.49,27.29
2026-09-30,Occidente,Jalisco,Ojuelos de Jalisco,,COMBUSTIBLES Y LUBRICANTES OJUELOS SA DE CV,PL/1706/EXP/ES/2015,,23.99,29.49,27.29
2026-09-30,Occidente,Jalisco,Puerto Vallarta,,SERVICIOS GASORO SA DE CV,PL/1700/EXP/ES/2015,,23.99,28.99,27.00
2026-09-30,Occidente,Jalisco,Tecolotlán,,ORGANIZACION LA LUNA SA DE CV,PL/1697/EXP/ES/2015,,23.99,29.99,27.00
2026-09-30,Occidente,Jalisco,Zapopan,,CORPORATIVO VENTA DEL ASTILLERO SA DE CV,PL/1688/EXP/ES/2015,,23.97,29.77,26.97
2026-09-30,Occidente,Jalisco,Tlajomulco de Zúñiga,,ESTACION DE SERVICIO ROPER SA DE CV,PL/1673/EXP/ES/2015,,23.99,29.99,26.99
2026-09-30,Occidente,Jalisco,Tlajomulco de Zúñiga,,SUPER SERVICIO LA CONCHA SA DE CV,PL/1671/EXP/ES/2015,,24.00,28.20,
2026-09-30,Occidente,Jalisco,Guadalajara,,GASOLINERA BELISARIO DOMINGUEZ SA DE CV,PL/1670/EXP/ES/2015,,23.99,29.49,
2026-09-30,Occidente,Jalisco,Zapopan,,MULTISERVICIO LA CALMA SA DE CV,PL/1669/EXP/ES/2015,,23.49,28.99,
2026-09-30,Occidente,Jalisco,Guadalajara,,MULTISERVICIO CALZADA SA DE CV,PL/1668/EXP/ES/2015,,22.99,27.99,26.99
2026-09-30,Occidente,Jalisco,Guadalajara,,GASOLINERA ESTEBAN ALATORRE SA DE CV,PL/1667/EXP/ES/2015,,23.99,28.99,26.99
2026-09-30,Occidente,Jalisco,San Juan de los Lagos,,SERVICIOS EL HUIZACHE SA DE CV,PL/1651/EXP/ES/2015,,23.99,28.49,26.98
2026-09-30,Occidente,Jalisco,Jalostotitlán,,SERVICIO GALLARDO DE ALBA SA DE CV,PL/1650/EXP/ES/2015,,23.99,28.49,26.98
2026-09-30,Occidente,Jalisco,Zapopan,,GASOLINERA CUDEA SA DE CV,PL/1646/EXP/ES/2015,,23.99,29.69,26.99
2026-09-30,Occidente,Jalisco,Zapopan,,SERVICIO LAS FUENTES SA DE CV,PL/1645/EXP/ES/2015,,24.00,29.59,
2026-09-30,Occidente,Jalisco,Zapopan,,ANDUL OIL SA DE CV,PL/1644/EXP/ES/2015,,23.99,28.99,
2026-09-30,Occidente,Jalisco,Zapotlán el Grande,,RAGONZVILL SA DE CV,PL/1640/EXP/ES/2015,,24.35,29.90,27.35
2026-09-30,Occidente,Jalisco,Acatlán de Juárez,,SERVICIOS GASOLINEROS DE MEXICO SA DE CV,PL/1639/EXP/ES/2015,,23.99,29.99,27.99
2026-09-30,Occidente,Jalisco,Lagos de Moreno,,ESTACION BETULIA SA DE CV,PL/1637/EXP/ES/2015,,23.99,,27.00
2026-09-30,Occidente,Jalisco,Guadalajara,,COMBUSTIBLES SUPREMOS SA DE CV,PL/1631/EXP/ES/2015,,23.89,29.29,26.99
2026-09-30,Occidente,Jalisco,La Barca,,SERVICIO LA BARCA SA DE CV,PL/1628/EXP/ES/2015,,23.77,28.88,26.88
2026-09-30,Occidente,Jalisco,Tlaquepaque,,GASOLINERA SAN RAFAEL SA DE CV,PL/1587/EXP/ES/2015,,23.99,29.39,27.00
2026-09-30,Occidente,Jalisco,Puerto Vallarta,,GASOLINERIA ORO DE VALLARTA SA DE CV,PL/1585/EXP/ES/2015,,23.99,28.99,27.00
2026-09-30,Occidente,Jalisco,Tlajomulco de Zúñiga,,SERVICIO SAN JOSE DEL VALLE DOS SA DE CV,PL/1584/EXP/ES/2015,,23.99,29.19,
2026-09-30,Occidente,Jalisco,Tlajomulco de Zúñiga,,SERVICIOS SAN JOSE DEL VALLE SA DE CV,PL/1583/EXP/ES/2015,,23.99,29.78,
2026-09-30,Occidente,Jalisco,Zapopan,,ESTACION DE SERVICIO NACIONES UNIDAS SA DE CV,PL/1574/EXP/ES/2015,,23.99,29.99,26.99
2026-09-30,Occidente,Jalisco,Sayula,,COMBU-EXPRESS SA DE CV,PL/1548/EXP/ES/2015,,23.99,28.98,
2026-09-30,Occidente,Jalisco,Zapopan,,SERVICIOS GASOLINEROS DE MEXICO SA DE CV,PL/1538/EXP/ES/2015,,23.99,29.99,
2026-09-30,Occidente,Jalisco,Guadalajara,,SERVICIOS GASOLINEROS DE MEXICO SA DE CV,PL/1497/EXP/ES/2015,,23.99,29.99,
2026-09-30,Occidente,Jalisco,Guadalajara,,SERVICIOS GASOLINEROS DE MEXICO SA DE CV,PL/1496/EXP/ES/2015,,23.99,29.99,
2026-09-30,Occidente,Jalisco,La Barca,,GASOLINERA MORENO ROJAS SA DE CV,PL/1491/EXP/ES/2015,,23.77,28.88,26.88
2026-09-30,Occidente,Jalisco,Ayotlán,,SERVICIO D SOTO SA DE CV,PL/1490/EXP/ES/2015,,23.98,29.98,27.45
2026-09-30,Occidente,Jalisco,Tlaquepaque,,SERVICIO LAS PIEDROTAS SA DE CV,PL/1488/EXP/ES/2015,,23.99,29.49,
2026-09-30,Occidente,Jalisco,Zapopan,,IVAN GARCIA ARCE,PL/1474/EXP/ES/2015,,23.99,29.46,27.00
2026-09-30,Occidente,Jalisco,Teocaltiche,,SERVICIO TEOCALTICHE SA DE CV,PL/1473/EXP/ES/2015,,24.00,,27.00
2026-09-30,Occidente,Jalisco,Teocaltiche,,GASOLINERA ROMO SA DE CV,PL/1471/EXP/ES/2015,,24.00,29.60,27.00
2026-09-30,Occidente,Jalisco,Guadalajara,,BECKTROP GDL SA DE CV,PL/1463/EXP/ES/2015,,23.99,29.49,
2026-09-30,Occidente,Jalisco,Zapopan,,COMBUSTIBLES PALMA REAL SA DE CV,PL/1462/EXP/ES/2015,,23.99,29.39,27.00
2026-09-30,Occidente,Jalisco,San Juan de los Lagos,,SERVICIO EL PEDREGOSO SA DE CV,PL/1461/EXP/ES/2015,,23.99,28.49,26.98
2026-09-30,Occidente,Jalisco,San Juan de los Lagos,,SERVICIO MALECON SAN JUAN SA DE CV,PL/1460/EXP/ES/2015,,23.99,28.49,
2026-09-30,Occidente,Jalisco,Guadalajara,,COMBU-EXPRESS SA DE CV,PL/1449/EXP/ES/2015,,23.99,29.49,
2026-09-30,Occidente,Jalisco,Zapopan,,GASOLINERA CONSTITUCION SA DE CV,PL/1421/EXP/ES/2015,,23.79,28.89,
2026-09-30,Occidente,Jalisco,Zapopan,,IVAN GARCIA ARCE,PL/1406/EXP/ES/2015,,23.99,29.65,
2026-09-30,Occidente,Jalisco,Atengo,,GASOLINERA ATENGO SA DE CV,PL/1400/EXP/ES/2015,,24.49,,27.49
2026-09-30,Occidente,Jalisco,Tlajomulco de Zúñiga,,JORIMAR GASOLINEROS SA DE CV,PL/13724/EXP/ES/2016,,22.99,28.69,26.99
2026-09-30,Occidente,Jalisco,Guadalajara,,GASOLINERIA LEADER DUCE EXPRESS SA DE CV,PL/13720/EXP/ES/2016,,23.99,29.51,
2026-09-30,Occidente,Jalisco,Zapopan,,PETROMAX SA DE CV,PL/13716/EXP/ES/2016,,24.49,29.99,
2026-09-30,Occidente,Jalisco,Zapotlanejo,,SERVICIO GASOLINERO SANTA TERESA SA DE CV,PL/13715/EXP/ES/2016,,24.00,29.49,27.00
2026-09-30,Occidente,Jalisco,Tlaquepaque,,GASOLINERA TAPATIA SA DE CV,PL/1371/EXP/ES/2015,,23.99,29.65,27.00
2026-09-30,Occidente,Jalisco,Atotonilco el Alto,,SERVICIOS GASOLINEROS DE MEXICO SA DE CV,PL/1370/EXP/ES/2015,,24.99,29.99,27.00
2026-09-30,Occidente,Jalisco,San Juan de los Lagos,,SERVICIO MARTIN TOSTADO SA DE CV,PL/13668/EXP/ES/2016,,23.99,28.50,27.00
2026-09-30,Occidente,Jalisco,El Limón,,GASOLINERA EL LIMON SA DE CV,PL/1363/EXP/ES/2015,,24.25,28.87,26.98
2026-09-30,Occidente,Jalisco,Zapopan,,GASOLIO SA DE CV,PL/13597/EXP/ES/2016,,23.99,29.50,26.99
2026-09-30,Occidente,Jalisco,San Diego de Alejandría,,JOSE MA. GODOY SANCHEZ,PL/13546/EXP/ES/2016,,23.99,28.80,27.00
2026-09-30,Occidente,Jalisco,Guadalajara,,SERVICIO BANDERA SA DE CV,PL/1349/EXP/ES/2015,,23.99,29.89,26.99
2026-09-30,Occidente,Jalisco,Valle de Juárez,,LUIS BAUTISTA ZEPEDA,PL/13489/EXP/ES/2016,,24.45,,27.55
2026-09-30,Occidente,Jalisco,Autlán de Navarro,,GASOLINERA LUPITA SA DE CV,PL/1340/EXP/ES/2015,,23.98,29.88,26.98
2026-09-30,Occidente,Jalisco,El Salto,,SERVICIOS GASOLINEROS DE MEXICO SA DE CV,PL/1339/EXP/ES/2015,,23.99,29.99,27.00
2026-09-30,Occidente,Jalisco,Zapotlanejo,,SERVICIO GASOLINERA ZAPOTLANEJO SA DE CV,PL/13280/EXP/ES/2016,,23.99,,27.00
2026-09-30,Occidente,Jalisco,Tlaquepaque,,SERVICIO SAN PEDRITO SA DE CV,PL/1326/EXP/ES/2015,,23.99,28.99,26.99
2026-09-30,Occidente,Jalisco,Puerto Vallarta,,SERVICIO LAS JUNTAS SA DE CV,PL/1325/EXP/ES/2015,,24.49,29.47,27.99
2026-09-30,Occidente,Jalisco,San Gabriel,,PLAZA ANTIGUA ESTACION SA DE CV,PL/13220/EXP/ES/2016,,23.99,29.90,26.99
2026-09-30,Occidente,Jalisco,Arandas,,SERVICIO CAMARENA SA DE CV,PL/1319/EXP/ES/2015,,23.65,28.60,
2026-09-30,Occidente,Jalisco,Jesús María,,SERVICIOS Y COMBUSTIBLES LEON SA DE CV,PL/13134/EXP/ES/2016,,23.99,29.15,27.00
2026-09-30,Occidente,Jalisco,Zapopan,,SOLUGAS SOLUCIONES EN GASOLINERAS SA DE CV,PL/1311/EXP/ES/2015,,23.79,28.29,27.00
2026-09-30,Occidente,Jalisco,Lagos de Moreno,,ES GAS SA DE CV,PL/13103/EXP/ES/2016,,23.97,29.28,27.00
2026-09-30,Occidente,Jalisco,Ocotlán,,GASOLINERA JARDEZ SA DE CV,PL/13094/EXP/ES/2016,,24.00,29.40,27.00
2026-09-30,Occidente,Jalisco,Ocotlán,,SANTA ESTHER DISTRIBUIDORA SA DE CV,PL/13082/EXP/ES/2016,,23.99,29.78,26.99
2026-09-30,Occidente,Jalisco,Mixtlán,,MARIANO TOPETE MACEDO,PL/13078/EXP/ES/2016,,24.29,29.98,28.49
2026-09-30,Occidente,Jalisco,Tlajomulco de Zúñiga,,SERVICIO LAS CRUCES DE SANTA ANITA SA DE CV,PL/13062/EXP/ES/2016,,23.99,29.78,
2026-09-30,Occidente,Jalisco,Zapotlanejo,,ESTACION PUENTE DE CALDERON SA DE CV,PL/13053/EXP/ES/2016,,23.98,29.50,27.00
2026-09-30,Occidente,Jalisco,Zapotlanejo,,SERVICIO LOS TEPETATES SA DE CV,PL/12890/EXP/ES/2015,,24.00,29.50,27.00
2026-09-30,Occidente,Jalisco,Zapopan,,SUMINISTROS ENERGETICOS DE CALIDAD SA DE CV,PL/12888/EXP/ES/2015,,23.99,29.49,27.00
2026-09-30,Occidente,Jalisco,Acatlán de Juárez,,ARGUS GASOLINERA SA DE CV,PL/12883/EXP/ES/2015,,23.98,29.48,27.00
2026-09-30,Occidente,Jalisco,Atotonilco el Alto,,SERVICIO ALONDRAS SA DE CV,PL/12863/EXP/ES/2015,,23.70,29.00,27.00
2026-09-30,Occidente,Jalisco,Tlaquepaque,,ESTACION DE SERVICIO VAZQUEZ SA DE CV,PL/12849/EXP/ES/2015,,23.89,28.89,26.99
2026-09-30,Occidente,Jalisco,Zapopan,,ESTACION DE SERVICIO SATELITE SA DE CV,PL/12817/EXP/ES/2015,,23.99,28.99,27.00
2026-09-30,Occidente,Jalisco,Cihuatlán,,AUTO SERVICIO SUR DE LA COSTA ALEGRE SA DE CV,PL/12816/EXP/ES/2015,,23.99,28.90,27.00
2026-09-30,Occidente,Jalisco,Autlán de Navarro,,COMBU-EXPRESS SA DE CV,PL/1277/EXP/ES/2015,,24.49,29.89,27.50
2026-09-30,Occidente,Jalisco,El Salto,,ESTACION DE SERVICIO DEL CARMEN SA DE CV,PL/12764/EXP/ES/2015,,24.00,29.98,27.00
2026-09-30,Occidente,Jalisco,Tlaquepaque,,MULTISERVICIOS MAGO SA DE CV,PL/12762/EXP/ES/2015,,24.00,29.50,27.00
2026-09-30,Occidente,Jalisco,Guadalajara,,"LAS TORRES 6309, S.A. DE C.V.",PL/12761/EXP/ES/2015,,24.00,28.20,
2026-09-30,Occidente,Jalisco,Guadalajara,,AUTO EXPRESS CALZADA-PERIFERICO SA DE CV,PL/12758/EXP/ES/2015,,24.00,29.90,27.00
2026-09-30,Occidente,Jalisco,Ameca,,GASOLINERA DEL CENTRO SA,PL/12743/EXP/ES/2015,,24.00,29.95,27.97
2026-09-30,Occidente,Jalisco,Ameca,,ALBERTO GOMEZ ZARATE,PL/12742/EXP/ES/2015,,24.00,29.95,27.99
2026-09-30,Occidente,Jalisco,Guadalajara,,ESTACION DE GASOLINERIA FERROCARRIL SA DE CV,PL/12730/EXP/ES/2015,,23.99,29.50,
2026-09-30,Occidente,Jalisco,Arandas,,COMBUTON SA DE CV,PL/12725/EXP/ES/2015,,23.79,28.79,27.99
2026-09-30,Occidente,Jalisco,Guadalajara,,GASOLINERA EL RASTRO SA DE CV,PL/12705/EXP/ES/2015,,23.99,29.49,26.98
2026-09-30,Occidente,Jalisco,Autlán de Navarro,,GASOLINERA EL MENTIDERO SA DE CV,PL/12696/EXP/ES/2015,,24.49,29.85,27.50
2026-09-30,Occidente,Jalisco,Guadalajara,,COMBUSTIBLES OLMO SA DE CV,PL/12680/EXP/ES/2015,,23.99,29.89,27.00
2026-09-30,Occidente,Jalisco,Cihuatlán,,ESTACION DE SERVICIO MORETT SA,PL/12678/EXP/ES/2015,,23.97,28.93,26.99
2026-09-30,Occidente,Jalisco,Zapopan,,GASOLINERA MARTIN SA DE CV,PL/12669/EXP/ES/2015,,22.99,28.69,26.99
2026-09-30,Occidente,Jalisco,Zapopan,,GASOLINERA MARTIN SA DE CV,PL/12668/EXP/ES/2015,,22.99,28.69,26.99
2026-09-30,Occidente,Jalisco,Tlajomulco de Zúñiga,,SERVICIOS GASOLINEROS DE MEXICO SA DE CV,PL/12644/EXP/ES/2015,,23.99,29.99,27.00
2026-09-30,Occidente,Jalisco,Cihuatlán,,COMPAÑIA MEXICANA PARA EL DESARROLLO TURISTICO Y URBANO DE BARRA DE NAVIDAD SA DE CV,PL/12609/EXP/ES/2015,,23.99,28.79,26.99
2026-09-30,Occidente,Jalisco,Zapotlán el Grande,,COMBU-EXPRESS SA DE CV,PL/1260/EXP/ES/2015,,24.39,29.88,27.49
2026-09-30,Occidente,Jalisco,Zapotlán el Grande,,COMBU-EXPRESS SA DE CV,PL/1259/EXP/ES/2015,,24.39,29.88,27.49
2026-09-30,Occidente,Jalisco,Tala,,SERVICIO LA LOMITA SA DE CV,PL/12588/EXP/ES/2015,,23.29,27.90,26.99
2026-09-30,Occidente,Jalisco,Tala,,SERVICIO CA&ERO SA DE CV,PL/12584/EXP/ES/2015,,23.99,29.68,27.28
2026-09-30,Occidente,Jalisco,Tala,,ARGUS GASOLINERA SA DE CV,PL/12565/EXP/ES/2015,,23.98,29.48,27.00
2026-09-30,Occidente,Jalisco,Tepatitlán de Morelos,,DARA SERVICIOS SA DE CV,PL/12564/EXP/ES/2015,,23.99,28.99,
2026-09-30,Occidente,Jalisco,Tizapán el Alto,,NOGALES ENERGETICOS SA DE CV,PL/12563/EXP/ES/2015,,23.99,29.89,27.99
2026-09-30,Occidente,Jalisco,Zapopan,,DERIVADORA DE COMBUSTIBLES DEL NORTE SA DE CV,PL/12562/EXP/ES/2015,,23.99,28.99,26.99
2026-09-30,Occidente,Jalisco,Guadalajara,,SERVICIOS GASOLINEROS DE MEXICO SA DE CV,PL/12560/EXP/ES/2015,,23.99,26.99,
2026-09-30,Occidente,Jalisco,Teocuitatlán de Corona,,GASOLINERA SAHAGUN SA DE CV,PL/12558/EXP/ES/2015,,24.00,29.88,27.00
2026-09-30,Occidente,Jalisco,La Huerta,,COMBU-EXPRESS SA DE CV,PL/1245/EXP/ES/2015,,24.59,29.80,27.39
2026-09-30,Occidente,Jalisco,Casimiro Castillo,,COMBU-EXPRESS SA DE CV,PL/1244/EXP/ES/2015,,24.59,29.80,27.39
2026-09-30,Occidente,Jalisco,Casimiro Castillo,,COMBU-EXPRESS SA DE CV,PL/1243/EXP/ES/2015,,24.59,29.80,27.39
2026-09-30,Occidente,Jalisco,Villa Purificación,,COMBU-EXPRESS SA DE CV,PL/1242/EXP/ES/2015,,24.59,29.80,27.39
2026-09-30,Occidente,Jalisco,Tlajomulco de Zúñiga,,GOPRA SA DE CV,PL/1222/EXP/ES/2015,,23.99,29.29,27.00
2026-09-30,Occidente,Jalisco,Degollado,,SERVICIO LOS ENCINOS SA DE CV,PL/1221/EXP/ES/2015,,23.99,28.99,26.99
2026-09-30,Occidente,Jalisco,Degollado,,ESTACION DE SERVICIO ROJEMAR SA DE CV,PL/1220/EXP/ES/2015,,23.99,28.99,26.99
2026-09-30,Occidente,Jalisco,Ahualulco de Mercado,,SERVICIO MICHIFAZO SA DE CV,PL/1219/EXP/ES/2015,,23.98,29.54,28.80
2026-09-30,Occidente,Jalisco,San Juanito de Escobedo,,SERVICIOS SAN JUANITO SA DE CV,PL/12060/EXP/ES/2015,,23.98,,27.00
2026-09-30,Occidente,Jalisco,Poncitlán,,GRUPO OCTANO SA DE CV,PL/12057/EXP/ES/2015,,23.99,29.99,27.59
2026-09-30,Occidente,Jalisco,Concepción de Buenos Aires,,SALVADOR VALLEJO JIMENEZ,PL/12050/EXP/ES/2015,,24.00,,27.00
2026-09-30,Occidente,Jalisco,Zapopan,,ESTACION DE SERVICIO PEGASO SA DE CV,PL/12041/EXP/ES/2015,,23.99,28.99,
2026-09-30,Occidente,Jalisco,Jesús María,,SERVICIOS ENERGETICOS ESLI SA DE CV,PL/12039/EXP/ES/2015,,23.89,28.99,26.99
2026-09-30,Occidente,Jalisco,Guadalajara,,COMBUSTIBLES MARSAN SA DE CV,PL/12020/EXP/ES/2015,,23.69,28.29,
2026-09-30,Occidente,Jalisco,El Salto,,GASOLINERAS FAST DE OCCIDENTE S DE RL DE CV,PL/12001/EXP/ES/2015,,23.99,29.79,27.00
2026-09-30,Occidente,Jalisco,Tala,,SERVICAÑA SA DE CV,PL/11995/EXP/ES/2015,,23.86,29.23,27.00
2026-09-30,Occidente,Jalisco,Guadalajara,,ESTACION DE SERVICIO LAS TORRES SA DE CV,PL/11983/EXP/ES/2015,,23.29,27.90,
2026-09-30,Occidente,Jalisco,Encarnación de Díaz,,SERVICIO BAJIO DE SAN JOSE SA DE CV,PL/11976/EXP/ES/2015,,23.99,,26.99
2026-09-30,Occidente,Jalisco,Villa Hidalgo,,SUPER SERVICIO  D SANTA SA DE CV,PL/11959/EXP/ES/2015,,24.00,29.10,27.00
2026-09-30,Occidente,Jalisco,Chapala,,SUPERSERVICIO ATOTONILQUILLO SA DE CV,PL/11954/EXP/ES/2015,,23.99,28.99,26.99
2026-09-30,Occidente,Jalisco,Guadalajara,,PETROMAX SA DE CV,PL/11951/EXP/ES/2015,,24.49,29.99,26.99
2026-09-30,Occidente,Jalisco,Guadalajara,,MARCA GASOLINAS SA DE CV,PL/1188/EXP/ES/2015,,23.79,28.29,
2026-09-30,Occidente,Jalisco,Guadalajara,,COMBUSTIBLES GUADALAJARA SA DE CV,PL/1177/EXP/ES/2015,,23.95,29.28,
2026-09-30,Occidente,Jalisco,Guadalajara,,GASOLINERA TAPATIA LOS ARCOS SA DE CV,PL/1176/EXP/ES/2015,,23.99,29.99,
2026-09-30,Occidente,Jalisco,Guadalajara,,GRUPO INDUSTRIAL TAJALI SA,PL/1166/EXP/ES/2015,,23.99,29.99,
2026-09-30,Occidente,Jalisco,Guadalajara,,GRUPO INDUSTRIAL TAJALI SA,PL/1165/EXP/ES/2015,,23.99,29.99,
2026-09-30,Occidente,Jalisco,Guadalajara,,GASOLINERA POLANCO SA DE CV,PL/1158/EXP/ES/2015,,23.89,28.99,26.99
2026-09-30,Occidente,Jalisco,Cuquío,,FELIPE GUTIERREZ YAÑEZ,PL/11453/EXP/ES/2015,,23.97,29.97,26.97
2026-09-30,Occidente,Jalisco,Tepatitlán de Morelos,,GASOLINERA Y SERVICIOS LOS SAUCES SA DE CV,PL/11449/EXP/ES/2015,,23.99,28.50,26.97
2026-09-30,Occidente,Jalisco,Tepatitlán de Morelos,,PETROTEP SA DE CV,PL/11445/EXP/ES/2015,,23.99,29.26,27.25
2026-09-30,Occidente,Jalisco,Chapala,,GRUPO PETRO 8 SA DE CV,PL/11431/EXP/ES/2015,,23.99,29.75,27.00
2026-09-30,Occidente,Jalisco,Ixtlahuacán de los Membrillos,,GRUPO BALLO SA DE CV,PL/11419/EXP/ES/2015,,23.99,29.99,26.99
2026-09-30,Occidente,Jalisco,Ayotlán,,ESTACION DE SERVICIOS LA JOYA SA DE CV,PL/11406/EXP/ES/2015,,23.99,29.49,27.79
2026-09-30,Occidente,Jalisco,Tlajomulco de Zúñiga,,GASOLINERA DIAL SA DE CV,PL/11397/EXP/ES/2015,,23.88,29.08,27.00
2026-09-30,Occidente,Jalisco,Zapopan,,SERVICIOS GASOLINEROS DE MEXICO SA DE CV,PL/11378/EXP/ES/2015,,23.99,29.99,27.00
2026-09-30,Occidente,Jalisco,Zapopan,,SERVICIOS GASOLINEROS DE MEXICO SA DE CV,PL/11377/EXP/ES/2015,,23.99,29.99,
2026-09-30,Occidente,Jalisco,Zapopan,,GASOLINERA MARTIN SA DE CV,PL/11366/EXP/ES/2015,,22.99,26.99,26.99
2026-09-30,Occidente,Jalisco,Puerto Vallarta,,SERVICIO LAS MOJONERAS SA DE CV,PL/11365/EXP/ES/2015,,24.50,29.15,28.05
2026-09-30,Occidente,Jalisco,Tonalá,,GASOLINERA ALDI SA DE CV,PL/11364/EXP/ES/2015,,23.86,28.91,26.95
2026-09-30,Occidente,Jalisco,Tlaquepaque,,GASOLINERA DON JOSE SA DE CV,PL/11361/EXP/ES/2015,,23.86,28.91,26.95
2026-09-30,Occidente,Jalisco,Arandas,,FUENTES OÑATE Y ASOCIADOS SA DE CV,PL/11352/EXP/ES/2015,,23.99,28.95,26.99
2026-09-30,Occidente,Jalisco,Tonalá,,SUPER SERVICIOS EL SALTO SA DE CV,PL/11343/EXP/ES/2015,,23.87,28.99,26.99
2026-09-30,Occidente,Jalisco,Chiquilistlán,,COMBUSTIBLES CHAVEZ SA DE CV,PL/11288/EXP/ES/2015,,24.80,,27.99
2026-09-30,Occidente,Jalisco,Arandas,,GRUPO GASOLINERO EL CAPULIN SA DE CV,PL/11285/EXP/ES/2015,,23.60,28.90,27.00
2026-09-30,Occidente,Jalisco,Guadalajara,,GASOLINERA DAKOTA DE OCCIDENTE SA DE CV,PL/11284/EXP/ES/2015,,23.99,29.65,27.00
2026-09-30,Occidente,Jalisco,Guadalajara,,PETRO BUENAVISTA SA DE CV,PL/1126/EXP/ES/2015,,23.99,,26.99
2026-09-30,Occidente,Jalisco,Ocotlán,,GASOLINERA EL NUEVO FUERTE SA DE CV,PL/11259/EXP/ES/2015,,23.92,29.56,27.33
2026-09-30,Occidente,Jalisco,Guadalajara,,SUPERSERVICIO PABLO VALDEZ SA DE CV,PL/11253/EXP/ES/2015,,23.99,29.99,
2026-09-30,Occidente,Jalisco,Guadalajara,,SERVICIO INDUSTRIAL DE JALISCO SA DE CV,PL/11252/EXP/ES/2015,,23.99,29.20,26.99
2026-09-30,Occidente,Jalisco,Guadalajara,,SERVICIOS GASOLINEROS LEO SA DE CV,PL/11251/EXP/ES/2015,,23.99,29.99,27.00
2026-09-30,Occidente,Jalisco,Guadalajara,,MEGA SERVICIO ECOLOGICO DE GASOLINA SA DE CV,PL/11250/EXP/ES/2015,,23.98,29.99,26.99
2026-09-30,Occidente,Jalisco,Tlaquepaque,,COMBU-EXPRESS SA DE CV,PL/1124/EXP/ES/2015,,23.99,29.49,27.00
2026-09-30,Occidente,Jalisco,Tlaquepaque,,TRASAGAS SA DE CV,PL/11231/EXP/ES/2015,,23.99,29.99,26.99
2026-09-30,Occidente,Jalisco,Ixtlahuacán del Río,,VANGUARDIA EN GASOLINERAS SA DE CV,PL/11230/EXP/ES/2015,,23.99,29.99,26.99
2026-09-30,Occidente,Jalisco,Guadalajara,,SUPER SERVICIO 54 SA DE CV,PL/1113/EXP/ES/2015,,23.99,28.99,
2026-09-30,Occidente,Jalisco,Cocula,,ORGANIZACION LA LUNA SA DE CV,PL/1109/EXP/ES/2015,,23.99,29.99,27.00
2026-09-30,Occidente,Jalisco,Cocula,,ORGANIZACION LA LUNA SA DE CV,PL/1107/EXP/ES/2015,,23.99,29.99,27.00
2026-09-30,Occidente,Jalisco,Tlaquepaque,,GASALVI SA DE CV,PL/11030/EXP/ES/2015,,23.99,28.99,
2026-09-30,Occidente,Jalisco,Guadalajara,,GRUPO JAGUAR DE OCCIDENTE SA DE CV,PL/11027/EXP/ES/2015,,23.99,29.50,
2026-09-30,Occidente,Jalisco,San Miguel el Alto,,ESTACION CALZADA DE GUADALUPE SA DE CV,PL/11020/EXP/ES/2015,,23.99,28.99,27.00
2026-09-30,Occidente,Jalisco,Zapopan,,ESTACION DE SERVICIO APV SA DE CV,PL/11006/EXP/ES/2015,,23.97,29.47,26.99
2026-09-30,Occidente,Jalisco,Tlajomulco de Zúñiga,,SERVICIO JIPIGO SA DE CV,PL/11005/EXP/ES/2015,,23.50,28.80,26.99
2026-09-30,Occidente,Jalisco,Zapopan,,SERVICIO NUEVO MEXICO SA DE CV,PL/11004/EXP/ES/2015,,23.98,28.95,27.00
2026-09-30,Occidente,Jalisco,Zapopan,,COMBUSTIBLES Y SERVICIOS SAMER SA DE CV,PL/10927/EXP/ES/2015,,23.99,29.59,27.00
2026-09-30,Occidente,Jalisco,Tlaquepaque,,ESTACION DE SERVICIO PRINCIPAL SA DE CV,PL/10925/EXP/ES/2015,,23.99,29.49,27.00
2026-09-30,Occidente,Jalisco,San Ignacio Cerro Gordo,,ENERGETICOS TEPAK SA DE CV,PL/10923/EXP/ES/2015,,23.99,28.55,27.00
2026-09-30,Occidente,Jalisco,El Salto,,GASOLINERIA BELOZ SA DE CV,PL/10894/EXP/ES/2015,,23.60,29.45,26.99
2026-09-30,Occidente,Jalisco,Tlaquepaque,,GASOLINERA OLEODUCTO SA DE CV,PL/10893/EXP/ES/2015,,23.60,29.45,26.99
2026-09-30,Occidente,Jalisco,Tlaquepaque,,SERVICIOS ACEVES SA DE CV,PL/10892/EXP/ES/2015,,23.99,29.45,26.99
2026-09-30,Occidente,Jalisco,Tonalá,,COMBUSTIBLES DE ZAPOTLANEJO SA DE CV,PL/10870/EXP/ES/2015,,23.99,29.49,26.99
2026-09-30,Occidente,Jalisco,Guadalajara,,GASOLINERA REMUS SA DE CV,PL/10860/EXP/ES/2015,,24.00,29.79,27.00
2026-09-30,Occidente,Jalisco,Lagos de Moreno,,SERVICIOS GASOLINEROS DE MEXICO SA DE CV,PL/10858/EXP/ES/2015,,24.99,29.99,27.00
2026-09-30,Occidente,Jalisco,Tlaquepaque,,GASOLINERA EL TAPATIO SA DE CV,PL/10843/EXP/ES/2015,,23.70,28.58,26.99
2026-09-30,Occidente,Jalisco,Tamazula de Gordiano,,SERVICIO EL PRADO SA DE CV,PL/10826/EXP/ES/2015,,23.99,29.86,27.80
2026-09-30,Occidente,Jalisco,Guadalajara,,ESTACION DE SERVICIO ATEQUIZA SA DE CV,PL/10812/EXP/ES/2015,,23.89,,26.99
2026-09-30,Occidente,Jalisco,Tepatitlán de Morelos,,SERVICIOS PUERTA VIEJA SA DE CV,PL/10811/EXP/ES/2015,,23.99,29.35,27.19
2026-09-30,Occidente,Jalisco,Tonalá,,REAL TONALTECAS SA DE CV,PL/10728/EXP/ES/2015,,23.50,29.89,26.99
2026-09-30,Occidente,Jalisco,Tonalá,,SERVICIO TONALA SA DE CV,PL/10727/EXP/ES/2015,,23.50,,26.99
2026-09-30,Occidente,Jalisco,Zapopan,,GASOLINERA PLAZA DEL SOL SA DE CV,PL/10725/EXP/ES/2015,,23.99,29.89,
2026-09-30,Occidente,Jalisco,Guadalajara,,SERVICIO RIO NILO SA DE CV,PL/10723/EXP/ES/2015,,22.99,29.89,24.13
2026-09-30,Occidente,Jalisco,Zapopan,,SERVICIO ANGEL SA DE CV,PL/10722/EXP/ES/2015,,23.99,29.99,26.99
2026-09-30,Occidente,Jalisco,Tlaquepaque,,GRUPO CASAL SA DE CV,PL/10717/EXP/ES/2015,,22.99,29.89,26.99
2026-09-30,Occidente,Jalisco,Lagos de Moreno,,COMERCIALIZADORA CENTRAL DE COMBUSTIBLE SA DE CV,PL/10695/EXP/ES/2015,,23.99,29.89,27.00
2026-09-30,Occidente,Jalisco,Tuxpan,,GASOTECA SA DE CV,PL/10688/EXP/ES/2015,,23.99,29.99,26.99
2026-09-30,Occidente,Jalisco,Tonalá,,ENERGIA GUADALUPANA SA DE CV,PL/10667/EXP/ES/2015,,23.98,28.98,
2026-09-30,Occidente,Jalisco,Autlán de Navarro,,GASOLINERA AUTLAN SA DE CV,PL/1066/EXP/ES/2015,,24.49,29.89,27.45
2026-09-30,Occidente,Jalisco,Yahualica de González Gallo,,GASOLINERA LV SA DE CV,PL/10659/EXP/ES/2015,,23.99,29.50,27.00
2026-09-30,Occidente,Jalisco,El Salto,,ESTACION DE SERVICIO ESMERALDA SA DE CV,PL/1065/EXP/ES/2015,,23.99,28.99,26.99
2026-09-30,Occidente,Jalisco,Puerto Vallarta,,SERVICIO MARINA LAS PALMAS SA DE CV,PL/10630/EXP/ES/2015,,23.94,27.99,26.99
2026-09-30,Occidente,Jalisco,Arandas,,Nueva Estacion de Servicio Tres Estrellas Nucho SA,PL/1060/EXP/ES/2015,,23.99,28.79,27.79
2026-09-30,Occidente,Jalisco,Autlán de Navarro,,COMBU-EXPRESS SA DE CV,PL/10587/EXP/ES/2015,,23.68,29.89,26.68
2026-09-30,Occidente,Jalisco,Huejuquilla el Alto,,SERVICIO LAMAS SA DE CV,PL/10563/EXP/ES/2015,,23.99,28.50,27.00
2026-09-30,Occidente,Jalisco,Zapopan,,PETROMAX SA DE CV,PL/10548/EXP/ES/2015,,24.49,29.99,27.69
2026-09-30,Occidente,Jalisco,Tlajomulco de Zúñiga,,COMBUSTIBLES TLAJOMULCO SA DE CV,PL/10348/EXP/ES/2015,,23.99,28.99,26.98
2026-09-30,Occidente,Jalisco,Chapala,,SERVICIO AGUIRRE CASTELLANOS SA DE CV,PL/10342/EXP/ES/2015,,23.97,29.29,27.00
2026-09-30,Occidente,Jalisco,La Barca,,INMOBILIARIA SAMICH SA DE CV,PL/10312/EXP/ES/2015,,23.77,28.88,26.88
2026-09-30,Occidente,Jalisco,Tlajomulco de Zúñiga,,ESTACION DE SERVICIOS GOMCO SA DE CV,PL/10311/EXP/ES/2015,,23.79,28.99,26.89
2026-09-30,Occidente,Jalisco,Poncitlán,,INMOBILIARIA SAMICH SA DE CV,PL/10310/EXP/ES/2015,,23.75,29.78,26.88
2026-09-30,Occidente,Jalisco,Atenguillo,,SERVICIO LAS CHIQUILLAS SA DE CV,PL/10306/EXP/ES/2015,,23.99,29.04,27.00
2026-09-30,Occidente,Jalisco,Teuchitlán,,VICTOR HUGO REYNOSO MADRIGAL,PL/10305/EXP/ES/2015,,23.58,28.87,26.98
2026-09-30,Occidente,Jalisco,Ixtlahuacán de los Membrillos,,ENRIQUE ENCISO DIAZ,PL/10269/EXP/ES/2015,,23.95,29.55,27.00
2026-09-30,Occidente,Jalisco,Tepatitlán de Morelos,,GASOLINERA BUSTOS DE LA MORA SA DE CV,PL/10254/EXP/ES/2015,,23.99,28.99,27.09
2026-09-30,Occidente,Jalisco,La Huerta,,AUTO SERVICIO SUR DE LA COSTA ALEGRE SA DE CV,PL/10237/EXP/ES/2015,,23.99,29.75,27.00
2026-09-30,Occidente,Jalisco,Zapotlanejo,,SERVICIO CASTILLO SA DE CV,PL/10226/EXP/ES/2015,,23.99,29.49,27.00
2026-09-30,Occidente,Jalisco,Zapotlanejo,,NUEVO SERVICIO CASTILLO SA DE CV,PL/10225/EXP/ES/2015,,23.90,29.50,27.00
2026-09-30,Occidente,Jalisco,Tepatitlán de Morelos,,FABRICACION Y MONTAJES INDUSTRIALES ZAIMER SA DE CV,PL/10217/EXP/ES/2015,,25.99,29.99,27.99
2026-09-30,Occidente,Jalisco,Zapotiltic,,COMBUSTIBLES CARRETEROS CARCO SA DE CV,PL/10195/EXP/ES/2015,,24.00,29.99,27.59
2026-09-30,Occidente,Jalisco,Lagos de Moreno,,SERVICIOS MABEL SA DE CV,PL/10183/EXP/ES/2015,,24.00,29.60,27.00
2026-09-30,Occidente,Jalisco,Ixtlahuacán de los Membrillos,,SERVICIO ROHEL SA DE CV,PL/10170/EXP/ES/2015,,23.99,29.99,26.99
2026-09-30,Occidente,Jalisco,Sayula,,COMBU-EXPRESS SA DE CV,PL/1017/EXP/ES/2015,,23.99,,27.00
2026-09-30,Occidente,Jalisco,Tlajomulco de Zúñiga,,GASERVICIOS SAN DIEGO SA DE CV,PL/10165/EXP/ES/2015,,23.50,28.65,26.99
2026-09-30,Occidente,Jalisco,Arandas,,SERVICIO HIPERGAS SA DE CV,PL/10162/EXP/ES/2015,,23.60,28.90,27.00
2026-09-30,Occidente,Jalisco,Tlajomulco de Zúñiga,,GASOLINA Y DIESEL DE OCCIDENTE SA DE CV,PL/10140/EXP/ES/2015,,23.99,29.48,27.00
2026-09-30,Occidente,Jalisco,Zapopan,,GASOLINA Y DIESEL DE OCCIDENTE SA DE CV,PL/10137/EXP/ES/2015,,23.99,29.45,
2026-09-30,Occidente,Jalisco,Zapopan,,PETROVAZ SA DE CV,PL/10129/EXP/ES/2015,,23.99,29.99,27.00
2026-09-30,Occidente,Jalisco,Zapopan,,PETROVAZ SA DE CV,PL/10128/EXP/ES/2015,,23.99,29.99,26.99
2026-09-30,Occidente,Jalisco,Guadalajara,,GASOVAZ SA DE CV,PL/10127/EXP/ES/2015,,23.99,29.76,27.00
2026-09-30,Occidente,Jalisco,Chapala,,AUXILIADORA DE COMBUSTIBLES SA DE CV,PL/10117/EXP/ES/2015,,23.98,29.68,27.00
2026-09-30,Occidente,Jalisco,Chapala,,AUXILIADORA DE COMBUSTIBLES SA DE CV,PL/10116/EXP/ES/2015,,23.99,29.50,27.00
2026-09-30,Occidente,Jalisco,Tlajomulco de Zúñiga,,COMBUSTIBLE TLAJOMULCO SA DE CV,PL/10108/EXP/ES/2015,,23.89,,26.99
2026-09-30,Occidente,Jalisco,Tala,,ESTACION DE SERVICIOS TALA SA DE CV,PL/10107/EXP/ES/2015,,23.89,,26.99
2026-09-30,Occidente,Jalisco,Zapopan,,ESTACION GUADALUPE SA DE CV,PL/10106/EXP/ES/2015,,23.29,28.99,
2026-09-30,Occidente,Jalisco,Tlaquepaque,,ESTACION DE SERVICIO OMEGA SA DE CV,PL/10104/EXP/ES/2015,,23.89,27.99,
2026-09-30,Occidente,Jalisco,Tlajomulco de Zúñiga,,CENTRAL SAN AGUSTIN SA DE CV,PL/10103/EXP/ES/2015,,23.99,29.99,27.00
2026-09-30,Occidente,Jalisco,Zapopan,,OPERADORA AVIACION SA DE CV,PL/10100/EXP/ES/2015,,23.99,29.69,
2026-09-30,Occidente,Jalisco,Zapotiltic,,COMBU-EXPRESS SA DE CV,PL/1010/EXP/ES/2015,,24.39,,27.69
2026-09-30,Occidente,Jalisco,Zapopan,,ESTACION DE SERVICIO GALERIAS SA DE CV,PL/10098/EXP/ES/2015,,23.89,28.49,
2026-09-30,Occidente,Jalisco,Techaluta de Montenegro,,SERVICIO TECHALUTA SA DE CV,PL/10097/EXP/ES/2015,,23.99,29.29,27.00
2026-09-30,Occidente,Jalisco,Tlajomulco de Zúñiga,,ESTACION DE SERVICIO PYOTR SA DE CV,PL/10091/EXP/ES/2015,,23.99,28.69,26.99
2026-09-30,Occidente,Jalisco,Zapotlán el Grande,,COMBU-EXPRESS SA DE CV,PL/1009/EXP/ES/2015,,24.39,29.88,27.49
2026-09-30,Occidente,Jalisco,Tepatitlán de Morelos,,GASOLINERA AGUA BLANCA SA DE CV,PL/10081/EXP/ES/2015,,23.99,28.99,28.80
2026-09-30,Occidente,Jalisco,Zapotlán el Grande,,COMBU-EXPRESS SA DE CV,PL/1008/EXP/ES/2015,,24.39,29.88,27.49
2026-09-30,Occidente,Jalisco,Zapotlán el Grande,,COMBU-EXPRESS SA DE CV,PL/1007/EXP/ES/2015,,24.39,29.88,27.49
2026-09-30,Occidente,Jalisco,Ixtlahuacán de los Membrillos,,SERVIECOLOGICOS SA DE CV,PL/10061/EXP/ES/2015,,23.99,29.99,27.00
2026-09-30,Occidente,Jalisco,Arandas,,GASOLINERA GUADALAJARA SA DE CV,PL/1003/EXP/ES/2015,,23.90,28.50,27.45
2026-09-30,Occidente,Jalisco,Tuxpan,,GRUPO OCTANO SA DE CV,PL/10010/EXP/ES/2015,,24.00,29.99,27.00
2026-09-30,Occidente,Jalisco,Tuxpan,,GRUPO OCTANO SA DE CV,PL/10009/EXP/ES/2015,,24.00,29.99,27.00
2026-09-30,Occidente,Jalisco,Tepatitlán de Morelos,,INMOBILIARIA SAMICH SA DE CV,CNE/PL/87/EXP/ES/2025,,23.93,29.73,26.92
2026-09-30,Occidente,Jalisco,La Barca,,INMOBILIARIA SAMICH SA DE CV,CNE/PL/80/EXP/ES/2025,,23.77,28.88,26.88
2026-09-30,Occidente,Jalisco,Tepatitlán de Morelos,,INMOBILIARIA SAMICH SA DE CV,CNE/PL/74/EXP/ES/2025,,23.59,28.78,26.84
2026-09-30,Occidente,Jalisco,Tapalpa,,COMBU-EXPRESS SA DE CV,CNE/PL/66/EXP/ES/2025,,24.09,29.58,27.10
2026-09-30,Occidente,Jalisco,Cihuatlán,,SUPER SERVICIO CIBRIAN SA DE CV,CNE/PL/651/EXP/ES/2026,,23.99,28.94,27.00
2026-09-30,Occidente,Jalisco,Jalostotitlán,,SALVADOR RABAGO CORNEJO,CNE/PL/57/EXP/ES/2025,,23.95,28.59,26.98
2026-09-30,Occidente,Jalisco,Lagos de Moreno,,ESTACION CHIPINQUE SA DE CV,CNE/PL/52/EXP/ES/2025,,23.99,28.99,27.00
2026-09-30,Occidente,Jalisco,Ocotlán,,INMOBILIARIA SAMICH SA DE CV,CNE/PL/475/EXP/ES/2025,,23.79,29.29,26.88
2026-09-30,Occidente,Jalisco,Mexticacán,,SERVICIO CIUDAD DE LOS MARTIRES SA DE CV,CNE/PL/388/EXP/ES/2025,,23.79,28.99,26.99
2026-09-30,Occidente,Jalisco,Tlaquepaque,,AERO 4 G SA DE CV,CNE/PL/372/EXP/ES/2025,,23.99,29.45,26.99
2026-09-30,Occidente,Jalisco,Tonalá,,ALPEZ GAS SA DE CV,CNE/PL/364/EXP/ES/2025,,23.69,28.69,
2026-09-30,Occidente,Jalisco,Quitupan,,NARBEL VARGAS BARAJAS,CNE/PL/339/EXP/ES/2025,,24.60,,27.99
2026-09-30,Occidente,Jalisco,Guadalajara,,ALPEZ GAS SA DE CV,CNE/PL/335/EXP/ES/2025,,23.69,28.69,26.89
2026-09-30,Occidente,Jalisco,Zapotlán el Grande,,PETRO CHAVER SA DE CV,CNE/PL/318/EXP/ES/2025,,24.35,29.90,27.35
2026-09-30,Occidente,Jalisco,Atotonilco el Alto,,INMOBILIARIA SAMICH SA DE CV,CNE/PL/287/EXP/ES/2025,,23.76,29.59,26.88
2026-09-30,Occidente,Jalisco,Tonalá,,GRUPO ODISEA COMBUSTIBLES SA DE CV,CNE/PL/207/EXP/ES/2025,,23.99,29.79,27.00
2026-09-30,Occidente,Jalisco,Tlajomulco de Zúñiga,,ANTONIO NAÑEZ BUGARIN,CNE/PL/202/EXP/ES/2025,,23.19,28.99,26.99
2026-09-30,Occidente,Jalisco,Zapopan,,ALPEZ GAS SA DE CV,CNE/PL/184/EXP/ES/2025,,23.99,28.99,26.99
2026-09-30,Occidente,Jalisco,Sayula,,COMBUSTIBLES FOSILES GT SA DE CV,CNE/PL/179/EXP/ES/2025,,23.99,29.97,27.00
2026-09-30,Occidente,Jalisco,Tepatitlán de Morelos,,INMOBILIARIA SAMICH SA DE CV,CNE/PL/156/EXP/ES/2025,,23.59,28.78,26.84
2026-10-01,Occidente,Jalisco,Ixtlahuacán de los Membrillos,,COMBUSTIBLES PLATANITO SA DE CV,PL/9985/EXP/ES/2015,,23.99,26.18,25.99
2026-10-01,Occidente,Jalisco,Tlajomulco de Zúñiga,,PETRO SERVICIOS DE OCCIDENTE SA DE CV,PL/9974/EXP/ES/2015,,23.99,28.79,27.00
2026-10-01,Occidente,Jalisco,Bolaños,,AUTO SERVICIO TREJO SA DE CV,PL/9944/EXP/ES/2015,,24.00,29.20,27.50
2026-10-01,Occidente,Jalisco,Tlajomulco de Zúñiga,,SERVICIOS GASOLINEROS DE MEXICO SA DE CV,PL/9790/EXP/ES/2015,,23.99,29.99,27.00
2026-10-01,Occidente,Jalisco,Guadalajara,,SERVICIOS GASOLINEROS DE MEXICO SA DE CV,PL/9789/EXP/ES/2015,,23.99,29.99,27.00
2026-10-01,Occidente,Jalisco,Zapopan,,SERVICIOS GASOLINEROS DE MEXICO SA DE CV,PL/9787/EXP/ES/2015,,23.99,29.99,27.00
2026-10-01,Occidente,Jalisco,Arandas,,JESUS MARIA RAMIREZ GARCIA,PL/9757/EXP/ES/2015,,23.96,28.84,27.00
2026-10-01,Occidente,Jalisco,Encarnación de Díaz,,GASOLINAS Y LUBRICANTES EL DESTIERRO SA DE CV,PL/9748/EXP/ES/2015,,23.99,,27.00
2026-10-01,Occidente,Jalisco,Valle de Guadalupe,,SERVICIO SANTO NIÑO SA DE CV,PL/9747/EXP/ES/2015,,23.99,29.24,27.24
2026-10-01,Occidente,Jalisco,Tlajomulco de Zúñiga,,SAVLOZ COMPANNY SA DE CV,PL/9746/EXP/ES/2015,,23.99,29.99,26.99
2026-10-01,Occidente,Jalisco,Autlán de Navarro,,COMBU-EXPRESS SA DE CV,PL/9699/EXP/ES/2015,,24.49,29.89,27.50
2026-10-01,Occidente,Jalisco,Ayotlán,,SERVICIO SAN JOSE DEL CARACOL SA DE CV,PL/9689/EXP/ES/2015,,23.99,29.55,27.49
2026-10-01,Occidente,Jalisco,La Barca,,ESTACION DE SERVICIO PORTEZUELO SA DE CV,PL/9634/EXP/ES/2015,,23.69,28.79,27.00
2026-10-01,Occidente,Jalisco,Tonalá,,COMBU-EXPRESS SA DE CV,PL/960/EXP/ES/2015,,23.99,29.49,27.00
2026-10-01,Occidente,Jalisco,Zapopan,,COMBU-EXPRESS SA DE CV,PL/959/EXP/ES/2015,,23.99,29.49,27.00
2026-10-01,Occidente,Jalisco,Tonalá,,ESTACION SERVICIO SANTA TERE SA DE CV,PL/9589/EXP/ES/2015,,23.99,28.80,
2026-10-01,Occidente,Jalisco,Zapopan,,OPERADORA KINZA SA DE CV,PL/9585/EXP/ES/2015,,23.59,28.49,
2026-10-01,Occidente,Jalisco,Guadalajara,,SERVICIO MEZQUITE SA DE CV,PL/9584/EXP/ES/2015,,23.79,28.59,
2026-10-01,Occidente,Jalisco,Guadalajara,,SERVICIO MEZQUITE SA DE CV,PL/9582/EXP/ES/2015,,23.69,28.79,27.00
2026-10-01,Occidente,Jalisco,Guadalajara,,SERVICIO SAN MIGUEL DE MEZQUITAN SA DE CV,PL/9581/EXP/ES/2015,,23.75,28.29,
2026-10-01,Occidente,Jalisco,Magdalena,,COMBU-EXPRESS SA DE CV,PL/958/EXP/ES/2015,,23.99,29.99,27.49
2026-10-01,Occidente,Jalisco,Jocotepec,,COMBUSTIBLES PELAYO SA DE CV,PL/9569/EXP/ES/2015,,23.98,29.49,26.98
2026-10-01,Occidente,Jalisco,Zapopan,,SERVICIO PATRYBACH SA DE CV,PL/955/EXP/ES/2015,,23.99,29.98,
2026-10-01,Occidente,Jalisco,Guadalajara,,SERVICIO LUX SA DE CV,PL/9546/EXP/ES/2015,,24.00,29.50,
2026-10-01,Occidente,Jalisco,Tepatitlán de Morelos,,ALFONSO GONZALEZ GONZALEZ,PL/9532/EXP/ES/2015,,24.00,29.00,27.00
2026-10-01,Occidente,Jalisco,Jocotepec,,SERVICIO EL CHANTE SA DE CV,PL/9505/EXP/ES/2015,,23.99,29.79,26.99
2026-10-01,Occidente,Jalisco,Guadalajara,,PETROMAX SA DE CV,PL/9496/EXP/ES/2015,,24.59,29.99,26.99
2026-10-01,Occidente,Jalisco,Guadalajara,,GAS 4 ASOCIADOS SA DE CV,PL/9488/EXP/ES/2015,,23.99,29.40,
2026-10-01,Occidente,Jalisco,Puerto Vallarta,,GASOSERVICIO EXPRESS PATRIA SA DE CV,PL/9484/EXP/ES/2015,,23.99,29.59,27.00
2026-10-01,Occidente,Jalisco,Tuxcueca,,FERNANDO GARZA MAGAÑA,PL/9481/EXP/ES/2015,,23.98,29.49,26.98
2026-10-01,Occidente,Jalisco,Guadalajara,,COMBU-EXPRESS SA DE CV,PL/947/EXP/ES/2015,,23.99,29.59,27.00
2026-10-01,Occidente,Jalisco,Unión de San Antonio,,SERVICIO UNION A G SA DE CV,PL/9457/EXP/ES/2015,,23.99,29.74,26.99
2026-10-01,Occidente,Jalisco,El Salto,,GRUPO DE GASOLINEROS UNIDOS MI RIU SA DE CV,PL/9449/EXP/ES/2015,,22.99,27.99,26.99
2026-10-01,Occidente,Jalisco,Guadalajara,,ADVANCE GASOLINAS SA DE CV,PL/9440/EXP/ES/2015,,23.99,29.69,
2026-10-01,Occidente,Jalisco,Tlajomulco de Zúñiga,,GASOLINERA Y LUBRICANTES REAL DE COLIMA SA DE CV,PL/9429/EXP/ES/2015,,22.99,28.69,26.99
2026-10-01,Occidente,Jalisco,Guadalajara,,GRUPO OCTANO SA DE CV,PL/9414/EXP/ES/2015,,23.99,29.99,
2026-10-01,Occidente,Jalisco,Tonalá,,SERVICIO TONAGAS SA DE CV,PL/9402/EXP/ES/2015,,23.99,28.99,26.99
2026-10-01,Occidente,Jalisco,El Salto,,SERVICIO GASOLINERO AEROPUERTO SA DE CV,PL/9393/EXP/ES/2015,,23.60,29.45,26.99
2026-10-01,Occidente,Jalisco,Ocotlán,,ORGANIZACION LA LUNA SA DE CV,PL/9387/EXP/ES/2015,,23.99,29.99,27.00
2026-10-01,Occidente,Jalisco,Puerto Vallarta,,DISTRIBUIDORA Y COMERCIALIZADORA MERCANTIL DEL OCCIDENTE SA DE CV,PL/9379/EXP/ES/2015,,24.88,29.99,27.99
2026-10-01,Occidente,Jalisco,Tlajomulco de Zúñiga,,GASOLINERAS FAST DE OCCIDENTE S DE RL DE CV,PL/9375/EXP/ES/2015,,23.99,28.99,26.99
2026-10-01,Occidente,Jalisco,Tequila,,GASOLINERA EL SALVADOR SA DE CV,PL/9374/EXP/ES/2015,,24.29,29.99,28.29
2026-10-01,Occidente,Jalisco,El Arenal,,SERVICIOS GASOLINEROS DE MEXICO SA DE CV,PL/9373/EXP/ES/2015,,23.99,29.99,27.99
2026-10-01,Occidente,Jalisco,Zapopan,,GRUPO GASOLINERO SAMARA SA DE CV,PL/9369/EXP/ES/2015,,22.99,28.69,26.99
2026-10-01,Occidente,Jalisco,Cabo Corrientes,,GRUPO GASOLINERO SAMARA SA DE CV,PL/9368/EXP/ES/2015,,23.99,28.99,28.99
2026-10-01,Occidente,Jalisco,Bahía de Banderas,,GRUPO GASOLINERO SAMARA SA DE CV,PL/9360/EXP/ES/2015,,22.99,28.69,26.99
2026-10-01,Occidente,Jalisco,Tlajomulco de Zúñiga,,JORIMAR GASOLINEROS SA DE CV,PL/9351/EXP/ES/2015,,22.99,28.69,26.99
2026-10-01,Occidente,Jalisco,El Arenal,,ESTACION DE SERVICIO TERROGAS SA DE CV,PL/9350/EXP/ES/2015,,23.99,27.99,26.85
2026-10-01,Occidente,Jalisco,Tlaquepaque,,JORIMAR GASOLINEROS SA DE CV,PL/9349/EXP/ES/2015,,22.99,27.99,26.99
2026-10-01,Occidente,Jalisco,Tlajomulco de Zúñiga,,JORIMAR GASOLINEROS SA DE CV,PL/9346/EXP/ES/2015,,22.99,28.69,26.99
2026-10-01,Occidente,Jalisco,Tlaquepaque,,COMBUSTIBLES TRITON SA DE CV,PL/9340/EXP/ES/2015,,23.99,29.49,27.29
2026-10-01,Occidente,Jalisco,Juanacatlán,,GASOLINERA JUANACAXTLE SA DE CV,PL/9325/EXP/ES/2015,,23.99,29.49,27.00
2026-10-01,Occidente,Jalisco,Tlajomulco de Zúñiga,,VALCOOP Y ASOCIADOS SA DE CV,PL/9321/EXP/ES/2015,,23.80,28.59,26.99
2026-10-01,Occidente,Jalisco,Arandas,,SERVICIO NORAMA SA DE CV,PL/9311/EXP/ES/2015,,23.70,28.39,
2026-10-01,Occidente,Jalisco,Jocotepec,,BRANSLE S DE RL DE CV,PL/9296/EXP/ES/2015,,22.99,28.69,
2026-10-01,Occidente,Jalisco,Atotonilco el Alto,,SERVICIOS GASOLINEROS DE MEXICO SA DE CV,PL/9285/EXP/ES/2015,,24.99,29.99,27.99
2026-10-01,Occidente,Jalisco,Encarnación de Díaz,,GASOLINERIA SAN SEBASTIAN SA DE CV,PL/9284/EXP/ES/2015,,23.99,28.79,26.86
2026-10-01,Occidente,Jalisco,Zapotlán el Grande,,GRUPO OCTANO SA DE CV,PL/9276/EXP/ES/2015,,24.38,29.99,27.48
2026-10-01,Occidente,Jalisco,Zapotlán el Grande,,GRUPO OCTANO SA DE CV,PL/9275/EXP/ES/2015,,24.38,29.99,27.48
2026-10-01,Occidente,Jalisco,Zapotlán el Grande,,GRUPO OCTANO SA DE CV,PL/9274/EXP/ES/2015,,24.38,29.99,27.48
2026-10-01,Occidente,Jalisco,Zapotitlán de Vadillo,,GRUPO GAEXPO SA DE CV,PL/9259/EXP/ES/2015,,23.99,29.78,27.00
2026-10-01,Occidente,Jalisco,Poncitlán,,EL CALLEJON DE MORELOS SA DE CV,PL/9098/EXP/ES/2015,,23.85,29.55,26.96
2026-10-01,Occidente,Jalisco,Poncitlán,,SERVICIO CAMPOS SA DE CV,PL/9089/EXP/ES/2015,,23.85,29.55,26.96
2026-10-01,Occidente,Jalisco,Tlaquepaque,,GASOLINERA LA CAPACHA SA DE CV,PL/9071/EXP/ES/2015,,23.99,29.99,26.99
2026-10-01,Occidente,Jalisco,Sayula,,ENERGETICOS LA VALENTINA SA DE CV,PL/9025/EXP/ES/2015,,23.99,28.89,26.99
2026-10-01,Occidente,Jalisco,Tlajomulco de Zúñiga,,SERVICIOS ECOLOGICOS CHICHEN ITZA SA DE CV,PL/9010/EXP/ES/2015,,23.99,29.49,
2026-10-01,Occidente,Jalisco,Zapotlán del Rey,,JOSE JAIME CASTELLANOS FLORES,PL/8994/EXP/ES/2015,,23.99,29.79,27.00
2026-10-01,Occidente,Jalisco,San Juan de los Lagos,,LEOCADIO MACIAS MUÑOZ,PL/8992/EXP/ES/2015,,,28.49,26.98
2026-10-01,Occidente,Jalisco,Jocotepec,,ESTACION EL MOLINO DE ORO SA DE CV,PL/8989/EXP/ES/2015,,23.99,29.80,27.00
2026-10-01,Occidente,Jalisco,Zapopan,,ENERGIA FATIMA SA DE CV,PL/8982/EXP/ES/2015,,23.99,28.99,
2026-10-01,Occidente,Jalisco,Guadalajara,,SERVICIO LOS DELFINES SA DE CV,PL/8980/EXP/ES/2015,,23.79,28.59,26.99
2026-10-01,Occidente,Jalisco,Zapopan,,SERVICIO LOS DELFINES SA DE CV,PL/8978/EXP/ES/2015,,23.99,28.99,26.99
2026-10-01,Occidente,Jalisco,Tonalá,,AUTOSERVICIO TONALA SA DE CV,PL/8955/EXP/ES/2015,,23.99,29.99,26.99
2026-10-01,Occidente,Jalisco,Lagos de Moreno,,SERVICIO EL SAUZ AMARILLO AG SA DE CV,PL/8954/EXP/ES/2015,,23.99,28.99,
2026-10-01,Occidente,Jalisco,Arandas,,GASOLINERA INFONAVIT SA DE CV,PL/8944/EXP/ES/2015,,23.60,28.99,26.99
2026-10-01,Occidente,Jalisco,Guadalajara,,CORPORACION GASOLINERA MILLENIUM SA DE CV,PL/8938/EXP/ES/2015,,23.99,29.89,
2026-10-01,Occidente,Jalisco,Guadalajara,,CORPORACION GASOLINERA MILLENIUM SA DE CV,PL/8931/EXP/ES/2015,,22.99,27.99,
2026-10-01,Occidente,Jalisco,Guadalajara,,SERVICIO NUEVA ESPAÑA SA DE CV,PL/8910/EXP/ES/2015,,23.29,28.99,27.00
2026-10-01,Occidente,Jalisco,Zapopan,,COMBUSTIBLES ADITIVOS Y SERVICIOS MAGICOS S DE RL DE CV,PL/8908/EXP/ES/2015,,24.00,26.20,
2026-10-01,Occidente,Jalisco,Zapopan,,GASOLINERA PATRIA SA DE CV,PL/8906/EXP/ES/2015,,23.29,28.99,27.00
2026-10-01,Occidente,Jalisco,Encarnación de Díaz,,MULTISERVICIOS ESPECIALIZADOS MORITA SOCIEDAD ANONIMA DE CAPITAL VARIABLE,PL/8896/EXP/ES/2015,,23.97,28.79,26.99
2026-10-01,Occidente,Jalisco,Guadalajara,,INDUSTRIAS CEBRA SA DE CV,PL/873/EXP/ES/2015,,23.99,29.59,27.00
2026-10-01,Occidente,Jalisco,Encarnación de Díaz,,MULTISERVICIOS ESPECIALIZADOS MORITA SOCIEDAD ANONIMA DE CAPITAL VARIABLE,PL/8669/EXP/ES/2015,,23.97,,
2026-10-01,Occidente,Jalisco,Guadalajara,,IMPULSORA ENERGETICA SA DE CV,PL/8652/EXP/ES/2015,,23.49,28.89,26.99
2026-10-01,Occidente,Jalisco,Zapotlán el Grande,,SUPER SERVICIO JUMM SA DE CV,PL/8641/EXP/ES/2015,,24.00,29.88,27.00
2026-10-01,Occidente,Jalisco,Chapala,,COMBUSTIBLES DEL LAGO SA DE CV,PL/8631/EXP/ES/2015,,23.99,29.95,27.00
2026-10-01,Occidente,Jalisco,Chapala,,COMBUSTIBLES DEL LAGO SA DE CV,PL/8630/EXP/ES/2015,,23.99,29.95,
2026-10-01,Occidente,Jalisco,Tuxcacuesco,,SERVICIO LLANO EN LLAMAS SA DE CV,PL/8609/EXP/ES/2015,,24.25,29.99,27.29
2026-10-01,Occidente,Jalisco,Tolimán,,SERVICIO LLANO EN LLAMAS SA DE CV,PL/8607/EXP/ES/2015,,24.25,29.99,27.39
2026-10-01,Occidente,Jalisco,San Gabriel,,SERVICIO LLANO EN LLAMAS SA DE CV,PL/8602/EXP/ES/2015,,24.25,29.90,27.39
2026-10-01,Occidente,Jalisco,San Martín de Bolaños,,GASOLINERA CONDESA SA DE CV,PL/8592/EXP/ES/2015,,24.10,29.99,28.89
2026-10-01,Occidente,Jalisco,Puerto Vallarta,,GASOLINERA EL PITILLAL SA DE CV,PL/8573/EXP/ES/2015,,24.68,29.94,
2026-10-01,Occidente,Jalisco,Puerto Vallarta,,ENERGIA SAN RICARDO SA DE CV,PL/8572/EXP/ES/2015,,24.68,29.94,
2026-10-01,Occidente,Jalisco,La Manzanilla de la Paz,,GASOLINERA LA MANZANILLA SA DE CV,PL/8551/EXP/ES/2015,,24.00,29.98,26.99
2026-10-01,Occidente,Jalisco,El Salto,,SUPER SERVICIOS EL CASTILLO SA DE CV,PL/8532/EXP/ES/2015,,23.99,28.99,27.00
2026-10-01,Occidente,Jalisco,Tepatitlán de Morelos,,ESTACION PETRO3 SA DE CV,PL/8505/EXP/ES/2015,,23.99,29.24,27.24
2026-10-01,Occidente,Jalisco,Guadalajara,,AUTO EXPRESS CALZADA-PERIFERICO SA DE CV,PL/8486/EXP/ES/2015,,24.00,29.90,
2026-10-01,Occidente,Jalisco,Tonalá,,AUTOSERVICIOS AZTLAN SA DE CV,PL/8481/EXP/ES/2015,,23.83,29.28,27.00
2026-10-01,Occidente,Jalisco,Zapopan,,SERVICIOS Y COMBUSTIBLES TEPEYAC SA DE CV,PL/8397/EXP/ES/2015,,23.99,29.99,
2026-10-01,Occidente,Jalisco,Tuxcueca,,GRUPO ADYEHILA Y ASOCIADOS SA DE CV,PL/8393/EXP/ES/2015,,23.99,29.59,27.00
2026-10-01,Occidente,Jalisco,Zapotiltic,,SERVICIO VUELTA DEL ZAPOTE SA DE CV,PL/8392/EXP/ES/2015,,24.09,29.97,27.28
2026-10-01,Occidente,Jalisco,Puerto Vallarta,,ALFONSO COBIAN RAMIREZ,PL/8382/EXP/ES/2015,,24.95,30.75,27.00
2026-10-01,Occidente,Jalisco,Tlajomulco de Zúñiga,,GASEGURO SA DE CV,PL/8378/EXP/ES/2015,,23.99,29.90,
2026-10-01,Occidente,Jalisco,Mazamitla,,GASOSERVICIO MAZAMITLA SA DE CV,PL/8377/EXP/ES/2015,,23.99,29.99,26.99
2026-10-01,Occidente,Jalisco,Atotonilco el Alto,,GASOLINERIA SAN FRANCISCO DE ASIS SA DE CV,PL/8362/EXP/ES/2015,,23.99,29.45,27.00
2026-10-01,Occidente,Jalisco,Zapopan,,OTON ZAZUETA BELTRAN,PL/8342/EXP/ES/2015,,23.98,27.98,
2026-10-01,Occidente,Jalisco,Tlajomulco de Zúñiga,,SERVICIOS GASOLINEROS DE MEXICO SA DE CV,PL/8332/EXP/ES/2015,,23.99,29.99,27.99
2026-10-01,Occidente,Jalisco,Gómez Farías,,GASOLINERA LOS SAUCES DE LA COFRADIA SA DE CV,PL/8296/EXP/ES/2015,,23.99,29.80,27.00
2026-10-01,Occidente,Jalisco,Guadalajara,,GASOLINERA COLON SA DE CV,PL/828/EXP/ES/2015,,23.99,29.99,26.99
2026-10-01,Occidente,Jalisco,Tala,,SUPER SERVICIO LOS CAÑAVERALES SA DE CV,PL/8269/EXP/ES/2015,,23.99,29.30,27.00
2026-10-01,Occidente,Jalisco,Etzatlán,,SUPER SERVICIO 5 MINAS SA DE CV,PL/8265/EXP/ES/2015,,23.99,29.35,27.00
2026-10-01,Occidente,Jalisco,Tlajomulco de Zúñiga,,TLAJOGAS SA DE CV,PL/8261/EXP/ES/2015,,23.95,29.70,26.95
2026-10-01,Occidente,Jalisco,Guadalajara,,COMBU-EXPRESS SA DE CV,PL/825/EXP/ES/2015,,23.99,29.69,27.00
2026-10-01,Occidente,Jalisco,El Salto,,GASOLINERA EL CERRO CHATO SA DE CV,PL/8244/EXP/ES/2015,,24.00,29.99,27.00
2026-10-01,Occidente,Jalisco,Tonalá,,AUTOSERVICIO GASHR SA DE CV,PL/8148/EXP/ES/2015,,23.99,29.99,27.00
2026-10-01,Occidente,Jalisco,Tlaquepaque,,SERVICIO MARTIRES DEL TESORO S DE RL DE CV,PL/8041/EXP/ES/2015,,23.99,29.99,27.00
2026-10-01,Occidente,Jalisco,Tlajomulco de Zúñiga,,DELFINA ORTIZ REGALADO,PL/8032/EXP/ES/2015,,23.99,28.79,27.00
2026-10-01,Occidente,Jalisco,Casimiro Castillo,,OROFULL SA DE CV,PL/7953/EXP/ES/2015,,24.49,29.75,27.25
2026-10-01,Occidente,Jalisco,Guadalajara,,SM GAS PLUS SA DE CV,PL/7952/EXP/ES/2015,,23.99,29.19,
2026-10-01,Occidente,Jalisco,Tonalá,,SERVICIOS GASOLINEROS DE MEXICO SA DE CV,PL/7898/EXP/ES/2015,,24.99,29.99,
2026-10-01,Occidente,Jalisco,Tepatitlán de Morelos,,SERVICIO ACATIC SA DE CV,PL/7807/EXP/ES/2015,,23.98,,26.98
2026-10-01,Occidente,Jalisco,Acatic,,SERVICIO ACATIC SA DE CV,PL/7796/EXP/ES/2015,,23.98,28.95,26.98
2026-10-01,Occidente,Jalisco,Zapopan,,SERVICIO COLOTLAN EXPRESS SA DE CV,PL/7790/EXP/ES/2015,,23.99,29.29,29.49
2026-10-01,Occidente,Jalisco,Tonalá,,ENERGIA URBANA SA DE CV,PL/7775/EXP/ES/2015,,23.99,28.80,
2026-10-01,Occidente,Jalisco,Zapopan,,GASOLINERA MARTIN SA DE CV,PL/7773/EXP/ES/2015,,22.99,28.69,26.99
2026-10-01,Occidente,Jalisco,Zapopan,,SERVICIOS GASOLINEROS DE MEXICO SA DE CV,PL/7721/EXP/ES/2015,,23.99,29.99,
2026-10-01,Occidente,Jalisco,Ixtlahuacán del Río,,HIDROCARBUROS SAN ANTONIO SA DE CV,PL/7709/EXP/ES/2015,,24.90,,28.99
2026-10-01,Occidente,Jalisco,Lagos de Moreno,,COMERCIALIZADORA DE COMBUSTIBLES DE LOS ALTOS SA DE CV,PL/7686/EXP/ES/2015,,23.99,28.99,27.00
2026-10-01,Occidente,Jalisco,Lagos de Moreno,,COMERCIALIZADORA DE COMBUSTIBLES DE LOS ALTOS SA DE CV,PL/7685/EXP/ES/2015,,23.99,28.99,27.00
2026-10-01,Occidente,Jalisco,Tepatitlán de Morelos,,SERVICIO CARNICERITO S DE RL DE CV,PL/7682/EXP/ES/2015,,24.00,29.39,
2026-10-01,Occidente,Jalisco,Tepatitlán de Morelos,,SERVICIO CARNICERITO S DE RL DE CV,PL/7681/EXP/ES/2015,,24.00,29.39,27.39
2026-10-01,Occidente,Jalisco,Tepatitlán de Morelos,,GRUPO GASOLINERO ALVAREZ SA DE CV,PL/7635/EXP/ES/2015,,23.99,29.39,
2026-10-01,Occidente,Jalisco,Tapalpa,,SERVICIO ZZVV SA DE CV,PL/7631/EXP/ES/2015,,23.98,29.68,27.00
2026-10-01,Occidente,Jalisco,San Juan de los Lagos,,SERVICIOS PLATINO 2000 SA DE CV,PL/7630/EXP/ES/2015,,23.99,28.49,26.98
2026-10-01,Occidente,Jalisco,Puerto Vallarta,,ENERGIA CLAUDIA SA DE CV,PL/7629/EXP/ES/2015,,25.49,29.99,27.00
2026-10-01,Occidente,Jalisco,Villa Corona,,AUTOEXPRESS EL CRUCERO SANTA MARIA SA DE CV,PL/7628/EXP/ES/2015,,23.35,29.30,26.99
2026-10-01,Occidente,Jalisco,Atotonilco el Alto,,M. DOLORES GARCIA MORENO,PL/7622/EXP/ES/2015,,23.99,28.94,27.00
2026-10-01,Occidente,Jalisco,Zapopan,,COMBUSTIBLES AVIACION SA DE CV,PL/7619/EXP/ES/2015,,23.99,29.99,
2026-10-01,Occidente,Jalisco,Guadalajara,,GASOEXPRESS EL VERDE SA DE CV,PL/7617/EXP/ES/2015,,24.24,29.49,27.00
2026-10-01,Occidente,Jalisco,Tonalá,,HIDROCARBUROS  DE TONALA SA DE CV,PL/7614/EXP/ES/2015,,23.99,28.79,
2026-10-01,Occidente,Jalisco,Guadalajara,,SERVICIO LA PAZ SA DE CV,PL/7613/EXP/ES/2015,,23.99,29.90,28.00
2026-10-01,Occidente,Jalisco,San Martín Hidalgo,,AUTOEXPRESS EL CRUCERO SANTA MARIA SA DE CV,PL/7611/EXP/ES/2015,,24.00,29.35,27.00
2026-10-01,Occidente,Jalisco,Acatic,,ESTACION DE SERVICIO LOS 3 ENCINOS SA DE CV,PL/7609/EXP/ES/2015,,23.99,29.40,26.95
2026-10-01,Occidente,Jalisco,Talpa de Allende,,SERVICIO TALPA SA DE CV,PL/7606/EXP/ES/2015,,26.98,30.50,29.33
2026-10-01,Occidente,Jalisco,Ixtlahuacán de los Membrillos,,GASOLINERIA CORONA SA DE CV,PL/7601/EXP/ES/2015,,22.39,25.75,24.49
2026-10-01,Occidente,Jalisco,Ameca,,LUIS GUILLERMO BAUTISTA MARTINEZ,PL/7581/EXP/ES/2015,,23.99,29.95,27.99
2026-10-01,Occidente,Jalisco,Ameca,,LUIS GUILLERMO BAUTISTA MARTINEZ,PL/7577/EXP/ES/2015,,23.99,,27.99
2026-10-01,Occidente,Jalisco,Zapopan,,GASOLINERIA SERVICIO ZAPOPAN SA DE CV,PL/7523/EXP/ES/2015,,23.99,28.81,27.00
2026-10-01,Occidente,Jalisco,Guadalajara,,GASOJAL SA DE CV,PL/7514/EXP/ES/2015,,23.93,29.39,
2026-10-01,Occidente,Jalisco,Guadalajara,,SERVICIOS GASOLINEROS DE MEXICO SA DE CV,PL/7479/EXP/ES/2015,,23.99,,27.00
2026-10-01,Occidente,Jalisco,Guadalajara,,SERVICIOS GASOLINEROS DE MEXICO SA DE CV,PL/7475/EXP/ES/2015,,23.99,29.99,27.00
2026-10-01,Occidente,Jalisco,Tlajomulco de Zúñiga,,SERVICIOS GASOLINEROS DE MEXICO SA DE CV,PL/7473/EXP/ES/2015,,23.99,,27.00
2026-10-01,Occidente,Jalisco,El Salto,,SERVICIOS GASOLINEROS DE MEXICO SA DE CV,PL/7465/EXP/ES/2015,,23.99,,27.00
2026-10-01,Occidente,Jalisco,Tlajomulco de Zúñiga,,SERVICIOS GASOLINEROS DE MEXICO SA DE CV,PL/7464/EXP/ES/2015,,23.99,29.99,27.00
2026-10-01,Occidente,Jalisco,Tecolotlán,,ESTACION DE SERVICIO ALBA SA DE CV,PL/7457/EXP/ES/2015,,24.49,29.95,27.49
2026-10-01,Occidente,Jalisco,Tecolotlán,,ESTACION DE SERVICIO ALBA SA DE CV,PL/7454/EXP/ES/2015,,24.49,29.95,27.49
2026-10-01,Occidente,Jalisco,San Ignacio Cerro Gordo,,ENERGETICOS TEPAK SA DE CV,PL/7428/EXP/ES/2015,,23.99,28.55,27.00
2026-10-01,Occidente,Jalisco,Guadalajara,,SIMBA EXPRESS SA DE CV,PL/7363/EXP/ES/2015,,23.99,29.79,
2026-10-01,Occidente,Jalisco,Juchitlán,,JOSE DE JESUS RUESGA HERNANDEZ,PL/7300/EXP/ES/2015,,24.40,,27.40
2026-10-01,Occidente,Jalisco,Tepatitlán de Morelos,,JOSE LUIS ALVAREZ GONZALEZ,PL/7259/EXP/ES/2015,,23.99,29.39,
2026-10-01,Occidente,Jalisco,Santa María de los Ángeles,,ARMANDO GAETA LOERA,PL/7238/EXP/ES/2015,,24.00,29.00,27.60
2026-10-01,Occidente,Jalisco,Colotlán,,ARMANDO GAETA LOERA,PL/7237/EXP/ES/2015,,24.00,29.00,27.60
2026-10-01,Occidente,Jalisco,Tlaquepaque,,COMBUSTIBLES MARVIC SA DE CV,PL/7221/EXP/ES/2015,,23.59,28.49,26.99
2026-10-01,Occidente,Jalisco,Zapopan,,GASOLINEROS MEXICANOS SA DE CV,PL/7211/EXP/ES/2015,,23.99,28.80,
2026-10-01,Occidente,Jalisco,Tonila,,SERVICIO TONILA SA DE CV,PL/7207/EXP/ES/2015,,23.85,,27.00
2026-10-01,Occidente,Jalisco,Colotlán,,SERVICIOS MANA SA DE CV,PL/7199/EXP/ES/2015,,23.95,28.95,27.27
2026-10-01,Occidente,Jalisco,Jilotlán de los Dolores,,SERVICIO JILOTLAN SA DE CV,PL/7177/EXP/ES/2015,,24.30,,29.00
2026-10-01,Occidente,Jalisco,Tonalá,,SERVICIOS MARKOIL SA DE CV,PL/7155/EXP/ES/2015,,23.99,29.49,27.00
2026-10-01,Occidente,Jalisco,Villa Hidalgo,,SERVICIO SOTO ESQUEDA SA DE CV,PL/7152/EXP/ES/2015,,24.00,28.80,27.00
2026-10-01,Occidente,Jalisco,Tlajomulco de Zúñiga,,"SERVICIOS HERMANOS VACO, S.A. DE C.V.",PL/7148/EXP/ES/2015,,23.99,29.59,
2026-10-01,Occidente,Jalisco,Encarnación de Díaz,,SERVICIO RAMIREZ VILLALOBOS SA DE CV,PL/7146/EXP/ES/2015,,23.99,29.29,27.00
2026-10-01,Occidente,Jalisco,Zapopan,,GASOLINEROS MEXICANOS SA DE CV,PL/7137/EXP/ES/2015,,23.99,29.20,27.00
2026-10-01,Occidente,Jalisco,Lagos de Moreno,,SERVICIO EL REFUGIO DE LAGOS SA DE CV,PL/7120/EXP/ES/2015,,23.99,28.99,27.00
2026-10-01,Occidente,Jalisco,Tepatitlán de Morelos,,GASOLINERA VICAM SA DE CV,PL/7097/EXP/ES/2015,,23.99,28.99,26.99
2026-10-01,Occidente,Jalisco,Mascota,,SERVICIO SIERRA ESMERALDA SA DE CV,PL/7076/EXP/ES/2015,,26.99,31.99,30.09
2026-10-01,Occidente,Jalisco,San Martín Hidalgo,,VILLASEÑOR BARAJAS SA DE CV,PL/7063/EXP/ES/2015,,23.99,29.19,27.00
2026-10-01,Occidente,Jalisco,Tototlán,,GASOLINERIA LOS 19 HERMANOS SA DE CV,PL/7053/EXP/ES/2015,,23.99,29.99,27.57
2026-10-01,Occidente,Jalisco,Huejúcar,,DOROTEO DIAZ DIAZ,PL/7033/EXP/ES/2015,,24.00,28.66,27.00
2026-10-01,Occidente,Jalisco,Jalostotitlán,,SERVICIO SIGLO XXI S DE RL DE CV,PL/7026/EXP/ES/2015,,23.99,29.49,26.99
2026-10-01,Occidente,Jalisco,San Miguel el Alto,,SERVICIO SIGLO XXI S DE RL DE CV,PL/7025/EXP/ES/2015,,23.99,29.79,26.99
2026-10-01,Occidente,Jalisco,San Miguel el Alto,,SERVICIO SIGLO XXI S DE RL DE CV,PL/7024/EXP/ES/2015,,23.99,29.79,26.99
2026-10-01,Occidente,Jalisco,Zapopan,,SERVICIO SIGLO XXI S DE RL DE CV,PL/7023/EXP/ES/2015,,23.99,29.99,26.99
2026-10-01,Occidente,Jalisco,Huejuquilla el Alto,,SERVICIO LAMAS SA DE CV,PL/7016/EXP/ES/2015,,23.99,28.50,27.00
2026-10-01,Occidente,Jalisco,Tlajomulco de Zúñiga,,ENERGIA DAMARIS SA DE CV,PL/6959/EXP/ES/2015,,23.99,29.59,26.99
2026-10-01,Occidente,Jalisco,Zapopan,,ENERGIA SAN PABLO SA DE CV,PL/6952/EXP/ES/2015,,23.69,28.99,
2026-10-01,Occidente,Jalisco,El Arenal,,SERVICIO PONCE -  MEDINA SA DE CV,PL/6943/EXP/ES/2015,,23.99,29.45,27.58
2026-10-01,Occidente,Jalisco,Zapopan,,MIGUEL ZAZUETA BELTRAN,PL/6905/EXP/ES/2015,,23.98,28.90,
2026-10-01,Occidente,Jalisco,Tlajomulco de Zúñiga,,GASOLINEROS MEXICANOS SA DE CV,PL/6900/EXP/ES/2015,,23.99,29.79,27.00
2026-10-01,Occidente,Jalisco,Tapalpa,,J DONACIANO ZAMORA LOPEZ,PL/6895/EXP/ES/2015,,23.99,29.69,27.00
2026-10-01,Occidente,Jalisco,Zapopan,,GASOLINERA KUKULKAN SA DE CV,PL/6875/EXP/ES/2015,,23.99,29.89,
2026-10-01,Occidente,Jalisco,Ameca,,SERVICIOS ESPECIALIZADOS DEL VALLE DE AMECA SA DE CV,PL/6871/EXP/ES/2015,,24.00,29.95,27.99
2026-10-01,Occidente,Jalisco,Jesús María,,IGNACIO AYALA SALAZAR,PL/6863/EXP/ES/2015,,23.90,,27.00
2026-10-01,Occidente,Jalisco,Guadalajara,,FER-PETRO S DE RL DE CV,PL/6861/EXP/ES/2015,,23.99,29.00,
2026-10-01,Occidente,Jalisco,Zapopan,,SERVICIOS MOZA SA DE CV,PL/6819/EXP/ES/2015,,23.99,29.98,
2026-10-01,Occidente,Jalisco,Zapopan,,BECKTROP OPERADORA SA DE CV,PL/681/EXP/ES/2015,,23.99,29.99,26.99
2026-10-01,Occidente,Jalisco,Arandas,,GASOLINERA SANTA MARIA DEL VALLE SA DE CV,PL/6806/EXP/ES/2015,,23.99,27.87,27.45
2026-10-01,Occidente,Jalisco,Encarnación de Díaz,,KOPLA S DE RL DE CV,PL/6805/EXP/ES/2015,,23.99,,26.99
2026-10-01,Occidente,Jalisco,Tomatlán,,SERVICIO BAULOP SA DE CV,PL/6780/EXP/ES/2015,,23.99,29.45,27.49
2026-10-01,Occidente,Jalisco,Tomatlán,,SERVICIO BAULOP SA DE CV,PL/6778/EXP/ES/2015,,23.99,,27.49
2026-10-01,Occidente,Jalisco,Tomatlán,,SERVICIO COSTA NORTE DE JALISCO SA DE CV,PL/6776/EXP/ES/2015,,23.99,29.45,27.49
2026-10-01,Occidente,Jalisco,Tlajomulco de Zúñiga,,ENERGETICOS PLUS SA DE CV,PL/6771/EXP/ES/2015,,23.99,29.99,27.00
2026-10-01,Occidente,Jalisco,Guadalajara,,ENERGETICOS PLUS SA DE CV,PL/6769/EXP/ES/2015,,23.99,29.99,
2026-10-01,Occidente,Jalisco,Guadalajara,,ENERGETICOS PLUS SA DE CV,PL/6766/EXP/ES/2015,,23.99,29.99,
2026-10-01,Occidente,Jalisco,Zapopan,,CAJIVHE SA DE CV,PL/6752/EXP/ES/2015,,23.99,29.49,
2026-10-01,Occidente,Jalisco,Guadalajara,,SERVI EXPRESS OBLATOS SA DE CV,PL/6744/EXP/ES/2015,,23.99,29.99,
2026-10-01,Occidente,Jalisco,Guadalajara,,GASOLINERA CHAPALITA SA DE CV,PL/6736/EXP/ES/2015,,24.00,29.98,
2026-10-01,Occidente,Jalisco,Tonalá,,SERVICIOS GASOLINEROS DE MEXICO SA DE CV,PL/6735/EXP/ES/2015,,23.99,29.99,27.00
2026-10-01,Occidente,Jalisco,La Barca,,MA DEL CONSUELO VILLANUEVA SALAS,PL/6693/EXP/ES/2015,,23.99,29.90,27.90
2026-10-01,Occidente,Jalisco,Zapopan,,GASOLINA Y SERVICIOS QUINTA FEDERALISMO SA DE CV,PL/6666/EXP/ES/2015,,23.99,29.70,26.99
2026-10-01,Occidente,Jalisco,Tlaquepaque,,ENERGETICOS DEA SA DE CV,PL/6664/EXP/ES/2015,,23.99,29.70,26.99
2026-10-01,Occidente,Jalisco,San Juan de los Lagos,,HECTOR EDUARDO LEAL PALOS,PL/6646/EXP/ES/2015,,23.99,29.19,27.00
2026-10-01,Occidente,Jalisco,Guadalajara,,GASOLINERA ALEMANIA SA DE CV,PL/6642/EXP/ES/2015,,23.99,29.59,
2026-10-01,Occidente,Jalisco,Guadalajara,,SERVICIO PUREZA SA DE CV,PL/6634/EXP/ES/2015,,23.99,29.59,27.00
2026-10-01,Occidente,Jalisco,Tlaquepaque,,EXPRESERVICIO GASOLINAS SA DE CV,PL/6630/EXP/ES/2015,,23.89,28.99,
2026-10-01,Occidente,Jalisco,Tecalitlán,,GASOLINERIA TECALITLAN SA DE CV,PL/6625/EXP/ES/2015,,23.99,29.99,26.99
2026-10-01,Occidente,Jalisco,Poncitlán,,SUPER SERVICIO PONCITLAN SA DE CV,PL/6624/EXP/ES/2015,,23.99,29.89,26.99
2026-10-01,Occidente,Jalisco,Guadalajara,,MARTIN ALFONSO RUIZ GARCIA,PL/6623/EXP/ES/2015,,23.45,28.90,26.99
2026-10-01,Occidente,Jalisco,Zapopan,,SERVICIO PUERTO GUAYMAS SA DE CV,PL/6614/EXP/ES/2015,,23.99,23.89,
2026-10-01,Occidente,Jalisco,Chapala,,MARIA DEL CARMEN HERNANDEZ RUIZ,PL/6603/EXP/ES/2015,,23.85,29.51,27.00
2026-10-01,Occidente,Jalisco,Zapopan,,SERVICIOS ALCARAZ Y HERNANDEZ SA DE CV,PL/6506/EXP/ES/2015,,23.89,28.79,
2026-10-01,Occidente,Jalisco,Zapopan,,GASOLINERA LOS ROBLES SA DE CV,PL/6469/EXP/ES/2015,,23.99,29.50,26.99
2026-10-01,Occidente,Jalisco,San Juan de los Lagos,,SERVICIO PARO SA DE CV,PL/6456/EXP/ES/2015,,23.99,28.49,
2026-10-01,Occidente,Jalisco,Arandas,,ESTACION DE SERVICIO K2 SA DE CV,PL/6431/EXP/ES/2015,,23.98,29.71,27.47
2026-10-01,Occidente,Jalisco,Jocotepec,,ESTACION DE SERVICIO LA MOJONERA SA DE CV,PL/6393/EXP/ES/2015,,23.59,28.79,26.86
2026-10-01,Occidente,Jalisco,Guadalajara,,SUPERSERVICIO EL OBRERO SA DE CV,PL/6372/EXP/ES/2015,,23.99,29.45,
2026-10-01,Occidente,Jalisco,Guadalajara,,GASOLINERA LA 34 SA DE CV,PL/6371/EXP/ES/2015,,23.99,29.45,
2026-10-01,Occidente,Jalisco,Tlaquepaque,,GASOLINERA LAS LIEBRES SA DE CV,PL/6370/EXP/ES/2015,,23.99,29.45,26.99
2026-10-01,Occidente,Jalisco,Teocaltiche,,SERVICIO BELEN HERNANDEZ SA DE CV,PL/6368/EXP/ES/2015,,23.99,29.50,27.00
2026-10-01,Occidente,Jalisco,Zapotlán el Grande,,COMBUSTIBLES CARRETEROS CARCO SA DE CV,PL/6329/EXP/ES/2015,,24.00,29.99,27.59
2026-10-01,Occidente,Jalisco,Atotonilco el Alto,,BERTHA FUENTES OÑATE,PL/6314/EXP/ES/2015,,23.99,28.94,27.00
2026-10-01,Occidente,Jalisco,Tlajomulco de Zúñiga,,PETROMAX SA DE CV,PL/623/EXP/ES/2015,,24.49,29.99,
2026-10-01,Occidente,Jalisco,Zapopan,,GRUPO OCTANO SA DE CV,PL/618/EXP/ES/2015,,23.99,29.99,27.00
2026-10-01,Occidente,Jalisco,Encarnación de Díaz,,GASOLINERA LOS CRISTEROS SA DE CV,PL/6129/EXP/ES/2015,,23.99,28.79,26.99
2026-10-01,Occidente,Jalisco,Guadalajara,,RED NACIONAL DE COMBUSTIBLES Y SERVICIOS SA DE CV,PL/6122/EXP/ES/2015,,23.99,29.40,
2026-10-01,Occidente,Jalisco,San Juan de los Lagos,,GASOLINERA EL PAISA SA DE CV,PL/6120/EXP/ES/2015,,23.99,28.49,
2026-10-01,Occidente,Jalisco,Tonalá,,GASOLINERA BELIARJO SA DE CV,PL/6076/EXP/ES/2015,,23.99,29.49,26.99
2026-10-01,Occidente,Jalisco,Yahualica de González Gallo,,LIZARDE Y COMPAÑIA SA DE CV,PL/6054/EXP/ES/2015,,23.99,29.59,27.00
2026-10-01,Occidente,Jalisco,Atotonilco el Alto,,M LUISA SERRANO MENDEZ,PL/6046/EXP/ES/2015,,23.76,29.58,26.99
2026-10-01,Occidente,Jalisco,Mezquitic,,LEOPOLDO DE LA TORRE ROMERO,PL/6033/EXP/ES/2015,,24.00,29.30,27.00
2026-10-01,Occidente,Jalisco,Guadalajara,,ROBERTO CARDENAS GONZALEZ,PL/6024/EXP/ES/2015,,23.89,29.29,
2026-10-01,Occidente,Jalisco,Tlaquepaque,,GASOLINERIA LAS CONCHITAS SA DE CV,PL/6014/EXP/ES/2015,,23.99,29.45,26.99
2026-10-01,Occidente,Jalisco,Jocotepec,,AUTOSERVICIOS UNIDOS JOCOTEPEC SA DE CV,PL/5961/EXP/ES/2015,,23.98,29.49,26.98
2026-10-01,Occidente,Jalisco,Acatlán de Juárez,,COMBUSTIBLES EBANO SA DE CV,PL/5912/EXP/ES/2015,,23.99,29.49,27.00
2026-10-01,Occidente,Jalisco,Tepatitlán de Morelos,,SERVICIOS GASOLINEROS DE MEXICO SA DE CV,PL/5876/EXP/ES/2015,,23.99,29.99,27.00
2026-10-01,Occidente,Jalisco,Puerto Vallarta,,CARFLOR SA DE CV,PL/5869/EXP/ES/2015,,24.88,29.99,27.99
2026-10-01,Occidente,Jalisco,Tonalá,,GASOLINERA COYULA SA DE CV,PL/5856/EXP/ES/2015,,23.99,29.49,26.99
2026-10-01,Occidente,Jalisco,Tlaquepaque,,SERVICIO LAS CONCHITAS SA DE CV,PL/5855/EXP/ES/2015,,23.60,29.45,26.99
2026-10-01,Occidente,Jalisco,Tlajomulco de Zúñiga,,GASOLINERA EL ZAPOTE SA DE CV,PL/5854/EXP/ES/2015,,23.99,29.45,26.99
2026-10-01,Occidente,Jalisco,San Miguel el Alto,,LOZA GUTIERREZ SA DE CV,PL/5846/EXP/ES/2015,,23.99,29.48,27.00
2026-10-01,Occidente,Jalisco,Puerto Vallarta,,OPEQUIMAR SA DE CV,PL/5845/EXP/ES/2015,,23.99,28.69,
2026-10-01,Occidente,Jalisco,Poncitlán,,SERVICIOS GASOLINEROS DE MEXICO SA DE CV,PL/5840/EXP/ES/2015,,23.99,29.99,27.99
2026-10-01,Occidente,Jalisco,Tonalá,,GASOLINERA ZALATE SA DE CV,PL/5832/EXP/ES/2015,,23.55,29.49,26.98
2026-10-01,Occidente,Jalisco,Amatitán,,COMBUSTIBLES MODI SA DE CV,PL/5820/EXP/ES/2015,,23.99,29.59,29.59
2026-10-01,Occidente,Jalisco,Ocotlán,,SERVICIOS GASOLINEROS DE MEXICO SA DE CV,PL/5807/EXP/ES/2015,,23.99,29.99,27.00
2026-10-01,Occidente,Jalisco,Ojuelos de Jalisco,,ARMANDO PLASCENCIA ORTIZ,PL/5789/EXP/ES/2015,,23.99,29.49,27.00
2026-10-01,Occidente,Jalisco,Ojuelos de Jalisco,,SERVICIO PETROJUELOS SA DE CV,PL/5782/EXP/ES/2015,,23.99,29.49,27.00
2026-10-01,Occidente,Jalisco,Arandas,,RAUL ALVAREZ PEREZ,PL/5772/EXP/ES/2015,,23.70,28.39,27.00
2026-10-01,Occidente,Jalisco,Villa Corona,,SERVICIO VILLA CORONA SA DE CV,PL/5744/EXP/ES/2015,,23.24,28.61,26.85
2026-10-01,Occidente,Jalisco,Guadalajara,,SUPER SERVICIO CLAUDIA DE GUADALAJARA SA DE CV,PL/5733/EXP/ES/2015,,24.00,29.40,27.00
2026-10-01,Occidente,Jalisco,Tonalá,,SUPER SERVICIO CLAUDIA DE GUADALAJARA SA DE CV,PL/5732/EXP/ES/2015,,23.99,29.10,26.99
2026-10-01,Occidente,Jalisco,Tlajomulco de Zúñiga,,SUPER SERVICIO LA HACIENDA SA DE CV,PL/5728/EXP/ES/2015,,23.90,27.40,26.99
2026-10-01,Occidente,Jalisco,Tequila,,GASOLINERIA TEQUILA SA DE CV,PL/5724/EXP/ES/2015,,23.99,29.59,26.99
2026-10-01,Occidente,Jalisco,Tequila,,GASOLINERIA TEQUILA SA DE CV,PL/5719/EXP/ES/2015,,23.99,29.59,26.99
2026-10-01,Occidente,Jalisco,Ixtlahuacán del Río,,SERVICIOS GASOLINEROS DE MEXICO SA DE CV,PL/5711/EXP/ES/2015,,23.99,29.99,27.00
2026-10-01,Occidente,Jalisco,Ixtlahuacán del Río,,SERVICIOS GASOLINEROS DE MEXICO SA DE CV,PL/5708/EXP/ES/2015,,23.99,29.99,27.00
2026-10-01,Occidente,Jalisco,Zapopan,,SERVICIOS GASOLINEROS DE MEXICO SA DE CV,PL/5706/EXP/ES/2015,,23.99,29.99,27.00
2026-10-01,Occidente,Jalisco,Tlaquepaque,,ENERGETICOS PLUS SA DE CV,PL/5692/EXP/ES/2015,,23.99,29.99,27.00
2026-10-01,Occidente,Jalisco,Tlaquepaque,,GASOLINERA VISTA ALEGRE SA DE CV,PL/5691/EXP/ES/2015,,23.99,29.67,27.00
2026-10-01,Occidente,Jalisco,Guadalajara,,ENERGETICOS PLUS SA DE CV,PL/5690/EXP/ES/2015,,23.99,29.99,27.00
2026-10-01,Occidente,Jalisco,El Salto,,GASOLINERA EL CARRIL SA DE CV,PL/5680/EXP/ES/2015,,23.99,29.46,27.00
2026-10-01,Occidente,Jalisco,Zapotlanejo,,SERVICIO GASOLINERA ZAPOTLANEJO SA DE CV,PL/5675/EXP/ES/2015,,23.90,29.49,
2026-10-01,Occidente,Jalisco,Guadalajara,,GOMCOVI SA DE CV,PL/5665/EXP/ES/2015,,23.79,28.99,26.89
2026-10-01,Occidente,Jalisco,Tonalá,,EVERARDO CORONADO OROZCO,PL/5663/EXP/ES/2015,,23.99,29.49,27.00
2026-10-01,Occidente,Jalisco,Tlaquepaque,,FLECHA GRANA SA DE CV,PL/5660/EXP/ES/2015,,23.89,28.99,26.99
2026-10-01,Occidente,Jalisco,Jalostotitlán,,SERVICIOS SAN JOSE SA DE CV,PL/5655/EXP/ES/2015,,23.99,28.59,26.99
2026-10-01,Occidente,Jalisco,Tlajomulco de Zúñiga,,ESTACION DE SERVICIO NAPTE SA DE CV,PL/5649/EXP/ES/2015,,23.99,28.50,
2026-10-01,Occidente,Jalisco,Zapopan,,DARA SERVICIOS SA DE CV,PL/5648/EXP/ES/2015,,23.29,29.19,26.69
2026-10-01,Occidente,Jalisco,Autlán de Navarro,,CAÑAGAS AUTLAN SA DE CV,PL/5626/EXP/ES/2015,,24.39,29.78,27.30
2026-10-01,Occidente,Jalisco,Guadalajara,,ESTACION GDL EXPRESS SA DE CV,PL/5538/EXP/ES/2015,,23.75,29.50,27.00
2026-10-01,Occidente,Jalisco,Tepatitlán de Morelos,,ESTACION DE SERVICIO LA MANGA SA DE CV,PL/5530/EXP/ES/2015,,23.17,28.59,26.92
2026-10-01,Occidente,Jalisco,Tlaquepaque,,DERIVADORA DE COMBUSTIBLES IXTLAHUACAN SA DE CV,PL/5525/EXP/ES/2015,,23.99,29.45,26.99
2026-10-01,Occidente,Jalisco,Encarnación de Díaz,,MA JORGE HERNANDEZ OROPEZA,PL/5514/EXP/ES/2015,,23.99,29.80,27.00
2026-10-01,Occidente,Jalisco,Tonalá,,PETROMAX SA DE CV,PL/549/EXP/ES/2015,,24.49,29.99,
2026-10-01,Occidente,Jalisco,Tonalá,,PROMOTORA INTEGRACION URBANA SA DE CV,PL/5475/EXP/ES/2015,,23.69,29.29,26.99
2026-10-01,Occidente,Jalisco,Tlaquepaque,,PETROMAX SA DE CV,PL/546/EXP/ES/2015,,24.49,29.99,
2026-10-01,Occidente,Jalisco,Zapotiltic,,GASOLINERA ZAPOTILTIC SA DE CV,PL/5453/EXP/ES/2015,,24.39,29.88,27.69
2026-10-01,Occidente,Jalisco,Tonalá,,SERVICIO MATATLAN SA DE CV,PL/5450/EXP/ES/2015,,23.99,29.29,26.99
2026-10-01,Occidente,Jalisco,Jalostotitlán,,SERVICIOS SAN JOSE SA DE CV,PL/5438/EXP/ES/2015,,23.99,28.59,26.99
2026-10-01,Occidente,Jalisco,Tepatitlán de Morelos,,SERVICIOS SAN ALFONSO SA DE CV,PL/5429/EXP/ES/2015,,23.99,29.30,26.99
2026-10-01,Occidente,Jalisco,Zapopan,,SERVICIO TESISTAN SA DE CV,PL/5408/EXP/ES/2015,,23.99,28.99,26.99
2026-10-01,Occidente,Jalisco,Zapopan,,SERVICIO COLOTLAN EXPRESS SA DE CV,PL/5401/EXP/ES/2015,,23.99,28.99,26.99
2026-10-01,Occidente,Jalisco,Unión de San Antonio,,ANTONIO MUÑOZ GARCIA,PL/5396/EXP/ES/2015,,23.99,28.20,27.00
2026-10-01,Occidente,Jalisco,Zapopan,,SERVICIO TESCOGAS SA DE CV,PL/5384/EXP/ES/2015,,23.99,28.99,28.27
2026-10-01,Occidente,Jalisco,Cuquío,,ORGANIZACION LA LUNA SA DE CV,PL/5357/EXP/ES/2015,,23.99,29.99,27.00
2026-10-01,Occidente,Jalisco,Zapopan,,SERVICIO TESCOGAS SA DE CV,PL/5355/EXP/ES/2015,,23.99,28.99,26.99
2026-10-01,Occidente,Jalisco,Jamay,,COMBU-EXPRESS SA DE CV,PL/5352/EXP/ES/2015,,23.99,29.59,27.39
2026-10-01,Occidente,Jalisco,Zapopan,,SERVICIO CLOUTHIER PREMIER SA DE CV,PL/5343/EXP/ES/2015,,23.99,29.49,26.99
2026-10-01,Occidente,Jalisco,Puerto Vallarta,,GRUPO OCTANO SA DE CV,PL/534/EXP/ES/2015,,24.89,29.99,27.99
2026-10-01,Occidente,Jalisco,Puerto Vallarta,,ENERGIA SAN ERNESTO SA DE CV,PL/5333/EXP/ES/2015,,24.49,29.59,
2026-10-01,Occidente,Jalisco,Puerto Vallarta,,SERVICIO TORRES DIEZ SA DE CV,PL/5328/EXP/ES/2015,,24.49,29.59,27.49
2026-10-01,Occidente,Jalisco,Zapopan,,SERVICIO TORRES DIEZ SA DE CV,PL/5324/EXP/ES/2015,,23.99,29.49,26.99
2026-10-01,Occidente,Jalisco,Puerto Vallarta,,SERVICIO LOS POETAS SA DE CV,PL/5322/EXP/ES/2015,,24.49,29.59,27.49
2026-10-01,Occidente,Jalisco,Puerto Vallarta,,SERVICIO LAS PALMAS VALLARTA SA DE CV,PL/5313/EXP/ES/2015,,24.49,29.59,
2026-10-01,Occidente,Jalisco,Guadalajara,,GASOLINERA CRUZ DEL SUR SA DE CV,PL/5271/EXP/ES/2015,,23.89,29.29,
2026-10-01,Occidente,Jalisco,El Grullo,,SUPER SERVICIO LA ESPERANZA SA DE CV,PL/5247/EXP/ES/2015,,24.49,29.99,27.50
2026-10-01,Occidente,Jalisco,Zapopan,,COMERCIALIZADORA BOSQUES SA DE CV,PL/5193/EXP/ES/2015,,23.99,29.49,26.99
2026-10-01,Occidente,Jalisco,Tlajomulco de Zúñiga,,PETROMAX SA DE CV,PL/518/EXP/ES/2015,,24.59,29.99,
2026-10-01,Occidente,Jalisco,Tala,,ANTONIO FRANCO ARELLANO,PL/5177/EXP/ES/2015,,24.00,30.00,27.00
2026-10-01,Occidente,Jalisco,Puerto Vallarta,,SERVICIO IBSOM SA DE CV,PL/5175/EXP/ES/2015,,24.49,29.49,27.99
2026-10-01,Occidente,Jalisco,Villa Guerrero,,GASOLINERA VILLA GUERRERO SA DE CV,PL/5174/EXP/ES/2015,,23.99,29.00,27.46
2026-10-01,Occidente,Jalisco,Totatiche,,SERVICIO SANDOVAL SA DE CV,PL/5171/EXP/ES/2015,,23.99,29.00,27.00
2026-10-01,Occidente,Jalisco,Tlajomulco de Zúñiga,,PETROMAX SA DE CV,PL/512/EXP/ES/2015,,24.49,29.99,
2026-10-01,Occidente,Jalisco,Guadalajara,,SERVICIO LOVEGO SA DE CV,PL/5107/EXP/ES/2015,,23.98,29.79,26.99
2026-10-01,Occidente,Jalisco,Guadalajara,,GASOLINERA LAS AMERICAS SA DE CV,PL/5105/EXP/ES/2015,,23.95,29.70,
2026-10-01,Occidente,Jalisco,Mascota,,SERVICIO MASCOTA SA DE CV,PL/5092/EXP/ES/2015,,23.99,30.65,26.99
2026-10-01,Occidente,Jalisco,Guadalajara,,DESPACHADORA ABASTOS DE JALISCO S DE RL DE CV,PL/5083/EXP/ES/2015,,23.99,29.79,26.99
2026-10-01,Occidente,Jalisco,Puerto Vallarta,,GRUPO OCTANO SA DE CV,PL/508/EXP/ES/2015,,24.89,29.99,
2026-10-01,Occidente,Jalisco,Guadalajara,,DESPACHADORA ABASTOS DE JALISCO S DE RL DE CV,PL/5079/EXP/ES/2015,,23.99,29.49,26.99
2026-10-01,Occidente,Jalisco,Acatic,,MARIA GUADALUPE CARBAJAL RIVERA,PL/5078/EXP/ES/2015,,23.99,28.89,26.85
2026-10-01,Occidente,Jalisco,Unión de Tula,,UNION CASMO S DE RL DE CV,PL/5063/EXP/ES/2015,,24.49,29.96,27.49
2026-10-01,Occidente,Jalisco,Zapopan,,ESTACION DE SERVICIO PLEYADES SA DE CV,PL/5055/EXP/ES/2015,,23.99,29.99,
2026-10-01,Occidente,Jalisco,Tonaya,,GRUPO OCTANO SA DE CV,PL/505/EXP/ES/2015,,24.99,29.99,27.29
2026-10-01,Occidente,Jalisco,El Grullo,,GRUPO OCTANO SA DE CV,PL/504/EXP/ES/2015,,24.99,29.99,27.49
2026-10-01,Occidente,Jalisco,Zapopan,,GRUPO OCTANO SA DE CV,PL/503/EXP/ES/2015,,23.99,29.99,
2026-10-01,Occidente,Jalisco,Guadalajara,,ESTACION DE SERVICIO COLON SA DE CV,PL/4869/EXP/ES/2015,,23.98,28.98,
2026-10-01,Occidente,Jalisco,Tlajomulco de Zúñiga,,GASOLINERA CUESCO SA DE CV,PL/4868/EXP/ES/2015,,23.99,29.50,26.99
2026-10-01,Occidente,Jalisco,Guadalajara,,GASOLINERA GIGANTES SA DE CV,PL/4819/EXP/ES/2015,,22.99,27.99,26.99
2026-10-01,Occidente,Jalisco,Guadalajara,,SERVICIO LAUREL SA DE CV,PL/4816/EXP/ES/2015,,23.99,29.99,
2026-10-01,Occidente,Jalisco,Guadalajara,,DEMETRIO CUEVAS SANCHEZ,PL/4809/EXP/ES/2015,,23.99,29.59,
2026-10-01,Occidente,Jalisco,Tlajomulco de Zúñiga,,GRUPO SULUMA SA DE CV,PL/4806/EXP/ES/2015,,,29.40,27.00
2026-10-01,Occidente,Jalisco,Tala,,COMBUSTIBLES DANFE SA DE CV,PL/4789/EXP/ES/2015,,24.00,30.00,27.00
2026-10-01,Occidente,Jalisco,Tlaquepaque,,ESTACION PETROMEX SA DE CV,PL/4753/EXP/ES/2015,,23.99,29.90,26.98
2026-10-01,Occidente,Jalisco,Zapopan,,PETROMAX SA DE CV,PL/465/EXP/ES/2015,,24.49,29.99,
2026-10-01,Occidente,Jalisco,San Sebastián del Oeste,,COMBUSTIBLES SAN SEBASTIAN SA DE CV,PL/4620/EXP/ES/2015,,24.99,29.99,29.40
2026-10-01,Occidente,Jalisco,Guadalajara,,GASOLINERA DE LA VICTORIA SA,PL/4579/EXP/ES/2015,,23.99,29.44,27.00
2026-10-01,Occidente,Jalisco,Unión de Tula,,UNION CASMO S DE RL DE CV,PL/4561/EXP/ES/2015,,24.49,29.96,27.49
2026-10-01,Occidente,Jalisco,Zapopan,,SERVICIO LA CORONELA S.A. DE C.V.,PL/4560/EXP/ES/2015,,24.09,29.89,
2026-10-01,Occidente,Jalisco,Arandas,,GASOLINERA ARANDAS SA DE CV,PL/4537/EXP/ES/2015,,23.99,28.99,27.00
2026-10-01,Occidente,Jalisco,Tonalá,,PETROMAX SA DE CV,PL/452/EXP/ES/2015,,24.59,29.99,
2026-10-01,Occidente,Jalisco,Tlajomulco de Zúñiga,,JOSE LUIS IBARRA NAVARRO,PL/4506/EXP/ES/2015,,23.79,28.69,26.98
2026-10-01,Occidente,Jalisco,Tonalá,,GASOLINERA SAN GASPAR SA DE CV,PL/4503/EXP/ES/2015,,23.69,29.39,27.00
2026-10-01,Occidente,Jalisco,El Arenal,,SIMBA EXPRESS SA DE CV,PL/4501/EXP/ES/2015,,23.99,29.79,26.97
2026-10-01,Occidente,Jalisco,Juanacatlán,,GASOLINERA JUANACATLAN SA DE CV,PL/4444/EXP/ES/2015,,23.99,29.46,27.00
2026-10-01,Occidente,Jalisco,San Martín Hidalgo,,MARIA ENGRACIA ROSAS ZEPEDA,PL/4443/EXP/ES/2015,,24.00,29.70,27.00
2026-10-01,Occidente,Jalisco,Zapotlanejo,,ESTACION DE SERVICIO LA FAVORITA SA DE CV,PL/4354/EXP/ES/2015,,23.99,29.18,26.99
2026-10-01,Occidente,Jalisco,Tototlán,,SERVICIO EL PIMO SA DE CV,PL/4350/EXP/ES/2015,,23.99,29.89,26.99
2026-10-01,Occidente,Jalisco,Puerto Vallarta,,COMBUSTIBLES DE LA BAHIA SA DE CV,PL/4348/EXP/ES/2015,,24.88,29.99,27.99
2026-10-01,Occidente,Jalisco,Puerto Vallarta,,COMBUSTIBLES DE LA BAHIA SA DE CV,PL/4347/EXP/ES/2015,,24.88,29.99,
2026-10-01,Occidente,Jalisco,Puerto Vallarta,,COMBUSTIBLES DE LA BAHIA SA DE CV,PL/4346/EXP/ES/2015,,24.88,29.99,27.99
2026-10-01,Occidente,Jalisco,Puerto Vallarta,,COMBUSTIBLES DE LA BAHIA SA DE CV,PL/4345/EXP/ES/2015,,24.88,29.99,27.99
2026-10-01,Occidente,Jalisco,Puerto Vallarta,,DISTRIBUIDORA Y COMERCIALIZADORA MERCANTIL DEL OCCIDENTE SA DE CV,PL/4343/EXP/ES/2015,,24.88,29.99,27.99
2026-10-01,Occidente,Jalisco,Puerto Vallarta,,DISTRIBUIDORA Y COMERCIALIZADORA MERCANTIL DEL OCCIDENTE SA DE CV,PL/4336/EXP/ES/2015,,24.88,29.99,27.99
2026-10-01,Occidente,Jalisco,Guadalajara,,ESTACION DE SERVICIO MONTE DE LA VIRGEN SA DE CV,PL/4324/EXP/ES/2015,,23.99,29.59,26.99
2026-10-01,Occidente,Jalisco,Tlajomulco de Zúñiga,,GAS VAGA SA DE CV,PL/4298/EXP/ES/2015,,22.99,26.99,27.99
2026-10-01,Occidente,Jalisco,Puerto Vallarta,,DISTRIBUIDORA Y COMERCIALIZADORA MERCANTIL DEL OCCIDENTE SA DE CV,PL/4286/EXP/ES/2015,,24.88,29.99,
2026-10-01,Occidente,Jalisco,Jamay,,GASOLINERA CASILLAS S DE RL DE CV,PL/4282/EXP/ES/2015,,23.48,28.88,26.77
2026-10-01,Occidente,Jalisco,Ocotlán,,JUAN MANUEL CHAVEZ RAMIREZ,PL/4257/EXP/ES/2015,,,29.99,
2026-10-01,Occidente,Jalisco,Puerto Vallarta,,GRUPO OCTANO SA DE CV,PL/421/EXP/ES/2015,,24.89,29.99,27.99
2026-10-01,Occidente,Jalisco,Tamazula de Gordiano,,GASOLINERA LA CENTRAL DE TAMAZULA SA DE CV,PL/4209/EXP/ES/2015,,23.99,29.98,27.00
2026-10-01,Occidente,Jalisco,Etzatlán,,OPERADORA PANAMERICANA DEL SUR SA DE CV,PL/4199/EXP/ES/2015,,23.98,29.25,26.89
2026-10-01,Occidente,Jalisco,Zapopan,,GRUPO OCTANO SA DE CV,PL/419/EXP/ES/2015,,23.99,29.99,27.00
2026-10-01,Occidente,Jalisco,Zapopan,,DESPACHADORA ABASTOS DE JALISCO S DE RL DE CV,PL/4182/EXP/ES/2015,,23.99,29.49,26.99
2026-10-01,Occidente,Jalisco,Zapopan,,GRUPO OCTANO SA DE CV,PL/418/EXP/ES/2015,,23.99,29.99,27.00
2026-10-01,Occidente,Jalisco,Casimiro Castillo,,ESTACION DE SERVICIO BAHIA TENACATITA SA DE CV,PL/4178/EXP/ES/2015,,24.00,29.80,27.00
2026-10-01,Occidente,Jalisco,Tlaquepaque,,SERVICIO J Y J SA DE CV,PL/4169/EXP/ES/2015,,23.99,29.89,27.00
2026-10-01,Occidente,Jalisco,Tlaquepaque,,SIMBA EXPRESS SA DE CV,PL/4109/EXP/ES/2015,,23.99,29.79,
2026-10-01,Occidente,Jalisco,Guadalajara,,PASEO BOHEMIO SA DE CV,PL/4108/EXP/ES/2015,,23.99,29.79,
2026-10-01,Occidente,Jalisco,Puerto Vallarta,,FLOGAS SA DE CV,PL/4102/EXP/ES/2015,,24.88,29.99,27.99
2026-10-01,Occidente,Jalisco,Puerto Vallarta,,FLOGAS SA DE CV,PL/4100/EXP/ES/2015,,24.88,29.99,27.99
2026-10-01,Occidente,Jalisco,Puerto Vallarta,,FLOGAS SA DE CV,PL/4098/EXP/ES/2015,,24.88,29.99,27.99
2026-10-01,Occidente,Jalisco,Puerto Vallarta,,COMBUSTIBLES LAS GLORIAS SA DE CV,PL/4088/EXP/ES/2015,,24.88,29.99,
2026-10-01,Occidente,Jalisco,Guadalajara,,BIELISHEIDA NATALIA MENDEZ QUEZADA,PL/4045/EXP/ES/2015,,22.99,27.99,
2026-10-01,Occidente,Jalisco,Puerto Vallarta,,GRUPO ALTAMIRANO MONROY SA DE CV,PL/4006/EXP/ES/2015,,24.60,29.90,
2026-10-01,Occidente,Jalisco,Cocula,,COMBUSTIBLES DE COCULA SA DE CV,PL/3983/EXP/ES/2015,,23.99,29.49,27.00
2026-10-01,Occidente,Jalisco,Ayutla,,DISTRIBUIDORA DE ACEITES Y COMBUSTIBLES DE AYUTLA SA DE CV,PL/3950/EXP/ES/2015,,24.00,29.90,27.00
2026-10-01,Occidente,Jalisco,Tepatitlán de Morelos,,GRUPO GASOLINERO ALCI SA DE CV,PL/3862/EXP/ES/2015,,23.99,28.90,27.25
2026-10-01,Occidente,Jalisco,Tepatitlán de Morelos,,GRUPO JGJ-LUAN SA DE CV,PL/3861/EXP/ES/2015,,23.99,29.49,26.99
2026-10-01,Occidente,Jalisco,Poncitlán,,COMBU-EXPRESS SA DE CV,PL/386/EXP/ES/2015,,23.99,29.89,27.79
2026-10-01,Occidente,Jalisco,Encarnación de Díaz,,GASOLINERA EL TECUAN SA DE CV,PL/3829/EXP/ES/2015,,23.95,28.92,26.99
2026-10-01,Occidente,Jalisco,Zapopan,,MULTISERVICIOS 511 SA DE CV,PL/3788/EXP/ES/2015,,23.99,28.99,27.00
2026-10-01,Occidente,Jalisco,San Martín Hidalgo,,GERMAN RAMIREZ ROSAS,PL/3755/EXP/ES/2015,,24.00,29.70,27.00
2026-10-01,Occidente,Jalisco,El Salto,,GASOLINERA LOLITA SA DE CV,PL/3747/EXP/ES/2015,,23.99,29.39,27.00
2026-10-01,Occidente,Jalisco,Tlajomulco de Zúñiga,,MULTISERVICIOS GASOLINEROS LUNA SA DE CV,PL/3733/EXP/ES/2015,,23.99,29.49,27.00
2026-10-01,Occidente,Jalisco,Tlajomulco de Zúñiga,,AUTOSERVICIO GASOLINERO HACIENDA SANTA FE SA DE CV,PL/3702/EXP/ES/2015,,23.99,29.49,27.00
2026-10-01,Occidente,Jalisco,El Salto,,ESTACION DE SERVICIO ZERBA SA DE CV,PL/3700/EXP/ES/2015,,23.99,29.50,26.85
2026-10-01,Occidente,Jalisco,Tlaquepaque,,ESTACION DE SERVICIO BETA SA DE CV,PL/3699/EXP/ES/2015,,23.99,27.99,26.85
2026-10-01,Occidente,Jalisco,Guadalajara,,ESTACION DE SERVICIO VB SA DE CV,PL/3689/EXP/ES/2015,,23.99,29.89,26.92
2026-10-01,Occidente,Jalisco,Lagos de Moreno,,GRUPO AGUILARIOS SA DE CV,PL/3670/EXP/ES/2015,,23.99,29.59,27.00
2026-10-01,Occidente,Jalisco,Lagos de Moreno,,SERVICIO LOMA DE LAGOS SA DE CV,PL/3649/EXP/ES/2015,,23.99,28.99,27.00
2026-10-01,Occidente,Jalisco,Guadalajara,,GASOLINERIA ZEUS SA DE CV,PL/3627/EXP/ES/2015,,23.99,29.99,
2026-10-01,Occidente,Jalisco,Guadalajara,,AUTOGAS ALEMANIA SA DE CV,PL/3625/EXP/ES/2015,,23.99,29.69,
2026-10-01,Occidente,Jalisco,La Barca,,SERVICIOS GASOLINEROS DE MEXICO SA DE CV,PL/3577/EXP/ES/2015,,23.99,29.99,27.00
2026-10-01,Occidente,Jalisco,El Salto,,SERVICIOS GASOLINEROS DE MEXICO SA DE CV,PL/3574/EXP/ES/2015,,23.99,29.99,27.00
2026-10-01,Occidente,Jalisco,Tlaquepaque,,GASOLINERA DIECIOCHO DE MARZO SA,PL/3486/EXP/ES/2015,,23.99,29.50,27.50
2026-10-01,Occidente,Jalisco,Tlaquepaque,,BECKTROP GDL SA DE CV,PL/3485/EXP/ES/2015,,23.99,29.79,26.99
2026-10-01,Occidente,Jalisco,Tlaquepaque,,PRESTIGIO Y SOLVENCIA SA DE CV,PL/3478/EXP/ES/2015,,23.99,29.90,
2026-10-01,Occidente,Jalisco,Guadalajara,,SERVIEXPRESS ECOLOGICO SA DE CV,PL/3476/EXP/ES/2015,,23.98,29.97,
2026-10-01,Occidente,Jalisco,Guadalajara,,BECKTROP GDL SA DE CV,PL/3475/EXP/ES/2015,,23.99,29.49,26.99
2026-10-01,Occidente,Jalisco,Guadalajara,,SERVICIO INDIANAPOLIS SA DE CV,PL/3364/EXP/ES/2015,,23.79,28.29,27.00
2026-10-01,Occidente,Jalisco,Guadalajara,,BECKTROP GDL SA DE CV,PL/3229/EXP/ES/2015,,23.99,29.49,
2026-10-01,Occidente,Jalisco,Yahualica de González Gallo,,SOCORRO RUVALCABA RODRIGUEZ,PL/3221/EXP/ES/2015,,23.99,29.59,27.00
2026-10-01,Occidente,Jalisco,Atotonilco el Alto,,GASO CONTROL INTEGRAL DOS SA DE CV,PL/3174/EXP/ES/2015,,23.80,28.80,27.45
2026-10-01,Occidente,Jalisco,Lagos de Moreno,,GRUPO GASOLINERO LAGOS SA DE CV,PL/3161/EXP/ES/2015,,23.99,28.99,27.00
2026-10-01,Occidente,Jalisco,Lagos de Moreno,,SERVICIO CAPUCHINAS SA DE CV,PL/3160/EXP/ES/2015,,23.99,28.99,
2026-10-01,Occidente,Jalisco,Jesús María,,RAUL ALVAREZ PEREZ,PL/3153/EXP/ES/2015,,23.70,28.39,27.00
2026-10-01,Occidente,Jalisco,Guadalajara,,SERVICIO NIÑOS HEROES SA DE CV,PL/3131/EXP/ES/2015,,23.99,,27.00
2026-10-01,Occidente,Jalisco,Zapopan,,NOVOGAS GUADALAJARA VALLARTA SA DE CV,PL/3123/EXP/ES/2015,,23.99,29.28,
2026-10-01,Occidente,Jalisco,Gómez Farías,,EPITACIO SANTOS CHAVEZ,PL/3117/EXP/ES/2015,,23.99,29.80,27.00
2026-10-01,Occidente,Jalisco,Tlaquepaque,,INVERSERVICIOS EN GASOLINERAS SA DE CV,PL/3107/EXP/ES/2015,,23.99,29.99,
2026-10-01,Occidente,Jalisco,Guadalajara,,SIMBA EXPRESS SA DE CV,PL/3098/EXP/ES/2015,,23.99,29.79,
2026-10-01,Occidente,Jalisco,Tonalá,,GASOLINERIA SANTA RITA SA DE CV,PL/3058/EXP/ES/2015,,23.99,28.99,
2026-10-01,Occidente,Jalisco,Tlaquepaque,,ENERGETICOS PLUS SA DE CV,PL/3052/EXP/ES/2015,,23.99,29.99,27.00
2026-10-01,Occidente,Jalisco,La Barca,,SERVICIOS ECOLOGICOS DE ESCARCEGA SA DE CV,PL/3017/EXP/ES/2015,,23.89,,27.00
2026-10-01,Occidente,Jalisco,Zapopan,,ENERGETICOS PLUS SA DE CV,PL/3004/EXP/ES/2015,,23.99,29.99,
2026-10-01,Occidente,Jalisco,Guadalajara,,DISTRIBUIDORA DE COMBUSTIBLES MAZATL SA DE CV,PL/2991/EXP/ES/2015,,23.99,28.99,
2026-10-01,Occidente,Jalisco,Guadalajara,,COMBUSTIBLES ALCE SA DE CV,PL/2977/EXP/ES/2015,,23.99,28.99,27.00
2026-10-01,Occidente,Jalisco,Lagos de Moreno,,GRUPO CESCO DE LOS ALTOS SA DE CV,PL/2974/EXP/ES/2015,,23.99,28.99,27.00
2026-10-01,Occidente,Jalisco,Tala,,SUPERSERVICIO TALA SA DE CV,PL/2947/EXP/ES/2015,,23.99,28.99,26.99
2026-10-01,Occidente,Jalisco,Guadalajara,,GASOLINEROS MEXICANOS SA DE CV,PL/2935/EXP/ES/2015,,23.99,29.45,
2026-10-01,Occidente,Jalisco,Ixtlahuacán del Río,,GASOLINERA BARAJAS SA DE CV,PL/2927/EXP/ES/2015,,23.99,29.90,27.50
2026-10-01,Occidente,Jalisco,Guadalajara,,GASOLINERA FELIPE ANGELES SA,PL/2923/EXP/ES/2015,,23.95,29.50,
2026-10-01,Occidente,Jalisco,Guadalajara,,GASOLINERA JALISCO SA DE CV,PL/2920/EXP/ES/2015,,23.99,28.99,
2026-10-01,Occidente,Jalisco,Guadalajara,,CONSORCIO DEL PINAR SA DE CV,PL/2887/EXP/ES/2015,,23.99,27.99,26.85
2026-10-01,Occidente,Jalisco,Tonalá,,GASOLINERA ZALATITAN SA DE CV,PL/2886/EXP/ES/2015,,24.00,29.99,27.00
2026-10-01,Occidente,Jalisco,Cihuatlán,,COMBU-EXPRESS SA DE CV,PL/2881/EXP/ES/2015,,23.99,28.94,27.00
2026-10-01,Occidente,Jalisco,El Grullo,,COMBU-EXPRESS SA DE CV,PL/2880/EXP/ES/2015,,24.49,29.89,27.50
2026-10-01,Occidente,Jalisco,Tlaquepaque,,SERVICIO AUTOPISTA SA DE CV,PL/2875/EXP/ES/2015,,23.99,29.99,26.99
2026-10-01,Occidente,Jalisco,Zapopan,,COMBUSTIBLES Y LUBRICANTES SALTILLO SA DE CV,PL/2849/EXP/ES/2015,,23.99,29.49,27.00
2026-10-01,Occidente,Jalisco,Guadalajara,,SERVICIO LA NOGALERA SA DE CV,PL/2848/EXP/ES/2015,,23.99,29.49,26.99
2026-10-01,Occidente,Jalisco,Tonalá,,HECTOR RAMON MARTINEZ RAMIREZ,PL/2841/EXP/ES/2015,,23.99,29.10,26.95
2026-10-01,Occidente,Jalisco,Tlaquepaque,,PETROMAX SA DE CV,PL/2834/EXP/ES/2015,,23.99,29.99,27.49
2026-10-01,Occidente,Jalisco,Zapopan,,SERVICIO INDUSTRIAL DE ZAPOPAN SA DE CV,PL/2832/EXP/ES/2015,,23.70,29.30,
2026-10-01,Occidente,Jalisco,Guadalajara,,SERVICIO ANDRADE SA DE CV,PL/2828/EXP/ES/2015,,23.99,29.49,27.00
2026-10-01,Occidente,Jalisco,Tonalá,,SERVICIOS GASOLINEROS DE MEXICO SA DE CV,PL/2826/EXP/ES/2015,,23.99,,25.98
2026-10-01,Occidente,Jalisco,Villa Hidalgo,,EL ALTO ESTACION DE SERVICIO S DE RL DE CV,PL/2825/EXP/ES/2015,,24.00,29.20,27.00
2026-10-01,Occidente,Jalisco,Lagos de Moreno,,SERVICIOS INTEGRALES MACRO SA DE CV,PL/2817/EXP/ES/2015,,23.99,29.60,
2026-10-01,Occidente,Jalisco,Zapotlán del Rey,,SERVICIOS BERNALDEZ SA DE CV,PL/2807/EXP/ES/2015,,23.99,29.79,27.00
2026-10-01,Occidente,Jalisco,Guadalajara,,GASOLINERA SAN GERARDO SA DE CV,PL/2805/EXP/ES/2015,,23.99,28.99,26.99
2026-10-01,Occidente,Jalisco,Tlaquepaque,,INVERSERVICIOS EN GASOLINERAS SA DE CV,PL/2783/EXP/ES/2015,,24.00,29.99,
2026-10-01,Occidente,Jalisco,Tomatlán,,SERVICIO PARAISO ALEGRE SA DE CV,PL/2750/EXP/ES/2015,,23.99,29.45,27.45
2026-10-01,Occidente,Jalisco,Guadalajara,,BECKTROP GDL SA DE CV,PL/2721/EXP/ES/2015,,23.99,29.49,
2026-10-01,Occidente,Jalisco,Guadalajara,,PRACOP SA DE CV,PL/2701/EXP/ES/2015,,23.99,28.99,
2026-10-01,Occidente,Jalisco,Guadalajara,,GASOLINERA EL CERRO CHATO SA DE CV,PL/2670/EXP/ES/2015,,24.00,29.99,27.00
2026-10-01,Occidente,Jalisco,Tepatitlán de Morelos,,SERVICIOS ENERGETICOS CAPILLA S DE RL DE CV,PL/2656/EXP/ES/2015,,24.00,29.00,27.00
2026-10-01,Occidente,Jalisco,Lagos de Moreno,,CENTRO DE SERVICIOS EL CRUCERO SA DE CV,PL/2648/EXP/ES/2015,,23.59,28.69,26.79
2026-10-01,Occidente,Jalisco,Acatic,,PETROCANA SA DE CV,PL/26120/EXP/ES/2024,,23.59,28.78,26.84
2026-10-01,Occidente,Jalisco,Atemajac de Brizuela,,COMBU-EXPRESS SA DE CV,PL/26068/EXP/ES/2024,,24.29,29.39,27.29
2026-10-01,Occidente,Jalisco,Zapotlanejo,,GASOLINERA DUBAI SA DE CV,PL/26020/EXP/ES/2024,,23.90,29.50,27.00
2026-10-01,Occidente,Jalisco,Tepatitlán de Morelos,,GASOLINERA CHAPALITA SA DE CV,PL/26012/EXP/ES/2024,,23.99,29.98,
2026-10-01,Occidente,Jalisco,Puerto Vallarta,,ALPEZ GAS SA DE CV,PL/25999/EXP/ES/2024,,24.49,29.59,27.49
2026-10-01,Occidente,Jalisco,Tuxpan,,ENERSISTEM SA DE CV,PL/25899/EXP/ES/2024,,23.99,29.99,27.99
2026-10-01,Occidente,Jalisco,La Huerta,,GASOLINERA EMILIANO ZAPATA SA DE CV,PL/25884/EXP/ES/2024,,23.99,29.90,27.00
2026-10-01,Occidente,Jalisco,Puerto Vallarta,,GASOLINERA LOS VECINOS SA DE CV,PL/25757/EXP/ES/2024,,23.99,29.99,27.00
2026-10-01,Occidente,Jalisco,Zapopan,,ESTACION COMPOSITORES SA DE CV,PL/25649/EXP/ES/2024,,23.49,28.99,
2026-10-01,Occidente,Jalisco,Juchitlán,,SUPER SERVICIO LA ESPERANZA JUCHITLAN SA DE CV,PL/25633/EXP/ES/2024,,24.49,29.99,27.49
2026-10-01,Occidente,Jalisco,Tlajomulco de Zúñiga,,OPORTO PLAZA SA DE CV,PL/25619/EXP/ES/2024,,23.99,29.99,26.99
2026-10-01,Occidente,Jalisco,Zapotlán el Grande,,ESTACION DE SERVICIO GASOLINERO SAN JOSE SA DE CV,PL/25618/EXP/ES/2024,,24.35,29.99,27.35
2026-10-01,Occidente,Jalisco,Degollado,,MAGNO COMBUSTIBLES SA DE CV,PL/25567/EXP/ES/2024,,23.99,28.99,26.99
2026-10-01,Occidente,Jalisco,Guadalajara,,ESTACION DE SERVICIO OLIMPICA SA DE CV,PL/2555/EXP/ES/2015,,23.99,29.88,27.00
2026-10-01,Occidente,Jalisco,Zapopan,,ESTACION DE SERVICIO JUAN PALOMAR SA DE CV,PL/25533/EXP/ES/2024,,23.99,29.98,27.00
2026-10-01,Occidente,Jalisco,Guadalajara,,PEDRO MARTINEZ RAMIREZ,PL/2553/EXP/ES/2015,,23.99,29.10,
2026-10-01,Occidente,Jalisco,Zapopan,,COSTCO GAS SA DE CV,PL/25528/EXP/ES/2024,,23.69,28.99,
2026-10-01,Occidente,Jalisco,Zapopan,,PETRO HUNTER SA DE CV,PL/25482/EXP/ES/2024,,23.99,29.69,
2026-10-01,Occidente,Jalisco,Guadalajara,,COMBUSTIBLES Y ENERGETICOS ABC SA DE CV,PL/25463/EXP/ES/2024,,23.99,29.90,27.00
2026-10-01,Occidente,Jalisco,Autlán de Navarro,,WICRO OIL SA DE CV,PL/25442/EXP/ES/2023,,24.49,29.88,27.00
2026-10-01,Occidente,Jalisco,Ixtlahuacán de los Membrillos,,GRUPO EMPRESARIAL ALE SA DE CV,PL/25432/EXP/ES/2023,,23.98,29.48,27.00
2026-10-01,Occidente,Jalisco,Tonalá,,JANETH MARTIN RAMOS,PL/25390/EXP/ES/2023,,23.99,28.99,27.00
2026-10-01,Occidente,Jalisco,San Gabriel,,ESTACION DE SERVICIOS GMS S DE RL DE CV,PL/25387/EXP/ES/2023,,24.39,29.89,27.49
2026-10-01,Occidente,Jalisco,Zapopan,,GRUPO ATHOS DE OCCIDENTE SA DE CV,PL/25386/EXP/ES/2023,,23.99,29.99,26.99
2026-10-01,Occidente,Jalisco,Tlajomulco de Zúñiga,,SERVICIO NIGRAN SA DE CV,PL/25377/EXP/ES/2023,,23.99,,26.99
2026-10-01,Occidente,Jalisco,Atotonilco el Alto,,ESTACION DE SERVICIO LAS MESITAS SA DE CV,PL/25374/EXP/ES/2023,,23.99,29.55,26.99
2026-10-01,Occidente,Jalisco,Tlajomulco de Zúñiga,,GASOLINERA VERDE SA DE CV,PL/25372/EXP/ES/2023,,24.00,29.99,27.00
2026-10-01,Occidente,Jalisco,Talpa de Allende,,COMBUSTIBLES DE TALPA SA DE CV,PL/25331/EXP/ES/2023,,24.93,30.50,28.70
2026-10-01,Occidente,Jalisco,Zapotlanejo,,SUPER SERVICIO CATALUÑA SA DE CV,PL/2532/EXP/ES/2015,,23.99,29.49,27.00
2026-10-01,Occidente,Jalisco,Tenamaxtlán,,GASOLINERA TENAMAXTLAN SA DE CV,PL/2531/EXP/ES/2015,,24.49,29.99,27.49
2026-10-01,Occidente,Jalisco,Tepatitlán de Morelos,,ESTACION DE SERVICIO LA MANGA SA DE CV,PL/25296/EXP/ES/2023,,23.17,28.59,26.92
2026-10-01,Occidente,Jalisco,Ocotlán,,SERVICIOS INTEGRALES DE TLAQUEPAQUE SA DE CV,PL/25233/EXP/ES/2023,,23.59,28.79,26.99
2026-10-01,Occidente,Jalisco,Zacoalco de Torres,,COMBU-EXPRESS SA DE CV,PL/25158/EXP/ES/2023,,24.29,29.99,27.29
2026-10-01,Occidente,Jalisco,Tizapán el Alto,,GRUPO ADYEHILA Y ASOCIADOS SA DE CV,PL/25145/EXP/ES/2023,,23.99,29.59,27.00
2026-10-01,Occidente,Jalisco,Atotonilco el Alto,,INMOBILIARIA SAMICH SA DE CV,PL/25114/EXP/ES/2023,,23.76,29.59,26.88
2026-10-01,Occidente,Jalisco,Zapopan,,SERVICIOS Y COMBUSTIBLES TCHAIKOVSKY SA DE CV,PL/25050/EXP/ES/2023,,23.89,28.49,
2026-10-01,Occidente,Jalisco,Tlaquepaque,,ENERGETICA PETROTLAQ SA DE CV,PL/25049/EXP/ES/2023,,23.49,28.69,26.99
2026-10-01,Occidente,Jalisco,Guadalajara,,MEGA SERVICIO GRINGAS SA DE CV,PL/2504/EXP/ES/2015,,23.99,29.97,
2026-10-01,Occidente,Jalisco,Tenamaxtlán,,GASOLINERA TENAMAXTLAN SA DE CV,PL/24991/EXP/ES/2023,,24.49,29.99,27.49
2026-10-01,Occidente,Jalisco,Ayotlán,,SERVICIO D SOTO SA DE CV,PL/24951/EXP/ES/2023,,23.98,29.98,27.54
2026-10-01,Occidente,Jalisco,La Huerta,,SIEMPRE COMPLETOS POR TI SA DE CV,PL/24943/EXP/ES/2023,,24.00,29.35,27.00
2026-10-01,Occidente,Jalisco,Lagos de Moreno,,SERVICIOS ENERGETICOS LOS CUARTOS SA DE CV,PL/24896/EXP/ES/2023,,23.95,28.95,27.00
2026-10-01,Occidente,Jalisco,Tonalá,,ESTACION DE SERVICIO PRINCIPAL SA DE CV,PL/24823/EXP/ES/2023,,23.99,29.49,27.00
2026-10-01,Occidente,Jalisco,San Ignacio Cerro Gordo,,COMBUSTIBLES RIVALVA SA DE CV,PL/24813/EXP/ES/2023,,23.99,29.29,27.00
2026-10-01,Occidente,Jalisco,San Juan de los Lagos,,SERVICIO LOS LAGOS SA DE CV,PL/2469/EXP/ES/2015,,23.99,27.99,26.99
2026-10-01,Occidente,Jalisco,Guadalajara,,ENERGIA ATL SA DE CV,PL/24654/EXP/ES/2022,,23.99,29.78,
2026-10-01,Occidente,Jalisco,Jalostotitlán,,MULTISERVICIOS OTTO SA DE CV,PL/24653/EXP/ES/2022,,23.59,28.09,26.95
2026-10-01,Occidente,Jalisco,Teuchitlán,,GASBERRYS S A P I DE CV,PL/24549/EXP/ES/2022,,23.99,29.49,27.00
2026-10-01,Occidente,Jalisco,Tlaquepaque,,PETROMAX SA DE CV,PL/24501/EXP/ES/2022,,24.49,29.99,27.69
2026-10-01,Occidente,Jalisco,San Cristóbal de la Barranca,,GASOLINERA SUPER SERVICIO SAN CRISTOBAL SA DE CV,PL/24497/EXP/ES/2022,,23.99,29.27,26.99
2026-10-01,Occidente,Jalisco,Sayula,,COMBU-EXPRESS SA DE CV,PL/24380/EXP/ES/2022,,23.99,,27.00
2026-10-01,Occidente,Jalisco,Zapotlán el Grande,,RAGONZVILL SA DE CV,PL/24368/EXP/ES/2022,,24.35,29.90,27.35
2026-10-01,Occidente,Jalisco,Amatitán,,ESTACION DE SERVICIO LOS HIJUELOS SA DE CV,PL/24367/EXP/ES/2022,,23.99,29.99,26.99
2026-10-01,Occidente,Jalisco,San Juan de los Lagos,,GASOLINERA LOS CHARCOS SA DE CV,PL/24322/EXP/ES/2022,,23.99,28.54,27.00
2026-10-01,Occidente,Jalisco,Acatlán de Juárez,,GASOPOLIS SA DE CV,PL/2430/EXP/ES/2015,,23.99,29.49,27.00
2026-10-01,Occidente,Jalisco,Tecalitlán,,COMBU-EXPRESS SA DE CV,PL/24288/EXP/ES/2022,,24.39,29.88,27.49
2026-10-01,Occidente,Jalisco,El Salto,,GUILLE GASOLGRUPO SA DE CV,PL/2427/EXP/ES/2015,,23.99,29.49,27.00
2026-10-01,Occidente,Jalisco,Lagos de Moreno,,SERVIEXPRESS DOBLE RAM SA DE CV,PL/24165/EXP/ES/2022,,24.00,28.99,27.00
2026-10-01,Occidente,Jalisco,Tlaquepaque,,SERVICIOS INTEGRALES DE TLAQUEPAQUE SA DE CV,PL/24103/EXP/ES/2022,,23.29,28.99,26.99
2026-10-01,Occidente,Jalisco,Jocotepec,,SERVICIOS GASOLINEROS DE MEXICO SA DE CV,PL/2407/EXP/ES/2015,,23.99,29.99,27.00
2026-10-01,Occidente,Jalisco,Acatlán de Juárez,,AUTOSERVICIO GASHR SA DE CV,PL/2401/EXP/ES/2015,,23.99,29.99,27.00
2026-10-01,Occidente,Jalisco,Tepatitlán de Morelos,,SUMINISTRO DE COMBUSTIBLES EL SEIS S DE RL DE CV,PL/23961/EXP/ES/2022,,23.98,28.95,27.00
2026-10-01,Occidente,Jalisco,Tlaquepaque,,SERVICIOS INTEGRALES DE TLAQUEPAQUE SA DE CV,PL/2393/EXP/ES/2015,,23.19,28.59,26.99
2026-10-01,Occidente,Jalisco,Tlaquepaque,,SERVICIOS INTEGRALES DE TLAQUEPAQUE SA DE CV,PL/2392/EXP/ES/2015,,23.29,28.60,26.99
2026-10-01,Occidente,Jalisco,Tonalá,,SUMINISTROS DE COMBUSTIBLES QUIROGA SA DE CV,PL/23862/EXP/ES/2021,,23.99,29.25,26.99
2026-10-01,Occidente,Jalisco,Tepatitlán de Morelos,,AUTOSERVICIO LA GLORIETA DEL HUEVO SA DE CV,PL/23858/EXP/ES/2021,,23.59,28.78,26.84
2026-10-01,Occidente,Jalisco,Acatlán de Juárez,,AUTOSERVICIO GASHR SA DE CV,PL/2383/EXP/ES/2015,,23.99,29.99,27.00
2026-10-01,Occidente,Jalisco,Tonalá,,GASOLINERA SAN NICOLAS SA DE CV,PL/2379/EXP/ES/2015,,23.98,29.48,27.00
2026-10-01,Occidente,Jalisco,San Julián,,CLAUDIA MARGARITA ROSAS MARTINEZ,PL/23777/EXP/ES/2021,,23.99,28.84,27.00
2026-10-01,Occidente,Jalisco,Tlaquepaque,,SERVICIO LAS PEÑAS SA DE CV,PL/23764/EXP/ES/2021,,23.99,29.49,26.99
2026-10-01,Occidente,Jalisco,Tlajomulco de Zúñiga,,ORGANIZACION LA LUNA SA DE CV,PL/23762/EXP/ES/2021,,23.99,29.99,27.00
2026-10-01,Occidente,Jalisco,Tonalá,,GASOLINEROS SANGROUP SA DE CV,PL/23744/EXP/ES/2021,,23.99,29.50,26.99
2026-10-01,Occidente,Jalisco,Zapopan,,PETROMAX SA DE CV,PL/23696/EXP/ES/2020,,24.49,29.99,26.99
2026-10-01,Occidente,Jalisco,Guadalajara,,PETROMAX SA DE CV,PL/23695/EXP/ES/2020,,24.59,29.99,26.99
2026-10-01,Occidente,Jalisco,Zapopan,,PETROMAX SA DE CV,PL/23681/EXP/ES/2020,,24.49,29.99,
2026-10-01,Occidente,Jalisco,Tuxcueca,,FERNANDO BEDOY RUIZ,PL/23499/EXP/ES/2020,,23.99,29.59,26.99
2026-10-01,Occidente,Jalisco,Guadalajara,,GASOSERVICIOS DE LA PROVINCIA SA DE CV,PL/23231/EXP/ES/2020,,23.69,28.69,
2026-10-01,Occidente,Jalisco,San Miguel el Alto,,ASOCIACION GASOLINERA PIEDRAS NEGRAS SA DE CV,PL/2310/EXP/ES/2015,,23.99,28.49,27.00
2026-10-01,Occidente,Jalisco,El Salto,,SERVICIO AVENIDA DEL MAIZ SA DE CV,PL/2306/EXP/ES/2015,,23.99,29.99,26.99
2026-10-01,Occidente,Jalisco,Acatic,,SERVICIO EL TEPOZAN SA DE CV,PL/23049/EXP/ES/2019,,23.99,29.49,26.85
2026-10-01,Occidente,Jalisco,Tamazula de Gordiano,,SERVICIO EL PRADO SA DE CV,PL/23048/EXP/ES/2019,,23.99,29.86,27.98
2026-10-01,Occidente,Jalisco,Guadalajara,,COMBUSTIBLES PLATON SA DE CV,PL/23015/EXP/ES/2019,,23.99,29.75,26.98
2026-10-01,Occidente,Jalisco,Guadalajara,,PETROMAX SA DE CV,PL/2297/EXP/ES/2015,,23.99,29.99,
2026-10-01,Occidente,Jalisco,Zapopan,,LAS COMADRES DE NEXTIPAC SA DE CV,PL/22606/EXP/ES/2019,,23.97,29.47,26.99
2026-10-01,Occidente,Jalisco,Tlajomulco de Zúñiga,,JORIMAR GASOLINEROS SA DE CV,PL/22605/EXP/ES/2019,,22.99,28.69,26.99
2026-10-01,Occidente,Jalisco,Zapotlanejo,,GASOLINERA SJG SA DE CV,PL/22596/EXP/ES/2019,,23.89,29.14,26.99
2026-10-01,Occidente,Jalisco,Tlaquepaque,,GASOLINERA ALSO SA DE CV,PL/22594/EXP/ES/2019,,23.18,28.98,26.98
2026-10-01,Occidente,Jalisco,Tamazula de Gordiano,,ESTACION DE SERVICIO SOYATLAN SA DE CV,PL/22589/EXP/ES/2019,,23.99,29.88,27.99
2026-10-01,Occidente,Jalisco,Guadalajara,,ESTACION DE SERVICIO LA RESERVA SA DE CV,PL/22583/EXP/ES/2019,,23.99,28.69,27.00
2026-10-01,Occidente,Jalisco,Arandas,,COMBUSTIBLES RIVALVA SA DE CV,PL/22565/EXP/ES/2019,,23.99,28.69,27.00
2026-10-01,Occidente,Jalisco,Guadalajara,,SERVICIO EXTRARAPIDO SA DE CV,PL/2244/EXP/ES/2015,,23.79,28.99,26.99
2026-10-01,Occidente,Jalisco,Tonalá,,ESTACION DE SERVICIO MARROT SA DE CV,PL/22223/EXP/ES/2019,,23.99,29.29,27.00
2026-10-01,Occidente,Jalisco,Zapopan,,COMBUSTRON 1272 SA DE CV,PL/22221/EXP/ES/2019,,23.99,29.89,
2026-10-01,Occidente,Jalisco,San Ignacio Cerro Gordo,,SERVICIOS INTEGRALES DE TLAQUEPAQUE SA DE CV,PL/22158/EXP/ES/2019,,23.70,28.55,26.99
2026-10-01,Occidente,Jalisco,Poncitlán,,SERVICIOS GASOLINEROS DE MEXICO SA DE CV,PL/22157/EXP/ES/2019,,23.99,29.99,27.99
2026-10-01,Occidente,Jalisco,Acatlán de Juárez,,SERVICIOS INTELIGENTES FLOMAR SA DE CV,PL/22067/EXP/ES/2019,,22.99,28.89,26.99
2026-10-01,Occidente,Jalisco,Lagos de Moreno,,MEGA GASOLINERAS SA DE CV,PL/22062/EXP/ES/2019,,23.99,29.99,27.00
2026-10-01,Occidente,Jalisco,Guadalajara,,ALPEZ GAS SA DE CV,PL/22052/EXP/ES/2019,,23.69,29.29,
2026-10-01,Occidente,Jalisco,Tlajomulco de Zúñiga,,SERVICIOS SCDJ SI SA DE CV,PL/21994/EXP/ES/2018,,23.99,27.49,27.00
2026-10-01,Occidente,Jalisco,Lagos de Moreno,,SERVICIOS VICTORIA SA DE CV,PL/2193/EXP/ES/2015,,23.99,28.99,27.00
2026-10-01,Occidente,Jalisco,Lagos de Moreno,,SERVICIOS VICTORIA SA DE CV,PL/2188/EXP/ES/2015,,23.99,28.99,27.00
2026-10-01,Occidente,Jalisco,Tlaquepaque,,SERVICIOS INTELIGENTES FLOMAR SA DE CV,PL/21852/EXP/ES/2018,,22.99,28.69,26.99
2026-10-01,Occidente,Jalisco,Guadalajara,,SERVI GAXMAR SC DE RL DE CV,PL/21851/EXP/ES/2018,,23.95,28.90,26.99
2026-10-01,Occidente,Jalisco,Tonalá,,AUTOESTACIONES DE SERVICIO CPG2 SA DE CV,PL/21844/EXP/ES/2018,,23.95,28.80,
2026-10-01,Occidente,Jalisco,Guadalajara,,ESTACION ARB SA DE CV,PL/2182/EXP/ES/2015,,23.99,29.49,
2026-10-01,Occidente,Jalisco,Guadalajara,,COMBUSTIBLE BELPER SA DE CV,PL/21721/EXP/ES/2018,,23.99,29.97,
2026-10-01,Occidente,Jalisco,Jocotepec,,AUTO SERVICIOS SAN CRISTOBAL SA DE CV,PL/21718/EXP/ES/2018,,23.98,29.49,26.98
2026-10-01,Occidente,Jalisco,Acatic,,GASOLINERA TRIUNFO SA DE CV,PL/2168/EXP/ES/2015,,24.00,28.99,26.99
2026-10-01,Occidente,Jalisco,Tonalá,,GASOLINERA DIXE SA DE CV,PL/21670/EXP/ES/2018,,23.99,27.99,26.95
2026-10-01,Occidente,Jalisco,Guadalajara,,SERVICIO BELISARIO SA DE CV,PL/2167/EXP/ES/2015,,23.99,29.30,27.00
2026-10-01,Occidente,Jalisco,Guadalajara,,COMBUSTIBLES ALCE SA DE CV,PL/21664/EXP/ES/2018,,23.89,26.99,
2026-10-01,Occidente,Jalisco,Ocotlán,,SERVICIOS GASOLINEROS DE MEXICO SA DE CV,PL/21558/EXP/ES/2018,,24.99,29.99,27.99
2026-10-01,Occidente,Jalisco,El Salto,,COMBUSTIBLES HALCON DE MEXICO SA DE CV,PL/21545/EXP/ES/2018,,23.99,29.20,27.00
2026-10-01,Occidente,Jalisco,Amatitán,,ESTACION DE SERVICIO LOS HIJUELOS SA DE CV,PL/21443/EXP/ES/2018,,23.99,29.99,26.99
2026-10-01,Occidente,Jalisco,Arandas,,SERVICIO NORAMA SA DE CV,PL/2142/EXP/ES/2015,,23.70,28.39,27.00
2026-10-01,Occidente,Jalisco,Puerto Vallarta,,COSTCO GAS SA DE CV,PL/21361/EXP/ES/2018,,23.99,29.39,
2026-10-01,Occidente,Jalisco,El Salto,,GASOLINERA ESTACION CAYETANO SA DE CV,PL/21274/EXP/ES/2018,,24.00,29.99,27.00
2026-10-01,Occidente,Jalisco,Zapopan,,LOSA GAS SA DE CV,PL/21122/EXP/ES/2018,,23.99,29.10,
2026-10-01,Occidente,Jalisco,Tlaquepaque,,MONDYAL LAVANT SA DE CV,PL/21072/EXP/ES/2018,,23.99,29.69,27.49
2026-10-01,Occidente,Jalisco,Tepatitlán de Morelos,,ESTACION UNIVERSIDAD DE TEPA SA DE CV,PL/21064/EXP/ES/2018,,24.00,29.35,27.00
2026-10-01,Occidente,Jalisco,Lagos de Moreno,,SERVICIO CALIPSO S DE RL DE CV,PL/21006/EXP/ES/2018,,23.99,29.99,27.00
2026-10-01,Occidente,Jalisco,Zapotiltic,,COMBU-EXPRESS SA DE CV,PL/21004/EXP/ES/2018,,24.39,29.88,27.69
2026-10-01,Occidente,Jalisco,San Julián,,YEFFRANDI S DE RL DE CV,PL/20972/EXP/ES/2018,,23.99,29.99,26.99
2026-10-01,Occidente,Jalisco,Jalostotitlán,,SERVICIO LOS LAGOS SA DE CV,PL/20970/EXP/ES/2018,,23.99,27.97,26.99
2026-10-01,Occidente,Jalisco,Tlaquepaque,,REFINERIA FAOMABIR SA DE CV,PL/20967/EXP/ES/2018,,23.99,29.50,27.00
2026-10-01,Occidente,Jalisco,Zapopan,,GRUPO JGJ-LUAN SA DE CV,PL/20959/EXP/ES/2018,,23.99,29.99,26.99
2026-10-01,Occidente,Jalisco,Lagos de Moreno,,SERVICIOS GASOLINEROS DE MEXICO SA DE CV,PL/20890/EXP/ES/2018,,23.99,29.99,27.00
2026-10-01,Occidente,Jalisco,Tlaquepaque,,GASOLINERAS DIERSA SA DE CV,PL/20886/EXP/ES/2018,,23.99,29.49,26.99
2026-10-01,Occidente,Jalisco,Guadalajara,,COMBUESTACION DE SERVICIOS DEL SUR SA DE CV,PL/20844/EXP/ES/2018,,23.99,29.90,
2026-10-01,Occidente,Jalisco,Cañadas de Obregón,,ROSA MARIA BECERRA RUIZ,PL/20778/EXP/ES/2017,,23.98,,26.98
2026-10-01,Occidente,Jalisco,Tlaquepaque,,COMBUSTIBLES ARCADE SA DE CV,PL/2073/EXP/ES/2015,,23.35,28.69,26.79
2026-10-01,Occidente,Jalisco,Guadalajara,,GASOLINERA PEGASO DE OCCIDENTE SA DE CV,PL/2072/EXP/ES/2015,,23.35,28.69,26.79
2026-10-01,Occidente,Jalisco,La Barca,,INMOBILIARIA SAMICH SA DE CV,PL/20671/EXP/ES/2017,,23.77,28.88,26.88
2026-10-01,Occidente,Jalisco,Guadalajara,,ESTACION DE SERVICIO EJERCITO SA DE CV,PL/20666/EXP/ES/2017,,23.89,29.76,27.00
2026-10-01,Occidente,Jalisco,Guadalajara,,FLORENCIA 1000 SA DE CV,PL/20613/EXP/ES/2017,,23.98,28.98,
2026-10-01,Occidente,Jalisco,Guadalajara,,SIMBA EXPRESS SA DE CV,PL/20584/EXP/ES/2017,,23.99,29.99,
2026-10-01,Occidente,Jalisco,Ixtlahuacán del Río,,ORGANIZACION LA LUNA SA DE CV,PL/2058/EXP/ES/2015,,23.99,29.99,27.00
2026-10-01,Occidente,Jalisco,Guadalajara,,SERVIEXPRESS 5 DE MAYO S DE RL DE CV,PL/20549/EXP/ES/2017,,23.79,28.69,
2026-10-01,Occidente,Jalisco,San Juan de los Lagos,,OPERADORA DE COMBUSTIBLES SAN JUAN SA DE CV,PL/2051/EXP/ES/2015,,23.99,28.49,26.98
2026-10-01,Occidente,Jalisco,San Juan de los Lagos,,SERVICIOS GASOLINEROS DE MEXICO SA DE CV,PL/20495/EXP/ES/2017,,23.99,29.99,27.00
2026-10-01,Occidente,Jalisco,Ocotlán,,GASOLINERA LOS PIRULES SA DE CV,PL/20493/EXP/ES/2017,,23.99,29.79,26.99
2026-10-01,Occidente,Jalisco,Tlajomulco de Zúñiga,,TLAJOGAS SA DE CV,PL/20456/EXP/ES/2017,,23.90,29.70,26.90
2026-10-01,Occidente,Jalisco,Guadalajara,,ESTACION 5 DE FEBRERO SA DE CV,PL/20443/EXP/ES/2017,,23.89,28.97,27.00
2026-10-01,Occidente,Jalisco,Puerto Vallarta,,GASOLINERA LOS VECINOS SA DE CV,PL/20333/EXP/ES/2017,,23.99,29.99,27.00
2026-10-01,Occidente,Jalisco,Puerto Vallarta,,SERVICIO LOS POETAS SA DE CV,PL/20290/EXP/ES/2017,,24.49,29.59,27.49
2026-10-01,Occidente,Jalisco,Tototlán,,SERVICIOS GASOLINEROS DE MEXICO SA DE CV,PL/20242/EXP/ES/2017,,23.99,29.99,27.00
2026-10-01,Occidente,Jalisco,Valle de Guadalupe,,ESTACION GM SA DE CV,PL/20233/EXP/ES/2017,,23.95,29.26,27.25
2026-10-01,Occidente,Jalisco,Tlaquepaque,,GUSTAVO CORDOVA LOUSTAUNAU,PL/20208/EXP/ES/2017,,23.99,29.49,26.99
2026-10-01,Occidente,Jalisco,Teocaltiche,,SERVICIOS AUTOENERGETICOS CAMPOS SA DE CV,PL/20189/EXP/ES/2017,,24.00,28.95,27.00
2026-10-01,Occidente,Jalisco,Sayula,,SERVICIO TECHALUTA SA DE CV,PL/20119/EXP/ES/2017,,23.99,28.90,27.00
2026-10-01,Occidente,Jalisco,Guadalajara,,SERVICIO CAMPER SA DE CV,PL/2011/EXP/ES/2015,,24.09,29.89,27.09
2026-10-01,Occidente,Jalisco,Tlajomulco de Zúñiga,,SERVICIO FAPILO SA DE CV,PL/2007/EXP/ES/2015,,23.99,29.79,26.99
2026-10-01,Occidente,Jalisco,Lagos de Moreno,,DORADO MOTORS SA DE CV,PL/20060/EXP/ES/2017,,24.00,29.99,27.24
2026-10-01,Occidente,Jalisco,Guadalajara,,COMBUSTIBLES EL AMIAL SA DE CV,PL/20059/EXP/ES/2017,,23.99,29.49,27.00
2026-10-01,Occidente,Jalisco,Tonalá,,COMBUSTIBLES CHURUMUCO SA DE CV,PL/2005/EXP/ES/2015,,23.99,29.49,
2026-10-01,Occidente,Jalisco,Zapopan,,SERVICIO RAYO SA DE CV,PL/2004/EXP/ES/2015,,23.99,29.79,
2026-10-01,Occidente,Jalisco,Zapopan,,COMBUSTIBLES TAFIRUL SA DE CV,PL/2003/EXP/ES/2015,,23.99,29.99,
2026-10-01,Occidente,Jalisco,Zapopan,,ESTACION DE SERVICIO PATRIA UNIVERSIDAD SA DE CV,PL/2002/EXP/ES/2015,,23.99,29.98,27.00
2026-10-01,Occidente,Jalisco,Tlajomulco de Zúñiga,,COMBUSTIBLES POPOYOTE SA DE CV,PL/2001/EXP/ES/2015,,23.99,29.99,27.29
2026-10-01,Occidente,Jalisco,Pihuamo,,COMBUSTIBLES EL RELICARIO SA DE CV,PL/19998/EXP/ES/2017,,23.99,28.70,27.00
2026-10-01,Occidente,Jalisco,Zapopan,,COMBUSTIBLES TRITON SA DE CV,PL/1999/EXP/ES/2015,,23.99,29.99,27.29
2026-10-01,Occidente,Jalisco,Tlaquepaque,,SERVICIOS GASOLINEROS DE MEXICO SA DE CV,PL/1998/EXP/ES/2015,,23.99,29.99,27.00
2026-10-01,Occidente,Jalisco,Tonalá,,GASOLINERIA SAN JUAN PABLO SEGUNDO SA DE CV,PL/19971/EXP/ES/2017,,23.99,28.99,26.99
2026-10-01,Occidente,Jalisco,Zapotiltic,,SERVICIO CERCA LIZA SA DE CV,PL/1997/EXP/ES/2015,,23.99,29.88,27.99
2026-10-01,Occidente,Jalisco,Tala,,GASOLINERA FEMARA SA DE CV,PL/19969/EXP/ES/2017,,23.86,29.49,26.99
2026-10-01,Occidente,Jalisco,Zapopan,,COMBUSTIBLES MELAMENGAMBREAS SA DE CV,PL/1996/EXP/ES/2015,,23.99,29.99,
2026-10-01,Occidente,Jalisco,Guadalajara,,GASOABASTECIMIENTO DE GUADALAJARA SA DE CV,PL/19943/EXP/ES/2017,,23.98,29.65,27.00
2026-10-01,Occidente,Jalisco,Tuxpan,,SUPER SERVICIO TUXPAN SA DE CV,PL/1994/EXP/ES/2015,,23.99,29.88,27.99
2026-10-01,Occidente,Jalisco,Zapopan,,SERVICIOS GASOLINEROS DE MEXICO SA DE CV,PL/1993/EXP/ES/2015,,23.99,29.99,
2026-10-01,Occidente,Jalisco,Zapotlanejo,,ESTACION DE SERVICIO MAXIPISTA TAPATIA SA DE CV,PL/1991/EXP/ES/2015,,23.99,29.99,27.29
2026-10-01,Occidente,Jalisco,Guadalajara,,GASOLINERA MOCHICAHUI SA DE CV,PL/19902/EXP/ES/2017,,23.98,28.98,26.98
2026-10-01,Occidente,Jalisco,Zapopan,,COMBUSTIBLES CENTAURO SA DE CV,PL/1990/EXP/ES/2015,,23.99,29.99,
2026-10-01,Occidente,Jalisco,Tlajomulco de Zúñiga,,COMBUSTIBLES POSEIDON SA DE CV,PL/1989/EXP/ES/2015,,23.99,29.99,
2026-10-01,Occidente,Jalisco,Tlaquepaque,,SERVICIOS GASOLINEROS DE MEXICO SA DE CV,PL/1988/EXP/ES/2015,,23.99,29.99,27.00
2026-10-01,Occidente,Jalisco,Guadalajara,,PICO DE LAMAS SA DE CV,PL/1987/EXP/ES/2015,,23.49,28.89,26.99
2026-10-01,Occidente,Jalisco,Tlaquepaque,,SERVICIOS GASOLINEROS DE MEXICO SA DE CV,PL/1986/EXP/ES/2015,,23.99,29.99,27.00
2026-10-01,Occidente,Jalisco,Tlajomulco de Zúñiga,,SERVICIOS GASOLINEROS DE MEXICO SA DE CV,PL/1985/EXP/ES/2015,,24.99,29.99,
2026-10-01,Occidente,Jalisco,Tonalá,,SERVICIO PERITALA SA DE CV,PL/1983/EXP/ES/2015,,23.99,28.99,26.89
2026-10-01,Occidente,Jalisco,Tlajomulco de Zúñiga,,EUCALIPTOS DEL VALLE SA DE CV,PL/19828/EXP/ES/2016,,23.99,29.19,26.99
2026-10-01,Occidente,Jalisco,Zapopan,,COMBUSTIBLES MINOTAURO SA DE CV,PL/1982/EXP/ES/2015,,23.99,29.99,
2026-10-01,Occidente,Jalisco,Guadalajara,,ESTACION LA 74 SA DE CV,PL/19819/EXP/ES/2016,,23.99,28.99,
2026-10-01,Occidente,Jalisco,Zapotlanejo,,ESTACION DE SERVICIO LA ARENA SA DE CV,PL/1980/EXP/ES/2015,,24.00,29.40,26.96
2026-10-01,Occidente,Jalisco,Zapopan,,ABC FUEL SERVICES S DE RL DE CV,PL/19792/EXP/ES/2016,,23.99,28.99,
2026-10-01,Occidente,Jalisco,Huejúcar,,GRUPO CORPORATIVO ALMA SA DE CV,PL/1979/EXP/ES/2015,,23.99,28.75,27.00
2026-10-01,Occidente,Jalisco,Acatlán de Juárez,,ESTACION DE SERVICIO COMBUMET SA DE CV,PL/19759/EXP/ES/2016,,24.00,29.89,26.99
2026-10-01,Occidente,Jalisco,Tlajomulco de Zúñiga,,OPERADORA DE SERVICIOS EN MOVILIDAD SA DE CV,PL/19754/EXP/ES/2016,,22.99,28.69,26.99
2026-10-01,Occidente,Jalisco,Zapotlanejo,,GASOLINERA LAS VENADAS SA DE CV,PL/19748/EXP/ES/2016,,23.99,27.99,26.99
2026-10-01,Occidente,Jalisco,Tlaquepaque,,IMPEROGAS SA DE CV,PL/19731/EXP/ES/2016,,22.99,28.69,26.99
2026-10-01,Occidente,Jalisco,Tlajomulco de Zúñiga,,JORIMAR GASOLINEROS SA DE CV,PL/19730/EXP/ES/2016,,22.99,27.99,26.99
2026-10-01,Occidente,Jalisco,Zapotlán del Rey,,COMBU-EXPRESS SA DE CV,PL/19711/EXP/ES/2016,,23.99,29.89,27.79
2026-10-01,Occidente,Jalisco,Magdalena,,SERVICIO MAGDALENA SA DE CV,PL/1971/EXP/ES/2015,,23.99,29.99,27.00
2026-10-01,Occidente,Jalisco,Tequila,,COMBU-EXPRESS SA DE CV,PL/19709/EXP/ES/2016,,23.99,29.59,27.00
2026-10-01,Occidente,Jalisco,Magdalena,,ESTACION SAN ANDRES SA DE CV,PL/1969/EXP/ES/2015,,23.99,29.99,27.00
2026-10-01,Occidente,Jalisco,Tlaquepaque,,PETROMAX SA DE CV,PL/19682/EXP/ES/2016,,23.99,29.99,
2026-10-01,Occidente,Jalisco,Tonalá,,GRUPO VEDOGAS SA DE CV,PL/1966/EXP/ES/2015,,23.99,29.79,26.99
2026-10-01,Occidente,Jalisco,Acatlán de Juárez,,ARGUS GASOLINERA SA DE CV,PL/19618/EXP/ES/2016,,23.98,29.48,27.00
2026-10-01,Occidente,Jalisco,Tepatitlán de Morelos,,ESTACION GM SA DE CV,PL/19617/EXP/ES/2016,,23.99,29.25,27.25
2026-10-01,Occidente,Jalisco,Zapopan,,SERVICIO REAL ACUEDUCTO SA DE CV,PL/19613/EXP/ES/2016,,23.99,29.55,
2026-10-01,Occidente,Jalisco,El Salto,,SERVICIOS GASOLINEROS DE MEXICO SA DE CV,PL/1961/EXP/ES/2015,,23.99,29.99,27.00
2026-10-01,Occidente,Jalisco,Zapopan,,SERVICIO NECTAR 58 SA DE CV,PL/19569/EXP/ES/2016,,23.99,28.99,26.99
2026-10-01,Occidente,Jalisco,Lagos de Moreno,,SERVICIOS GASOLINEROS DE MEXICO SA DE CV,PL/19524/EXP/ES/2016,,23.99,29.99,27.00
2026-10-01,Occidente,Jalisco,Tlaquepaque,,AUTOSERVICIO GASHR SA DE CV,PL/1952/EXP/ES/2015,,23.99,29.49,
2026-10-01,Occidente,Jalisco,Valle de Guadalupe,,SERVICIOS GASOLINEROS DE MEXICO SA DE CV,PL/19516/EXP/ES/2016,,24.99,29.99,27.00
2026-10-01,Occidente,Jalisco,Zapopan,,COMBUSTIBLES PAVILLON SA DE CV,PL/1950/EXP/ES/2015,,23.99,29.99,
2026-10-01,Occidente,Jalisco,Zapopan,,COMBUSTIBLES MILLENIUM SA DE CV,PL/1947/EXP/ES/2015,,23.99,29.99,27.29
2026-10-01,Occidente,Jalisco,Jamay,,"PETRO SERVICENTRO, S.A. DE C.V.",PL/19450/EXP/ES/2016,,23.99,29.78,26.99
2026-10-01,Occidente,Jalisco,Zapotlanejo,,ESTACION DE SERVICIO MAXIPISTA TAPATIA SA DE CV,PL/1945/EXP/ES/2015,,23.99,29.99,27.29
2026-10-01,Occidente,Jalisco,Jamay,,"PETRO SERVICENTRO, S.A. DE C.V.",PL/19449/EXP/ES/2016,,23.99,29.78,26.99
2026-10-01,Occidente,Jalisco,Tonalá,,CONSORCIO DE HIDROCARBUROS VILLALOBOS SA DE CV,PL/19446/EXP/ES/2016,,23.85,28.95,27.00
2026-10-01,Occidente,Jalisco,Zapopan,,RINCON ENERGETICO SA DE CV,PL/1944/EXP/ES/2015,,23.49,28.89,26.99
2026-10-01,Occidente,Jalisco,Tamazula de Gordiano,,SERVICIO MENDEZ IBAÑEZ SA DE CV,PL/1943/EXP/ES/2015,,23.99,29.88,27.99
2026-10-01,Occidente,Jalisco,Lagos de Moreno,,SERVICIO HUSARES DE LA UNION SA DE CV,PL/19417/EXP/ES/2016,,23.99,29.50,26.99
2026-10-01,Occidente,Jalisco,Jesús María,,SERVICIO CAMARENA SA DE CV,PL/1940/EXP/ES/2015,,23.65,28.80,26.99
2026-10-01,Occidente,Jalisco,Zapotlanejo,,ENERGETICA  PETROJAL SA DE CV,PL/1937/EXP/ES/2015,,24.00,29.99,27.50
2026-10-01,Occidente,Jalisco,Tonalá,,GASOLINERA SANTA PAULA SA DE CV,PL/19324/EXP/ES/2016,,23.99,29.95,26.99
2026-10-01,Occidente,Jalisco,San Juan de los Lagos,,MULTISERVICIOS ALTOS NORTE SA DE CV,PL/19305/EXP/ES/2016,,24.00,29.49,27.24
2026-10-01,Occidente,Jalisco,Puerto Vallarta,,SERVICIO APOLO SA DE CV,PL/1930/EXP/ES/2015,,24.49,28.89,27.96
2026-10-01,Occidente,Jalisco,Tlajomulco de Zúñiga,,COMBUSTIBLES ECCO SA DE CV,PL/19293/EXP/ES/2016,,23.94,28.50,26.95
2026-10-01,Occidente,Jalisco,Tlajomulco de Zúñiga,,SERVICIO SANTA ANITA SA DE CV,PL/1926/EXP/ES/2015,,23.99,29.79,27.00
2026-10-01,Occidente,Jalisco,Tonalá,,SUMINISTROS DE GASOLINA DIEZ SA DE CV,PL/19252/EXP/ES/2016,,23.99,29.79,26.99
2026-10-01,Occidente,Jalisco,Jocotepec,,SERVICIO CARRETERO JOCOTEPEC SA DE CV,PL/1924/EXP/ES/2015,,23.99,29.29,26.99
2026-10-01,Occidente,Jalisco,San Juan de los Lagos,,GASOLINERA EL PAISA SA DE CV,PL/19231/EXP/ES/2016,,23.99,28.49,
2026-10-01,Occidente,Jalisco,Tlajomulco de Zúñiga,,SERVICIOS GOMAR SA DE CV,PL/19220/EXP/ES/2016,,22.99,28.69,26.99
2026-10-01,Occidente,Jalisco,Cuquío,,COMBUSTIBLES EL CUATRO SA DE CV,PL/19216/EXP/ES/2016,,23.48,,26.77
2026-10-01,Occidente,Jalisco,Guadalajara,,COMBUSTIBLES MEDRANO SA DE CV,PL/19188/EXP/ES/2016,,23.99,29.49,27.00
2026-10-01,Occidente,Jalisco,Tlaquepaque,,MINATORE Y PIOGGIA SA DE CV,PL/1915/EXP/ES/2015,,22.95,28.48,26.98
2026-10-01,Occidente,Jalisco,Guadalajara,,CORPOGASCHAPALITA SA DE CV,PL/19142/EXP/ES/2016,,23.99,29.89,
2026-10-01,Occidente,Jalisco,Tala,,GASO TALA SA DE CV,PL/19122/EXP/ES/2016,,23.98,29.98,26.99
2026-10-01,Occidente,Jalisco,Guadalajara,,GASOSERVICIO OILGAS EXPRESS SA DE CV,PL/19120/EXP/ES/2016,,23.98,29.99,
2026-10-01,Occidente,Jalisco,Zapopan,,ECOESTACION DE COMBUSTIBLES SA DE CV,PL/19030/EXP/ES/2016,,23.99,28.99,26.99
2026-10-01,Occidente,Jalisco,Jesús María,,SERVICIO BETULIA S DE RL DE CV,PL/18960/EXP/ES/2016,,24.00,29.00,27.00
2026-10-01,Occidente,Jalisco,Zapopan,,SERVICIO PASO REAL SA DE CV,PL/18919/EXP/ES/2016,,24.49,29.59,27.49
2026-10-01,Occidente,Jalisco,Guadalajara,,GASOLINERA CUDEA SA DE CV,PL/1890/EXP/ES/2015,,23.99,29.49,26.99
2026-10-01,Occidente,Jalisco,Tlaquepaque,,GASOLINERA CUDEA SA DE CV,PL/1887/EXP/ES/2015,,23.99,29.49,26.99
2026-10-01,Occidente,Jalisco,Guadalajara,,GASOLINERA CUDEA SA DE CV,PL/1884/EXP/ES/2015,,23.99,29.49,26.99
2026-10-01,Occidente,Jalisco,Tlaquepaque,,ORGANIZACION LA LUNA SA DE CV,PL/1883/EXP/ES/2015,,23.99,23.99,27.00
2026-10-01,Occidente,Jalisco,Tlaquepaque,,GASOLINERA CUDEA SA DE CV,PL/1882/EXP/ES/2015,,24.00,29.50,27.00
2026-10-01,Occidente,Jalisco,Zapopan,,SERVICIO EXTRARAPIDO SA DE CV,PL/1865/EXP/ES/2015,,23.99,28.99,26.99
2026-10-01,Occidente,Jalisco,Teocaltiche,,SERVICIO MARTINEZ GONZALEZ SA DE CV,PL/1847/EXP/ES/2015,,24.00,29.30,27.00
2026-10-01,Occidente,Jalisco,Tlaquepaque,,ESTACION DE SERVICIOS PUNTO SUR SA DE CV,PL/1842/EXP/ES/2015,,23.99,29.28,26.99
2026-10-01,Occidente,Jalisco,San Miguel el Alto,,ESTACION JH SA DE CV,PL/1808/EXP/ES/2015,,23.99,28.88,26.99
2026-10-01,Occidente,Jalisco,Zapopan,,GAXCO OBELISCO SA DE CV,PL/1807/EXP/ES/2015,,23.89,28.99,
2026-10-01,Occidente,Jalisco,Unión de San Antonio,,SERVICIO HUSARES DE LA UNION SA DE CV,PL/1806/EXP/ES/2015,,23.99,29.64,26.99
2026-10-01,Occidente,Jalisco,Tepatitlán de Morelos,,PETRO SAN JUAN SA DE CV,PL/1805/EXP/ES/2015,,23.99,28.99,26.99
2026-10-01,Occidente,Jalisco,Lagos de Moreno,,SERVICIO OCCIDENTAL REFSA SA DE CV,PL/1801/EXP/ES/2015,,23.99,29.19,27.00
2026-10-01,Occidente,Jalisco,Tonalá,,SERVICIO AUTOMOTRIZ JEMA SA DE CV,PL/1795/EXP/ES/2015,,23.99,29.49,27.00
2026-10-01,Occidente,Jalisco,Lagos de Moreno,,SERVICIO CALIPSO S DE RL DE CV,PL/1793/EXP/ES/2015,,23.99,29.99,27.00
2026-10-01,Occidente,Jalisco,Puerto Vallarta,,GASOLINERA LOS VECINOS SA DE CV,PL/1787/EXP/ES/2015,,23.99,29.99,27.00
2026-10-01,Occidente,Jalisco,El Salto,,GASOFIA SA DE CV,PL/1786/EXP/ES/2015,,23.99,29.70,27.00
2026-10-01,Occidente,Jalisco,Guadalajara,,GASOLINERA SANTA BARBARA SA DE CV,PL/1785/EXP/ES/2015,,23.57,29.30,27.00
2026-10-01,Occidente,Jalisco,Guadalajara,,TRENOGAS SA DE CV,PL/1784/EXP/ES/2015,,23.99,29.70,27.00
2026-10-01,Occidente,Jalisco,Tlaquepaque,,GASOVIA SA DE CV,PL/1783/EXP/ES/2015,,23.99,27.00,27.00
2026-10-01,Occidente,Jalisco,Guadalajara,,VALES FUSION SA DE CV,PL/1782/EXP/ES/2015,,23.99,29.70,
2026-10-01,Occidente,Jalisco,Tlajomulco de Zúñiga,,COMBUSTION PALMARES SA DE CV,PL/1780/EXP/ES/2015,,23.99,29.70,
2026-10-01,Occidente,Jalisco,Tlaquepaque,,SERVICIO PRECIADO MARTINEZ SA DE CV,PL/1778/EXP/ES/2015,,23.99,29.70,27.00
2026-10-01,Occidente,Jalisco,Teocaltiche,,SERVICIO PADILLA MARQUEZ SA DE CV,PL/1771/EXP/ES/2015,,24.00,29.00,27.00
2026-10-01,Occidente,Jalisco,Tepatitlán de Morelos,,SERVICIO RAMIREZ DE TEPATITLAN SA DE CV,PL/1766/EXP/ES/2015,,23.99,28.99,27.00
2026-10-01,Occidente,Jalisco,Tepatitlán de Morelos,,MINI ESTACION TEPA SA DE CV,PL/1764/EXP/ES/2015,,23.99,28.99,
2026-10-01,Occidente,Jalisco,Tlajomulco de Zúñiga,,GASOLINERA CASCO HERMANOS SA DE CV,PL/1763/EXP/ES/2015,,23.99,28.99,26.99
2026-10-01,Occidente,Jalisco,Tepatitlán de Morelos,,SUPER SERVICIO TEPATITLAN SA DE CV,PL/1761/EXP/ES/2015,,23.99,28.99,
2026-10-01,Occidente,Jalisco,Zapopan,,GAXCOPETROL DE MEXICO SA DE CV,PL/1760/EXP/ES/2015,,23.69,28.99,
2026-10-01,Occidente,Jalisco,Tepatitlán de Morelos,,SERVICIO RAMIREZ DE TEPATITLAN SA DE CV,PL/1757/EXP/ES/2015,,23.99,28.99,
2026-10-01,Occidente,Jalisco,Zapopan,,SERVICIO BASE AEREA SA DE CV,PL/1756/EXP/ES/2015,,23.79,28.79,
2026-10-01,Occidente,Jalisco,Tlajomulco de Zúñiga,,GASOLINERA SAN MIGUEL SA DE CV,PL/1752/EXP/ES/2015,,23.99,29.97,26.99
2026-10-01,Occidente,Jalisco,Unión de Tula,,GASOLINERA CUATRO ESTRELLAS SA DE CV,PL/1750/EXP/ES/2015,,24.49,29.96,27.49
2026-10-01,Occidente,Jalisco,Villa Hidalgo,,SERVICIO SOTO SANTANA SA DE CV,PL/1740/EXP/ES/2015,,23.99,29.20,27.00
2026-10-01,Occidente,Jalisco,Tlajomulco de Zúñiga,,GRUPO G&G DE OCCIDENTE SA DE CV,PL/1739/EXP/ES/2015,,23.89,29.29,27.00
2026-10-01,Occidente,Jalisco,La Barca,,CALUFER SA DE CV,PL/1735/EXP/ES/2015,,23.99,29.59,26.86
2026-10-01,Occidente,Jalisco,La Barca,,CALUFER SA DE CV,PL/1734/EXP/ES/2015,,23.99,29.89,26.86
2026-10-01,Occidente,Jalisco,La Barca,,DISTRIBUIDORA ABREVADERO SA DE CV,PL/1733/EXP/ES/2015,,23.99,28.59,
2026-10-01,Occidente,Jalisco,Jamay,,CEFEVIG SA DE CV,PL/1732/EXP/ES/2015,,23.89,,26.86
2026-10-01,Occidente,Jalisco,Zapopan,,SUPER SERVICIO CIUDAD GRANJA SA DE CV,PL/1726/EXP/ES/2015,,23.98,29.99,26.99
2026-10-01,Occidente,Jalisco,Guadalajara,,SERVICIO PATRIA SA DE CV,PL/1725/EXP/ES/2015,,23.99,28.69,
2026-10-01,Occidente,Jalisco,Zapopan,,GASOLINERA LA MORENA SA DE CV,PL/1719/EXP/ES/2015,,23.99,29.70,
2026-10-01,Occidente,Jalisco,Tlajomulco de Zúñiga,,ORGANIZACION LA LUNA SA DE CV,PL/1712/EXP/ES/2015,,23.99,29.99,27.00
2026-10-01,Occidente,Jalisco,Ojuelos de Jalisco,,COMBUSTIBLES Y LUBRICANTES OJUELOS SA DE CV,PL/1710/EXP/ES/2015,,23.99,29.49,27.29
2026-10-01,Occidente,Jalisco,Ojuelos de Jalisco,,COMBUSTIBLES Y LUBRICANTES OJUELOS SA DE CV,PL/1706/EXP/ES/2015,,23.99,29.49,27.29
2026-10-01,Occidente,Jalisco,Puerto Vallarta,,SERVICIOS GASORO SA DE CV,PL/1700/EXP/ES/2015,,23.99,28.99,27.00
2026-10-01,Occidente,Jalisco,Tecolotlán,,ORGANIZACION LA LUNA SA DE CV,PL/1697/EXP/ES/2015,,23.99,29.99,27.00
2026-10-01,Occidente,Jalisco,Zapopan,,CORPORATIVO VENTA DEL ASTILLERO SA DE CV,PL/1688/EXP/ES/2015,,23.97,29.77,26.97
2026-10-01,Occidente,Jalisco,Tlajomulco de Zúñiga,,ESTACION DE SERVICIO ROPER SA DE CV,PL/1673/EXP/ES/2015,,23.99,29.99,26.99
2026-10-01,Occidente,Jalisco,Tlajomulco de Zúñiga,,SUPER SERVICIO LA CONCHA SA DE CV,PL/1671/EXP/ES/2015,,24.00,28.20,
2026-10-01,Occidente,Jalisco,Guadalajara,,GASOLINERA BELISARIO DOMINGUEZ SA DE CV,PL/1670/EXP/ES/2015,,23.99,29.49,
2026-10-01,Occidente,Jalisco,Zapopan,,MULTISERVICIO LA CALMA SA DE CV,PL/1669/EXP/ES/2015,,23.49,28.99,
2026-10-01,Occidente,Jalisco,Guadalajara,,MULTISERVICIO CALZADA SA DE CV,PL/1668/EXP/ES/2015,,22.99,27.99,26.99
2026-10-01,Occidente,Jalisco,Guadalajara,,GASOLINERA ESTEBAN ALATORRE SA DE CV,PL/1667/EXP/ES/2015,,23.99,28.99,26.99
2026-10-01,Occidente,Jalisco,San Juan de los Lagos,,SERVICIOS EL HUIZACHE SA DE CV,PL/1651/EXP/ES/2015,,23.99,28.49,26.98
2026-10-01,Occidente,Jalisco,Jalostotitlán,,SERVICIO GALLARDO DE ALBA SA DE CV,PL/1650/EXP/ES/2015,,23.99,28.49,26.98
2026-10-01,Occidente,Jalisco,Zapopan,,GASOLINERA CUDEA SA DE CV,PL/1646/EXP/ES/2015,,23.99,29.69,26.99
2026-10-01,Occidente,Jalisco,Zapopan,,SERVICIO LAS FUENTES SA DE CV,PL/1645/EXP/ES/2015,,24.00,29.59,
2026-10-01,Occidente,Jalisco,Zapopan,,ANDUL OIL SA DE CV,PL/1644/EXP/ES/2015,,23.99,28.99,
2026-10-01,Occidente,Jalisco,Zapotlán el Grande,,RAGONZVILL SA DE CV,PL/1640/EXP/ES/2015,,24.35,29.90,27.35
2026-10-01,Occidente,Jalisco,Acatlán de Juárez,,SERVICIOS GASOLINEROS DE MEXICO SA DE CV,PL/1639/EXP/ES/2015,,23.99,29.99,27.99
2026-10-01,Occidente,Jalisco,Lagos de Moreno,,ESTACION BETULIA SA DE CV,PL/1637/EXP/ES/2015,,23.99,,27.00
2026-10-01,Occidente,Jalisco,Guadalajara,,COMBUSTIBLES SUPREMOS SA DE CV,PL/1631/EXP/ES/2015,,23.89,29.29,26.99
2026-10-01,Occidente,Jalisco,La Barca,,SERVICIO LA BARCA SA DE CV,PL/1628/EXP/ES/2015,,23.77,28.88,26.88
2026-10-01,Occidente,Jalisco,Tlaquepaque,,GASOLINERA SAN RAFAEL SA DE CV,PL/1587/EXP/ES/2015,,23.99,29.39,27.00
2026-10-01,Occidente,Jalisco,Puerto Vallarta,,GASOLINERIA ORO DE VALLARTA SA DE CV,PL/1585/EXP/ES/2015,,23.99,28.99,27.00
2026-10-01,Occidente,Jalisco,Tlajomulco de Zúñiga,,SERVICIO SAN JOSE DEL VALLE DOS SA DE CV,PL/1584/EXP/ES/2015,,23.99,29.19,
2026-10-01,Occidente,Jalisco,Tlajomulco de Zúñiga,,SERVICIOS SAN JOSE DEL VALLE SA DE CV,PL/1583/EXP/ES/2015,,23.99,29.78,
2026-10-01,Occidente,Jalisco,Zapopan,,ESTACION DE SERVICIO NACIONES UNIDAS SA DE CV,PL/1574/EXP/ES/2015,,23.99,29.99,26.99
2026-10-01,Occidente,Jalisco,Sayula,,COMBU-EXPRESS SA DE CV,PL/1548/EXP/ES/2015,,23.99,28.98,
2026-10-01,Occidente,Jalisco,Zapopan,,SERVICIOS GASOLINEROS DE MEXICO SA DE CV,PL/1538/EXP/ES/2015,,23.99,29.99,
2026-10-01,Occidente,Jalisco,Guadalajara,,SERVICIOS GASOLINEROS DE MEXICO SA DE CV,PL/1497/EXP/ES/2015,,23.99,29.99,
2026-10-01,Occidente,Jalisco,Guadalajara,,SERVICIOS GASOLINEROS DE MEXICO SA DE CV,PL/1496/EXP/ES/2015,,23.99,29.99,
2026-10-01,Occidente,Jalisco,La Barca,,GASOLINERA MORENO ROJAS SA DE CV,PL/1491/EXP/ES/2015,,23.77,28.88,26.88
2026-10-01,Occidente,Jalisco,Ayotlán,,SERVICIO D SOTO SA DE CV,PL/1490/EXP/ES/2015,,23.98,29.98,27.45
2026-10-01,Occidente,Jalisco,Tlaquepaque,,SERVICIO LAS PIEDROTAS SA DE CV,PL/1488/EXP/ES/2015,,23.99,29.49,
2026-10-01,Occidente,Jalisco,Zapopan,,IVAN GARCIA ARCE,PL/1474/EXP/ES/2015,,23.99,29.46,27.00
2026-10-01,Occidente,Jalisco,Teocaltiche,,SERVICIO TEOCALTICHE SA DE CV,PL/1473/EXP/ES/2015,,24.00,,27.00
2026-10-01,Occidente,Jalisco,Teocaltiche,,GASOLINERA ROMO SA DE CV,PL/1471/EXP/ES/2015,,24.00,29.60,27.00
2026-10-01,Occidente,Jalisco,Guadalajara,,BECKTROP GDL SA DE CV,PL/1463/EXP/ES/2015,,23.99,29.49,
2026-10-01,Occidente,Jalisco,Zapopan,,COMBUSTIBLES PALMA REAL SA DE CV,PL/1462/EXP/ES/2015,,23.99,29.39,27.00
2026-10-01,Occidente,Jalisco,San Juan de los Lagos,,SERVICIO EL PEDREGOSO SA DE CV,PL/1461/EXP/ES/2015,,23.99,28.49,26.98
2026-10-01,Occidente,Jalisco,San Juan de los Lagos,,SERVICIO MALECON SAN JUAN SA DE CV,PL/1460/EXP/ES/2015,,23.99,28.49,
2026-10-01,Occidente,Jalisco,Guadalajara,,COMBU-EXPRESS SA DE CV,PL/1449/EXP/ES/2015,,23.99,29.49,
2026-10-01,Occidente,Jalisco,Zapopan,,GASOLINERA CONSTITUCION SA DE CV,PL/1421/EXP/ES/2015,,23.79,28.89,
2026-10-01,Occidente,Jalisco,Zapopan,,IVAN GARCIA ARCE,PL/1406/EXP/ES/2015,,23.99,29.65,
2026-10-01,Occidente,Jalisco,Atengo,,GASOLINERA ATENGO SA DE CV,PL/1400/EXP/ES/2015,,24.49,,27.49
2026-10-01,Occidente,Jalisco,Tlajomulco de Zúñiga,,JORIMAR GASOLINEROS SA DE CV,PL/13724/EXP/ES/2016,,22.99,28.69,26.99
2026-10-01,Occidente,Jalisco,Guadalajara,,GASOLINERIA LEADER DUCE EXPRESS SA DE CV,PL/13720/EXP/ES/2016,,23.99,29.51,
2026-10-01,Occidente,Jalisco,Zapopan,,PETROMAX SA DE CV,PL/13716/EXP/ES/2016,,24.49,29.99,
2026-10-01,Occidente,Jalisco,Zapotlanejo,,SERVICIO GASOLINERO SANTA TERESA SA DE CV,PL/13715/EXP/ES/2016,,24.00,29.49,27.00
2026-10-01,Occidente,Jalisco,Tlaquepaque,,GASOLINERA TAPATIA SA DE CV,PL/1371/EXP/ES/2015,,23.99,29.65,27.00
2026-10-01,Occidente,Jalisco,Atotonilco el Alto,,SERVICIOS GASOLINEROS DE MEXICO SA DE CV,PL/1370/EXP/ES/2015,,24.99,29.99,27.00
2026-10-01,Occidente,Jalisco,San Juan de los Lagos,,SERVICIO MARTIN TOSTADO SA DE CV,PL/13668/EXP/ES/2016,,23.99,28.50,27.00
2026-10-01,Occidente,Jalisco,El Limón,,GASOLINERA EL LIMON SA DE CV,PL/1363/EXP/ES/2015,,24.25,28.87,26.98
2026-10-01,Occidente,Jalisco,Zapopan,,GASOLIO SA DE CV,PL/13597/EXP/ES/2016,,23.99,29.50,26.99
2026-10-01,Occidente,Jalisco,San Diego de Alejandría,,JOSE MA. GODOY SANCHEZ,PL/13546/EXP/ES/2016,,23.99,28.80,27.00
2026-10-01,Occidente,Jalisco,Guadalajara,,SERVICIO BANDERA SA DE CV,PL/1349/EXP/ES/2015,,23.99,29.89,26.99
2026-10-01,Occidente,Jalisco,Valle de Juárez,,LUIS BAUTISTA ZEPEDA,PL/13489/EXP/ES/2016,,24.45,,27.55
2026-10-01,Occidente,Jalisco,Autlán de Navarro,,GASOLINERA LUPITA SA DE CV,PL/1340/EXP/ES/2015,,23.98,29.88,26.98
2026-10-01,Occidente,Jalisco,El Salto,,SERVICIOS GASOLINEROS DE MEXICO SA DE CV,PL/1339/EXP/ES/2015,,23.99,29.99,27.00
2026-10-01,Occidente,Jalisco,Zapotlanejo,,SERVICIO GASOLINERA ZAPOTLANEJO SA DE CV,PL/13280/EXP/ES/2016,,23.99,,27.00
2026-10-01,Occidente,Jalisco,Tlaquepaque,,SERVICIO SAN PEDRITO SA DE CV,PL/1326/EXP/ES/2015,,23.99,28.99,26.99
2026-10-01,Occidente,Jalisco,Puerto Vallarta,,SERVICIO LAS JUNTAS SA DE CV,PL/1325/EXP/ES/2015,,24.49,29.47,27.99
2026-10-01,Occidente,Jalisco,San Gabriel,,PLAZA ANTIGUA ESTACION SA DE CV,PL/13220/EXP/ES/2016,,23.99,29.90,26.99
2026-10-01,Occidente,Jalisco,Arandas,,SERVICIO CAMARENA SA DE CV,PL/1319/EXP/ES/2015,,23.65,28.60,
2026-10-01,Occidente,Jalisco,Jesús María,,SERVICIOS Y COMBUSTIBLES LEON SA DE CV,PL/13134/EXP/ES/2016,,23.99,29.15,27.00
2026-10-01,Occidente,Jalisco,Zapopan,,SOLUGAS SOLUCIONES EN GASOLINERAS SA DE CV,PL/1311/EXP/ES/2015,,23.79,28.29,27.00
2026-10-01,Occidente,Jalisco,Lagos de Moreno,,ES GAS SA DE CV,PL/13103/EXP/ES/2016,,23.97,29.28,27.00
2026-10-01,Occidente,Jalisco,Ocotlán,,GASOLINERA JARDEZ SA DE CV,PL/13094/EXP/ES/2016,,24.00,29.40,27.00
2026-10-01,Occidente,Jalisco,Ocotlán,,SANTA ESTHER DISTRIBUIDORA SA DE CV,PL/13082/EXP/ES/2016,,23.99,29.78,26.99
2026-10-01,Occidente,Jalisco,Mixtlán,,MARIANO TOPETE MACEDO,PL/13078/EXP/ES/2016,,24.29,29.98,28.49
2026-10-01,Occidente,Jalisco,Tlajomulco de Zúñiga,,SERVICIO LAS CRUCES DE SANTA ANITA SA DE CV,PL/13062/EXP/ES/2016,,23.99,29.78,
2026-10-01,Occidente,Jalisco,Zapotlanejo,,ESTACION PUENTE DE CALDERON SA DE CV,PL/13053/EXP/ES/2016,,23.98,29.50,27.00
2026-10-01,Occidente,Jalisco,Zapotlanejo,,SERVICIO LOS TEPETATES SA DE CV,PL/12890/EXP/ES/2015,,24.00,29.50,27.00
2026-10-01,Occidente,Jalisco,Zapopan,,SUMINISTROS ENERGETICOS DE CALIDAD SA DE CV,PL/12888/EXP/ES/2015,,23.99,29.49,27.00
2026-10-01,Occidente,Jalisco,Acatlán de Juárez,,ARGUS GASOLINERA SA DE CV,PL/12883/EXP/ES/2015,,23.98,29.48,27.00
2026-10-01,Occidente,Jalisco,Atotonilco el Alto,,SERVICIO ALONDRAS SA DE CV,PL/12863/EXP/ES/2015,,23.70,29.00,27.00
2026-10-01,Occidente,Jalisco,Tlaquepaque,,ESTACION DE SERVICIO VAZQUEZ SA DE CV,PL/12849/EXP/ES/2015,,23.89,28.89,26.99
2026-10-01,Occidente,Jalisco,Zapopan,,ESTACION DE SERVICIO SATELITE SA DE CV,PL/12817/EXP/ES/2015,,23.99,28.99,27.00
2026-10-01,Occidente,Jalisco,Cihuatlán,,AUTO SERVICIO SUR DE LA COSTA ALEGRE SA DE CV,PL/12816/EXP/ES/2015,,23.99,28.90,27.00
2026-10-01,Occidente,Jalisco,Autlán de Navarro,,COMBU-EXPRESS SA DE CV,PL/1277/EXP/ES/2015,,24.49,29.89,27.50
2026-10-01,Occidente,Jalisco,El Salto,,ESTACION DE SERVICIO DEL CARMEN SA DE CV,PL/12764/EXP/ES/2015,,24.00,29.98,27.00
2026-10-01,Occidente,Jalisco,Tlaquepaque,,MULTISERVICIOS MAGO SA DE CV,PL/12762/EXP/ES/2015,,24.00,29.50,27.00
2026-10-01,Occidente,Jalisco,Guadalajara,,"LAS TORRES 6309, S.A. DE C.V.",PL/12761/EXP/ES/2015,,24.00,28.20,
2026-10-01,Occidente,Jalisco,Guadalajara,,AUTO EXPRESS CALZADA-PERIFERICO SA DE CV,PL/12758/EXP/ES/2015,,24.00,29.90,27.00
2026-10-01,Occidente,Jalisco,Ameca,,GASOLINERA DEL CENTRO SA,PL/12743/EXP/ES/2015,,24.00,29.95,27.97
2026-10-01,Occidente,Jalisco,Ameca,,ALBERTO GOMEZ ZARATE,PL/12742/EXP/ES/2015,,24.00,29.95,27.99
2026-10-01,Occidente,Jalisco,Guadalajara,,ESTACION DE GASOLINERIA FERROCARRIL SA DE CV,PL/12730/EXP/ES/2015,,23.99,29.50,
2026-10-01,Occidente,Jalisco,Arandas,,COMBUTON SA DE CV,PL/12725/EXP/ES/2015,,23.79,28.79,27.99
2026-10-01,Occidente,Jalisco,Guadalajara,,GASOLINERA EL RASTRO SA DE CV,PL/12705/EXP/ES/2015,,23.99,29.49,26.98
2026-10-01,Occidente,Jalisco,Autlán de Navarro,,GASOLINERA EL MENTIDERO SA DE CV,PL/12696/EXP/ES/2015,,24.49,29.85,27.50
2026-10-01,Occidente,Jalisco,Guadalajara,,COMBUSTIBLES OLMO SA DE CV,PL/12680/EXP/ES/2015,,23.99,29.89,27.00
2026-10-01,Occidente,Jalisco,Cihuatlán,,ESTACION DE SERVICIO MORETT SA,PL/12678/EXP/ES/2015,,23.97,28.93,26.99
2026-10-01,Occidente,Jalisco,Zapopan,,GASOLINERA MARTIN SA DE CV,PL/12669/EXP/ES/2015,,22.99,28.69,26.99
2026-10-01,Occidente,Jalisco,Zapopan,,GASOLINERA MARTIN SA DE CV,PL/12668/EXP/ES/2015,,22.99,28.69,26.99
2026-10-01,Occidente,Jalisco,Tlajomulco de Zúñiga,,SERVICIOS GASOLINEROS DE MEXICO SA DE CV,PL/12644/EXP/ES/2015,,23.99,29.99,27.00
2026-10-01,Occidente,Jalisco,Cihuatlán,,COMPAÑIA MEXICANA PARA EL DESARROLLO TURISTICO Y URBANO DE BARRA DE NAVIDAD SA DE CV,PL/12609/EXP/ES/2015,,23.99,28.79,26.99
2026-10-01,Occidente,Jalisco,Zapotlán el Grande,,COMBU-EXPRESS SA DE CV,PL/1260/EXP/ES/2015,,24.39,29.88,27.49
2026-10-01,Occidente,Jalisco,Zapotlán el Grande,,COMBU-EXPRESS SA DE CV,PL/1259/EXP/ES/2015,,24.39,29.88,27.49
2026-10-01,Occidente,Jalisco,Tala,,SERVICIO LA LOMITA SA DE CV,PL/12588/EXP/ES/2015,,23.29,27.90,26.99
2026-10-01,Occidente,Jalisco,Tala,,SERVICIO CA&ERO SA DE CV,PL/12584/EXP/ES/2015,,23.99,29.68,27.28
2026-10-01,Occidente,Jalisco,Tala,,ARGUS GASOLINERA SA DE CV,PL/12565/EXP/ES/2015,,23.98,29.48,27.00
2026-10-01,Occidente,Jalisco,Tepatitlán de Morelos,,DARA SERVICIOS SA DE CV,PL/12564/EXP/ES/2015,,23.99,28.99,
2026-10-01,Occidente,Jalisco,Tizapán el Alto,,NOGALES ENERGETICOS SA DE CV,PL/12563/EXP/ES/2015,,23.99,29.89,27.99
2026-10-01,Occidente,Jalisco,Zapopan,,DERIVADORA DE COMBUSTIBLES DEL NORTE SA DE CV,PL/12562/EXP/ES/2015,,23.99,28.99,26.99
2026-10-01,Occidente,Jalisco,Guadalajara,,SERVICIOS GASOLINEROS DE MEXICO SA DE CV,PL/12560/EXP/ES/2015,,23.99,26.99,
2026-10-01,Occidente,Jalisco,Teocuitatlán de Corona,,GASOLINERA SAHAGUN SA DE CV,PL/12558/EXP/ES/2015,,24.00,29.88,27.00
2026-10-01,Occidente,Jalisco,La Huerta,,COMBU-EXPRESS SA DE CV,PL/1245/EXP/ES/2015,,24.59,29.80,27.39
2026-10-01,Occidente,Jalisco,Casimiro Castillo,,COMBU-EXPRESS SA DE CV,PL/1244/EXP/ES/2015,,24.59,29.80,27.39
2026-10-01,Occidente,Jalisco,Casimiro Castillo,,COMBU-EXPRESS SA DE CV,PL/1243/EXP/ES/2015,,24.59,29.80,27.39
2026-10-01,Occidente,Jalisco,Villa Purificación,,COMBU-EXPRESS SA DE CV,PL/1242/EXP/ES/2015,,24.59,29.80,27.39
2026-10-01,Occidente,Jalisco,Tlajomulco de Zúñiga,,GOPRA SA DE CV,PL/1222/EXP/ES/2015,,23.99,29.29,27.00
2026-10-01,Occidente,Jalisco,Degollado,,SERVICIO LOS ENCINOS SA DE CV,PL/1221/EXP/ES/2015,,23.99,28.99,26.99
2026-10-01,Occidente,Jalisco,Degollado,,ESTACION DE SERVICIO ROJEMAR SA DE CV,PL/1220/EXP/ES/2015,,23.99,28.99,26.99
2026-10-01,Occidente,Jalisco,Ahualulco de Mercado,,SERVICIO MICHIFAZO SA DE CV,PL/1219/EXP/ES/2015,,23.98,29.54,28.80
2026-10-01,Occidente,Jalisco,San Juanito de Escobedo,,SERVICIOS SAN JUANITO SA DE CV,PL/12060/EXP/ES/2015,,23.98,,27.00
2026-10-01,Occidente,Jalisco,Poncitlán,,GRUPO OCTANO SA DE CV,PL/12057/EXP/ES/2015,,23.99,29.99,27.59
2026-10-01,Occidente,Jalisco,Concepción de Buenos Aires,,SALVADOR VALLEJO JIMENEZ,PL/12050/EXP/ES/2015,,24.00,,27.00
2026-10-01,Occidente,Jalisco,Zapopan,,ESTACION DE SERVICIO PEGASO SA DE CV,PL/12041/EXP/ES/2015,,23.99,28.99,
2026-10-01,Occidente,Jalisco,Jesús María,,SERVICIOS ENERGETICOS ESLI SA DE CV,PL/12039/EXP/ES/2015,,23.89,28.99,26.99
2026-10-01,Occidente,Jalisco,Guadalajara,,COMBUSTIBLES MARSAN SA DE CV,PL/12020/EXP/ES/2015,,23.69,28.29,
2026-10-01,Occidente,Jalisco,El Salto,,GASOLINERAS FAST DE OCCIDENTE S DE RL DE CV,PL/12001/EXP/ES/2015,,23.99,29.79,27.00
2026-10-01,Occidente,Jalisco,Tala,,SERVICAÑA SA DE CV,PL/11995/EXP/ES/2015,,23.86,29.23,27.00
2026-10-01,Occidente,Jalisco,Guadalajara,,ESTACION DE SERVICIO LAS TORRES SA DE CV,PL/11983/EXP/ES/2015,,23.29,27.90,
2026-10-01,Occidente,Jalisco,Encarnación de Díaz,,SERVICIO BAJIO DE SAN JOSE SA DE CV,PL/11976/EXP/ES/2015,,23.99,,26.99
2026-10-01,Occidente,Jalisco,Villa Hidalgo,,SUPER SERVICIO  D SANTA SA DE CV,PL/11959/EXP/ES/2015,,24.00,29.10,27.00
2026-10-01,Occidente,Jalisco,Chapala,,SUPERSERVICIO ATOTONILQUILLO SA DE CV,PL/11954/EXP/ES/2015,,23.99,28.99,26.99
2026-10-01,Occidente,Jalisco,Guadalajara,,PETROMAX SA DE CV,PL/11951/EXP/ES/2015,,24.49,29.99,26.99
2026-10-01,Occidente,Jalisco,Guadalajara,,MARCA GASOLINAS SA DE CV,PL/1188/EXP/ES/2015,,23.79,28.29,
2026-10-01,Occidente,Jalisco,Guadalajara,,COMBUSTIBLES GUADALAJARA SA DE CV,PL/1177/EXP/ES/2015,,23.95,29.28,
2026-10-01,Occidente,Jalisco,Guadalajara,,GASOLINERA TAPATIA LOS ARCOS SA DE CV,PL/1176/EXP/ES/2015,,23.99,29.99,
2026-10-01,Occidente,Jalisco,Guadalajara,,GRUPO INDUSTRIAL TAJALI SA,PL/1166/EXP/ES/2015,,23.99,29.99,
2026-10-01,Occidente,Jalisco,Guadalajara,,GRUPO INDUSTRIAL TAJALI SA,PL/1165/EXP/ES/2015,,23.99,29.99,
2026-10-01,Occidente,Jalisco,Guadalajara,,GASOLINERA POLANCO SA DE CV,PL/1158/EXP/ES/2015,,23.89,28.99,26.99
2026-10-01,Occidente,Jalisco,Cuquío,,FELIPE GUTIERREZ YAÑEZ,PL/11453/EXP/ES/2015,,23.97,29.97,26.97
2026-10-01,Occidente,Jalisco,Tepatitlán de Morelos,,GASOLINERA Y SERVICIOS LOS SAUCES SA DE CV,PL/11449/EXP/ES/2015,,23.99,28.50,26.97
2026-10-01,Occidente,Jalisco,Tepatitlán de Morelos,,PETROTEP SA DE CV,PL/11445/EXP/ES/2015,,23.99,29.26,27.25
2026-10-01,Occidente,Jalisco,Chapala,,GRUPO PETRO 8 SA DE CV,PL/11431/EXP/ES/2015,,23.99,29.75,27.00
2026-10-01,Occidente,Jalisco,Ixtlahuacán de los Membrillos,,GRUPO BALLO SA DE CV,PL/11419/EXP/ES/2015,,23.99,29.99,26.99
2026-10-01,Occidente,Jalisco,Ayotlán,,ESTACION DE SERVICIOS LA JOYA SA DE CV,PL/11406/EXP/ES/2015,,23.99,29.49,27.79
2026-10-01,Occidente,Jalisco,Tlajomulco de Zúñiga,,GASOLINERA DIAL SA DE CV,PL/11397/EXP/ES/2015,,23.88,29.08,27.00
2026-10-01,Occidente,Jalisco,Zapopan,,SERVICIOS GASOLINEROS DE MEXICO SA DE CV,PL/11378/EXP/ES/2015,,23.99,29.99,27.00
2026-10-01,Occidente,Jalisco,Zapopan,,SERVICIOS GASOLINEROS DE MEXICO SA DE CV,PL/11377/EXP/ES/2015,,23.99,29.99,
2026-10-01,Occidente,Jalisco,Zapopan,,GASOLINERA MARTIN SA DE CV,PL/11366/EXP/ES/2015,,22.99,26.99,26.99
2026-10-01,Occidente,Jalisco,Puerto Vallarta,,SERVICIO LAS MOJONERAS SA DE CV,PL/11365/EXP/ES/2015,,24.50,29.15,28.05
2026-10-01,Occidente,Jalisco,Tonalá,,GASOLINERA ALDI SA DE CV,PL/11364/EXP/ES/2015,,23.86,28.91,26.95
2026-10-01,Occidente,Jalisco,Tlaquepaque,,GASOLINERA DON JOSE SA DE CV,PL/11361/EXP/ES/2015,,23.86,28.91,26.95
2026-10-01,Occidente,Jalisco,Arandas,,FUENTES OÑATE Y ASOCIADOS SA DE CV,PL/11352/EXP/ES/2015,,23.99,28.95,26.99
2026-10-01,Occidente,Jalisco,Tonalá,,SUPER SERVICIOS EL SALTO SA DE CV,PL/11343/EXP/ES/2015,,23.87,28.99,26.99
2026-10-01,Occidente,Jalisco,Chiquilistlán,,COMBUSTIBLES CHAVEZ SA DE CV,PL/11288/EXP/ES/2015,,24.80,,27.99
2026-10-01,Occidente,Jalisco,Arandas,,GRUPO GASOLINERO EL CAPULIN SA DE CV,PL/11285/EXP/ES/2015,,23.60,28.90,27.00
2026-10-01,Occidente,Jalisco,Guadalajara,,GASOLINERA DAKOTA DE OCCIDENTE SA DE CV,PL/11284/EXP/ES/2015,,23.99,29.65,27.00
2026-10-01,Occidente,Jalisco,Guadalajara,,PETRO BUENAVISTA SA DE CV,PL/1126/EXP/ES/2015,,23.99,,26.99
2026-10-01,Occidente,Jalisco,Ocotlán,,GASOLINERA EL NUEVO FUERTE SA DE CV,PL/11259/EXP/ES/2015,,23.92,29.56,27.33
2026-10-01,Occidente,Jalisco,Guadalajara,,SUPERSERVICIO PABLO VALDEZ SA DE CV,PL/11253/EXP/ES/2015,,23.99,29.99,
2026-10-01,Occidente,Jalisco,Guadalajara,,SERVICIO INDUSTRIAL DE JALISCO SA DE CV,PL/11252/EXP/ES/2015,,23.99,29.20,26.99
2026-10-01,Occidente,Jalisco,Guadalajara,,SERVICIOS GASOLINEROS LEO SA DE CV,PL/11251/EXP/ES/2015,,23.99,29.99,27.00
2026-10-01,Occidente,Jalisco,Guadalajara,,MEGA SERVICIO ECOLOGICO DE GASOLINA SA DE CV,PL/11250/EXP/ES/2015,,23.98,29.99,26.99
2026-10-01,Occidente,Jalisco,Tlaquepaque,,COMBU-EXPRESS SA DE CV,PL/1124/EXP/ES/2015,,23.99,29.49,27.00
2026-10-01,Occidente,Jalisco,Tlaquepaque,,TRASAGAS SA DE CV,PL/11231/EXP/ES/2015,,23.99,29.99,26.99
2026-10-01,Occidente,Jalisco,Ixtlahuacán del Río,,VANGUARDIA EN GASOLINERAS SA DE CV,PL/11230/EXP/ES/2015,,23.99,29.99,26.99
2026-10-01,Occidente,Jalisco,Guadalajara,,SUPER SERVICIO 54 SA DE CV,PL/1113/EXP/ES/2015,,23.99,28.99,
2026-10-01,Occidente,Jalisco,Cocula,,ORGANIZACION LA LUNA SA DE CV,PL/1109/EXP/ES/2015,,23.99,29.99,27.00
2026-10-01,Occidente,Jalisco,Cocula,,ORGANIZACION LA LUNA SA DE CV,PL/1107/EXP/ES/2015,,23.99,29.99,27.00
2026-10-01,Occidente,Jalisco,Tlaquepaque,,GASALVI SA DE CV,PL/11030/EXP/ES/2015,,23.99,28.99,
2026-10-01,Occidente,Jalisco,Guadalajara,,GRUPO JAGUAR DE OCCIDENTE SA DE CV,PL/11027/EXP/ES/2015,,23.99,29.50,
2026-10-01,Occidente,Jalisco,San Miguel el Alto,,ESTACION CALZADA DE GUADALUPE SA DE CV,PL/11020/EXP/ES/2015,,23.99,28.99,27.00
2026-10-01,Occidente,Jalisco,Zapopan,,ESTACION DE SERVICIO APV SA DE CV,PL/11006/EXP/ES/2015,,23.97,29.47,26.99
2026-10-01,Occidente,Jalisco,Tlajomulco de Zúñiga,,SERVICIO JIPIGO SA DE CV,PL/11005/EXP/ES/2015,,23.50,28.80,26.99
2026-10-01,Occidente,Jalisco,Zapopan,,SERVICIO NUEVO MEXICO SA DE CV,PL/11004/EXP/ES/2015,,23.98,28.95,27.00
2026-10-01,Occidente,Jalisco,Zapopan,,COMBUSTIBLES Y SERVICIOS SAMER SA DE CV,PL/10927/EXP/ES/2015,,23.99,29.59,27.00
2026-10-01,Occidente,Jalisco,Tlaquepaque,,ESTACION DE SERVICIO PRINCIPAL SA DE CV,PL/10925/EXP/ES/2015,,23.99,29.49,27.00
2026-10-01,Occidente,Jalisco,San Ignacio Cerro Gordo,,ENERGETICOS TEPAK SA DE CV,PL/10923/EXP/ES/2015,,23.99,28.55,27.00
2026-10-01,Occidente,Jalisco,El Salto,,GASOLINERIA BELOZ SA DE CV,PL/10894/EXP/ES/2015,,23.60,29.45,26.99
2026-10-01,Occidente,Jalisco,Tlaquepaque,,GASOLINERA OLEODUCTO SA DE CV,PL/10893/EXP/ES/2015,,23.60,29.45,26.99
2026-10-01,Occidente,Jalisco,Tlaquepaque,,SERVICIOS ACEVES SA DE CV,PL/10892/EXP/ES/2015,,23.99,29.45,26.99
2026-10-01,Occidente,Jalisco,Tonalá,,COMBUSTIBLES DE ZAPOTLANEJO SA DE CV,PL/10870/EXP/ES/2015,,23.99,29.49,26.99
2026-10-01,Occidente,Jalisco,Guadalajara,,GASOLINERA REMUS SA DE CV,PL/10860/EXP/ES/2015,,24.00,29.79,27.00
2026-10-01,Occidente,Jalisco,Lagos de Moreno,,SERVICIOS GASOLINEROS DE MEXICO SA DE CV,PL/10858/EXP/ES/2015,,24.99,29.99,27.00
2026-10-01,Occidente,Jalisco,Tlaquepaque,,GASOLINERA EL TAPATIO SA DE CV,PL/10843/EXP/ES/2015,,23.70,28.58,26.99
2026-10-01,Occidente,Jalisco,Tamazula de Gordiano,,SERVICIO EL PRADO SA DE CV,PL/10826/EXP/ES/2015,,23.99,29.86,27.80
2026-10-01,Occidente,Jalisco,Guadalajara,,ESTACION DE SERVICIO ATEQUIZA SA DE CV,PL/10812/EXP/ES/2015,,23.89,,26.99
2026-10-01,Occidente,Jalisco,Tepatitlán de Morelos,,SERVICIOS PUERTA VIEJA SA DE CV,PL/10811/EXP/ES/2015,,23.99,29.35,27.19
2026-10-01,Occidente,Jalisco,Tonalá,,REAL TONALTECAS SA DE CV,PL/10728/EXP/ES/2015,,23.50,29.89,26.99
2026-10-01,Occidente,Jalisco,Tonalá,,SERVICIO TONALA SA DE CV,PL/10727/EXP/ES/2015,,23.50,,26.99
2026-10-01,Occidente,Jalisco,Zapopan,,GASOLINERA PLAZA DEL SOL SA DE CV,PL/10725/EXP/ES/2015,,23.99,29.89,
2026-10-01,Occidente,Jalisco,Guadalajara,,SERVICIO RIO NILO SA DE CV,PL/10723/EXP/ES/2015,,22.99,29.89,24.13
2026-10-01,Occidente,Jalisco,Zapopan,,SERVICIO ANGEL SA DE CV,PL/10722/EXP/ES/2015,,23.99,29.99,26.99
2026-10-01,Occidente,Jalisco,Tlaquepaque,,GRUPO CASAL SA DE CV,PL/10717/EXP/ES/2015,,22.99,29.89,26.99
2026-10-01,Occidente,Jalisco,Lagos de Moreno,,COMERCIALIZADORA CENTRAL DE COMBUSTIBLE SA DE CV,PL/10695/EXP/ES/2015,,23.99,29.89,27.00
2026-10-01,Occidente,Jalisco,Tuxpan,,GASOTECA SA DE CV,PL/10688/EXP/ES/2015,,23.99,29.99,26.99
2026-10-01,Occidente,Jalisco,Tonalá,,ENERGIA GUADALUPANA SA DE CV,PL/10667/EXP/ES/2015,,23.98,28.98,
2026-10-01,Occidente,Jalisco,Autlán de Navarro,,GASOLINERA AUTLAN SA DE CV,PL/1066/EXP/ES/2015,,24.49,29.89,27.45
2026-10-01,Occidente,Jalisco,Yahualica de González Gallo,,GASOLINERA LV SA DE CV,PL/10659/EXP/ES/2015,,23.99,29.50,27.00
2026-10-01,Occidente,Jalisco,El Salto,,ESTACION DE SERVICIO ESMERALDA SA DE CV,PL/1065/EXP/ES/2015,,23.99,28.99,26.99
2026-10-01,Occidente,Jalisco,Puerto Vallarta,,SERVICIO MARINA LAS PALMAS SA DE CV,PL/10630/EXP/ES/2015,,23.94,27.99,26.99
2026-10-01,Occidente,Jalisco,Arandas,,Nueva Estacion de Servicio Tres Estrellas Nucho SA,PL/1060/EXP/ES/2015,,23.99,28.79,27.79
2026-10-01,Occidente,Jalisco,Autlán de Navarro,,COMBU-EXPRESS SA DE CV,PL/10587/EXP/ES/2015,,23.68,29.89,26.68
2026-10-01,Occidente,Jalisco,Huejuquilla el Alto,,SERVICIO LAMAS SA DE CV,PL/10563/EXP/ES/2015,,23.99,28.50,27.00
2026-10-01,Occidente,Jalisco,Zapopan,,PETROMAX SA DE CV,PL/10548/EXP/ES/2015,,24.49,29.99,27.69
2026-10-01,Occidente,Jalisco,Tlajomulco de Zúñiga,,COMBUSTIBLES TLAJOMULCO SA DE CV,PL/10348/EXP/ES/2015,,23.99,28.99,26.98
2026-10-01,Occidente,Jalisco,Chapala,,SERVICIO AGUIRRE CASTELLANOS SA DE CV,PL/10342/EXP/ES/2015,,23.97,29.29,27.00
2026-10-01,Occidente,Jalisco,La Barca,,INMOBILIARIA SAMICH SA DE CV,PL/10312/EXP/ES/2015,,23.77,28.88,26.88
2026-10-01,Occidente,Jalisco,Tlajomulco de Zúñiga,,ESTACION DE SERVICIOS GOMCO SA DE CV,PL/10311/EXP/ES/2015,,23.79,28.99,26.89
2026-10-01,Occidente,Jalisco,Poncitlán,,INMOBILIARIA SAMICH SA DE CV,PL/10310/EXP/ES/2015,,23.75,29.78,26.88
2026-10-01,Occidente,Jalisco,Atenguillo,,SERVICIO LAS CHIQUILLAS SA DE CV,PL/10306/EXP/ES/2015,,23.99,29.04,27.00
2026-10-01,Occidente,Jalisco,Teuchitlán,,VICTOR HUGO REYNOSO MADRIGAL,PL/10305/EXP/ES/2015,,23.58,28.87,26.98
2026-10-01,Occidente,Jalisco,Ixtlahuacán de los Membrillos,,ENRIQUE ENCISO DIAZ,PL/10269/EXP/ES/2015,,23.95,29.55,27.00
2026-10-01,Occidente,Jalisco,Tepatitlán de Morelos,,GASOLINERA BUSTOS DE LA MORA SA DE CV,PL/10254/EXP/ES/2015,,23.99,28.99,27.09
2026-10-01,Occidente,Jalisco,La Huerta,,AUTO SERVICIO SUR DE LA COSTA ALEGRE SA DE CV,PL/10237/EXP/ES/2015,,23.99,29.75,27.00
2026-10-01,Occidente,Jalisco,Zapotlanejo,,SERVICIO CASTILLO SA DE CV,PL/10226/EXP/ES/2015,,23.99,29.49,27.00
2026-10-01,Occidente,Jalisco,Zapotlanejo,,NUEVO SERVICIO CASTILLO SA DE CV,PL/10225/EXP/ES/2015,,23.90,29.50,27.00
2026-10-01,Occidente,Jalisco,Tepatitlán de Morelos,,FABRICACION Y MONTAJES INDUSTRIALES ZAIMER SA DE CV,PL/10217/EXP/ES/2015,,25.99,29.99,27.99
2026-10-01,Occidente,Jalisco,Zapotiltic,,COMBUSTIBLES CARRETEROS CARCO SA DE CV,PL/10195/EXP/ES/2015,,24.00,29.99,27.59
2026-10-01,Occidente,Jalisco,Lagos de Moreno,,SERVICIOS MABEL SA DE CV,PL/10183/EXP/ES/2015,,24.00,29.60,27.00
2026-10-01,Occidente,Jalisco,Ixtlahuacán de los Membrillos,,SERVICIO ROHEL SA DE CV,PL/10170/EXP/ES/2015,,23.99,29.99,26.99
2026-10-01,Occidente,Jalisco,Sayula,,COMBU-EXPRESS SA DE CV,PL/1017/EXP/ES/2015,,23.99,,27.00
2026-10-01,Occidente,Jalisco,Tlajomulco de Zúñiga,,GASERVICIOS SAN DIEGO SA DE CV,PL/10165/EXP/ES/2015,,23.50,28.65,26.99
2026-10-01,Occidente,Jalisco,Arandas,,SERVICIO HIPERGAS SA DE CV,PL/10162/EXP/ES/2015,,23.60,28.90,27.00
2026-10-01,Occidente,Jalisco,Tlajomulco de Zúñiga,,GASOLINA Y DIESEL DE OCCIDENTE SA DE CV,PL/10140/EXP/ES/2015,,23.99,29.48,27.00
2026-10-01,Occidente,Jalisco,Zapopan,,GASOLINA Y DIESEL DE OCCIDENTE SA DE CV,PL/10137/EXP/ES/2015,,23.99,29.45,
2026-10-01,Occidente,Jalisco,Zapopan,,PETROVAZ SA DE CV,PL/10129/EXP/ES/2015,,23.99,29.99,27.00
2026-10-01,Occidente,Jalisco,Zapopan,,PETROVAZ SA DE CV,PL/10128/EXP/ES/2015,,23.99,29.99,26.99
2026-10-01,Occidente,Jalisco,Guadalajara,,GASOVAZ SA DE CV,PL/10127/EXP/ES/2015,,23.99,29.76,27.00
2026-10-01,Occidente,Jalisco,Chapala,,AUXILIADORA DE COMBUSTIBLES SA DE CV,PL/10117/EXP/ES/2015,,23.98,29.68,27.00
2026-10-01,Occidente,Jalisco,Chapala,,AUXILIADORA DE COMBUSTIBLES SA DE CV,PL/10116/EXP/ES/2015,,23.99,29.50,27.00
2026-10-01,Occidente,Jalisco,Tlajomulco de Zúñiga,,COMBUSTIBLE TLAJOMULCO SA DE CV,PL/10108/EXP/ES/2015,,23.89,,26.99
2026-10-01,Occidente,Jalisco,Tala,,ESTACION DE SERVICIOS TALA SA DE CV,PL/10107/EXP/ES/2015,,23.89,,26.99
2026-10-01,Occidente,Jalisco,Zapopan,,ESTACION GUADALUPE SA DE CV,PL/10106/EXP/ES/2015,,23.29,28.99,
2026-10-01,Occidente,Jalisco,Tlaquepaque,,ESTACION DE SERVICIO OMEGA SA DE CV,PL/10104/EXP/ES/2015,,23.89,27.99,
2026-10-01,Occidente,Jalisco,Tlajomulco de Zúñiga,,CENTRAL SAN AGUSTIN SA DE CV,PL/10103/EXP/ES/2015,,23.99,29.99,27.00
2026-10-01,Occidente,Jalisco,Zapopan,,OPERADORA AVIACION SA DE CV,PL/10100/EXP/ES/2015,,23.99,29.69,
2026-10-01,Occidente,Jalisco,Zapotiltic,,COMBU-EXPRESS SA DE CV,PL/1010/EXP/ES/2015,,24.39,,27.69
2026-10-01,Occidente,Jalisco,Zapopan,,ESTACION DE SERVICIO GALERIAS SA DE CV,PL/10098/EXP/ES/2015,,23.89,28.49,
2026-10-01,Occidente,Jalisco,Techaluta de Montenegro,,SERVICIO TECHALUTA SA DE CV,PL/10097/EXP/ES/2015,,23.99,29.29,27.00
2026-10-01,Occidente,Jalisco,Tlajomulco de Zúñiga,,ESTACION DE SERVICIO PYOTR SA DE CV,PL/10091/EXP/ES/2015,,23.99,28.69,26.99
2026-10-01,Occidente,Jalisco,Zapotlán el Grande,,COMBU-EXPRESS SA DE CV,PL/1009/EXP/ES/2015,,24.39,29.88,27.49
2026-10-01,Occidente,Jalisco,Tepatitlán de Morelos,,GASOLINERA AGUA BLANCA SA DE CV,PL/10081/EXP/ES/2015,,23.99,28.99,28.80
2026-10-01,Occidente,Jalisco,Zapotlán el Grande,,COMBU-EXPRESS SA DE CV,PL/1008/EXP/ES/2015,,24.39,29.88,27.49
2026-10-01,Occidente,Jalisco,Zapotlán el Grande,,COMBU-EXPRESS SA DE CV,PL/1007/EXP/ES/2015,,24.39,29.88,27.49
2026-10-01,Occidente,Jalisco,Ixtlahuacán de los Membrillos,,SERVIECOLOGICOS SA DE CV,PL/10061/EXP/ES/2015,,23.99,29.99,27.00
2026-10-01,Occidente,Jalisco,Arandas,,GASOLINERA GUADALAJARA SA DE CV,PL/1003/EXP/ES/2015,,23.90,28.50,27.45
2026-10-01,Occidente,Jalisco,Tuxpan,,GRUPO OCTANO SA DE CV,PL/10010/EXP/ES/2015,,24.00,29.99,27.00
2026-10-01,Occidente,Jalisco,Tuxpan,,GRUPO OCTANO SA DE CV,PL/10009/EXP/ES/2015,,24.00,29.99,27.00
2026-10-01,Occidente,Jalisco,Tepatitlán de Morelos,,INMOBILIARIA SAMICH SA DE CV,CNE/PL/87/EXP/ES/2025,,23.93,29.73,26.92
2026-10-01,Occidente,Jalisco,La Barca,,INMOBILIARIA SAMICH SA DE CV,CNE/PL/80/EXP/ES/2025,,23.77,28.88,26.88
2026-10-01,Occidente,Jalisco,Tepatitlán de Morelos,,INMOBILIARIA SAMICH SA DE CV,CNE/PL/74/EXP/ES/2025,,23.59,28.78,26.84
2026-10-01,Occidente,Jalisco,Tapalpa,,COMBU-EXPRESS SA DE CV,CNE/PL/66/EXP/ES/2025,,24.09,29.58,27.10
2026-10-01,Occidente,Jalisco,Cihuatlán,,SUPER SERVICIO CIBRIAN SA DE CV,CNE/PL/651/EXP/ES/2026,,23.99,28.94,27.00
2026-10-01,Occidente,Jalisco,Jalostotitlán,,SALVADOR RABAGO CORNEJO,CNE/PL/57/EXP/ES/2025,,23.95,28.59,26.98
2026-10-01,Occidente,Jalisco,Lagos de Moreno,,ESTACION CHIPINQUE SA DE CV,CNE/PL/52/EXP/ES/2025,,23.99,28.99,27.00
2026-10-01,Occidente,Jalisco,Ocotlán,,INMOBILIARIA SAMICH SA DE CV,CNE/PL/475/EXP/ES/2025,,23.79,29.29,26.88
2026-10-01,Occidente,Jalisco,Mexticacán,,SERVICIO CIUDAD DE LOS MARTIRES SA DE CV,CNE/PL/388/EXP/ES/2025,,23.79,28.99,26.99
2026-10-01,Occidente,Jalisco,Tlaquepaque,,AERO 4 G SA DE CV,CNE/PL/372/EXP/ES/2025,,23.99,29.45,26.99
2026-10-01,Occidente,Jalisco,Tonalá,,ALPEZ GAS SA DE CV,CNE/PL/364/EXP/ES/2025,,23.69,28.69,
2026-10-01,Occidente,Jalisco,Quitupan,,NARBEL VARGAS BARAJAS,CNE/PL/339/EXP/ES/2025,,24.60,,27.99
2026-10-01,Occidente,Jalisco,Guadalajara,,ALPEZ GAS SA DE CV,CNE/PL/335/EXP/ES/2025,,23.69,28.69,26.89
2026-10-01,Occidente,Jalisco,Zapotlán el Grande,,PETRO CHAVER SA DE CV,CNE/PL/318/EXP/ES/2025,,24.35,29.90,27.35
2026-10-01,Occidente,Jalisco,Atotonilco el Alto,,INMOBILIARIA SAMICH SA DE CV,CNE/PL/287/EXP/ES/2025,,23.76,29.59,26.88
2026-10-01,Occidente,Jalisco,Tonalá,,GRUPO ODISEA COMBUSTIBLES SA DE CV,CNE/PL/207/EXP/ES/2025,,23.99,29.79,27.00
2026-10-01,Occidente,Jalisco,Tlajomulco de Zúñiga,,ANTONIO NAÑEZ BUGARIN,CNE/PL/202/EXP/ES/2025,,23.19,28.99,26.99
2026-10-01,Occidente,Jalisco,Zapopan,,ALPEZ GAS SA DE CV,CNE/PL/184/EXP/ES/2025,,23.99,28.99,26.99
2026-10-01,Occidente,Jalisco,Sayula,,COMBUSTIBLES FOSILES GT SA DE CV,CNE/PL/179/EXP/ES/2025,,23.99,29.97,27.00
2026-10-01,Occidente,Jalisco,Tepatitlán de Morelos,,INMOBILIARIA SAMICH SA DE CV,CNE/PL/156/EXP/ES/2025,,23.59,28.78,26.84
2026-10-02,Occidente,Jalisco,Ixtlahuacán de los Membrillos,,COMBUSTIBLES PLATANITO SA DE CV,PL/9985/EXP/ES/2015,,23.99,26.18,25.99
2026-10-02,Occidente,Jalisco,Tlajomulco de Zúñiga,,PETRO SERVICIOS DE OCCIDENTE SA DE CV,PL/9974/EXP/ES/2015,,23.99,28.79,27.00
2026-10-02,Occidente,Jalisco,Bolaños,,AUTO SERVICIO TREJO SA DE CV,PL/9944/EXP/ES/2015,,24.00,29.20,27.50
2026-10-02,Occidente,Jalisco,Tlajomulco de Zúñiga,,SERVICIOS GASOLINEROS DE MEXICO SA DE CV,PL/9790/EXP/ES/2015,,23.99,29.99,27.00
2026-10-02,Occidente,Jalisco,Guadalajara,,SERVICIOS GASOLINEROS DE MEXICO SA DE CV,PL/9789/EXP/ES/2015,,23.99,29.99,27.00
2026-10-02,Occidente,Jalisco,Zapopan,,SERVICIOS GASOLINEROS DE MEXICO SA DE CV,PL/9787/EXP/ES/2015,,23.99,29.99,27.00
2026-10-02,Occidente,Jalisco,Arandas,,JESUS MARIA RAMIREZ GARCIA,PL/9757/EXP/ES/2015,,23.96,28.84,27.00
2026-10-02,Occidente,Jalisco,Encarnación de Díaz,,GASOLINAS Y LUBRICANTES EL DESTIERRO SA DE CV,PL/9748/EXP/ES/2015,,23.99,,27.00
2026-10-02,Occidente,Jalisco,Valle de Guadalupe,,SERVICIO SANTO NIÑO SA DE CV,PL/9747/EXP/ES/2015,,23.99,29.24,27.24
2026-10-02,Occidente,Jalisco,Tlajomulco de Zúñiga,,SAVLOZ COMPANNY SA DE CV,PL/9746/EXP/ES/2015,,23.99,29.99,26.99
2026-10-02,Occidente,Jalisco,Autlán de Navarro,,COMBU-EXPRESS SA DE CV,PL/9699/EXP/ES/2015,,24.00,29.89,27.00
2026-10-02,Occidente,Jalisco,Ayotlán,,SERVICIO SAN JOSE DEL CARACOL SA DE CV,PL/9689/EXP/ES/2015,,23.99,29.55,27.49
2026-10-02,Occidente,Jalisco,La Barca,,ESTACION DE SERVICIO PORTEZUELO SA DE CV,PL/9634/EXP/ES/2015,,23.69,28.79,27.00
2026-10-02,Occidente,Jalisco,Tonalá,,COMBU-EXPRESS SA DE CV,PL/960/EXP/ES/2015,,23.99,29.49,27.00
2026-10-02,Occidente,Jalisco,Zapopan,,COMBU-EXPRESS SA DE CV,PL/959/EXP/ES/2015,,23.99,29.49,27.00
2026-10-02,Occidente,Jalisco,Tonalá,,ESTACION SERVICIO SANTA TERE SA DE CV,PL/9589/EXP/ES/2015,,23.99,28.80,
2026-10-02,Occidente,Jalisco,Zapopan,,OPERADORA KINZA SA DE CV,PL/9585/EXP/ES/2015,,23.19,28.49,
2026-10-02,Occidente,Jalisco,Guadalajara,,SERVICIO MEZQUITE SA DE CV,PL/9584/EXP/ES/2015,,23.39,28.59,
2026-10-02,Occidente,Jalisco,Guadalajara,,SERVICIO MEZQUITE SA DE CV,PL/9582/EXP/ES/2015,,23.29,28.79,27.00
2026-10-02,Occidente,Jalisco,Guadalajara,,SERVICIO SAN MIGUEL DE MEZQUITAN SA DE CV,PL/9581/EXP/ES/2015,,23.35,28.29,
2026-10-02,Occidente,Jalisco,Magdalena,,COMBU-EXPRESS SA DE CV,PL/958/EXP/ES/2015,,23.99,29.99,27.00
2026-10-02,Occidente,Jalisco,Jocotepec,,COMBUSTIBLES PELAYO SA DE CV,PL/9569/EXP/ES/2015,,23.98,29.49,26.98
2026-10-02,Occidente,Jalisco,Zapopan,,SERVICIO PATRYBACH SA DE CV,PL/955/EXP/ES/2015,,23.99,29.98,
2026-10-02,Occidente,Jalisco,Guadalajara,,SERVICIO LUX SA DE CV,PL/9546/EXP/ES/2015,,24.00,29.50,
2026-10-02,Occidente,Jalisco,Tepatitlán de Morelos,,ALFONSO GONZALEZ GONZALEZ,PL/9532/EXP/ES/2015,,24.00,29.00,27.00
2026-10-02,Occidente,Jalisco,Jocotepec,,SERVICIO EL CHANTE SA DE CV,PL/9505/EXP/ES/2015,,23.99,29.79,26.99
2026-10-02,Occidente,Jalisco,Guadalajara,,PETROMAX SA DE CV,PL/9496/EXP/ES/2015,,24.69,29.99,26.99
2026-10-02,Occidente,Jalisco,Guadalajara,,GAS 4 ASOCIADOS SA DE CV,PL/9488/EXP/ES/2015,,23.99,29.40,
2026-10-02,Occidente,Jalisco,Puerto Vallarta,,GASOSERVICIO EXPRESS PATRIA SA DE CV,PL/9484/EXP/ES/2015,,23.99,29.59,27.00
2026-10-02,Occidente,Jalisco,Tuxcueca,,FERNANDO GARZA MAGAÑA,PL/9481/EXP/ES/2015,,23.98,29.49,26.98
2026-10-02,Occidente,Jalisco,Guadalajara,,COMBU-EXPRESS SA DE CV,PL/947/EXP/ES/2015,,23.99,29.59,27.00
2026-10-02,Occidente,Jalisco,Unión de San Antonio,,SERVICIO UNION A G SA DE CV,PL/9457/EXP/ES/2015,,23.99,29.74,26.99
2026-10-02,Occidente,Jalisco,El Salto,,GRUPO DE GASOLINEROS UNIDOS MI RIU SA DE CV,PL/9449/EXP/ES/2015,,22.99,27.99,26.99
2026-10-02,Occidente,Jalisco,Guadalajara,,ADVANCE GASOLINAS SA DE CV,PL/9440/EXP/ES/2015,,23.99,29.69,
2026-10-02,Occidente,Jalisco,Tlajomulco de Zúñiga,,GASOLINERA Y LUBRICANTES REAL DE COLIMA SA DE CV,PL/9429/EXP/ES/2015,,22.99,28.69,26.99
2026-10-02,Occidente,Jalisco,Guadalajara,,GRUPO OCTANO SA DE CV,PL/9414/EXP/ES/2015,,23.99,29.99,
2026-10-02,Occidente,Jalisco,Tonalá,,SERVICIO TONAGAS SA DE CV,PL/9402/EXP/ES/2015,,23.99,28.99,26.99
2026-10-02,Occidente,Jalisco,El Salto,,SERVICIO GASOLINERO AEROPUERTO SA DE CV,PL/9393/EXP/ES/2015,,23.60,29.45,26.99
2026-10-02,Occidente,Jalisco,Ocotlán,,ORGANIZACION LA LUNA SA DE CV,PL/9387/EXP/ES/2015,,23.99,29.99,27.00
2026-10-02,Occidente,Jalisco,Puerto Vallarta,,DISTRIBUIDORA Y COMERCIALIZADORA MERCANTIL DEL OCCIDENTE SA DE CV,PL/9379/EXP/ES/2015,,24.88,29.99,27.99
2026-10-02,Occidente,Jalisco,Tlajomulco de Zúñiga,,GASOLINERAS FAST DE OCCIDENTE S DE RL DE CV,PL/9375/EXP/ES/2015,,23.99,28.99,26.99
2026-10-02,Occidente,Jalisco,Tequila,,GASOLINERA EL SALVADOR SA DE CV,PL/9374/EXP/ES/2015,,24.29,29.99,28.29
2026-10-02,Occidente,Jalisco,El Arenal,,SERVICIOS GASOLINEROS DE MEXICO SA DE CV,PL/9373/EXP/ES/2015,,23.99,29.99,27.99
2026-10-02,Occidente,Jalisco,Zapopan,,GRUPO GASOLINERO SAMARA SA DE CV,PL/9369/EXP/ES/2015,,22.99,28.69,26.99
2026-10-02,Occidente,Jalisco,Cabo Corrientes,,GRUPO GASOLINERO SAMARA SA DE CV,PL/9368/EXP/ES/2015,,23.99,28.99,28.99
2026-10-02,Occidente,Jalisco,Bahía de Banderas,,GRUPO GASOLINERO SAMARA SA DE CV,PL/9360/EXP/ES/2015,,22.99,28.69,26.99
2026-10-02,Occidente,Jalisco,Tlajomulco de Zúñiga,,JORIMAR GASOLINEROS SA DE CV,PL/9351/EXP/ES/2015,,22.99,28.69,26.99
2026-10-02,Occidente,Jalisco,El Arenal,,ESTACION DE SERVICIO TERROGAS SA DE CV,PL/9350/EXP/ES/2015,,23.99,27.99,26.85
2026-10-02,Occidente,Jalisco,Tlaquepaque,,JORIMAR GASOLINEROS SA DE CV,PL/9349/EXP/ES/2015,,22.99,27.99,26.99
2026-10-02,Occidente,Jalisco,Tlajomulco de Zúñiga,,JORIMAR GASOLINEROS SA DE CV,PL/9346/EXP/ES/2015,,22.99,28.69,26.99
2026-10-02,Occidente,Jalisco,Tlaquepaque,,COMBUSTIBLES TRITON SA DE CV,PL/9340/EXP/ES/2015,,23.99,29.49,27.29
2026-10-02,Occidente,Jalisco,Juanacatlán,,GASOLINERA JUANACAXTLE SA DE CV,PL/9325/EXP/ES/2015,,23.99,29.49,27.00
2026-10-02,Occidente,Jalisco,Tlajomulco de Zúñiga,,VALCOOP Y ASOCIADOS SA DE CV,PL/9321/EXP/ES/2015,,23.80,28.59,26.99
2026-10-02,Occidente,Jalisco,Arandas,,SERVICIO NORAMA SA DE CV,PL/9311/EXP/ES/2015,,23.70,28.39,
2026-10-02,Occidente,Jalisco,Jocotepec,,BRANSLE S DE RL DE CV,PL/9296/EXP/ES/2015,,22.99,28.69,
2026-10-02,Occidente,Jalisco,Atotonilco el Alto,,SERVICIOS GASOLINEROS DE MEXICO SA DE CV,PL/9285/EXP/ES/2015,,24.99,29.99,27.99
2026-10-02,Occidente,Jalisco,Encarnación de Díaz,,GASOLINERIA SAN SEBASTIAN SA DE CV,PL/9284/EXP/ES/2015,,23.99,28.79,26.86
2026-10-02,Occidente,Jalisco,Zapotlán el Grande,,GRUPO OCTANO SA DE CV,PL/9276/EXP/ES/2015,,24.49,29.99,27.48
2026-10-02,Occidente,Jalisco,Zapotlán el Grande,,GRUPO OCTANO SA DE CV,PL/9275/EXP/ES/2015,,24.49,29.99,27.48
2026-10-02,Occidente,Jalisco,Zapotlán el Grande,,GRUPO OCTANO SA DE CV,PL/9274/EXP/ES/2015,,24.49,29.99,27.48
2026-10-02,Occidente,Jalisco,Zapotitlán de Vadillo,,GRUPO GAEXPO SA DE CV,PL/9259/EXP/ES/2015,,23.99,29.78,27.00
2026-10-02,Occidente,Jalisco,Poncitlán,,EL CALLEJON DE MORELOS SA DE CV,PL/9098/EXP/ES/2015,,,29.55,26.96
2026-10-02,Occidente,Jalisco,Poncitlán,,SERVICIO CAMPOS SA DE CV,PL/9089/EXP/ES/2015,,23.85,29.55,26.96
2026-10-02,Occidente,Jalisco,Tlaquepaque,,GASOLINERA LA CAPACHA SA DE CV,PL/9071/EXP/ES/2015,,23.99,29.99,26.99
2026-10-02,Occidente,Jalisco,Sayula,,ENERGETICOS LA VALENTINA SA DE CV,PL/9025/EXP/ES/2015,,23.99,29.49,26.99
2026-10-02,Occidente,Jalisco,Tlajomulco de Zúñiga,,SERVICIOS ECOLOGICOS CHICHEN ITZA SA DE CV,PL/9010/EXP/ES/2015,,23.99,29.49,
2026-10-02,Occidente,Jalisco,Zapotlán del Rey,,JOSE JAIME CASTELLANOS FLORES,PL/8994/EXP/ES/2015,,23.99,29.79,27.00
2026-10-02,Occidente,Jalisco,San Juan de los Lagos,,LEOCADIO MACIAS MUÑOZ,PL/8992/EXP/ES/2015,,,28.49,26.98
2026-10-02,Occidente,Jalisco,Jocotepec,,ESTACION EL MOLINO DE ORO SA DE CV,PL/8989/EXP/ES/2015,,23.99,29.80,27.00
2026-10-02,Occidente,Jalisco,Zapopan,,ENERGIA FATIMA SA DE CV,PL/8982/EXP/ES/2015,,23.99,28.99,
2026-10-02,Occidente,Jalisco,Guadalajara,,SERVICIO LOS DELFINES SA DE CV,PL/8980/EXP/ES/2015,,23.79,28.59,26.99
2026-10-02,Occidente,Jalisco,Zapopan,,SERVICIO LOS DELFINES SA DE CV,PL/8978/EXP/ES/2015,,23.99,28.99,26.99
2026-10-02,Occidente,Jalisco,Tonalá,,AUTOSERVICIO TONALA SA DE CV,PL/8955/EXP/ES/2015,,23.99,29.99,26.99
2026-10-02,Occidente,Jalisco,Lagos de Moreno,,SERVICIO EL SAUZ AMARILLO AG SA DE CV,PL/8954/EXP/ES/2015,,23.99,28.99,
2026-10-02,Occidente,Jalisco,Arandas,,GASOLINERA INFONAVIT SA DE CV,PL/8944/EXP/ES/2015,,23.60,28.99,26.99
2026-10-02,Occidente,Jalisco,Guadalajara,,CORPORACION GASOLINERA MILLENIUM SA DE CV,PL/8938/EXP/ES/2015,,23.99,29.89,
2026-10-02,Occidente,Jalisco,Guadalajara,,CORPORACION GASOLINERA MILLENIUM SA DE CV,PL/8931/EXP/ES/2015,,22.99,27.99,
2026-10-02,Occidente,Jalisco,Guadalajara,,SERVICIO NUEVA ESPAÑA SA DE CV,PL/8910/EXP/ES/2015,,23.29,28.99,27.00
2026-10-02,Occidente,Jalisco,Zapopan,,COMBUSTIBLES ADITIVOS Y SERVICIOS MAGICOS S DE RL DE CV,PL/8908/EXP/ES/2015,,24.00,26.20,
2026-10-02,Occidente,Jalisco,Zapopan,,GASOLINERA PATRIA SA DE CV,PL/8906/EXP/ES/2015,,23.29,28.99,27.00
2026-10-02,Occidente,Jalisco,Encarnación de Díaz,,MULTISERVICIOS ESPECIALIZADOS MORITA SOCIEDAD ANONIMA DE CAPITAL VARIABLE,PL/8896/EXP/ES/2015,,23.97,28.79,26.99
2026-10-02,Occidente,Jalisco,Guadalajara,,INDUSTRIAS CEBRA SA DE CV,PL/873/EXP/ES/2015,,23.99,29.59,27.00
2026-10-02,Occidente,Jalisco,Encarnación de Díaz,,MULTISERVICIOS ESPECIALIZADOS MORITA SOCIEDAD ANONIMA DE CAPITAL VARIABLE,PL/8669/EXP/ES/2015,,23.97,,
2026-10-02,Occidente,Jalisco,Guadalajara,,IMPULSORA ENERGETICA SA DE CV,PL/8652/EXP/ES/2015,,23.49,28.89,26.99
2026-10-02,Occidente,Jalisco,Zapotlán el Grande,,SUPER SERVICIO JUMM SA DE CV,PL/8641/EXP/ES/2015,,24.00,29.88,27.00
2026-10-02,Occidente,Jalisco,Chapala,,COMBUSTIBLES DEL LAGO SA DE CV,PL/8631/EXP/ES/2015,,23.99,29.95,27.00
2026-10-02,Occidente,Jalisco,Chapala,,COMBUSTIBLES DEL LAGO SA DE CV,PL/8630/EXP/ES/2015,,23.99,29.95,
2026-10-02,Occidente,Jalisco,Tuxcacuesco,,SERVICIO LLANO EN LLAMAS SA DE CV,PL/8609/EXP/ES/2015,,24.25,29.99,27.29
2026-10-02,Occidente,Jalisco,Tolimán,,SERVICIO LLANO EN LLAMAS SA DE CV,PL/8607/EXP/ES/2015,,24.25,29.99,27.39
2026-10-02,Occidente,Jalisco,San Gabriel,,SERVICIO LLANO EN LLAMAS SA DE CV,PL/8602/EXP/ES/2015,,24.25,29.90,27.39
2026-10-02,Occidente,Jalisco,San Martín de Bolaños,,GASOLINERA CONDESA SA DE CV,PL/8592/EXP/ES/2015,,24.10,29.99,28.89
2026-10-02,Occidente,Jalisco,Puerto Vallarta,,GASOLINERA EL PITILLAL SA DE CV,PL/8573/EXP/ES/2015,,24.68,29.94,
2026-10-02,Occidente,Jalisco,Puerto Vallarta,,ENERGIA SAN RICARDO SA DE CV,PL/8572/EXP/ES/2015,,24.68,29.94,
2026-10-02,Occidente,Jalisco,La Manzanilla de la Paz,,GASOLINERA LA MANZANILLA SA DE CV,PL/8551/EXP/ES/2015,,24.00,29.98,26.99
2026-10-02,Occidente,Jalisco,El Salto,,SUPER SERVICIOS EL CASTILLO SA DE CV,PL/8532/EXP/ES/2015,,23.99,28.99,27.00
2026-10-02,Occidente,Jalisco,Tepatitlán de Morelos,,ESTACION PETRO3 SA DE CV,PL/8505/EXP/ES/2015,,23.99,29.24,27.24
2026-10-02,Occidente,Jalisco,Guadalajara,,AUTO EXPRESS CALZADA-PERIFERICO SA DE CV,PL/8486/EXP/ES/2015,,24.00,29.90,
2026-10-02,Occidente,Jalisco,Tonalá,,AUTOSERVICIOS AZTLAN SA DE CV,PL/8481/EXP/ES/2015,,23.83,29.28,27.00
2026-10-02,Occidente,Jalisco,Zapopan,,SERVICIOS Y COMBUSTIBLES TEPEYAC SA DE CV,PL/8397/EXP/ES/2015,,23.99,29.99,
2026-10-02,Occidente,Jalisco,Tuxcueca,,GRUPO ADYEHILA Y ASOCIADOS SA DE CV,PL/8393/EXP/ES/2015,,23.99,29.59,27.00
2026-10-02,Occidente,Jalisco,Zapotiltic,,SERVICIO VUELTA DEL ZAPOTE SA DE CV,PL/8392/EXP/ES/2015,,24.09,29.97,27.28
2026-10-02,Occidente,Jalisco,Puerto Vallarta,,ALFONSO COBIAN RAMIREZ,PL/8382/EXP/ES/2015,,24.95,30.75,27.00
2026-10-02,Occidente,Jalisco,Tlajomulco de Zúñiga,,GASEGURO SA DE CV,PL/8378/EXP/ES/2015,,23.99,29.90,
2026-10-02,Occidente,Jalisco,Mazamitla,,GASOSERVICIO MAZAMITLA SA DE CV,PL/8377/EXP/ES/2015,,23.99,29.99,26.99
2026-10-02,Occidente,Jalisco,Atotonilco el Alto,,GASOLINERIA SAN FRANCISCO DE ASIS SA DE CV,PL/8362/EXP/ES/2015,,23.99,29.45,27.00
2026-10-02,Occidente,Jalisco,Zapopan,,OTON ZAZUETA BELTRAN,PL/8342/EXP/ES/2015,,23.98,27.98,
2026-10-02,Occidente,Jalisco,Tlajomulco de Zúñiga,,SERVICIOS GASOLINEROS DE MEXICO SA DE CV,PL/8332/EXP/ES/2015,,23.99,29.99,27.99
2026-10-02,Occidente,Jalisco,Gómez Farías,,GASOLINERA LOS SAUCES DE LA COFRADIA SA DE CV,PL/8296/EXP/ES/2015,,23.99,29.80,27.00
2026-10-02,Occidente,Jalisco,Guadalajara,,GASOLINERA COLON SA DE CV,PL/828/EXP/ES/2015,,23.99,29.99,26.99
2026-10-02,Occidente,Jalisco,Tala,,SUPER SERVICIO LOS CAÑAVERALES SA DE CV,PL/8269/EXP/ES/2015,,23.99,29.30,27.00
2026-10-02,Occidente,Jalisco,Etzatlán,,SUPER SERVICIO 5 MINAS SA DE CV,PL/8265/EXP/ES/2015,,23.99,29.35,27.00
2026-10-02,Occidente,Jalisco,Tlajomulco de Zúñiga,,TLAJOGAS SA DE CV,PL/8261/EXP/ES/2015,,23.95,29.70,26.95
2026-10-02,Occidente,Jalisco,Guadalajara,,COMBU-EXPRESS SA DE CV,PL/825/EXP/ES/2015,,23.99,29.69,27.00
2026-10-02,Occidente,Jalisco,El Salto,,GASOLINERA EL CERRO CHATO SA DE CV,PL/8244/EXP/ES/2015,,24.00,29.99,27.00
2026-10-02,Occidente,Jalisco,Tonalá,,AUTOSERVICIO GASHR SA DE CV,PL/8148/EXP/ES/2015,,23.99,29.99,27.00
2026-10-02,Occidente,Jalisco,Tlaquepaque,,SERVICIO MARTIRES DEL TESORO S DE RL DE CV,PL/8041/EXP/ES/2015,,23.99,29.99,27.00
2026-10-02,Occidente,Jalisco,Tlajomulco de Zúñiga,,DELFINA ORTIZ REGALADO,PL/8032/EXP/ES/2015,,23.99,28.79,27.00
2026-10-02,Occidente,Jalisco,Casimiro Castillo,,OROFULL SA DE CV,PL/7953/EXP/ES/2015,,24.49,29.75,27.25
2026-10-02,Occidente,Jalisco,Guadalajara,,SM GAS PLUS SA DE CV,PL/7952/EXP/ES/2015,,23.99,29.19,
2026-10-02,Occidente,Jalisco,Tonalá,,SERVICIOS GASOLINEROS DE MEXICO SA DE CV,PL/7898/EXP/ES/2015,,24.99,29.99,
2026-10-02,Occidente,Jalisco,Tepatitlán de Morelos,,SERVICIO ACATIC SA DE CV,PL/7807/EXP/ES/2015,,23.98,,26.98
2026-10-02,Occidente,Jalisco,Acatic,,SERVICIO ACATIC SA DE CV,PL/7796/EXP/ES/2015,,23.98,28.95,26.98
2026-10-02,Occidente,Jalisco,Zapopan,,SERVICIO COLOTLAN EXPRESS SA DE CV,PL/7790/EXP/ES/2015,,23.99,29.49,26.99
2026-10-02,Occidente,Jalisco,Tonalá,,ENERGIA URBANA SA DE CV,PL/7775/EXP/ES/2015,,23.99,28.80,
2026-10-02,Occidente,Jalisco,Zapopan,,GASOLINERA MARTIN SA DE CV,PL/7773/EXP/ES/2015,,22.99,28.69,26.99
2026-10-02,Occidente,Jalisco,Zapopan,,SERVICIOS GASOLINEROS DE MEXICO SA DE CV,PL/7721/EXP/ES/2015,,23.99,29.99,
2026-10-02,Occidente,Jalisco,Ixtlahuacán del Río,,HIDROCARBUROS SAN ANTONIO SA DE CV,PL/7709/EXP/ES/2015,,24.90,,28.99
2026-10-02,Occidente,Jalisco,Lagos de Moreno,,COMERCIALIZADORA DE COMBUSTIBLES DE LOS ALTOS SA DE CV,PL/7686/EXP/ES/2015,,23.99,28.99,27.00
2026-10-02,Occidente,Jalisco,Lagos de Moreno,,COMERCIALIZADORA DE COMBUSTIBLES DE LOS ALTOS SA DE CV,PL/7685/EXP/ES/2015,,23.99,28.99,27.00
2026-10-02,Occidente,Jalisco,Tepatitlán de Morelos,,SERVICIO CARNICERITO S DE RL DE CV,PL/7682/EXP/ES/2015,,24.00,29.39,
2026-10-02,Occidente,Jalisco,Tepatitlán de Morelos,,SERVICIO CARNICERITO S DE RL DE CV,PL/7681/EXP/ES/2015,,24.00,29.39,27.39
2026-10-02,Occidente,Jalisco,Tepatitlán de Morelos,,GRUPO GASOLINERO ALVAREZ SA DE CV,PL/7635/EXP/ES/2015,,23.99,29.39,
2026-10-02,Occidente,Jalisco,Tapalpa,,SERVICIO ZZVV SA DE CV,PL/7631/EXP/ES/2015,,23.98,29.68,27.00
2026-10-02,Occidente,Jalisco,San Juan de los Lagos,,SERVICIOS PLATINO 2000 SA DE CV,PL/7630/EXP/ES/2015,,23.99,28.49,26.98
2026-10-02,Occidente,Jalisco,Puerto Vallarta,,ENERGIA CLAUDIA SA DE CV,PL/7629/EXP/ES/2015,,25.49,29.99,27.00
2026-10-02,Occidente,Jalisco,Villa Corona,,AUTOEXPRESS EL CRUCERO SANTA MARIA SA DE CV,PL/7628/EXP/ES/2015,,23.35,29.30,26.99
2026-10-02,Occidente,Jalisco,Atotonilco el Alto,,M. DOLORES GARCIA MORENO,PL/7622/EXP/ES/2015,,23.99,28.94,27.00
2026-10-02,Occidente,Jalisco,Zapopan,,COMBUSTIBLES AVIACION SA DE CV,PL/7619/EXP/ES/2015,,23.99,29.99,
2026-10-02,Occidente,Jalisco,Guadalajara,,GASOEXPRESS EL VERDE SA DE CV,PL/7617/EXP/ES/2015,,24.24,29.49,27.00
2026-10-02,Occidente,Jalisco,Tonalá,,HIDROCARBUROS  DE TONALA SA DE CV,PL/7614/EXP/ES/2015,,23.79,28.79,
2026-10-02,Occidente,Jalisco,Guadalajara,,SERVICIO LA PAZ SA DE CV,PL/7613/EXP/ES/2015,,23.99,29.90,26.99
2026-10-02,Occidente,Jalisco,San Martín Hidalgo,,AUTOEXPRESS EL CRUCERO SANTA MARIA SA DE CV,PL/7611/EXP/ES/2015,,24.00,29.35,27.00
2026-10-02,Occidente,Jalisco,Acatic,,ESTACION DE SERVICIO LOS 3 ENCINOS SA DE CV,PL/7609/EXP/ES/2015,,23.99,29.40,26.95
2026-10-02,Occidente,Jalisco,Talpa de Allende,,SERVICIO TALPA SA DE CV,PL/7606/EXP/ES/2015,,26.98,30.50,29.33
2026-10-02,Occidente,Jalisco,Ixtlahuacán de los Membrillos,,GASOLINERIA CORONA SA DE CV,PL/7601/EXP/ES/2015,,22.39,25.75,24.49
2026-10-02,Occidente,Jalisco,Ameca,,LUIS GUILLERMO BAUTISTA MARTINEZ,PL/7581/EXP/ES/2015,,23.99,29.95,27.99
2026-10-02,Occidente,Jalisco,Ameca,,LUIS GUILLERMO BAUTISTA MARTINEZ,PL/7577/EXP/ES/2015,,23.99,,27.99
2026-10-02,Occidente,Jalisco,Zapopan,,GASOLINERIA SERVICIO ZAPOPAN SA DE CV,PL/7523/EXP/ES/2015,,23.99,28.81,27.00
2026-10-02,Occidente,Jalisco,Guadalajara,,GASOJAL SA DE CV,PL/7514/EXP/ES/2015,,23.93,29.39,
2026-10-02,Occidente,Jalisco,Guadalajara,,SERVICIOS GASOLINEROS DE MEXICO SA DE CV,PL/7479/EXP/ES/2015,,23.99,,27.00
2026-10-02,Occidente,Jalisco,Guadalajara,,SERVICIOS GASOLINEROS DE MEXICO SA DE CV,PL/7475/EXP/ES/2015,,23.99,29.99,27.00
2026-10-02,Occidente,Jalisco,Tlajomulco de Zúñiga,,SERVICIOS GASOLINEROS DE MEXICO SA DE CV,PL/7473/EXP/ES/2015,,23.99,,27.00
2026-10-02,Occidente,Jalisco,El Salto,,SERVICIOS GASOLINEROS DE MEXICO SA DE CV,PL/7465/EXP/ES/2015,,23.99,,27.00
2026-10-02,Occidente,Jalisco,Tlajomulco de Zúñiga,,SERVICIOS GASOLINEROS DE MEXICO SA DE CV,PL/7464/EXP/ES/2015,,23.99,29.99,27.00
2026-10-02,Occidente,Jalisco,Tecolotlán,,ESTACION DE SERVICIO ALBA SA DE CV,PL/7457/EXP/ES/2015,,24.49,29.95,27.49
2026-10-02,Occidente,Jalisco,Tecolotlán,,ESTACION DE SERVICIO ALBA SA DE CV,PL/7454/EXP/ES/2015,,24.49,29.95,27.49
2026-10-02,Occidente,Jalisco,San Ignacio Cerro Gordo,,ENERGETICOS TEPAK SA DE CV,PL/7428/EXP/ES/2015,,23.99,28.55,27.00
2026-10-02,Occidente,Jalisco,Guadalajara,,SIMBA EXPRESS SA DE CV,PL/7363/EXP/ES/2015,,23.99,29.79,
2026-10-02,Occidente,Jalisco,Juchitlán,,JOSE DE JESUS RUESGA HERNANDEZ,PL/7300/EXP/ES/2015,,24.40,,27.40
2026-10-02,Occidente,Jalisco,Tepatitlán de Morelos,,JOSE LUIS ALVAREZ GONZALEZ,PL/7259/EXP/ES/2015,,23.99,29.39,
2026-10-02,Occidente,Jalisco,Santa María de los Ángeles,,ARMANDO GAETA LOERA,PL/7238/EXP/ES/2015,,24.00,29.00,27.60
2026-10-02,Occidente,Jalisco,Colotlán,,ARMANDO GAETA LOERA,PL/7237/EXP/ES/2015,,24.00,29.00,27.60
2026-10-02,Occidente,Jalisco,Tlaquepaque,,COMBUSTIBLES MARVIC SA DE CV,PL/7221/EXP/ES/2015,,23.59,28.49,26.99
2026-10-02,Occidente,Jalisco,Zapopan,,GASOLINEROS MEXICANOS SA DE CV,PL/7211/EXP/ES/2015,,23.99,28.80,
2026-10-02,Occidente,Jalisco,Tonila,,SERVICIO TONILA SA DE CV,PL/7207/EXP/ES/2015,,23.85,,27.00
2026-10-02,Occidente,Jalisco,Colotlán,,SERVICIOS MANA SA DE CV,PL/7199/EXP/ES/2015,,23.95,28.95,27.27
2026-10-02,Occidente,Jalisco,Jilotlán de los Dolores,,SERVICIO JILOTLAN SA DE CV,PL/7177/EXP/ES/2015,,24.30,,29.00
2026-10-02,Occidente,Jalisco,Tonalá,,SERVICIOS MARKOIL SA DE CV,PL/7155/EXP/ES/2015,,23.99,29.49,27.00
2026-10-02,Occidente,Jalisco,Villa Hidalgo,,SERVICIO SOTO ESQUEDA SA DE CV,PL/7152/EXP/ES/2015,,24.00,28.80,27.00
2026-10-02,Occidente,Jalisco,Tlajomulco de Zúñiga,,"SERVICIOS HERMANOS VACO, S.A. DE C.V.",PL/7148/EXP/ES/2015,,23.99,29.59,
2026-10-02,Occidente,Jalisco,Encarnación de Díaz,,SERVICIO RAMIREZ VILLALOBOS SA DE CV,PL/7146/EXP/ES/2015,,23.99,29.29,27.00
2026-10-02,Occidente,Jalisco,Zapopan,,GASOLINEROS MEXICANOS SA DE CV,PL/7137/EXP/ES/2015,,23.99,29.20,27.00
2026-10-02,Occidente,Jalisco,Lagos de Moreno,,SERVICIO EL REFUGIO DE LAGOS SA DE CV,PL/7120/EXP/ES/2015,,23.99,28.99,27.00
2026-10-02,Occidente,Jalisco,Tepatitlán de Morelos,,GASOLINERA VICAM SA DE CV,PL/7097/EXP/ES/2015,,23.99,28.99,26.99
2026-10-02,Occidente,Jalisco,Mascota,,SERVICIO SIERRA ESMERALDA SA DE CV,PL/7076/EXP/ES/2015,,26.99,31.99,30.09
2026-10-02,Occidente,Jalisco,San Martín Hidalgo,,VILLASEÑOR BARAJAS SA DE CV,PL/7063/EXP/ES/2015,,23.99,29.19,27.00
2026-10-02,Occidente,Jalisco,Tototlán,,GASOLINERIA LOS 19 HERMANOS SA DE CV,PL/7053/EXP/ES/2015,,23.99,29.99,27.57
2026-10-02,Occidente,Jalisco,Huejúcar,,DOROTEO DIAZ DIAZ,PL/7033/EXP/ES/2015,,24.00,28.66,27.00
2026-10-02,Occidente,Jalisco,Jalostotitlán,,SERVICIO SIGLO XXI S DE RL DE CV,PL/7026/EXP/ES/2015,,23.99,29.49,26.99
2026-10-02,Occidente,Jalisco,San Miguel el Alto,,SERVICIO SIGLO XXI S DE RL DE CV,PL/7025/EXP/ES/2015,,23.99,29.79,26.99
2026-10-02,Occidente,Jalisco,San Miguel el Alto,,SERVICIO SIGLO XXI S DE RL DE CV,PL/7024/EXP/ES/2015,,23.99,29.79,26.99
2026-10-02,Occidente,Jalisco,Zapopan,,SERVICIO SIGLO XXI S DE RL DE CV,PL/7023/EXP/ES/2015,,23.99,29.99,26.99
2026-10-02,Occidente,Jalisco,Huejuquilla el Alto,,SERVICIO LAMAS SA DE CV,PL/7016/EXP/ES/2015,,23.99,28.50,27.00
2026-10-02,Occidente,Jalisco,Tlajomulco de Zúñiga,,ENERGIA DAMARIS SA DE CV,PL/6959/EXP/ES/2015,,23.99,29.59,26.99
2026-10-02,Occidente,Jalisco,Zapopan,,ENERGIA SAN PABLO SA DE CV,PL/6952/EXP/ES/2015,,23.69,28.99,
2026-10-02,Occidente,Jalisco,El Arenal,,SERVICIO PONCE -  MEDINA SA DE CV,PL/6943/EXP/ES/2015,,23.99,29.45,27.58
2026-10-02,Occidente,Jalisco,Zapopan,,MIGUEL ZAZUETA BELTRAN,PL/6905/EXP/ES/2015,,23.98,28.90,
2026-10-02,Occidente,Jalisco,Tlajomulco de Zúñiga,,GASOLINEROS MEXICANOS SA DE CV,PL/6900/EXP/ES/2015,,23.99,29.79,27.00
2026-10-02,Occidente,Jalisco,Tapalpa,,J DONACIANO ZAMORA LOPEZ,PL/6895/EXP/ES/2015,,23.99,29.69,27.00
2026-10-02,Occidente,Jalisco,Zapopan,,GASOLINERA KUKULKAN SA DE CV,PL/6875/EXP/ES/2015,,23.99,29.89,
2026-10-02,Occidente,Jalisco,Ameca,,SERVICIOS ESPECIALIZADOS DEL VALLE DE AMECA SA DE CV,PL/6871/EXP/ES/2015,,24.00,29.95,27.99
2026-10-02,Occidente,Jalisco,Jesús María,,IGNACIO AYALA SALAZAR,PL/6863/EXP/ES/2015,,23.90,,27.00
2026-10-02,Occidente,Jalisco,Guadalajara,,FER-PETRO S DE RL DE CV,PL/6861/EXP/ES/2015,,23.99,29.00,
2026-10-02,Occidente,Jalisco,Zapopan,,SERVICIOS MOZA SA DE CV,PL/6819/EXP/ES/2015,,23.99,29.98,
2026-10-02,Occidente,Jalisco,Zapopan,,BECKTROP OPERADORA SA DE CV,PL/681/EXP/ES/2015,,23.99,29.99,26.99
2026-10-02,Occidente,Jalisco,Arandas,,GASOLINERA SANTA MARIA DEL VALLE SA DE CV,PL/6806/EXP/ES/2015,,23.99,27.87,27.45
2026-10-02,Occidente,Jalisco,Encarnación de Díaz,,KOPLA S DE RL DE CV,PL/6805/EXP/ES/2015,,23.99,,26.99
2026-10-02,Occidente,Jalisco,Tomatlán,,SERVICIO BAULOP SA DE CV,PL/6780/EXP/ES/2015,,23.99,29.45,27.49
2026-10-02,Occidente,Jalisco,Tomatlán,,SERVICIO BAULOP SA DE CV,PL/6778/EXP/ES/2015,,23.99,,27.49
2026-10-02,Occidente,Jalisco,Tomatlán,,SERVICIO COSTA NORTE DE JALISCO SA DE CV,PL/6776/EXP/ES/2015,,23.99,29.45,27.49
2026-10-02,Occidente,Jalisco,Tlajomulco de Zúñiga,,ENERGETICOS PLUS SA DE CV,PL/6771/EXP/ES/2015,,23.99,29.99,27.00
2026-10-02,Occidente,Jalisco,Guadalajara,,ENERGETICOS PLUS SA DE CV,PL/6769/EXP/ES/2015,,23.99,29.99,
2026-10-02,Occidente,Jalisco,Guadalajara,,ENERGETICOS PLUS SA DE CV,PL/6766/EXP/ES/2015,,23.99,29.99,
2026-10-02,Occidente,Jalisco,Zapopan,,CAJIVHE SA DE CV,PL/6752/EXP/ES/2015,,23.99,29.49,
2026-10-02,Occidente,Jalisco,Guadalajara,,SERVI EXPRESS OBLATOS SA DE CV,PL/6744/EXP/ES/2015,,23.99,29.99,
2026-10-02,Occidente,Jalisco,Guadalajara,,GASOLINERA CHAPALITA SA DE CV,PL/6736/EXP/ES/2015,,24.00,29.98,
2026-10-02,Occidente,Jalisco,Tonalá,,SERVICIOS GASOLINEROS DE MEXICO SA DE CV,PL/6735/EXP/ES/2015,,23.99,29.99,27.00
2026-10-02,Occidente,Jalisco,La Barca,,MA DEL CONSUELO VILLANUEVA SALAS,PL/6693/EXP/ES/2015,,23.99,29.90,27.90
2026-10-02,Occidente,Jalisco,Zapopan,,GASOLINA Y SERVICIOS QUINTA FEDERALISMO SA DE CV,PL/6666/EXP/ES/2015,,23.99,29.70,26.99
2026-10-02,Occidente,Jalisco,Tlaquepaque,,ENERGETICOS DEA SA DE CV,PL/6664/EXP/ES/2015,,23.99,29.70,26.99
2026-10-02,Occidente,Jalisco,San Juan de los Lagos,,HECTOR EDUARDO LEAL PALOS,PL/6646/EXP/ES/2015,,23.99,29.19,27.00
2026-10-02,Occidente,Jalisco,Guadalajara,,GASOLINERA ALEMANIA SA DE CV,PL/6642/EXP/ES/2015,,23.99,29.59,
2026-10-02,Occidente,Jalisco,Guadalajara,,SERVICIO PUREZA SA DE CV,PL/6634/EXP/ES/2015,,23.99,29.59,27.00
2026-10-02,Occidente,Jalisco,Tlaquepaque,,EXPRESERVICIO GASOLINAS SA DE CV,PL/6630/EXP/ES/2015,,23.89,28.99,
2026-10-02,Occidente,Jalisco,Tecalitlán,,GASOLINERIA TECALITLAN SA DE CV,PL/6625/EXP/ES/2015,,23.99,29.99,26.99
2026-10-02,Occidente,Jalisco,Poncitlán,,SUPER SERVICIO PONCITLAN SA DE CV,PL/6624/EXP/ES/2015,,23.99,29.89,26.99
2026-10-02,Occidente,Jalisco,Guadalajara,,MARTIN ALFONSO RUIZ GARCIA,PL/6623/EXP/ES/2015,,23.45,28.90,26.99
2026-10-02,Occidente,Jalisco,Zapopan,,SERVICIO PUERTO GUAYMAS SA DE CV,PL/6614/EXP/ES/2015,,23.99,23.89,
2026-10-02,Occidente,Jalisco,Chapala,,MARIA DEL CARMEN HERNANDEZ RUIZ,PL/6603/EXP/ES/2015,,23.85,29.51,27.00
2026-10-02,Occidente,Jalisco,Zapopan,,SERVICIOS ALCARAZ Y HERNANDEZ SA DE CV,PL/6506/EXP/ES/2015,,23.79,28.79,
2026-10-02,Occidente,Jalisco,Zapopan,,GASOLINERA LOS ROBLES SA DE CV,PL/6469/EXP/ES/2015,,23.99,29.50,26.99
2026-10-02,Occidente,Jalisco,San Juan de los Lagos,,SERVICIO PARO SA DE CV,PL/6456/EXP/ES/2015,,23.99,28.49,
2026-10-02,Occidente,Jalisco,Arandas,,ESTACION DE SERVICIO K2 SA DE CV,PL/6431/EXP/ES/2015,,23.98,29.71,27.47
2026-10-02,Occidente,Jalisco,Jocotepec,,ESTACION DE SERVICIO LA MOJONERA SA DE CV,PL/6393/EXP/ES/2015,,23.59,28.79,26.86
2026-10-02,Occidente,Jalisco,Guadalajara,,SUPERSERVICIO EL OBRERO SA DE CV,PL/6372/EXP/ES/2015,,23.99,29.45,
2026-10-02,Occidente,Jalisco,Guadalajara,,GASOLINERA LA 34 SA DE CV,PL/6371/EXP/ES/2015,,23.99,29.45,
2026-10-02,Occidente,Jalisco,Tlaquepaque,,GASOLINERA LAS LIEBRES SA DE CV,PL/6370/EXP/ES/2015,,23.99,29.45,26.99
2026-10-02,Occidente,Jalisco,Teocaltiche,,SERVICIO BELEN HERNANDEZ SA DE CV,PL/6368/EXP/ES/2015,,23.99,29.50,27.00
2026-10-02,Occidente,Jalisco,Zapotlán el Grande,,COMBUSTIBLES CARRETEROS CARCO SA DE CV,PL/6329/EXP/ES/2015,,24.00,29.99,27.59
2026-10-02,Occidente,Jalisco,Atotonilco el Alto,,BERTHA FUENTES OÑATE,PL/6314/EXP/ES/2015,,23.99,28.94,27.00
2026-10-02,Occidente,Jalisco,Tlajomulco de Zúñiga,,PETROMAX SA DE CV,PL/623/EXP/ES/2015,,24.59,29.99,
2026-10-02,Occidente,Jalisco,Zapopan,,GRUPO OCTANO SA DE CV,PL/618/EXP/ES/2015,,23.99,29.99,27.00
2026-10-02,Occidente,Jalisco,Encarnación de Díaz,,GASOLINERA LOS CRISTEROS SA DE CV,PL/6129/EXP/ES/2015,,23.99,28.79,26.99
2026-10-02,Occidente,Jalisco,Guadalajara,,RED NACIONAL DE COMBUSTIBLES Y SERVICIOS SA DE CV,PL/6122/EXP/ES/2015,,23.99,29.40,
2026-10-02,Occidente,Jalisco,San Juan de los Lagos,,GASOLINERA EL PAISA SA DE CV,PL/6120/EXP/ES/2015,,23.99,28.49,
2026-10-02,Occidente,Jalisco,Tonalá,,GASOLINERA BELIARJO SA DE CV,PL/6076/EXP/ES/2015,,23.99,29.49,26.99
2026-10-02,Occidente,Jalisco,Yahualica de González Gallo,,LIZARDE Y COMPAÑIA SA DE CV,PL/6054/EXP/ES/2015,,23.99,29.59,27.00
2026-10-02,Occidente,Jalisco,Atotonilco el Alto,,M LUISA SERRANO MENDEZ,PL/6046/EXP/ES/2015,,23.76,29.58,26.99
2026-10-02,Occidente,Jalisco,Mezquitic,,LEOPOLDO DE LA TORRE ROMERO,PL/6033/EXP/ES/2015,,24.00,29.30,27.00
2026-10-02,Occidente,Jalisco,Guadalajara,,ROBERTO CARDENAS GONZALEZ,PL/6024/EXP/ES/2015,,23.89,29.29,
2026-10-02,Occidente,Jalisco,Tlaquepaque,,GASOLINERIA LAS CONCHITAS SA DE CV,PL/6014/EXP/ES/2015,,23.99,29.45,26.99
2026-10-02,Occidente,Jalisco,Jocotepec,,AUTOSERVICIOS UNIDOS JOCOTEPEC SA DE CV,PL/5961/EXP/ES/2015,,23.98,29.49,26.98
2026-10-02,Occidente,Jalisco,Acatlán de Juárez,,COMBUSTIBLES EBANO SA DE CV,PL/5912/EXP/ES/2015,,23.99,29.49,27.00
2026-10-02,Occidente,Jalisco,Tepatitlán de Morelos,,SERVICIOS GASOLINEROS DE MEXICO SA DE CV,PL/5876/EXP/ES/2015,,23.99,29.99,27.00
2026-10-02,Occidente,Jalisco,Puerto Vallarta,,CARFLOR SA DE CV,PL/5869/EXP/ES/2015,,24.88,29.99,27.99
2026-10-02,Occidente,Jalisco,Tonalá,,GASOLINERA COYULA SA DE CV,PL/5856/EXP/ES/2015,,23.99,29.49,26.99
2026-10-02,Occidente,Jalisco,Tlaquepaque,,SERVICIO LAS CONCHITAS SA DE CV,PL/5855/EXP/ES/2015,,23.60,29.45,26.99
2026-10-02,Occidente,Jalisco,Tlajomulco de Zúñiga,,GASOLINERA EL ZAPOTE SA DE CV,PL/5854/EXP/ES/2015,,23.99,29.45,26.99
2026-10-02,Occidente,Jalisco,San Miguel el Alto,,LOZA GUTIERREZ SA DE CV,PL/5846/EXP/ES/2015,,23.99,29.48,27.00
2026-10-02,Occidente,Jalisco,Puerto Vallarta,,OPEQUIMAR SA DE CV,PL/5845/EXP/ES/2015,,23.99,28.69,
2026-10-02,Occidente,Jalisco,Poncitlán,,SERVICIOS GASOLINEROS DE MEXICO SA DE CV,PL/5840/EXP/ES/2015,,23.99,29.99,27.99
2026-10-02,Occidente,Jalisco,Tonalá,,GASOLINERA ZALATE SA DE CV,PL/5832/EXP/ES/2015,,23.55,29.49,26.98
2026-10-02,Occidente,Jalisco,Amatitán,,COMBUSTIBLES MODI SA DE CV,PL/5820/EXP/ES/2015,,23.99,29.59,29.59
2026-10-02,Occidente,Jalisco,Ocotlán,,SERVICIOS GASOLINEROS DE MEXICO SA DE CV,PL/5807/EXP/ES/2015,,23.99,29.99,27.00
2026-10-02,Occidente,Jalisco,Ojuelos de Jalisco,,ARMANDO PLASCENCIA ORTIZ,PL/5789/EXP/ES/2015,,23.99,29.49,27.00
2026-10-02,Occidente,Jalisco,Ojuelos de Jalisco,,SERVICIO PETROJUELOS SA DE CV,PL/5782/EXP/ES/2015,,23.99,29.49,27.00
2026-10-02,Occidente,Jalisco,Arandas,,RAUL ALVAREZ PEREZ,PL/5772/EXP/ES/2015,,23.70,28.39,27.00
2026-10-02,Occidente,Jalisco,Villa Corona,,SERVICIO VILLA CORONA SA DE CV,PL/5744/EXP/ES/2015,,23.24,28.61,26.85
2026-10-02,Occidente,Jalisco,Guadalajara,,SUPER SERVICIO CLAUDIA DE GUADALAJARA SA DE CV,PL/5733/EXP/ES/2015,,24.00,29.40,27.00
2026-10-02,Occidente,Jalisco,Tonalá,,SUPER SERVICIO CLAUDIA DE GUADALAJARA SA DE CV,PL/5732/EXP/ES/2015,,23.99,29.10,26.99
2026-10-02,Occidente,Jalisco,Tlajomulco de Zúñiga,,SUPER SERVICIO LA HACIENDA SA DE CV,PL/5728/EXP/ES/2015,,23.90,27.40,26.99
2026-10-02,Occidente,Jalisco,Tequila,,GASOLINERIA TEQUILA SA DE CV,PL/5724/EXP/ES/2015,,23.99,29.59,26.99
2026-10-02,Occidente,Jalisco,Tequila,,GASOLINERIA TEQUILA SA DE CV,PL/5719/EXP/ES/2015,,23.99,29.59,26.99
2026-10-02,Occidente,Jalisco,Ixtlahuacán del Río,,SERVICIOS GASOLINEROS DE MEXICO SA DE CV,PL/5711/EXP/ES/2015,,23.99,29.99,27.00
2026-10-02,Occidente,Jalisco,Ixtlahuacán del Río,,SERVICIOS GASOLINEROS DE MEXICO SA DE CV,PL/5708/EXP/ES/2015,,23.99,29.99,27.00
2026-10-02,Occidente,Jalisco,Zapopan,,SERVICIOS GASOLINEROS DE MEXICO SA DE CV,PL/5706/EXP/ES/2015,,23.99,29.99,27.00
2026-10-02,Occidente,Jalisco,Tlaquepaque,,ENERGETICOS PLUS SA DE CV,PL/5692/EXP/ES/2015,,23.99,29.99,27.00
2026-10-02,Occidente,Jalisco,Tlaquepaque,,GASOLINERA VISTA ALEGRE SA DE CV,PL/5691/EXP/ES/2015,,23.99,29.67,27.00
2026-10-02,Occidente,Jalisco,Guadalajara,,ENERGETICOS PLUS SA DE CV,PL/5690/EXP/ES/2015,,23.99,29.99,27.00
2026-10-02,Occidente,Jalisco,El Salto,,GASOLINERA EL CARRIL SA DE CV,PL/5680/EXP/ES/2015,,23.99,29.46,27.00
2026-10-02,Occidente,Jalisco,Zapotlanejo,,SERVICIO GASOLINERA ZAPOTLANEJO SA DE CV,PL/5675/EXP/ES/2015,,23.90,29.49,
2026-10-02,Occidente,Jalisco,Guadalajara,,GOMCOVI SA DE CV,PL/5665/EXP/ES/2015,,23.79,28.99,26.89
2026-10-02,Occidente,Jalisco,Tonalá,,EVERARDO CORONADO OROZCO,PL/5663/EXP/ES/2015,,23.99,29.49,27.00
2026-10-02,Occidente,Jalisco,Tlaquepaque,,FLECHA GRANA SA DE CV,PL/5660/EXP/ES/2015,,23.89,28.99,26.99
2026-10-02,Occidente,Jalisco,Jalostotitlán,,SERVICIOS SAN JOSE SA DE CV,PL/5655/EXP/ES/2015,,23.99,28.59,26.99
2026-10-02,Occidente,Jalisco,Tlajomulco de Zúñiga,,ESTACION DE SERVICIO NAPTE SA DE CV,PL/5649/EXP/ES/2015,,23.99,28.50,
2026-10-02,Occidente,Jalisco,Zapopan,,DARA SERVICIOS SA DE CV,PL/5648/EXP/ES/2015,,23.29,29.19,26.69
2026-10-02,Occidente,Jalisco,Autlán de Navarro,,CAÑAGAS AUTLAN SA DE CV,PL/5626/EXP/ES/2015,,24.39,29.78,27.30
2026-10-02,Occidente,Jalisco,Guadalajara,,ESTACION GDL EXPRESS SA DE CV,PL/5538/EXP/ES/2015,,23.75,29.50,27.00
2026-10-02,Occidente,Jalisco,Tepatitlán de Morelos,,ESTACION DE SERVICIO LA MANGA SA DE CV,PL/5530/EXP/ES/2015,,23.17,28.59,26.92
2026-10-02,Occidente,Jalisco,Tlaquepaque,,DERIVADORA DE COMBUSTIBLES IXTLAHUACAN SA DE CV,PL/5525/EXP/ES/2015,,23.99,29.45,26.99
2026-10-02,Occidente,Jalisco,Encarnación de Díaz,,MA JORGE HERNANDEZ OROPEZA,PL/5514/EXP/ES/2015,,23.99,29.80,27.00
2026-10-02,Occidente,Jalisco,Tonalá,,PETROMAX SA DE CV,PL/549/EXP/ES/2015,,24.69,29.99,
2026-10-02,Occidente,Jalisco,Tonalá,,PROMOTORA INTEGRACION URBANA SA DE CV,PL/5475/EXP/ES/2015,,23.69,29.29,26.99
2026-10-02,Occidente,Jalisco,Tlaquepaque,,PETROMAX SA DE CV,PL/546/EXP/ES/2015,,24.59,29.99,
2026-10-02,Occidente,Jalisco,Zapotiltic,,GASOLINERA ZAPOTILTIC SA DE CV,PL/5453/EXP/ES/2015,,24.00,29.88,27.00
2026-10-02,Occidente,Jalisco,Tonalá,,SERVICIO MATATLAN SA DE CV,PL/5450/EXP/ES/2015,,23.99,29.29,26.99
2026-10-02,Occidente,Jalisco,Jalostotitlán,,SERVICIOS SAN JOSE SA DE CV,PL/5438/EXP/ES/2015,,23.99,28.59,26.99
2026-10-02,Occidente,Jalisco,Tepatitlán de Morelos,,SERVICIOS SAN ALFONSO SA DE CV,PL/5429/EXP/ES/2015,,23.99,29.30,26.99
2026-10-02,Occidente,Jalisco,Zapopan,,SERVICIO TESISTAN SA DE CV,PL/5408/EXP/ES/2015,,23.99,28.99,26.99
2026-10-02,Occidente,Jalisco,Zapopan,,SERVICIO COLOTLAN EXPRESS SA DE CV,PL/5401/EXP/ES/2015,,23.99,28.99,26.99
2026-10-02,Occidente,Jalisco,Unión de San Antonio,,ANTONIO MUÑOZ GARCIA,PL/5396/EXP/ES/2015,,23.99,28.20,27.00
2026-10-02,Occidente,Jalisco,Zapopan,,SERVICIO TESCOGAS SA DE CV,PL/5384/EXP/ES/2015,,23.99,28.99,28.27
2026-10-02,Occidente,Jalisco,Cuquío,,ORGANIZACION LA LUNA SA DE CV,PL/5357/EXP/ES/2015,,23.99,29.99,27.00
2026-10-02,Occidente,Jalisco,Zapopan,,SERVICIO TESCOGAS SA DE CV,PL/5355/EXP/ES/2015,,23.99,28.99,26.99
2026-10-02,Occidente,Jalisco,Jamay,,COMBU-EXPRESS SA DE CV,PL/5352/EXP/ES/2015,,23.99,29.59,27.00
2026-10-02,Occidente,Jalisco,Zapopan,,SERVICIO CLOUTHIER PREMIER SA DE CV,PL/5343/EXP/ES/2015,,23.99,29.49,26.99
2026-10-02,Occidente,Jalisco,Puerto Vallarta,,GRUPO OCTANO SA DE CV,PL/534/EXP/ES/2015,,24.00,29.99,27.00
2026-10-02,Occidente,Jalisco,Puerto Vallarta,,ENERGIA SAN ERNESTO SA DE CV,PL/5333/EXP/ES/2015,,24.49,29.59,
2026-10-02,Occidente,Jalisco,Puerto Vallarta,,SERVICIO TORRES DIEZ SA DE CV,PL/5328/EXP/ES/2015,,24.49,29.59,27.49
2026-10-02,Occidente,Jalisco,Zapopan,,SERVICIO TORRES DIEZ SA DE CV,PL/5324/EXP/ES/2015,,23.99,29.49,26.99
2026-10-02,Occidente,Jalisco,Puerto Vallarta,,SERVICIO LOS POETAS SA DE CV,PL/5322/EXP/ES/2015,,24.49,29.59,27.49
2026-10-02,Occidente,Jalisco,Puerto Vallarta,,SERVICIO LAS PALMAS VALLARTA SA DE CV,PL/5313/EXP/ES/2015,,24.49,29.59,
2026-10-02,Occidente,Jalisco,Guadalajara,,GASOLINERA CRUZ DEL SUR SA DE CV,PL/5271/EXP/ES/2015,,23.89,29.29,
2026-10-02,Occidente,Jalisco,El Grullo,,SUPER SERVICIO LA ESPERANZA SA DE CV,PL/5247/EXP/ES/2015,,24.49,29.99,27.50
2026-10-02,Occidente,Jalisco,Zapopan,,COMERCIALIZADORA BOSQUES SA DE CV,PL/5193/EXP/ES/2015,,23.99,29.49,26.99
2026-10-02,Occidente,Jalisco,Tlajomulco de Zúñiga,,PETROMAX SA DE CV,PL/518/EXP/ES/2015,,24.69,29.99,
2026-10-02,Occidente,Jalisco,Tala,,ANTONIO FRANCO ARELLANO,PL/5177/EXP/ES/2015,,24.00,30.00,27.00
2026-10-02,Occidente,Jalisco,Puerto Vallarta,,SERVICIO IBSOM SA DE CV,PL/5175/EXP/ES/2015,,24.49,29.49,27.99
2026-10-02,Occidente,Jalisco,Villa Guerrero,,GASOLINERA VILLA GUERRERO SA DE CV,PL/5174/EXP/ES/2015,,23.99,29.00,27.46
2026-10-02,Occidente,Jalisco,Totatiche,,SERVICIO SANDOVAL SA DE CV,PL/5171/EXP/ES/2015,,23.99,29.00,27.00
2026-10-02,Occidente,Jalisco,Tlajomulco de Zúñiga,,PETROMAX SA DE CV,PL/512/EXP/ES/2015,,24.59,29.99,
2026-10-02,Occidente,Jalisco,Guadalajara,,SERVICIO LOVEGO SA DE CV,PL/5107/EXP/ES/2015,,23.98,29.79,26.99
2026-10-02,Occidente,Jalisco,Guadalajara,,GASOLINERA LAS AMERICAS SA DE CV,PL/5105/EXP/ES/2015,,23.95,29.70,
2026-10-02,Occidente,Jalisco,Mascota,,SERVICIO MASCOTA SA DE CV,PL/5092/EXP/ES/2015,,23.99,30.65,26.99
2026-10-02,Occidente,Jalisco,Guadalajara,,DESPACHADORA ABASTOS DE JALISCO S DE RL DE CV,PL/5083/EXP/ES/2015,,23.99,29.79,26.99
2026-10-02,Occidente,Jalisco,Puerto Vallarta,,GRUPO OCTANO SA DE CV,PL/508/EXP/ES/2015,,24.00,29.99,
2026-10-02,Occidente,Jalisco,Guadalajara,,DESPACHADORA ABASTOS DE JALISCO S DE RL DE CV,PL/5079/EXP/ES/2015,,23.99,29.49,26.99
2026-10-02,Occidente,Jalisco,Acatic,,MARIA GUADALUPE CARBAJAL RIVERA,PL/5078/EXP/ES/2015,,23.99,28.89,26.85
2026-10-02,Occidente,Jalisco,Unión de Tula,,UNION CASMO S DE RL DE CV,PL/5063/EXP/ES/2015,,24.00,29.96,27.00
2026-10-02,Occidente,Jalisco,Zapopan,,ESTACION DE SERVICIO PLEYADES SA DE CV,PL/5055/EXP/ES/2015,,23.99,29.99,
2026-10-02,Occidente,Jalisco,Tonaya,,GRUPO OCTANO SA DE CV,PL/505/EXP/ES/2015,,24.99,29.99,27.29
2026-10-02,Occidente,Jalisco,El Grullo,,GRUPO OCTANO SA DE CV,PL/504/EXP/ES/2015,,24.99,29.99,27.49
2026-10-02,Occidente,Jalisco,Zapopan,,GRUPO OCTANO SA DE CV,PL/503/EXP/ES/2015,,23.99,29.99,
2026-10-02,Occidente,Jalisco,Guadalajara,,ESTACION DE SERVICIO COLON SA DE CV,PL/4869/EXP/ES/2015,,23.98,28.98,
2026-10-02,Occidente,Jalisco,Tlajomulco de Zúñiga,,GASOLINERA CUESCO SA DE CV,PL/4868/EXP/ES/2015,,23.99,29.50,26.99
2026-10-02,Occidente,Jalisco,Guadalajara,,GASOLINERA GIGANTES SA DE CV,PL/4819/EXP/ES/2015,,22.99,27.99,26.99
2026-10-02,Occidente,Jalisco,Guadalajara,,SERVICIO LAUREL SA DE CV,PL/4816/EXP/ES/2015,,23.99,29.99,
2026-10-02,Occidente,Jalisco,Guadalajara,,DEMETRIO CUEVAS SANCHEZ,PL/4809/EXP/ES/2015,,23.99,29.59,
2026-10-02,Occidente,Jalisco,Tlajomulco de Zúñiga,,GRUPO SULUMA SA DE CV,PL/4806/EXP/ES/2015,,,29.40,27.00
2026-10-02,Occidente,Jalisco,Tala,,COMBUSTIBLES DANFE SA DE CV,PL/4789/EXP/ES/2015,,24.00,30.00,27.00
2026-10-02,Occidente,Jalisco,Tlaquepaque,,ESTACION PETROMEX SA DE CV,PL/4753/EXP/ES/2015,,23.99,29.90,26.98
2026-10-02,Occidente,Jalisco,Zapopan,,PETROMAX SA DE CV,PL/465/EXP/ES/2015,,24.59,29.99,
2026-10-02,Occidente,Jalisco,San Sebastián del Oeste,,COMBUSTIBLES SAN SEBASTIAN SA DE CV,PL/4620/EXP/ES/2015,,24.99,29.99,29.40
2026-10-02,Occidente,Jalisco,Guadalajara,,GASOLINERA DE LA VICTORIA SA,PL/4579/EXP/ES/2015,,23.99,29.44,27.00
2026-10-02,Occidente,Jalisco,Unión de Tula,,UNION CASMO S DE RL DE CV,PL/4561/EXP/ES/2015,,24.49,29.96,27.49
2026-10-02,Occidente,Jalisco,Zapopan,,SERVICIO LA CORONELA S.A. DE C.V.,PL/4560/EXP/ES/2015,,24.09,29.89,
2026-10-02,Occidente,Jalisco,Arandas,,GASOLINERA ARANDAS SA DE CV,PL/4537/EXP/ES/2015,,23.99,28.99,27.00
2026-10-02,Occidente,Jalisco,Tonalá,,PETROMAX SA DE CV,PL/452/EXP/ES/2015,,24.69,29.99,
2026-10-02,Occidente,Jalisco,Tlajomulco de Zúñiga,,JOSE LUIS IBARRA NAVARRO,PL/4506/EXP/ES/2015,,23.79,28.69,26.98
2026-10-02,Occidente,Jalisco,Tonalá,,GASOLINERA SAN GASPAR SA DE CV,PL/4503/EXP/ES/2015,,23.69,29.39,27.00
2026-10-02,Occidente,Jalisco,El Arenal,,SIMBA EXPRESS SA DE CV,PL/4501/EXP/ES/2015,,23.99,29.79,26.97
2026-10-02,Occidente,Jalisco,Juanacatlán,,GASOLINERA JUANACATLAN SA DE CV,PL/4444/EXP/ES/2015,,23.99,29.46,27.00
2026-10-02,Occidente,Jalisco,San Martín Hidalgo,,MARIA ENGRACIA ROSAS ZEPEDA,PL/4443/EXP/ES/2015,,24.00,29.70,27.00
2026-10-02,Occidente,Jalisco,Zapotlanejo,,ESTACION DE SERVICIO LA FAVORITA SA DE CV,PL/4354/EXP/ES/2015,,23.99,29.18,26.99
2026-10-02,Occidente,Jalisco,Tototlán,,SERVICIO EL PIMO SA DE CV,PL/4350/EXP/ES/2015,,23.99,29.89,26.99
2026-10-02,Occidente,Jalisco,Puerto Vallarta,,COMBUSTIBLES DE LA BAHIA SA DE CV,PL/4348/EXP/ES/2015,,24.88,29.99,27.99
2026-10-02,Occidente,Jalisco,Puerto Vallarta,,COMBUSTIBLES DE LA BAHIA SA DE CV,PL/4347/EXP/ES/2015,,24.88,29.99,
2026-10-02,Occidente,Jalisco,Puerto Vallarta,,COMBUSTIBLES DE LA BAHIA SA DE CV,PL/4346/EXP/ES/2015,,24.88,29.99,27.99
2026-10-02,Occidente,Jalisco,Puerto Vallarta,,COMBUSTIBLES DE LA BAHIA SA DE CV,PL/4345/EXP/ES/2015,,24.88,29.99,27.99
2026-10-02,Occidente,Jalisco,Puerto Vallarta,,DISTRIBUIDORA Y COMERCIALIZADORA MERCANTIL DEL OCCIDENTE SA DE CV,PL/4343/EXP/ES/2015,,24.88,29.99,27.99
2026-10-02,Occidente,Jalisco,Puerto Vallarta,,DISTRIBUIDORA Y COMERCIALIZADORA MERCANTIL DEL OCCIDENTE SA DE CV,PL/4336/EXP/ES/2015,,24.88,29.99,27.99
2026-10-02,Occidente,Jalisco,Guadalajara,,ESTACION DE SERVICIO MONTE DE LA VIRGEN SA DE CV,PL/4324/EXP/ES/2015,,23.99,29.59,26.99
2026-10-02,Occidente,Jalisco,Tlajomulco de Zúñiga,,GAS VAGA SA DE CV,PL/4298/EXP/ES/2015,,22.99,26.99,27.99
2026-10-02,Occidente,Jalisco,Puerto Vallarta,,DISTRIBUIDORA Y COMERCIALIZADORA MERCANTIL DEL OCCIDENTE SA DE CV,PL/4286/EXP/ES/2015,,24.88,29.99,
2026-10-02,Occidente,Jalisco,Jamay,,GASOLINERA CASILLAS S DE RL DE CV,PL/4282/EXP/ES/2015,,23.48,28.88,26.77
2026-10-02,Occidente,Jalisco,Puerto Vallarta,,GRUPO OCTANO SA DE CV,PL/421/EXP/ES/2015,,24.00,29.99,27.00
2026-10-02,Occidente,Jalisco,Tamazula de Gordiano,,GASOLINERA LA CENTRAL DE TAMAZULA SA DE CV,PL/4209/EXP/ES/2015,,23.99,29.98,27.00
2026-10-02,Occidente,Jalisco,Etzatlán,,OPERADORA PANAMERICANA DEL SUR SA DE CV,PL/4199/EXP/ES/2015,,23.98,29.25,26.89
2026-10-02,Occidente,Jalisco,Zapopan,,GRUPO OCTANO SA DE CV,PL/419/EXP/ES/2015,,23.99,29.99,27.00
2026-10-02,Occidente,Jalisco,Zapopan,,DESPACHADORA ABASTOS DE JALISCO S DE RL DE CV,PL/4182/EXP/ES/2015,,23.99,29.49,26.99
2026-10-02,Occidente,Jalisco,Zapopan,,GRUPO OCTANO SA DE CV,PL/418/EXP/ES/2015,,23.99,29.99,27.00
2026-10-02,Occidente,Jalisco,Casimiro Castillo,,ESTACION DE SERVICIO BAHIA TENACATITA SA DE CV,PL/4178/EXP/ES/2015,,24.00,29.80,27.00
2026-10-02,Occidente,Jalisco,Tlaquepaque,,SERVICIO J Y J SA DE CV,PL/4169/EXP/ES/2015,,23.99,29.89,27.00
2026-10-02,Occidente,Jalisco,Tlaquepaque,,SIMBA EXPRESS SA DE CV,PL/4109/EXP/ES/2015,,23.99,29.79,
2026-10-02,Occidente,Jalisco,Guadalajara,,PASEO BOHEMIO SA DE CV,PL/4108/EXP/ES/2015,,23.99,29.79,
2026-10-02,Occidente,Jalisco,Puerto Vallarta,,FLOGAS SA DE CV,PL/4102/EXP/ES/2015,,24.88,29.99,27.99
2026-10-02,Occidente,Jalisco,Puerto Vallarta,,FLOGAS SA DE CV,PL/4100/EXP/ES/2015,,24.88,29.99,27.99
2026-10-02,Occidente,Jalisco,Puerto Vallarta,,FLOGAS SA DE CV,PL/4098/EXP/ES/2015,,24.88,29.99,27.99
2026-10-02,Occidente,Jalisco,Puerto Vallarta,,COMBUSTIBLES LAS GLORIAS SA DE CV,PL/4088/EXP/ES/2015,,24.88,29.99,
2026-10-02,Occidente,Jalisco,Guadalajara,,BIELISHEIDA NATALIA MENDEZ QUEZADA,PL/4045/EXP/ES/2015,,22.99,27.99,
2026-10-02,Occidente,Jalisco,Puerto Vallarta,,GRUPO ALTAMIRANO MONROY SA DE CV,PL/4006/EXP/ES/2015,,24.60,29.90,
2026-10-02,Occidente,Jalisco,Cocula,,COMBUSTIBLES DE COCULA SA DE CV,PL/3983/EXP/ES/2015,,23.99,29.49,27.00
2026-10-02,Occidente,Jalisco,Ayutla,,DISTRIBUIDORA DE ACEITES Y COMBUSTIBLES DE AYUTLA SA DE CV,PL/3950/EXP/ES/2015,,24.00,29.90,27.00
2026-10-02,Occidente,Jalisco,Tepatitlán de Morelos,,GRUPO GASOLINERO ALCI SA DE CV,PL/3862/EXP/ES/2015,,23.99,28.90,27.25
2026-10-02,Occidente,Jalisco,Tepatitlán de Morelos,,GRUPO JGJ-LUAN SA DE CV,PL/3861/EXP/ES/2015,,23.99,29.49,26.99
2026-10-02,Occidente,Jalisco,Poncitlán,,COMBU-EXPRESS SA DE CV,PL/386/EXP/ES/2015,,23.99,29.89,27.00
2026-10-02,Occidente,Jalisco,Encarnación de Díaz,,GASOLINERA EL TECUAN SA DE CV,PL/3829/EXP/ES/2015,,23.95,28.92,26.99
2026-10-02,Occidente,Jalisco,Zapopan,,MULTISERVICIOS 511 SA DE CV,PL/3788/EXP/ES/2015,,23.99,28.99,27.00
2026-10-02,Occidente,Jalisco,San Martín Hidalgo,,GERMAN RAMIREZ ROSAS,PL/3755/EXP/ES/2015,,24.00,29.70,27.00
2026-10-02,Occidente,Jalisco,El Salto,,GASOLINERA LOLITA SA DE CV,PL/3747/EXP/ES/2015,,23.99,29.39,27.00
2026-10-02,Occidente,Jalisco,Tlajomulco de Zúñiga,,MULTISERVICIOS GASOLINEROS LUNA SA DE CV,PL/3733/EXP/ES/2015,,23.99,29.49,27.00
2026-10-02,Occidente,Jalisco,Tlajomulco de Zúñiga,,AUTOSERVICIO GASOLINERO HACIENDA SANTA FE SA DE CV,PL/3702/EXP/ES/2015,,23.99,29.49,27.00
2026-10-02,Occidente,Jalisco,El Salto,,ESTACION DE SERVICIO ZERBA SA DE CV,PL/3700/EXP/ES/2015,,23.99,29.50,26.85
2026-10-02,Occidente,Jalisco,Tlaquepaque,,ESTACION DE SERVICIO BETA SA DE CV,PL/3699/EXP/ES/2015,,23.99,27.99,26.85
2026-10-02,Occidente,Jalisco,Guadalajara,,ESTACION DE SERVICIO VB SA DE CV,PL/3689/EXP/ES/2015,,23.99,29.89,26.92
2026-10-02,Occidente,Jalisco,Lagos de Moreno,,GRUPO AGUILARIOS SA DE CV,PL/3670/EXP/ES/2015,,23.99,29.59,27.00
2026-10-02,Occidente,Jalisco,Lagos de Moreno,,SERVICIO LOMA DE LAGOS SA DE CV,PL/3649/EXP/ES/2015,,23.99,28.99,27.00
2026-10-02,Occidente,Jalisco,Guadalajara,,GASOLINERIA ZEUS SA DE CV,PL/3627/EXP/ES/2015,,23.99,29.99,
2026-10-02,Occidente,Jalisco,Guadalajara,,AUTOGAS ALEMANIA SA DE CV,PL/3625/EXP/ES/2015,,23.99,29.69,
2026-10-02,Occidente,Jalisco,La Barca,,SERVICIOS GASOLINEROS DE MEXICO SA DE CV,PL/3577/EXP/ES/2015,,23.99,29.99,27.00
2026-10-02,Occidente,Jalisco,El Salto,,SERVICIOS GASOLINEROS DE MEXICO SA DE CV,PL/3574/EXP/ES/2015,,23.99,29.99,27.00
2026-10-02,Occidente,Jalisco,Tlaquepaque,,GASOLINERA DIECIOCHO DE MARZO SA,PL/3486/EXP/ES/2015,,23.99,29.50,27.50
2026-10-02,Occidente,Jalisco,Tlaquepaque,,BECKTROP GDL SA DE CV,PL/3485/EXP/ES/2015,,23.99,29.79,26.99
2026-10-02,Occidente,Jalisco,Tlaquepaque,,PRESTIGIO Y SOLVENCIA SA DE CV,PL/3478/EXP/ES/2015,,23.99,29.90,
2026-10-02,Occidente,Jalisco,Guadalajara,,SERVIEXPRESS ECOLOGICO SA DE CV,PL/3476/EXP/ES/2015,,23.98,29.97,
2026-10-02,Occidente,Jalisco,Guadalajara,,BECKTROP GDL SA DE CV,PL/3475/EXP/ES/2015,,23.99,29.49,26.99
2026-10-02,Occidente,Jalisco,Guadalajara,,SERVICIO INDIANAPOLIS SA DE CV,PL/3364/EXP/ES/2015,,23.79,28.29,27.00
2026-10-02,Occidente,Jalisco,Guadalajara,,BECKTROP GDL SA DE CV,PL/3229/EXP/ES/2015,,23.99,29.49,
2026-10-02,Occidente,Jalisco,Yahualica de González Gallo,,SOCORRO RUVALCABA RODRIGUEZ,PL/3221/EXP/ES/2015,,23.99,29.59,27.00
2026-10-02,Occidente,Jalisco,Atotonilco el Alto,,GASO CONTROL INTEGRAL DOS SA DE CV,PL/3174/EXP/ES/2015,,23.80,28.80,27.45
2026-10-02,Occidente,Jalisco,Lagos de Moreno,,GRUPO GASOLINERO LAGOS SA DE CV,PL/3161/EXP/ES/2015,,23.99,28.99,27.00
2026-10-02,Occidente,Jalisco,Lagos de Moreno,,SERVICIO CAPUCHINAS SA DE CV,PL/3160/EXP/ES/2015,,23.99,28.99,
2026-10-02,Occidente,Jalisco,Jesús María,,RAUL ALVAREZ PEREZ,PL/3153/EXP/ES/2015,,23.70,28.39,27.00
2026-10-02,Occidente,Jalisco,Guadalajara,,SERVICIO NIÑOS HEROES SA DE CV,PL/3131/EXP/ES/2015,,23.99,,27.00
2026-10-02,Occidente,Jalisco,Zapopan,,NOVOGAS GUADALAJARA VALLARTA SA DE CV,PL/3123/EXP/ES/2015,,23.99,29.28,
2026-10-02,Occidente,Jalisco,Gómez Farías,,EPITACIO SANTOS CHAVEZ,PL/3117/EXP/ES/2015,,23.99,29.80,27.00
2026-10-02,Occidente,Jalisco,Tlaquepaque,,INVERSERVICIOS EN GASOLINERAS SA DE CV,PL/3107/EXP/ES/2015,,23.99,29.99,
2026-10-02,Occidente,Jalisco,Guadalajara,,SIMBA EXPRESS SA DE CV,PL/3098/EXP/ES/2015,,23.99,29.79,
2026-10-02,Occidente,Jalisco,Tonalá,,GASOLINERIA SANTA RITA SA DE CV,PL/3058/EXP/ES/2015,,23.99,28.99,
2026-10-02,Occidente,Jalisco,Tlaquepaque,,ENERGETICOS PLUS SA DE CV,PL/3052/EXP/ES/2015,,23.99,29.99,27.00
2026-10-02,Occidente,Jalisco,La Barca,,SERVICIOS ECOLOGICOS DE ESCARCEGA SA DE CV,PL/3017/EXP/ES/2015,,23.89,,27.00
2026-10-02,Occidente,Jalisco,Zapopan,,ENERGETICOS PLUS SA DE CV,PL/3004/EXP/ES/2015,,23.99,29.99,
2026-10-02,Occidente,Jalisco,Guadalajara,,DISTRIBUIDORA DE COMBUSTIBLES MAZATL SA DE CV,PL/2991/EXP/ES/2015,,23.99,28.99,
2026-10-02,Occidente,Jalisco,Guadalajara,,COMBUSTIBLES ALCE SA DE CV,PL/2977/EXP/ES/2015,,23.99,28.99,27.00
2026-10-02,Occidente,Jalisco,Lagos de Moreno,,GRUPO CESCO DE LOS ALTOS SA DE CV,PL/2974/EXP/ES/2015,,23.99,28.99,27.00
2026-10-02,Occidente,Jalisco,Tala,,SUPERSERVICIO TALA SA DE CV,PL/2947/EXP/ES/2015,,23.99,28.99,26.99
2026-10-02,Occidente,Jalisco,Guadalajara,,GASOLINEROS MEXICANOS SA DE CV,PL/2935/EXP/ES/2015,,23.99,29.45,
2026-10-02,Occidente,Jalisco,Ixtlahuacán del Río,,GASOLINERA BARAJAS SA DE CV,PL/2927/EXP/ES/2015,,23.99,29.90,27.50
2026-10-02,Occidente,Jalisco,Guadalajara,,GASOLINERA FELIPE ANGELES SA,PL/2923/EXP/ES/2015,,23.95,29.50,
2026-10-02,Occidente,Jalisco,Guadalajara,,GASOLINERA JALISCO SA DE CV,PL/2920/EXP/ES/2015,,23.99,28.99,
2026-10-02,Occidente,Jalisco,Guadalajara,,CONSORCIO DEL PINAR SA DE CV,PL/2887/EXP/ES/2015,,23.99,27.99,26.85
2026-10-02,Occidente,Jalisco,Tonalá,,GASOLINERA ZALATITAN SA DE CV,PL/2886/EXP/ES/2015,,24.00,29.99,27.00
2026-10-02,Occidente,Jalisco,Cihuatlán,,COMBU-EXPRESS SA DE CV,PL/2881/EXP/ES/2015,,23.99,28.94,27.00
2026-10-02,Occidente,Jalisco,El Grullo,,COMBU-EXPRESS SA DE CV,PL/2880/EXP/ES/2015,,24.00,29.89,27.00
2026-10-02,Occidente,Jalisco,Tlaquepaque,,SERVICIO AUTOPISTA SA DE CV,PL/2875/EXP/ES/2015,,23.99,29.99,26.99
2026-10-02,Occidente,Jalisco,Zapopan,,COMBUSTIBLES Y LUBRICANTES SALTILLO SA DE CV,PL/2849/EXP/ES/2015,,23.99,29.49,27.00
2026-10-02,Occidente,Jalisco,Guadalajara,,SERVICIO LA NOGALERA SA DE CV,PL/2848/EXP/ES/2015,,23.99,29.49,26.99
2026-10-02,Occidente,Jalisco,Tonalá,,HECTOR RAMON MARTINEZ RAMIREZ,PL/2841/EXP/ES/2015,,23.99,29.10,26.95
2026-10-02,Occidente,Jalisco,Tlaquepaque,,PETROMAX SA DE CV,PL/2834/EXP/ES/2015,,23.99,29.99,27.49
2026-10-02,Occidente,Jalisco,Zapopan,,SERVICIO INDUSTRIAL DE ZAPOPAN SA DE CV,PL/2832/EXP/ES/2015,,23.70,29.30,
2026-10-02,Occidente,Jalisco,Guadalajara,,SERVICIO ANDRADE SA DE CV,PL/2828/EXP/ES/2015,,23.99,29.49,27.00
2026-10-02,Occidente,Jalisco,Tonalá,,SERVICIOS GASOLINEROS DE MEXICO SA DE CV,PL/2826/EXP/ES/2015,,23.99,,25.98
2026-10-02,Occidente,Jalisco,Villa Hidalgo,,EL ALTO ESTACION DE SERVICIO S DE RL DE CV,PL/2825/EXP/ES/2015,,24.00,29.20,27.00
2026-10-02,Occidente,Jalisco,Lagos de Moreno,,SERVICIOS INTEGRALES MACRO SA DE CV,PL/2817/EXP/ES/2015,,23.99,29.60,
2026-10-02,Occidente,Jalisco,Zapotlán del Rey,,SERVICIOS BERNALDEZ SA DE CV,PL/2807/EXP/ES/2015,,23.99,29.79,27.00
2026-10-02,Occidente,Jalisco,Guadalajara,,GASOLINERA SAN GERARDO SA DE CV,PL/2805/EXP/ES/2015,,23.99,28.99,26.99
2026-10-02,Occidente,Jalisco,Tlaquepaque,,INVERSERVICIOS EN GASOLINERAS SA DE CV,PL/2783/EXP/ES/2015,,24.00,29.99,
2026-10-02,Occidente,Jalisco,Tomatlán,,SERVICIO PARAISO ALEGRE SA DE CV,PL/2750/EXP/ES/2015,,23.99,29.45,27.45
2026-10-02,Occidente,Jalisco,Guadalajara,,BECKTROP GDL SA DE CV,PL/2721/EXP/ES/2015,,23.99,29.49,
2026-10-02,Occidente,Jalisco,Guadalajara,,PRACOP SA DE CV,PL/2701/EXP/ES/2015,,23.99,28.99,
2026-10-02,Occidente,Jalisco,Guadalajara,,GASOLINERA EL CERRO CHATO SA DE CV,PL/2670/EXP/ES/2015,,24.00,29.99,27.00
2026-10-02,Occidente,Jalisco,Tepatitlán de Morelos,,SERVICIOS ENERGETICOS CAPILLA S DE RL DE CV,PL/2656/EXP/ES/2015,,24.00,29.00,27.00
2026-10-02,Occidente,Jalisco,Lagos de Moreno,,CENTRO DE SERVICIOS EL CRUCERO SA DE CV,PL/2648/EXP/ES/2015,,23.59,28.69,27.19
2026-10-02,Occidente,Jalisco,Acatic,,PETROCANA SA DE CV,PL/26120/EXP/ES/2024,,23.59,28.78,26.84
2026-10-02,Occidente,Jalisco,Atemajac de Brizuela,,COMBU-EXPRESS SA DE CV,PL/26068/EXP/ES/2024,,24.00,29.39,27.00
2026-10-02,Occidente,Jalisco,Zapotlanejo,,GASOLINERA DUBAI SA DE CV,PL/26020/EXP/ES/2024,,23.90,29.50,27.00
2026-10-02,Occidente,Jalisco,Tepatitlán de Morelos,,GASOLINERA CHAPALITA SA DE CV,PL/26012/EXP/ES/2024,,23.99,29.98,
2026-10-02,Occidente,Jalisco,Puerto Vallarta,,ALPEZ GAS SA DE CV,PL/25999/EXP/ES/2024,,24.49,29.59,26.99
2026-10-02,Occidente,Jalisco,Tuxpan,,ENERSISTEM SA DE CV,PL/25899/EXP/ES/2024,,23.99,29.99,27.99
2026-10-02,Occidente,Jalisco,La Huerta,,GASOLINERA EMILIANO ZAPATA SA DE CV,PL/25884/EXP/ES/2024,,23.99,29.90,27.00
2026-10-02,Occidente,Jalisco,Puerto Vallarta,,GASOLINERA LOS VECINOS SA DE CV,PL/25757/EXP/ES/2024,,23.99,29.99,27.00
2026-10-02,Occidente,Jalisco,Zapopan,,ESTACION COMPOSITORES SA DE CV,PL/25649/EXP/ES/2024,,23.49,28.99,
2026-10-02,Occidente,Jalisco,Juchitlán,,SUPER SERVICIO LA ESPERANZA JUCHITLAN SA DE CV,PL/25633/EXP/ES/2024,,24.49,29.99,27.49
2026-10-02,Occidente,Jalisco,Tlajomulco de Zúñiga,,OPORTO PLAZA SA DE CV,PL/25619/EXP/ES/2024,,23.99,29.99,26.99
2026-10-02,Occidente,Jalisco,Zapotlán el Grande,,ESTACION DE SERVICIO GASOLINERO SAN JOSE SA DE CV,PL/25618/EXP/ES/2024,,24.35,29.99,27.35
2026-10-02,Occidente,Jalisco,Degollado,,MAGNO COMBUSTIBLES SA DE CV,PL/25567/EXP/ES/2024,,23.99,28.99,26.99
2026-10-02,Occidente,Jalisco,Guadalajara,,ESTACION DE SERVICIO OLIMPICA SA DE CV,PL/2555/EXP/ES/2015,,23.99,29.88,27.00
2026-10-02,Occidente,Jalisco,Zapopan,,ESTACION DE SERVICIO JUAN PALOMAR SA DE CV,PL/25533/EXP/ES/2024,,23.99,29.98,27.00
2026-10-02,Occidente,Jalisco,Guadalajara,,PEDRO MARTINEZ RAMIREZ,PL/2553/EXP/ES/2015,,23.99,29.10,
2026-10-02,Occidente,Jalisco,Zapopan,,COSTCO GAS SA DE CV,PL/25528/EXP/ES/2024,,23.69,28.99,
2026-10-02,Occidente,Jalisco,Zapopan,,PETRO HUNTER SA DE CV,PL/25482/EXP/ES/2024,,23.99,29.69,
2026-10-02,Occidente,Jalisco,Guadalajara,,COMBUSTIBLES Y ENERGETICOS ABC SA DE CV,PL/25463/EXP/ES/2024,,23.99,29.90,27.00
2026-10-02,Occidente,Jalisco,Autlán de Navarro,,WICRO OIL SA DE CV,PL/25442/EXP/ES/2023,,24.49,29.88,27.00
2026-10-02,Occidente,Jalisco,Ixtlahuacán de los Membrillos,,GRUPO EMPRESARIAL ALE SA DE CV,PL/25432/EXP/ES/2023,,23.98,29.48,27.00
2026-10-02,Occidente,Jalisco,Tonalá,,JANETH MARTIN RAMOS,PL/25390/EXP/ES/2023,,23.99,28.99,27.00
2026-10-02,Occidente,Jalisco,San Gabriel,,ESTACION DE SERVICIOS GMS S DE RL DE CV,PL/25387/EXP/ES/2023,,24.50,29.99,27.59
2026-10-02,Occidente,Jalisco,Zapopan,,GRUPO ATHOS DE OCCIDENTE SA DE CV,PL/25386/EXP/ES/2023,,23.99,29.99,26.99
2026-10-02,Occidente,Jalisco,Tlajomulco de Zúñiga,,SERVICIO NIGRAN SA DE CV,PL/25377/EXP/ES/2023,,23.99,,26.99
2026-10-02,Occidente,Jalisco,Atotonilco el Alto,,ESTACION DE SERVICIO LAS MESITAS SA DE CV,PL/25374/EXP/ES/2023,,23.99,29.55,26.99
2026-10-02,Occidente,Jalisco,Tlajomulco de Zúñiga,,GASOLINERA VERDE SA DE CV,PL/25372/EXP/ES/2023,,24.00,29.99,27.00
2026-10-02,Occidente,Jalisco,Talpa de Allende,,COMBUSTIBLES DE TALPA SA DE CV,PL/25331/EXP/ES/2023,,24.93,30.50,28.70
2026-10-02,Occidente,Jalisco,Zapotlanejo,,SUPER SERVICIO CATALUÑA SA DE CV,PL/2532/EXP/ES/2015,,23.99,29.49,27.00
2026-10-02,Occidente,Jalisco,Tenamaxtlán,,GASOLINERA TENAMAXTLAN SA DE CV,PL/2531/EXP/ES/2015,,24.49,29.99,27.49
2026-10-02,Occidente,Jalisco,Tepatitlán de Morelos,,ESTACION DE SERVICIO LA MANGA SA DE CV,PL/25296/EXP/ES/2023,,23.17,28.59,26.92
2026-10-02,Occidente,Jalisco,Ocotlán,,SERVICIOS INTEGRALES DE TLAQUEPAQUE SA DE CV,PL/25233/EXP/ES/2023,,23.59,28.79,26.99
2026-10-02,Occidente,Jalisco,Zacoalco de Torres,,COMBU-EXPRESS SA DE CV,PL/25158/EXP/ES/2023,,24.00,29.99,27.00
2026-10-02,Occidente,Jalisco,Tizapán el Alto,,GRUPO ADYEHILA Y ASOCIADOS SA DE CV,PL/25145/EXP/ES/2023,,23.99,29.59,27.00
2026-10-02,Occidente,Jalisco,Atotonilco el Alto,,INMOBILIARIA SAMICH SA DE CV,PL/25114/EXP/ES/2023,,23.76,29.59,26.88
2026-10-02,Occidente,Jalisco,Zapopan,,SERVICIOS Y COMBUSTIBLES TCHAIKOVSKY SA DE CV,PL/25050/EXP/ES/2023,,23.89,28.49,
2026-10-02,Occidente,Jalisco,Tlaquepaque,,ENERGETICA PETROTLAQ SA DE CV,PL/25049/EXP/ES/2023,,23.49,28.69,26.99
2026-10-02,Occidente,Jalisco,Guadalajara,,MEGA SERVICIO GRINGAS SA DE CV,PL/2504/EXP/ES/2015,,23.99,29.97,
2026-10-02,Occidente,Jalisco,Tenamaxtlán,,GASOLINERA TENAMAXTLAN SA DE CV,PL/24991/EXP/ES/2023,,24.49,29.99,27.49
2026-10-02,Occidente,Jalisco,Ayotlán,,SERVICIO D SOTO SA DE CV,PL/24951/EXP/ES/2023,,23.98,29.98,27.54
2026-10-02,Occidente,Jalisco,La Huerta,,SIEMPRE COMPLETOS POR TI SA DE CV,PL/24943/EXP/ES/2023,,24.00,29.35,27.00
2026-10-02,Occidente,Jalisco,Lagos de Moreno,,SERVICIOS ENERGETICOS LOS CUARTOS SA DE CV,PL/24896/EXP/ES/2023,,23.95,28.95,27.00
2026-10-02,Occidente,Jalisco,Tonalá,,ESTACION DE SERVICIO PRINCIPAL SA DE CV,PL/24823/EXP/ES/2023,,23.99,29.49,27.00
2026-10-02,Occidente,Jalisco,San Ignacio Cerro Gordo,,COMBUSTIBLES RIVALVA SA DE CV,PL/24813/EXP/ES/2023,,23.99,29.29,27.00
2026-10-02,Occidente,Jalisco,San Juan de los Lagos,,SERVICIO LOS LAGOS SA DE CV,PL/2469/EXP/ES/2015,,23.99,27.99,26.99
2026-10-02,Occidente,Jalisco,Guadalajara,,ENERGIA ATL SA DE CV,PL/24654/EXP/ES/2022,,23.99,29.78,
2026-10-02,Occidente,Jalisco,Jalostotitlán,,MULTISERVICIOS OTTO SA DE CV,PL/24653/EXP/ES/2022,,23.59,28.09,26.95
2026-10-02,Occidente,Jalisco,Teuchitlán,,GASBERRYS S A P I DE CV,PL/24549/EXP/ES/2022,,23.99,29.49,27.00
2026-10-02,Occidente,Jalisco,Tlaquepaque,,PETROMAX SA DE CV,PL/24501/EXP/ES/2022,,24.59,29.99,27.69
2026-10-02,Occidente,Jalisco,San Cristóbal de la Barranca,,GASOLINERA SUPER SERVICIO SAN CRISTOBAL SA DE CV,PL/24497/EXP/ES/2022,,23.99,29.27,26.99
2026-10-02,Occidente,Jalisco,Sayula,,COMBU-EXPRESS SA DE CV,PL/24380/EXP/ES/2022,,23.99,,27.00
2026-10-02,Occidente,Jalisco,Zapotlán el Grande,,RAGONZVILL SA DE CV,PL/24368/EXP/ES/2022,,24.35,29.90,27.35
2026-10-02,Occidente,Jalisco,Amatitán,,ESTACION DE SERVICIO LOS HIJUELOS SA DE CV,PL/24367/EXP/ES/2022,,23.99,29.99,26.99
2026-10-02,Occidente,Jalisco,San Juan de los Lagos,,GASOLINERA LOS CHARCOS SA DE CV,PL/24322/EXP/ES/2022,,23.99,28.54,27.00
2026-10-02,Occidente,Jalisco,Acatlán de Juárez,,GASOPOLIS SA DE CV,PL/2430/EXP/ES/2015,,23.99,29.49,27.00
2026-10-02,Occidente,Jalisco,Tecalitlán,,COMBU-EXPRESS SA DE CV,PL/24288/EXP/ES/2022,,24.00,29.88,27.00
2026-10-02,Occidente,Jalisco,El Salto,,GUILLE GASOLGRUPO SA DE CV,PL/2427/EXP/ES/2015,,23.99,29.49,27.00
2026-10-02,Occidente,Jalisco,Lagos de Moreno,,SERVIEXPRESS DOBLE RAM SA DE CV,PL/24165/EXP/ES/2022,,24.00,28.99,27.00
2026-10-02,Occidente,Jalisco,Tlaquepaque,,SERVICIOS INTEGRALES DE TLAQUEPAQUE SA DE CV,PL/24103/EXP/ES/2022,,23.29,28.99,26.99
2026-10-02,Occidente,Jalisco,Jocotepec,,SERVICIOS GASOLINEROS DE MEXICO SA DE CV,PL/2407/EXP/ES/2015,,23.99,29.99,27.00
2026-10-02,Occidente,Jalisco,Acatlán de Juárez,,AUTOSERVICIO GASHR SA DE CV,PL/2401/EXP/ES/2015,,23.99,29.99,27.00
2026-10-02,Occidente,Jalisco,Tepatitlán de Morelos,,SUMINISTRO DE COMBUSTIBLES EL SEIS S DE RL DE CV,PL/23961/EXP/ES/2022,,23.98,28.95,27.00
2026-10-02,Occidente,Jalisco,Tlaquepaque,,SERVICIOS INTEGRALES DE TLAQUEPAQUE SA DE CV,PL/2393/EXP/ES/2015,,23.19,28.59,26.99
2026-10-02,Occidente,Jalisco,Tlaquepaque,,SERVICIOS INTEGRALES DE TLAQUEPAQUE SA DE CV,PL/2392/EXP/ES/2015,,23.29,28.60,26.99
2026-10-02,Occidente,Jalisco,Tonalá,,SUMINISTROS DE COMBUSTIBLES QUIROGA SA DE CV,PL/23862/EXP/ES/2021,,23.99,29.25,26.99
2026-10-02,Occidente,Jalisco,Tepatitlán de Morelos,,AUTOSERVICIO LA GLORIETA DEL HUEVO SA DE CV,PL/23858/EXP/ES/2021,,23.59,28.78,26.84
2026-10-02,Occidente,Jalisco,Acatlán de Juárez,,AUTOSERVICIO GASHR SA DE CV,PL/2383/EXP/ES/2015,,23.99,29.99,27.00
2026-10-02,Occidente,Jalisco,Tonalá,,GASOLINERA SAN NICOLAS SA DE CV,PL/2379/EXP/ES/2015,,23.98,29.48,27.00
2026-10-02,Occidente,Jalisco,San Julián,,CLAUDIA MARGARITA ROSAS MARTINEZ,PL/23777/EXP/ES/2021,,23.99,28.84,27.00
2026-10-02,Occidente,Jalisco,Tlaquepaque,,SERVICIO LAS PEÑAS SA DE CV,PL/23764/EXP/ES/2021,,23.99,29.49,26.99
2026-10-02,Occidente,Jalisco,Tlajomulco de Zúñiga,,ORGANIZACION LA LUNA SA DE CV,PL/23762/EXP/ES/2021,,23.99,29.99,27.00
2026-10-02,Occidente,Jalisco,Tonalá,,GASOLINEROS SANGROUP SA DE CV,PL/23744/EXP/ES/2021,,23.99,29.50,26.99
2026-10-02,Occidente,Jalisco,Zapopan,,PETROMAX SA DE CV,PL/23696/EXP/ES/2020,,24.59,29.99,26.99
2026-10-02,Occidente,Jalisco,Guadalajara,,PETROMAX SA DE CV,PL/23695/EXP/ES/2020,,24.69,29.99,26.99
2026-10-02,Occidente,Jalisco,Zapopan,,PETROMAX SA DE CV,PL/23681/EXP/ES/2020,,24.59,29.99,
2026-10-02,Occidente,Jalisco,Tuxcueca,,FERNANDO BEDOY RUIZ,PL/23499/EXP/ES/2020,,23.99,29.59,26.99
2026-10-02,Occidente,Jalisco,Guadalajara,,GASOSERVICIOS DE LA PROVINCIA SA DE CV,PL/23231/EXP/ES/2020,,23.29,28.69,
2026-10-02,Occidente,Jalisco,San Miguel el Alto,,ASOCIACION GASOLINERA PIEDRAS NEGRAS SA DE CV,PL/2310/EXP/ES/2015,,23.99,28.49,27.00
2026-10-02,Occidente,Jalisco,El Salto,,SERVICIO AVENIDA DEL MAIZ SA DE CV,PL/2306/EXP/ES/2015,,23.99,29.99,26.99
2026-10-02,Occidente,Jalisco,Acatic,,SERVICIO EL TEPOZAN SA DE CV,PL/23049/EXP/ES/2019,,23.99,29.49,26.85
2026-10-02,Occidente,Jalisco,Tamazula de Gordiano,,SERVICIO EL PRADO SA DE CV,PL/23048/EXP/ES/2019,,23.99,29.86,27.98
2026-10-02,Occidente,Jalisco,Guadalajara,,COMBUSTIBLES PLATON SA DE CV,PL/23015/EXP/ES/2019,,23.99,29.75,26.98
2026-10-02,Occidente,Jalisco,Guadalajara,,PETROMAX SA DE CV,PL/2297/EXP/ES/2015,,23.99,29.99,
2026-10-02,Occidente,Jalisco,Zapopan,,LAS COMADRES DE NEXTIPAC SA DE CV,PL/22606/EXP/ES/2019,,23.97,29.47,26.99
2026-10-02,Occidente,Jalisco,Tlajomulco de Zúñiga,,JORIMAR GASOLINEROS SA DE CV,PL/22605/EXP/ES/2019,,22.99,28.69,26.99
2026-10-02,Occidente,Jalisco,Zapotlanejo,,GASOLINERA SJG SA DE CV,PL/22596/EXP/ES/2019,,23.89,29.14,26.99
2026-10-02,Occidente,Jalisco,Tlaquepaque,,GASOLINERA ALSO SA DE CV,PL/22594/EXP/ES/2019,,23.18,28.98,26.98
2026-10-02,Occidente,Jalisco,Tamazula de Gordiano,,ESTACION DE SERVICIO SOYATLAN SA DE CV,PL/22589/EXP/ES/2019,,23.99,29.88,27.99
2026-10-02,Occidente,Jalisco,Guadalajara,,ESTACION DE SERVICIO LA RESERVA SA DE CV,PL/22583/EXP/ES/2019,,23.99,28.69,27.00
2026-10-02,Occidente,Jalisco,Arandas,,COMBUSTIBLES RIVALVA SA DE CV,PL/22565/EXP/ES/2019,,23.99,28.69,27.00
2026-10-02,Occidente,Jalisco,Guadalajara,,SERVICIO EXTRARAPIDO SA DE CV,PL/2244/EXP/ES/2015,,23.79,28.99,26.99
2026-10-02,Occidente,Jalisco,Tonalá,,ESTACION DE SERVICIO MARROT SA DE CV,PL/22223/EXP/ES/2019,,23.99,29.29,27.00
2026-10-02,Occidente,Jalisco,Zapopan,,COMBUSTRON 1272 SA DE CV,PL/22221/EXP/ES/2019,,23.99,29.89,
2026-10-02,Occidente,Jalisco,San Ignacio Cerro Gordo,,SERVICIOS INTEGRALES DE TLAQUEPAQUE SA DE CV,PL/22158/EXP/ES/2019,,23.70,28.55,26.99
2026-10-02,Occidente,Jalisco,Poncitlán,,SERVICIOS GASOLINEROS DE MEXICO SA DE CV,PL/22157/EXP/ES/2019,,23.99,29.99,27.99
2026-10-02,Occidente,Jalisco,Acatlán de Juárez,,SERVICIOS INTELIGENTES FLOMAR SA DE CV,PL/22067/EXP/ES/2019,,22.99,28.89,26.99
2026-10-02,Occidente,Jalisco,Lagos de Moreno,,MEGA GASOLINERAS SA DE CV,PL/22062/EXP/ES/2019,,23.99,29.99,27.00
2026-10-02,Occidente,Jalisco,Guadalajara,,ALPEZ GAS SA DE CV,PL/22052/EXP/ES/2019,,23.69,29.29,
2026-10-02,Occidente,Jalisco,Tlajomulco de Zúñiga,,SERVICIOS SCDJ SI SA DE CV,PL/21994/EXP/ES/2018,,23.99,27.49,27.00
2026-10-02,Occidente,Jalisco,Lagos de Moreno,,SERVICIOS VICTORIA SA DE CV,PL/2193/EXP/ES/2015,,23.99,28.99,27.00
2026-10-02,Occidente,Jalisco,Lagos de Moreno,,SERVICIOS VICTORIA SA DE CV,PL/2188/EXP/ES/2015,,23.99,28.99,27.00
2026-10-02,Occidente,Jalisco,Tlaquepaque,,SERVICIOS INTELIGENTES FLOMAR SA DE CV,PL/21852/EXP/ES/2018,,22.99,28.69,26.99
2026-10-02,Occidente,Jalisco,Guadalajara,,SERVI GAXMAR SC DE RL DE CV,PL/21851/EXP/ES/2018,,23.95,28.90,26.99
2026-10-02,Occidente,Jalisco,Tonalá,,AUTOESTACIONES DE SERVICIO CPG2 SA DE CV,PL/21844/EXP/ES/2018,,23.95,28.80,
2026-10-02,Occidente,Jalisco,Guadalajara,,ESTACION ARB SA DE CV,PL/2182/EXP/ES/2015,,23.99,28.90,
2026-10-02,Occidente,Jalisco,Guadalajara,,COMBUSTIBLE BELPER SA DE CV,PL/21721/EXP/ES/2018,,23.99,29.97,
2026-10-02,Occidente,Jalisco,Jocotepec,,AUTO SERVICIOS SAN CRISTOBAL SA DE CV,PL/21718/EXP/ES/2018,,23.98,29.49,26.98
2026-10-02,Occidente,Jalisco,Acatic,,GASOLINERA TRIUNFO SA DE CV,PL/2168/EXP/ES/2015,,24.00,28.99,26.99
2026-10-02,Occidente,Jalisco,Tonalá,,GASOLINERA DIXE SA DE CV,PL/21670/EXP/ES/2018,,23.99,27.99,26.95
2026-10-02,Occidente,Jalisco,Guadalajara,,SERVICIO BELISARIO SA DE CV,PL/2167/EXP/ES/2015,,23.99,29.30,27.00
2026-10-02,Occidente,Jalisco,Guadalajara,,COMBUSTIBLES ALCE SA DE CV,PL/21664/EXP/ES/2018,,23.89,26.99,
2026-10-02,Occidente,Jalisco,Ocotlán,,SERVICIOS GASOLINEROS DE MEXICO SA DE CV,PL/21558/EXP/ES/2018,,24.99,29.99,27.99
2026-10-02,Occidente,Jalisco,El Salto,,COMBUSTIBLES HALCON DE MEXICO SA DE CV,PL/21545/EXP/ES/2018,,23.99,29.20,27.00
2026-10-02,Occidente,Jalisco,Amatitán,,ESTACION DE SERVICIO LOS HIJUELOS SA DE CV,PL/21443/EXP/ES/2018,,23.99,29.99,26.99
2026-10-02,Occidente,Jalisco,Arandas,,SERVICIO NORAMA SA DE CV,PL/2142/EXP/ES/2015,,23.70,28.39,27.00
2026-10-02,Occidente,Jalisco,Puerto Vallarta,,COSTCO GAS SA DE CV,PL/21361/EXP/ES/2018,,23.89,29.39,
2026-10-02,Occidente,Jalisco,El Salto,,GASOLINERA ESTACION CAYETANO SA DE CV,PL/21274/EXP/ES/2018,,24.00,29.99,27.00
2026-10-02,Occidente,Jalisco,Zapopan,,LOSA GAS SA DE CV,PL/21122/EXP/ES/2018,,23.99,29.10,
2026-10-02,Occidente,Jalisco,Tlaquepaque,,MONDYAL LAVANT SA DE CV,PL/21072/EXP/ES/2018,,23.99,29.69,27.49
2026-10-02,Occidente,Jalisco,Tepatitlán de Morelos,,ESTACION UNIVERSIDAD DE TEPA SA DE CV,PL/21064/EXP/ES/2018,,24.00,29.35,27.00
2026-10-02,Occidente,Jalisco,Lagos de Moreno,,SERVICIO CALIPSO S DE RL DE CV,PL/21006/EXP/ES/2018,,23.99,29.99,27.00
2026-10-02,Occidente,Jalisco,Zapotiltic,,COMBU-EXPRESS SA DE CV,PL/21004/EXP/ES/2018,,24.00,29.88,27.00
2026-10-02,Occidente,Jalisco,San Julián,,YEFFRANDI S DE RL DE CV,PL/20972/EXP/ES/2018,,23.99,29.99,26.99
2026-10-02,Occidente,Jalisco,Jalostotitlán,,SERVICIO LOS LAGOS SA DE CV,PL/20970/EXP/ES/2018,,23.99,27.97,26.99
2026-10-02,Occidente,Jalisco,Tlaquepaque,,REFINERIA FAOMABIR SA DE CV,PL/20967/EXP/ES/2018,,23.99,29.50,27.00
2026-10-02,Occidente,Jalisco,Zapopan,,GRUPO JGJ-LUAN SA DE CV,PL/20959/EXP/ES/2018,,23.99,29.99,26.99
2026-10-02,Occidente,Jalisco,Lagos de Moreno,,SERVICIOS GASOLINEROS DE MEXICO SA DE CV,PL/20890/EXP/ES/2018,,23.99,29.99,27.00
2026-10-02,Occidente,Jalisco,Tlaquepaque,,GASOLINERAS DIERSA SA DE CV,PL/20886/EXP/ES/2018,,23.99,29.49,26.99
2026-10-02,Occidente,Jalisco,Guadalajara,,COMBUESTACION DE SERVICIOS DEL SUR SA DE CV,PL/20844/EXP/ES/2018,,23.99,29.90,
2026-10-02,Occidente,Jalisco,Cañadas de Obregón,,ROSA MARIA BECERRA RUIZ,PL/20778/EXP/ES/2017,,23.98,,26.98
2026-10-02,Occidente,Jalisco,Tlaquepaque,,COMBUSTIBLES ARCADE SA DE CV,PL/2073/EXP/ES/2015,,23.35,28.69,26.79
2026-10-02,Occidente,Jalisco,Guadalajara,,GASOLINERA PEGASO DE OCCIDENTE SA DE CV,PL/2072/EXP/ES/2015,,23.35,28.69,26.79
2026-10-02,Occidente,Jalisco,La Barca,,INMOBILIARIA SAMICH SA DE CV,PL/20671/EXP/ES/2017,,23.77,28.88,26.88
2026-10-02,Occidente,Jalisco,Guadalajara,,ESTACION DE SERVICIO EJERCITO SA DE CV,PL/20666/EXP/ES/2017,,23.89,29.76,27.00
2026-10-02,Occidente,Jalisco,Guadalajara,,FLORENCIA 1000 SA DE CV,PL/20613/EXP/ES/2017,,23.98,28.98,
2026-10-02,Occidente,Jalisco,Guadalajara,,SIMBA EXPRESS SA DE CV,PL/20584/EXP/ES/2017,,23.99,29.99,
2026-10-02,Occidente,Jalisco,Ixtlahuacán del Río,,ORGANIZACION LA LUNA SA DE CV,PL/2058/EXP/ES/2015,,23.99,29.99,27.00
2026-10-02,Occidente,Jalisco,Guadalajara,,SERVIEXPRESS 5 DE MAYO S DE RL DE CV,PL/20549/EXP/ES/2017,,23.39,28.69,
2026-10-02,Occidente,Jalisco,San Juan de los Lagos,,OPERADORA DE COMBUSTIBLES SAN JUAN SA DE CV,PL/2051/EXP/ES/2015,,23.99,28.49,26.98
2026-10-02,Occidente,Jalisco,San Juan de los Lagos,,SERVICIOS GASOLINEROS DE MEXICO SA DE CV,PL/20495/EXP/ES/2017,,23.99,29.99,27.00
2026-10-02,Occidente,Jalisco,Ocotlán,,GASOLINERA LOS PIRULES SA DE CV,PL/20493/EXP/ES/2017,,23.99,29.79,26.99
2026-10-02,Occidente,Jalisco,Tlajomulco de Zúñiga,,TLAJOGAS SA DE CV,PL/20456/EXP/ES/2017,,23.90,29.70,26.90
2026-10-02,Occidente,Jalisco,Guadalajara,,ESTACION 5 DE FEBRERO SA DE CV,PL/20443/EXP/ES/2017,,23.89,28.97,27.00
2026-10-02,Occidente,Jalisco,Puerto Vallarta,,GASOLINERA LOS VECINOS SA DE CV,PL/20333/EXP/ES/2017,,23.99,29.99,27.00
2026-10-02,Occidente,Jalisco,Puerto Vallarta,,SERVICIO LOS POETAS SA DE CV,PL/20290/EXP/ES/2017,,24.49,29.59,27.49
2026-10-02,Occidente,Jalisco,Tototlán,,SERVICIOS GASOLINEROS DE MEXICO SA DE CV,PL/20242/EXP/ES/2017,,23.99,29.99,27.00
2026-10-02,Occidente,Jalisco,Valle de Guadalupe,,ESTACION GM SA DE CV,PL/20233/EXP/ES/2017,,23.95,29.26,27.25
2026-10-02,Occidente,Jalisco,Tlaquepaque,,GUSTAVO CORDOVA LOUSTAUNAU,PL/20208/EXP/ES/2017,,23.99,29.49,26.99
2026-10-02,Occidente,Jalisco,Teocaltiche,,SERVICIOS AUTOENERGETICOS CAMPOS SA DE CV,PL/20189/EXP/ES/2017,,24.00,28.95,27.00
2026-10-02,Occidente,Jalisco,Sayula,,SERVICIO TECHALUTA SA DE CV,PL/20119/EXP/ES/2017,,23.99,28.90,27.00
2026-10-02,Occidente,Jalisco,Guadalajara,,SERVICIO CAMPER SA DE CV,PL/2011/EXP/ES/2015,,24.09,29.89,27.09
2026-10-02,Occidente,Jalisco,Tlajomulco de Zúñiga,,SERVICIO FAPILO SA DE CV,PL/2007/EXP/ES/2015,,23.99,29.79,26.99
2026-10-02,Occidente,Jalisco,Lagos de Moreno,,DORADO MOTORS SA DE CV,PL/20060/EXP/ES/2017,,24.00,29.99,27.24
2026-10-02,Occidente,Jalisco,Guadalajara,,COMBUSTIBLES EL AMIAL SA DE CV,PL/20059/EXP/ES/2017,,23.99,29.49,27.00
2026-10-02,Occidente,Jalisco,Tonalá,,COMBUSTIBLES CHURUMUCO SA DE CV,PL/2005/EXP/ES/2015,,23.99,29.49,
2026-10-02,Occidente,Jalisco,Zapopan,,SERVICIO RAYO SA DE CV,PL/2004/EXP/ES/2015,,23.99,29.79,
2026-10-02,Occidente,Jalisco,Zapopan,,COMBUSTIBLES TAFIRUL SA DE CV,PL/2003/EXP/ES/2015,,23.99,29.99,
2026-10-02,Occidente,Jalisco,Zapopan,,ESTACION DE SERVICIO PATRIA UNIVERSIDAD SA DE CV,PL/2002/EXP/ES/2015,,23.99,29.98,27.00
2026-10-02,Occidente,Jalisco,Tlajomulco de Zúñiga,,COMBUSTIBLES POPOYOTE SA DE CV,PL/2001/EXP/ES/2015,,23.99,29.99,27.29
2026-10-02,Occidente,Jalisco,Pihuamo,,COMBUSTIBLES EL RELICARIO SA DE CV,PL/19998/EXP/ES/2017,,23.99,28.70,27.00
2026-10-02,Occidente,Jalisco,Zapopan,,COMBUSTIBLES TRITON SA DE CV,PL/1999/EXP/ES/2015,,23.99,29.99,27.29
2026-10-02,Occidente,Jalisco,Tlaquepaque,,SERVICIOS GASOLINEROS DE MEXICO SA DE CV,PL/1998/EXP/ES/2015,,23.99,29.99,27.00
2026-10-02,Occidente,Jalisco,Tonalá,,GASOLINERIA SAN JUAN PABLO SEGUNDO SA DE CV,PL/19971/EXP/ES/2017,,23.99,28.99,26.99
2026-10-02,Occidente,Jalisco,Zapotiltic,,SERVICIO CERCA LIZA SA DE CV,PL/1997/EXP/ES/2015,,23.99,29.88,27.99
2026-10-02,Occidente,Jalisco,Tala,,GASOLINERA FEMARA SA DE CV,PL/19969/EXP/ES/2017,,23.86,29.49,26.99
2026-10-02,Occidente,Jalisco,Zapopan,,COMBUSTIBLES MELAMENGAMBREAS SA DE CV,PL/1996/EXP/ES/2015,,23.99,29.99,
2026-10-02,Occidente,Jalisco,Guadalajara,,GASOABASTECIMIENTO DE GUADALAJARA SA DE CV,PL/19943/EXP/ES/2017,,23.98,29.65,27.00
2026-10-02,Occidente,Jalisco,Tuxpan,,SUPER SERVICIO TUXPAN SA DE CV,PL/1994/EXP/ES/2015,,23.99,29.88,27.99
2026-10-02,Occidente,Jalisco,Zapopan,,SERVICIOS GASOLINEROS DE MEXICO SA DE CV,PL/1993/EXP/ES/2015,,23.99,29.99,
2026-10-02,Occidente,Jalisco,Zapotlanejo,,ESTACION DE SERVICIO MAXIPISTA TAPATIA SA DE CV,PL/1991/EXP/ES/2015,,23.99,29.99,27.29
2026-10-02,Occidente,Jalisco,Guadalajara,,GASOLINERA MOCHICAHUI SA DE CV,PL/19902/EXP/ES/2017,,23.98,28.98,26.98
2026-10-02,Occidente,Jalisco,Zapopan,,COMBUSTIBLES CENTAURO SA DE CV,PL/1990/EXP/ES/2015,,23.99,29.99,
2026-10-02,Occidente,Jalisco,Tlajomulco de Zúñiga,,COMBUSTIBLES POSEIDON SA DE CV,PL/1989/EXP/ES/2015,,23.99,29.99,
2026-10-02,Occidente,Jalisco,Tlaquepaque,,SERVICIOS GASOLINEROS DE MEXICO SA DE CV,PL/1988/EXP/ES/2015,,23.99,29.99,27.00
2026-10-02,Occidente,Jalisco,Guadalajara,,PICO DE LAMAS SA DE CV,PL/1987/EXP/ES/2015,,23.49,28.89,26.99
2026-10-02,Occidente,Jalisco,Tlaquepaque,,SERVICIOS GASOLINEROS DE MEXICO SA DE CV,PL/1986/EXP/ES/2015,,23.99,29.99,27.00
2026-10-02,Occidente,Jalisco,Tlajomulco de Zúñiga,,SERVICIOS GASOLINEROS DE MEXICO SA DE CV,PL/1985/EXP/ES/2015,,24.99,29.99,
2026-10-02,Occidente,Jalisco,Tonalá,,SERVICIO PERITALA SA DE CV,PL/1983/EXP/ES/2015,,23.99,28.99,26.89
2026-10-02,Occidente,Jalisco,Tlajomulco de Zúñiga,,EUCALIPTOS DEL VALLE SA DE CV,PL/19828/EXP/ES/2016,,23.99,29.19,26.99
2026-10-02,Occidente,Jalisco,Zapopan,,COMBUSTIBLES MINOTAURO SA DE CV,PL/1982/EXP/ES/2015,,23.99,29.99,
2026-10-02,Occidente,Jalisco,Guadalajara,,ESTACION LA 74 SA DE CV,PL/19819/EXP/ES/2016,,23.99,28.99,
2026-10-02,Occidente,Jalisco,Zapotlanejo,,ESTACION DE SERVICIO LA ARENA SA DE CV,PL/1980/EXP/ES/2015,,24.00,29.40,26.96
2026-10-02,Occidente,Jalisco,Zapopan,,ABC FUEL SERVICES S DE RL DE CV,PL/19792/EXP/ES/2016,,23.99,28.99,
2026-10-02,Occidente,Jalisco,Huejúcar,,GRUPO CORPORATIVO ALMA SA DE CV,PL/1979/EXP/ES/2015,,23.99,28.75,27.00
2026-10-02,Occidente,Jalisco,Acatlán de Juárez,,ESTACION DE SERVICIO COMBUMET SA DE CV,PL/19759/EXP/ES/2016,,24.00,29.89,26.99
2026-10-02,Occidente,Jalisco,Tlajomulco de Zúñiga,,OPERADORA DE SERVICIOS EN MOVILIDAD SA DE CV,PL/19754/EXP/ES/2016,,22.99,28.69,26.99
2026-10-02,Occidente,Jalisco,Zapotlanejo,,GASOLINERA LAS VENADAS SA DE CV,PL/19748/EXP/ES/2016,,23.99,27.99,26.99
2026-10-02,Occidente,Jalisco,Tlaquepaque,,IMPEROGAS SA DE CV,PL/19731/EXP/ES/2016,,22.99,28.69,26.99
2026-10-02,Occidente,Jalisco,Tlajomulco de Zúñiga,,JORIMAR GASOLINEROS SA DE CV,PL/19730/EXP/ES/2016,,22.99,27.99,26.99
2026-10-02,Occidente,Jalisco,Zapotlán del Rey,,COMBU-EXPRESS SA DE CV,PL/19711/EXP/ES/2016,,23.99,29.89,27.00
2026-10-02,Occidente,Jalisco,Magdalena,,SERVICIO MAGDALENA SA DE CV,PL/1971/EXP/ES/2015,,23.99,29.99,27.00
2026-10-02,Occidente,Jalisco,Tequila,,COMBU-EXPRESS SA DE CV,PL/19709/EXP/ES/2016,,23.99,29.59,27.00
2026-10-02,Occidente,Jalisco,Magdalena,,ESTACION SAN ANDRES SA DE CV,PL/1969/EXP/ES/2015,,23.99,29.99,27.00
2026-10-02,Occidente,Jalisco,Tlaquepaque,,PETROMAX SA DE CV,PL/19682/EXP/ES/2016,,23.99,29.99,
2026-10-02,Occidente,Jalisco,Tonalá,,GRUPO VEDOGAS SA DE CV,PL/1966/EXP/ES/2015,,23.99,29.79,26.99
2026-10-02,Occidente,Jalisco,Acatlán de Juárez,,ARGUS GASOLINERA SA DE CV,PL/19618/EXP/ES/2016,,23.98,29.48,27.00
2026-10-02,Occidente,Jalisco,Tepatitlán de Morelos,,ESTACION GM SA DE CV,PL/19617/EXP/ES/2016,,23.99,29.25,27.25
2026-10-02,Occidente,Jalisco,Zapopan,,SERVICIO REAL ACUEDUCTO SA DE CV,PL/19613/EXP/ES/2016,,23.99,29.55,
2026-10-02,Occidente,Jalisco,El Salto,,SERVICIOS GASOLINEROS DE MEXICO SA DE CV,PL/1961/EXP/ES/2015,,23.99,29.99,27.00
2026-10-02,Occidente,Jalisco,Zapopan,,SERVICIO NECTAR 58 SA DE CV,PL/19569/EXP/ES/2016,,23.99,28.99,26.99
2026-10-02,Occidente,Jalisco,Lagos de Moreno,,SERVICIOS GASOLINEROS DE MEXICO SA DE CV,PL/19524/EXP/ES/2016,,23.99,29.99,27.00
2026-10-02,Occidente,Jalisco,Tlaquepaque,,AUTOSERVICIO GASHR SA DE CV,PL/1952/EXP/ES/2015,,23.99,29.49,
2026-10-02,Occidente,Jalisco,Valle de Guadalupe,,SERVICIOS GASOLINEROS DE MEXICO SA DE CV,PL/19516/EXP/ES/2016,,24.99,29.99,27.00
2026-10-02,Occidente,Jalisco,Zapopan,,COMBUSTIBLES PAVILLON SA DE CV,PL/1950/EXP/ES/2015,,23.99,29.99,
2026-10-02,Occidente,Jalisco,Zapopan,,COMBUSTIBLES MILLENIUM SA DE CV,PL/1947/EXP/ES/2015,,23.99,29.99,27.29
2026-10-02,Occidente,Jalisco,Jamay,,"PETRO SERVICENTRO, S.A. DE C.V.",PL/19450/EXP/ES/2016,,23.99,29.78,26.99
2026-10-02,Occidente,Jalisco,Zapotlanejo,,ESTACION DE SERVICIO MAXIPISTA TAPATIA SA DE CV,PL/1945/EXP/ES/2015,,23.99,29.99,27.29
2026-10-02,Occidente,Jalisco,Jamay,,"PETRO SERVICENTRO, S.A. DE C.V.",PL/19449/EXP/ES/2016,,23.99,29.78,26.99
2026-10-02,Occidente,Jalisco,Tonalá,,CONSORCIO DE HIDROCARBUROS VILLALOBOS SA DE CV,PL/19446/EXP/ES/2016,,23.85,28.95,27.00
2026-10-02,Occidente,Jalisco,Zapopan,,RINCON ENERGETICO SA DE CV,PL/1944/EXP/ES/2015,,23.49,28.89,26.99
2026-10-02,Occidente,Jalisco,Tamazula de Gordiano,,SERVICIO MENDEZ IBAÑEZ SA DE CV,PL/1943/EXP/ES/2015,,23.99,29.88,27.99
2026-10-02,Occidente,Jalisco,Lagos de Moreno,,SERVICIO HUSARES DE LA UNION SA DE CV,PL/19417/EXP/ES/2016,,23.99,29.50,26.99
2026-10-02,Occidente,Jalisco,Jesús María,,SERVICIO CAMARENA SA DE CV,PL/1940/EXP/ES/2015,,23.65,28.80,26.99
2026-10-02,Occidente,Jalisco,Zapotlanejo,,ENERGETICA  PETROJAL SA DE CV,PL/1937/EXP/ES/2015,,24.00,29.99,27.50
2026-10-02,Occidente,Jalisco,Tonalá,,GASOLINERA SANTA PAULA SA DE CV,PL/19324/EXP/ES/2016,,23.99,29.95,26.99
2026-10-02,Occidente,Jalisco,San Juan de los Lagos,,MULTISERVICIOS ALTOS NORTE SA DE CV,PL/19305/EXP/ES/2016,,24.00,29.49,27.24
2026-10-02,Occidente,Jalisco,Puerto Vallarta,,SERVICIO APOLO SA DE CV,PL/1930/EXP/ES/2015,,24.49,28.89,27.96
2026-10-02,Occidente,Jalisco,Tlajomulco de Zúñiga,,COMBUSTIBLES ECCO SA DE CV,PL/19293/EXP/ES/2016,,23.94,28.50,26.95
2026-10-02,Occidente,Jalisco,Tlajomulco de Zúñiga,,SERVICIO SANTA ANITA SA DE CV,PL/1926/EXP/ES/2015,,23.99,29.79,27.00
2026-10-02,Occidente,Jalisco,Tonalá,,SUMINISTROS DE GASOLINA DIEZ SA DE CV,PL/19252/EXP/ES/2016,,23.99,29.79,26.99
2026-10-02,Occidente,Jalisco,Jocotepec,,SERVICIO CARRETERO JOCOTEPEC SA DE CV,PL/1924/EXP/ES/2015,,23.99,29.29,26.99
2026-10-02,Occidente,Jalisco,San Juan de los Lagos,,GASOLINERA EL PAISA SA DE CV,PL/19231/EXP/ES/2016,,23.99,28.49,
2026-10-02,Occidente,Jalisco,Tlajomulco de Zúñiga,,SERVICIOS GOMAR SA DE CV,PL/19220/EXP/ES/2016,,22.99,28.69,26.99
2026-10-02,Occidente,Jalisco,Cuquío,,COMBUSTIBLES EL CUATRO SA DE CV,PL/19216/EXP/ES/2016,,23.48,,26.77
2026-10-02,Occidente,Jalisco,Guadalajara,,COMBUSTIBLES MEDRANO SA DE CV,PL/19188/EXP/ES/2016,,23.99,29.49,27.00
2026-10-02,Occidente,Jalisco,Tlaquepaque,,MINATORE Y PIOGGIA SA DE CV,PL/1915/EXP/ES/2015,,22.95,28.48,26.98
2026-10-02,Occidente,Jalisco,Guadalajara,,CORPOGASCHAPALITA SA DE CV,PL/19142/EXP/ES/2016,,23.99,29.89,
2026-10-02,Occidente,Jalisco,Tala,,GASO TALA SA DE CV,PL/19122/EXP/ES/2016,,23.98,29.98,26.99
2026-10-02,Occidente,Jalisco,Guadalajara,,GASOSERVICIO OILGAS EXPRESS SA DE CV,PL/19120/EXP/ES/2016,,23.98,29.99,
2026-10-02,Occidente,Jalisco,Zapopan,,ECOESTACION DE COMBUSTIBLES SA DE CV,PL/19030/EXP/ES/2016,,23.99,28.99,26.99
2026-10-02,Occidente,Jalisco,Jesús María,,SERVICIO BETULIA S DE RL DE CV,PL/18960/EXP/ES/2016,,24.00,29.00,27.00
2026-10-02,Occidente,Jalisco,Zapopan,,SERVICIO PASO REAL SA DE CV,PL/18919/EXP/ES/2016,,24.49,29.59,26.99
2026-10-02,Occidente,Jalisco,Guadalajara,,GASOLINERA CUDEA SA DE CV,PL/1890/EXP/ES/2015,,23.99,29.49,26.99
2026-10-02,Occidente,Jalisco,Tlaquepaque,,GASOLINERA CUDEA SA DE CV,PL/1887/EXP/ES/2015,,23.99,29.49,26.99
2026-10-02,Occidente,Jalisco,Guadalajara,,GASOLINERA CUDEA SA DE CV,PL/1884/EXP/ES/2015,,23.99,29.49,26.99
2026-10-02,Occidente,Jalisco,Tlaquepaque,,ORGANIZACION LA LUNA SA DE CV,PL/1883/EXP/ES/2015,,23.99,23.99,27.00
2026-10-02,Occidente,Jalisco,Tlaquepaque,,GASOLINERA CUDEA SA DE CV,PL/1882/EXP/ES/2015,,24.00,29.50,27.00
2026-10-02,Occidente,Jalisco,Zapopan,,SERVICIO EXTRARAPIDO SA DE CV,PL/1865/EXP/ES/2015,,23.99,28.99,26.99
2026-10-02,Occidente,Jalisco,Teocaltiche,,SERVICIO MARTINEZ GONZALEZ SA DE CV,PL/1847/EXP/ES/2015,,24.00,29.30,27.00
2026-10-02,Occidente,Jalisco,Tlaquepaque,,ESTACION DE SERVICIOS PUNTO SUR SA DE CV,PL/1842/EXP/ES/2015,,23.99,29.28,26.99
2026-10-02,Occidente,Jalisco,San Miguel el Alto,,ESTACION JH SA DE CV,PL/1808/EXP/ES/2015,,23.99,28.88,26.99
2026-10-02,Occidente,Jalisco,Zapopan,,GAXCO OBELISCO SA DE CV,PL/1807/EXP/ES/2015,,23.89,28.99,
2026-10-02,Occidente,Jalisco,Unión de San Antonio,,SERVICIO HUSARES DE LA UNION SA DE CV,PL/1806/EXP/ES/2015,,23.99,29.64,26.99
2026-10-02,Occidente,Jalisco,Tepatitlán de Morelos,,PETRO SAN JUAN SA DE CV,PL/1805/EXP/ES/2015,,23.99,28.99,26.99
2026-10-02,Occidente,Jalisco,Lagos de Moreno,,SERVICIO OCCIDENTAL REFSA SA DE CV,PL/1801/EXP/ES/2015,,23.99,29.19,27.00
2026-10-02,Occidente,Jalisco,Tonalá,,SERVICIO AUTOMOTRIZ JEMA SA DE CV,PL/1795/EXP/ES/2015,,23.99,29.49,27.00
2026-10-02,Occidente,Jalisco,Lagos de Moreno,,SERVICIO CALIPSO S DE RL DE CV,PL/1793/EXP/ES/2015,,23.99,29.99,27.00
2026-10-02,Occidente,Jalisco,Puerto Vallarta,,GASOLINERA LOS VECINOS SA DE CV,PL/1787/EXP/ES/2015,,23.99,29.99,27.00
2026-10-02,Occidente,Jalisco,El Salto,,GASOFIA SA DE CV,PL/1786/EXP/ES/2015,,23.99,29.70,27.00
2026-10-02,Occidente,Jalisco,Guadalajara,,GASOLINERA SANTA BARBARA SA DE CV,PL/1785/EXP/ES/2015,,23.57,29.30,27.00
2026-10-02,Occidente,Jalisco,Guadalajara,,TRENOGAS SA DE CV,PL/1784/EXP/ES/2015,,23.99,29.70,27.00
2026-10-02,Occidente,Jalisco,Tlaquepaque,,GASOVIA SA DE CV,PL/1783/EXP/ES/2015,,23.99,27.00,27.00
2026-10-02,Occidente,Jalisco,Guadalajara,,VALES FUSION SA DE CV,PL/1782/EXP/ES/2015,,23.99,29.70,
2026-10-02,Occidente,Jalisco,Tlajomulco de Zúñiga,,COMBUSTION PALMARES SA DE CV,PL/1780/EXP/ES/2015,,23.99,29.70,
2026-10-02,Occidente,Jalisco,Tlaquepaque,,SERVICIO PRECIADO MARTINEZ SA DE CV,PL/1778/EXP/ES/2015,,23.99,29.70,27.00
2026-10-02,Occidente,Jalisco,Teocaltiche,,SERVICIO PADILLA MARQUEZ SA DE CV,PL/1771/EXP/ES/2015,,24.00,29.00,27.00
2026-10-02,Occidente,Jalisco,Tepatitlán de Morelos,,SERVICIO RAMIREZ DE TEPATITLAN SA DE CV,PL/1766/EXP/ES/2015,,23.59,28.99,26.84
2026-10-02,Occidente,Jalisco,Tepatitlán de Morelos,,MINI ESTACION TEPA SA DE CV,PL/1764/EXP/ES/2015,,23.99,28.99,
2026-10-02,Occidente,Jalisco,Tlajomulco de Zúñiga,,GASOLINERA CASCO HERMANOS SA DE CV,PL/1763/EXP/ES/2015,,23.99,28.99,26.99
2026-10-02,Occidente,Jalisco,Tepatitlán de Morelos,,SUPER SERVICIO TEPATITLAN SA DE CV,PL/1761/EXP/ES/2015,,23.99,28.99,
2026-10-02,Occidente,Jalisco,Zapopan,,GAXCOPETROL DE MEXICO SA DE CV,PL/1760/EXP/ES/2015,,23.69,28.99,
2026-10-02,Occidente,Jalisco,Tepatitlán de Morelos,,SERVICIO RAMIREZ DE TEPATITLAN SA DE CV,PL/1757/EXP/ES/2015,,23.59,28.99,
2026-10-02,Occidente,Jalisco,Zapopan,,SERVICIO BASE AEREA SA DE CV,PL/1756/EXP/ES/2015,,23.79,28.79,
2026-10-02,Occidente,Jalisco,Tlajomulco de Zúñiga,,GASOLINERA SAN MIGUEL SA DE CV,PL/1752/EXP/ES/2015,,23.99,29.97,26.99
2026-10-02,Occidente,Jalisco,Unión de Tula,,GASOLINERA CUATRO ESTRELLAS SA DE CV,PL/1750/EXP/ES/2015,,24.49,29.96,27.49
2026-10-02,Occidente,Jalisco,Villa Hidalgo,,SERVICIO SOTO SANTANA SA DE CV,PL/1740/EXP/ES/2015,,23.99,29.20,27.00
2026-10-02,Occidente,Jalisco,Tlajomulco de Zúñiga,,GRUPO G&G DE OCCIDENTE SA DE CV,PL/1739/EXP/ES/2015,,23.89,29.29,27.00
2026-10-02,Occidente,Jalisco,La Barca,,CALUFER SA DE CV,PL/1735/EXP/ES/2015,,23.99,29.59,26.86
2026-10-02,Occidente,Jalisco,La Barca,,CALUFER SA DE CV,PL/1734/EXP/ES/2015,,23.99,29.89,26.86
2026-10-02,Occidente,Jalisco,La Barca,,DISTRIBUIDORA ABREVADERO SA DE CV,PL/1733/EXP/ES/2015,,23.99,28.59,
2026-10-02,Occidente,Jalisco,Jamay,,CEFEVIG SA DE CV,PL/1732/EXP/ES/2015,,23.89,,26.86
2026-10-02,Occidente,Jalisco,Zapopan,,SUPER SERVICIO CIUDAD GRANJA SA DE CV,PL/1726/EXP/ES/2015,,23.98,29.99,26.99
2026-10-02,Occidente,Jalisco,Guadalajara,,SERVICIO PATRIA SA DE CV,PL/1725/EXP/ES/2015,,23.99,28.69,
2026-10-02,Occidente,Jalisco,Zapopan,,GASOLINERA LA MORENA SA DE CV,PL/1719/EXP/ES/2015,,23.99,29.70,
2026-10-02,Occidente,Jalisco,Tlajomulco de Zúñiga,,ORGANIZACION LA LUNA SA DE CV,PL/1712/EXP/ES/2015,,23.99,29.99,27.00
2026-10-02,Occidente,Jalisco,Ojuelos de Jalisco,,COMBUSTIBLES Y LUBRICANTES OJUELOS SA DE CV,PL/1710/EXP/ES/2015,,23.99,29.49,27.29
2026-10-02,Occidente,Jalisco,Ojuelos de Jalisco,,COMBUSTIBLES Y LUBRICANTES OJUELOS SA DE CV,PL/1706/EXP/ES/2015,,23.99,29.49,27.29
2026-10-02,Occidente,Jalisco,Puerto Vallarta,,SERVICIOS GASORO SA DE CV,PL/1700/EXP/ES/2015,,23.99,28.99,27.00
2026-10-02,Occidente,Jalisco,Tecolotlán,,ORGANIZACION LA LUNA SA DE CV,PL/1697/EXP/ES/2015,,23.99,29.99,27.00
2026-10-02,Occidente,Jalisco,Zapopan,,CORPORATIVO VENTA DEL ASTILLERO SA DE CV,PL/1688/EXP/ES/2015,,23.97,29.77,26.97
2026-10-02,Occidente,Jalisco,Tlajomulco de Zúñiga,,ESTACION DE SERVICIO ROPER SA DE CV,PL/1673/EXP/ES/2015,,23.99,29.99,26.99
2026-10-02,Occidente,Jalisco,Tlajomulco de Zúñiga,,SUPER SERVICIO LA CONCHA SA DE CV,PL/1671/EXP/ES/2015,,24.00,28.20,
2026-10-02,Occidente,Jalisco,Guadalajara,,GASOLINERA BELISARIO DOMINGUEZ SA DE CV,PL/1670/EXP/ES/2015,,23.99,29.49,
2026-10-02,Occidente,Jalisco,Zapopan,,MULTISERVICIO LA CALMA SA DE CV,PL/1669/EXP/ES/2015,,23.49,28.99,
2026-10-02,Occidente,Jalisco,Guadalajara,,MULTISERVICIO CALZADA SA DE CV,PL/1668/EXP/ES/2015,,22.99,27.99,26.99
2026-10-02,Occidente,Jalisco,Guadalajara,,GASOLINERA ESTEBAN ALATORRE SA DE CV,PL/1667/EXP/ES/2015,,23.99,28.99,26.99
2026-10-02,Occidente,Jalisco,San Juan de los Lagos,,SERVICIOS EL HUIZACHE SA DE CV,PL/1651/EXP/ES/2015,,23.99,28.49,26.98
2026-10-02,Occidente,Jalisco,Jalostotitlán,,SERVICIO GALLARDO DE ALBA SA DE CV,PL/1650/EXP/ES/2015,,23.99,28.49,26.98
2026-10-02,Occidente,Jalisco,Zapopan,,GASOLINERA CUDEA SA DE CV,PL/1646/EXP/ES/2015,,23.99,29.69,26.99
2026-10-02,Occidente,Jalisco,Zapopan,,SERVICIO LAS FUENTES SA DE CV,PL/1645/EXP/ES/2015,,24.00,29.59,
2026-10-02,Occidente,Jalisco,Zapopan,,ANDUL OIL SA DE CV,PL/1644/EXP/ES/2015,,23.99,28.99,
2026-10-02,Occidente,Jalisco,Zapotlán el Grande,,RAGONZVILL SA DE CV,PL/1640/EXP/ES/2015,,24.35,29.90,27.35
2026-10-02,Occidente,Jalisco,Acatlán de Juárez,,SERVICIOS GASOLINEROS DE MEXICO SA DE CV,PL/1639/EXP/ES/2015,,23.99,29.99,27.99
2026-10-02,Occidente,Jalisco,Lagos de Moreno,,ESTACION BETULIA SA DE CV,PL/1637/EXP/ES/2015,,23.99,,27.00
2026-10-02,Occidente,Jalisco,Guadalajara,,COMBUSTIBLES SUPREMOS SA DE CV,PL/1631/EXP/ES/2015,,23.89,29.29,26.99
2026-10-02,Occidente,Jalisco,La Barca,,SERVICIO LA BARCA SA DE CV,PL/1628/EXP/ES/2015,,23.77,28.88,26.88
2026-10-02,Occidente,Jalisco,Tlaquepaque,,GASOLINERA SAN RAFAEL SA DE CV,PL/1587/EXP/ES/2015,,23.99,29.39,27.00
2026-10-02,Occidente,Jalisco,Puerto Vallarta,,GASOLINERIA ORO DE VALLARTA SA DE CV,PL/1585/EXP/ES/2015,,23.99,28.99,27.00
2026-10-02,Occidente,Jalisco,Tlajomulco de Zúñiga,,SERVICIO SAN JOSE DEL VALLE DOS SA DE CV,PL/1584/EXP/ES/2015,,23.99,29.19,
2026-10-02,Occidente,Jalisco,Tlajomulco de Zúñiga,,SERVICIOS SAN JOSE DEL VALLE SA DE CV,PL/1583/EXP/ES/2015,,23.99,29.78,
2026-10-02,Occidente,Jalisco,Zapopan,,ESTACION DE SERVICIO NACIONES UNIDAS SA DE CV,PL/1574/EXP/ES/2015,,23.99,29.99,26.99
2026-10-02,Occidente,Jalisco,Sayula,,COMBU-EXPRESS SA DE CV,PL/1548/EXP/ES/2015,,23.99,29.49,
2026-10-02,Occidente,Jalisco,Zapopan,,SERVICIOS GASOLINEROS DE MEXICO SA DE CV,PL/1538/EXP/ES/2015,,23.99,29.99,
2026-10-02,Occidente,Jalisco,Guadalajara,,SERVICIOS GASOLINEROS DE MEXICO SA DE CV,PL/1497/EXP/ES/2015,,23.99,29.99,
2026-10-02,Occidente,Jalisco,Guadalajara,,SERVICIOS GASOLINEROS DE MEXICO SA DE CV,PL/1496/EXP/ES/2015,,23.99,29.99,
2026-10-02,Occidente,Jalisco,La Barca,,GASOLINERA MORENO ROJAS SA DE CV,PL/1491/EXP/ES/2015,,23.77,28.88,26.88
2026-10-02,Occidente,Jalisco,Ayotlán,,SERVICIO D SOTO SA DE CV,PL/1490/EXP/ES/2015,,23.98,29.98,27.45
2026-10-02,Occidente,Jalisco,Tlaquepaque,,SERVICIO LAS PIEDROTAS SA DE CV,PL/1488/EXP/ES/2015,,23.99,29.49,
2026-10-02,Occidente,Jalisco,Zapopan,,IVAN GARCIA ARCE,PL/1474/EXP/ES/2015,,23.99,29.46,27.00
2026-10-02,Occidente,Jalisco,Teocaltiche,,SERVICIO TEOCALTICHE SA DE CV,PL/1473/EXP/ES/2015,,24.00,,27.00
2026-10-02,Occidente,Jalisco,Teocaltiche,,GASOLINERA ROMO SA DE CV,PL/1471/EXP/ES/2015,,24.00,29.60,27.00
2026-10-02,Occidente,Jalisco,Guadalajara,,BECKTROP GDL SA DE CV,PL/1463/EXP/ES/2015,,23.99,29.49,
2026-10-02,Occidente,Jalisco,Zapopan,,COMBUSTIBLES PALMA REAL SA DE CV,PL/1462/EXP/ES/2015,,23.99,29.39,27.00
2026-10-02,Occidente,Jalisco,San Juan de los Lagos,,SERVICIO EL PEDREGOSO SA DE CV,PL/1461/EXP/ES/2015,,23.99,28.49,26.98
2026-10-02,Occidente,Jalisco,San Juan de los Lagos,,SERVICIO MALECON SAN JUAN SA DE CV,PL/1460/EXP/ES/2015,,23.99,28.49,
2026-10-02,Occidente,Jalisco,Guadalajara,,COMBU-EXPRESS SA DE CV,PL/1449/EXP/ES/2015,,23.99,29.49,
2026-10-02,Occidente,Jalisco,Zapopan,,GASOLINERA CONSTITUCION SA DE CV,PL/1421/EXP/ES/2015,,23.79,28.89,
2026-10-02,Occidente,Jalisco,Zapopan,,IVAN GARCIA ARCE,PL/1406/EXP/ES/2015,,23.99,29.65,
2026-10-02,Occidente,Jalisco,Atengo,,GASOLINERA ATENGO SA DE CV,PL/1400/EXP/ES/2015,,24.49,,27.49
2026-10-02,Occidente,Jalisco,Tlajomulco de Zúñiga,,JORIMAR GASOLINEROS SA DE CV,PL/13724/EXP/ES/2016,,22.99,28.69,26.99
2026-10-02,Occidente,Jalisco,Guadalajara,,GASOLINERIA LEADER DUCE EXPRESS SA DE CV,PL/13720/EXP/ES/2016,,23.99,29.51,
2026-10-02,Occidente,Jalisco,Zapopan,,PETROMAX SA DE CV,PL/13716/EXP/ES/2016,,24.59,29.99,
2026-10-02,Occidente,Jalisco,Zapotlanejo,,SERVICIO GASOLINERO SANTA TERESA SA DE CV,PL/13715/EXP/ES/2016,,24.00,29.49,27.00
2026-10-02,Occidente,Jalisco,Tlaquepaque,,GASOLINERA TAPATIA SA DE CV,PL/1371/EXP/ES/2015,,23.99,29.65,27.00
2026-10-02,Occidente,Jalisco,Atotonilco el Alto,,SERVICIOS GASOLINEROS DE MEXICO SA DE CV,PL/1370/EXP/ES/2015,,24.99,29.99,27.00
2026-10-02,Occidente,Jalisco,San Juan de los Lagos,,SERVICIO MARTIN TOSTADO SA DE CV,PL/13668/EXP/ES/2016,,23.99,28.50,27.00
2026-10-02,Occidente,Jalisco,El Limón,,GASOLINERA EL LIMON SA DE CV,PL/1363/EXP/ES/2015,,24.25,28.87,26.98
2026-10-02,Occidente,Jalisco,Zapopan,,GASOLIO SA DE CV,PL/13597/EXP/ES/2016,,23.99,29.50,26.99
2026-10-02,Occidente,Jalisco,San Diego de Alejandría,,JOSE MA. GODOY SANCHEZ,PL/13546/EXP/ES/2016,,23.99,28.80,27.00
2026-10-02,Occidente,Jalisco,Guadalajara,,SERVICIO BANDERA SA DE CV,PL/1349/EXP/ES/2015,,23.99,29.89,26.99
2026-10-02,Occidente,Jalisco,Valle de Juárez,,LUIS BAUTISTA ZEPEDA,PL/13489/EXP/ES/2016,,24.45,,27.55
2026-10-02,Occidente,Jalisco,Autlán de Navarro,,GASOLINERA LUPITA SA DE CV,PL/1340/EXP/ES/2015,,23.98,29.88,26.98
2026-10-02,Occidente,Jalisco,El Salto,,SERVICIOS GASOLINEROS DE MEXICO SA DE CV,PL/1339/EXP/ES/2015,,23.99,29.99,27.00
2026-10-02,Occidente,Jalisco,Zapotlanejo,,SERVICIO GASOLINERA ZAPOTLANEJO SA DE CV,PL/13280/EXP/ES/2016,,23.99,,27.00
2026-10-02,Occidente,Jalisco,Tlaquepaque,,SERVICIO SAN PEDRITO SA DE CV,PL/1326/EXP/ES/2015,,23.99,28.99,26.99
2026-10-02,Occidente,Jalisco,Puerto Vallarta,,SERVICIO LAS JUNTAS SA DE CV,PL/1325/EXP/ES/2015,,24.49,29.47,27.99
2026-10-02,Occidente,Jalisco,San Gabriel,,PLAZA ANTIGUA ESTACION SA DE CV,PL/13220/EXP/ES/2016,,23.99,29.90,26.99
2026-10-02,Occidente,Jalisco,Arandas,,SERVICIO CAMARENA SA DE CV,PL/1319/EXP/ES/2015,,23.65,28.60,
2026-10-02,Occidente,Jalisco,Jesús María,,SERVICIOS Y COMBUSTIBLES LEON SA DE CV,PL/13134/EXP/ES/2016,,23.99,29.15,27.00
2026-10-02,Occidente,Jalisco,Zapopan,,SOLUGAS SOLUCIONES EN GASOLINERAS SA DE CV,PL/1311/EXP/ES/2015,,23.79,28.29,27.00
2026-10-02,Occidente,Jalisco,Lagos de Moreno,,ES GAS SA DE CV,PL/13103/EXP/ES/2016,,23.97,29.28,27.00
2026-10-02,Occidente,Jalisco,Ocotlán,,GASOLINERA JARDEZ SA DE CV,PL/13094/EXP/ES/2016,,24.00,29.40,27.00
2026-10-02,Occidente,Jalisco,Ocotlán,,SANTA ESTHER DISTRIBUIDORA SA DE CV,PL/13082/EXP/ES/2016,,23.99,29.78,26.99
2026-10-02,Occidente,Jalisco,Mixtlán,,MARIANO TOPETE MACEDO,PL/13078/EXP/ES/2016,,24.29,29.98,28.49
2026-10-02,Occidente,Jalisco,Tlajomulco de Zúñiga,,SERVICIO LAS CRUCES DE SANTA ANITA SA DE CV,PL/13062/EXP/ES/2016,,23.99,29.78,
2026-10-02,Occidente,Jalisco,Zapotlanejo,,ESTACION PUENTE DE CALDERON SA DE CV,PL/13053/EXP/ES/2016,,23.98,29.50,27.00
2026-10-02,Occidente,Jalisco,Zapotlanejo,,SERVICIO LOS TEPETATES SA DE CV,PL/12890/EXP/ES/2015,,24.00,29.50,27.00
2026-10-02,Occidente,Jalisco,Zapopan,,SUMINISTROS ENERGETICOS DE CALIDAD SA DE CV,PL/12888/EXP/ES/2015,,23.99,29.49,27.00
2026-10-02,Occidente,Jalisco,Acatlán de Juárez,,ARGUS GASOLINERA SA DE CV,PL/12883/EXP/ES/2015,,23.98,29.48,27.00
2026-10-02,Occidente,Jalisco,Atotonilco el Alto,,SERVICIO ALONDRAS SA DE CV,PL/12863/EXP/ES/2015,,23.70,29.00,27.00
2026-10-02,Occidente,Jalisco,Tlaquepaque,,ESTACION DE SERVICIO VAZQUEZ SA DE CV,PL/12849/EXP/ES/2015,,23.89,28.89,26.99
2026-10-02,Occidente,Jalisco,Zapopan,,ESTACION DE SERVICIO SATELITE SA DE CV,PL/12817/EXP/ES/2015,,23.99,28.99,27.00
2026-10-02,Occidente,Jalisco,Cihuatlán,,AUTO SERVICIO SUR DE LA COSTA ALEGRE SA DE CV,PL/12816/EXP/ES/2015,,23.99,28.90,27.00
2026-10-02,Occidente,Jalisco,Autlán de Navarro,,COMBU-EXPRESS SA DE CV,PL/1277/EXP/ES/2015,,24.00,29.89,27.00
2026-10-02,Occidente,Jalisco,El Salto,,ESTACION DE SERVICIO DEL CARMEN SA DE CV,PL/12764/EXP/ES/2015,,24.00,29.98,27.00
2026-10-02,Occidente,Jalisco,Tlaquepaque,,MULTISERVICIOS MAGO SA DE CV,PL/12762/EXP/ES/2015,,24.00,29.50,27.00
2026-10-02,Occidente,Jalisco,Guadalajara,,"LAS TORRES 6309, S.A. DE C.V.",PL/12761/EXP/ES/2015,,24.00,28.20,
2026-10-02,Occidente,Jalisco,Guadalajara,,AUTO EXPRESS CALZADA-PERIFERICO SA DE CV,PL/12758/EXP/ES/2015,,24.00,29.90,27.00
2026-10-02,Occidente,Jalisco,Ameca,,GASOLINERA DEL CENTRO SA,PL/12743/EXP/ES/2015,,24.00,29.95,27.97
2026-10-02,Occidente,Jalisco,Ameca,,ALBERTO GOMEZ ZARATE,PL/12742/EXP/ES/2015,,24.00,29.95,27.99
2026-10-02,Occidente,Jalisco,Guadalajara,,ESTACION DE GASOLINERIA FERROCARRIL SA DE CV,PL/12730/EXP/ES/2015,,23.99,29.50,
2026-10-02,Occidente,Jalisco,Arandas,,COMBUTON SA DE CV,PL/12725/EXP/ES/2015,,23.79,28.79,27.99
2026-10-02,Occidente,Jalisco,Guadalajara,,GASOLINERA EL RASTRO SA DE CV,PL/12705/EXP/ES/2015,,23.99,29.49,26.98
2026-10-02,Occidente,Jalisco,Autlán de Navarro,,GASOLINERA EL MENTIDERO SA DE CV,PL/12696/EXP/ES/2015,,24.49,29.85,27.50
2026-10-02,Occidente,Jalisco,Guadalajara,,COMBUSTIBLES OLMO SA DE CV,PL/12680/EXP/ES/2015,,23.99,29.89,27.00
2026-10-02,Occidente,Jalisco,Cihuatlán,,ESTACION DE SERVICIO MORETT SA,PL/12678/EXP/ES/2015,,23.97,28.93,26.99
2026-10-02,Occidente,Jalisco,Zapopan,,GASOLINERA MARTIN SA DE CV,PL/12669/EXP/ES/2015,,22.99,28.69,26.99
2026-10-02,Occidente,Jalisco,Zapopan,,GASOLINERA MARTIN SA DE CV,PL/12668/EXP/ES/2015,,22.99,28.69,26.99
2026-10-02,Occidente,Jalisco,Tlajomulco de Zúñiga,,SERVICIOS GASOLINEROS DE MEXICO SA DE CV,PL/12644/EXP/ES/2015,,23.99,29.99,27.00
2026-10-02,Occidente,Jalisco,Cihuatlán,,COMPAÑIA MEXICANA PARA EL DESARROLLO TURISTICO Y URBANO DE BARRA DE NAVIDAD SA DE CV,PL/12609/EXP/ES/2015,,23.99,28.79,26.99
2026-10-02,Occidente,Jalisco,Zapotlán el Grande,,COMBU-EXPRESS SA DE CV,PL/1260/EXP/ES/2015,,24.00,29.88,27.00
2026-10-02,Occidente,Jalisco,Zapotlán el Grande,,COMBU-EXPRESS SA DE CV,PL/1259/EXP/ES/2015,,24.00,29.88,27.00
2026-10-02,Occidente,Jalisco,Tala,,SERVICIO LA LOMITA SA DE CV,PL/12588/EXP/ES/2015,,23.29,27.90,26.99
2026-10-02,Occidente,Jalisco,Tala,,SERVICIO CA&ERO SA DE CV,PL/12584/EXP/ES/2015,,23.99,29.68,27.28
2026-10-02,Occidente,Jalisco,Tala,,ARGUS GASOLINERA SA DE CV,PL/12565/EXP/ES/2015,,23.98,29.48,27.00
2026-10-02,Occidente,Jalisco,Tepatitlán de Morelos,,DARA SERVICIOS SA DE CV,PL/12564/EXP/ES/2015,,23.99,28.99,
2026-10-02,Occidente,Jalisco,Tizapán el Alto,,NOGALES ENERGETICOS SA DE CV,PL/12563/EXP/ES/2015,,23.99,29.89,27.99
2026-10-02,Occidente,Jalisco,Zapopan,,DERIVADORA DE COMBUSTIBLES DEL NORTE SA DE CV,PL/12562/EXP/ES/2015,,23.99,28.99,26.99
2026-10-02,Occidente,Jalisco,Guadalajara,,SERVICIOS GASOLINEROS DE MEXICO SA DE CV,PL/12560/EXP/ES/2015,,23.99,26.99,
2026-10-02,Occidente,Jalisco,Teocuitatlán de Corona,,GASOLINERA SAHAGUN SA DE CV,PL/12558/EXP/ES/2015,,24.00,29.88,27.00
2026-10-02,Occidente,Jalisco,La Huerta,,COMBU-EXPRESS SA DE CV,PL/1245/EXP/ES/2015,,24.00,29.80,27.00
2026-10-02,Occidente,Jalisco,Casimiro Castillo,,COMBU-EXPRESS SA DE CV,PL/1244/EXP/ES/2015,,24.00,29.80,27.00
2026-10-02,Occidente,Jalisco,Casimiro Castillo,,COMBU-EXPRESS SA DE CV,PL/1243/EXP/ES/2015,,24.00,29.80,27.00
2026-10-02,Occidente,Jalisco,Villa Purificación,,COMBU-EXPRESS SA DE CV,PL/1242/EXP/ES/2015,,24.00,29.80,27.00
2026-10-02,Occidente,Jalisco,Tlajomulco de Zúñiga,,GOPRA SA DE CV,PL/1222/EXP/ES/2015,,23.99,29.29,27.00
2026-10-02,Occidente,Jalisco,Degollado,,SERVICIO LOS ENCINOS SA DE CV,PL/1221/EXP/ES/2015,,23.99,28.99,26.99
2026-10-02,Occidente,Jalisco,Degollado,,ESTACION DE SERVICIO ROJEMAR SA DE CV,PL/1220/EXP/ES/2015,,23.99,28.99,26.99
2026-10-02,Occidente,Jalisco,San Juanito de Escobedo,,SERVICIOS SAN JUANITO SA DE CV,PL/12060/EXP/ES/2015,,23.98,,27.00
2026-10-02,Occidente,Jalisco,Poncitlán,,GRUPO OCTANO SA DE CV,PL/12057/EXP/ES/2015,,23.99,29.99,27.59
2026-10-02,Occidente,Jalisco,Concepción de Buenos Aires,,SALVADOR VALLEJO JIMENEZ,PL/12050/EXP/ES/2015,,24.00,,27.00
2026-10-02,Occidente,Jalisco,Zapopan,,ESTACION DE SERVICIO PEGASO SA DE CV,PL/12041/EXP/ES/2015,,23.99,28.99,
2026-10-02,Occidente,Jalisco,Jesús María,,SERVICIOS ENERGETICOS ESLI SA DE CV,PL/12039/EXP/ES/2015,,23.89,28.99,26.99
2026-10-02,Occidente,Jalisco,Guadalajara,,COMBUSTIBLES MARSAN SA DE CV,PL/12020/EXP/ES/2015,,23.69,28.29,
2026-10-02,Occidente,Jalisco,El Salto,,GASOLINERAS FAST DE OCCIDENTE S DE RL DE CV,PL/12001/EXP/ES/2015,,23.99,29.79,27.00
2026-10-02,Occidente,Jalisco,Tala,,SERVICAÑA SA DE CV,PL/11995/EXP/ES/2015,,23.86,29.23,27.00
2026-10-02,Occidente,Jalisco,Guadalajara,,ESTACION DE SERVICIO LAS TORRES SA DE CV,PL/11983/EXP/ES/2015,,23.29,27.90,
2026-10-02,Occidente,Jalisco,Encarnación de Díaz,,SERVICIO BAJIO DE SAN JOSE SA DE CV,PL/11976/EXP/ES/2015,,23.99,,26.99
2026-10-02,Occidente,Jalisco,Villa Hidalgo,,SUPER SERVICIO  D SANTA SA DE CV,PL/11959/EXP/ES/2015,,24.00,29.10,27.00
2026-10-02,Occidente,Jalisco,Chapala,,SUPERSERVICIO ATOTONILQUILLO SA DE CV,PL/11954/EXP/ES/2015,,23.99,28.99,26.99
2026-10-02,Occidente,Jalisco,Guadalajara,,PETROMAX SA DE CV,PL/11951/EXP/ES/2015,,24.59,29.99,26.99
2026-10-02,Occidente,Jalisco,Guadalajara,,MARCA GASOLINAS SA DE CV,PL/1188/EXP/ES/2015,,23.79,28.29,
2026-10-02,Occidente,Jalisco,Guadalajara,,COMBUSTIBLES GUADALAJARA SA DE CV,PL/1177/EXP/ES/2015,,23.95,29.28,
2026-10-02,Occidente,Jalisco,Guadalajara,,GASOLINERA TAPATIA LOS ARCOS SA DE CV,PL/1176/EXP/ES/2015,,23.99,29.99,
2026-10-02,Occidente,Jalisco,Guadalajara,,GRUPO INDUSTRIAL TAJALI SA,PL/1166/EXP/ES/2015,,23.99,29.99,
2026-10-02,Occidente,Jalisco,Guadalajara,,GRUPO INDUSTRIAL TAJALI SA,PL/1165/EXP/ES/2015,,23.99,29.99,
2026-10-02,Occidente,Jalisco,Guadalajara,,GASOLINERA POLANCO SA DE CV,PL/1158/EXP/ES/2015,,23.89,28.99,26.99
2026-10-02,Occidente,Jalisco,Cuquío,,FELIPE GUTIERREZ YAÑEZ,PL/11453/EXP/ES/2015,,23.97,29.97,26.97
2026-10-02,Occidente,Jalisco,Tepatitlán de Morelos,,GASOLINERA Y SERVICIOS LOS SAUCES SA DE CV,PL/11449/EXP/ES/2015,,23.99,28.50,26.97
2026-10-02,Occidente,Jalisco,Tepatitlán de Morelos,,PETROTEP SA DE CV,PL/11445/EXP/ES/2015,,23.99,29.26,27.25
2026-10-02,Occidente,Jalisco,Chapala,,GRUPO PETRO 8 SA DE CV,PL/11431/EXP/ES/2015,,23.99,29.75,27.00
2026-10-02,Occidente,Jalisco,Ixtlahuacán de los Membrillos,,GRUPO BALLO SA DE CV,PL/11419/EXP/ES/2015,,23.99,29.99,26.99
2026-10-02,Occidente,Jalisco,Ayotlán,,ESTACION DE SERVICIOS LA JOYA SA DE CV,PL/11406/EXP/ES/2015,,23.99,29.49,27.79
2026-10-02,Occidente,Jalisco,Tlajomulco de Zúñiga,,GASOLINERA DIAL SA DE CV,PL/11397/EXP/ES/2015,,23.88,29.08,27.00
2026-10-02,Occidente,Jalisco,Zapopan,,SERVICIOS GASOLINEROS DE MEXICO SA DE CV,PL/11378/EXP/ES/2015,,23.99,29.99,27.00
2026-10-02,Occidente,Jalisco,Zapopan,,SERVICIOS GASOLINEROS DE MEXICO SA DE CV,PL/11377/EXP/ES/2015,,23.99,29.99,
2026-10-02,Occidente,Jalisco,Zapopan,,GASOLINERA MARTIN SA DE CV,PL/11366/EXP/ES/2015,,22.99,26.99,26.99
2026-10-02,Occidente,Jalisco,Puerto Vallarta,,SERVICIO LAS MOJONERAS SA DE CV,PL/11365/EXP/ES/2015,,24.50,29.45,28.05
2026-10-02,Occidente,Jalisco,Tonalá,,GASOLINERA ALDI SA DE CV,PL/11364/EXP/ES/2015,,23.86,28.91,26.95
2026-10-02,Occidente,Jalisco,Tlaquepaque,,GASOLINERA DON JOSE SA DE CV,PL/11361/EXP/ES/2015,,23.86,28.91,26.95
2026-10-02,Occidente,Jalisco,Arandas,,FUENTES OÑATE Y ASOCIADOS SA DE CV,PL/11352/EXP/ES/2015,,23.99,28.95,26.99
2026-10-02,Occidente,Jalisco,Tonalá,,SUPER SERVICIOS EL SALTO SA DE CV,PL/11343/EXP/ES/2015,,23.87,28.99,26.99
2026-10-02,Occidente,Jalisco,Chiquilistlán,,COMBUSTIBLES CHAVEZ SA DE CV,PL/11288/EXP/ES/2015,,24.80,,27.99
2026-10-02,Occidente,Jalisco,Arandas,,GRUPO GASOLINERO EL CAPULIN SA DE CV,PL/11285/EXP/ES/2015,,23.60,28.90,27.00
2026-10-02,Occidente,Jalisco,Guadalajara,,GASOLINERA DAKOTA DE OCCIDENTE SA DE CV,PL/11284/EXP/ES/2015,,23.99,29.65,27.00
2026-10-02,Occidente,Jalisco,Guadalajara,,PETRO BUENAVISTA SA DE CV,PL/1126/EXP/ES/2015,,23.99,,26.99
2026-10-02,Occidente,Jalisco,Ocotlán,,GASOLINERA EL NUEVO FUERTE SA DE CV,PL/11259/EXP/ES/2015,,23.92,29.56,27.33
2026-10-02,Occidente,Jalisco,Guadalajara,,SUPERSERVICIO PABLO VALDEZ SA DE CV,PL/11253/EXP/ES/2015,,23.99,29.99,
2026-10-02,Occidente,Jalisco,Guadalajara,,SERVICIO INDUSTRIAL DE JALISCO SA DE CV,PL/11252/EXP/ES/2015,,23.99,29.20,26.99
2026-10-02,Occidente,Jalisco,Guadalajara,,SERVICIOS GASOLINEROS LEO SA DE CV,PL/11251/EXP/ES/2015,,23.99,29.99,27.00
2026-10-02,Occidente,Jalisco,Guadalajara,,MEGA SERVICIO ECOLOGICO DE GASOLINA SA DE CV,PL/11250/EXP/ES/2015,,23.98,29.99,26.99
2026-10-02,Occidente,Jalisco,Tlaquepaque,,COMBU-EXPRESS SA DE CV,PL/1124/EXP/ES/2015,,23.99,29.49,27.00
2026-10-02,Occidente,Jalisco,Tlaquepaque,,TRASAGAS SA DE CV,PL/11231/EXP/ES/2015,,23.99,29.99,26.99
2026-10-02,Occidente,Jalisco,Ixtlahuacán del Río,,VANGUARDIA EN GASOLINERAS SA DE CV,PL/11230/EXP/ES/2015,,23.99,29.99,26.99
2026-10-02,Occidente,Jalisco,Guadalajara,,SUPER SERVICIO 54 SA DE CV,PL/1113/EXP/ES/2015,,23.99,28.99,
2026-10-02,Occidente,Jalisco,Cocula,,ORGANIZACION LA LUNA SA DE CV,PL/1109/EXP/ES/2015,,23.99,29.99,27.00
2026-10-02,Occidente,Jalisco,Cocula,,ORGANIZACION LA LUNA SA DE CV,PL/1107/EXP/ES/2015,,23.99,29.99,27.00
2026-10-02,Occidente,Jalisco,Tlaquepaque,,GASALVI SA DE CV,PL/11030/EXP/ES/2015,,23.99,28.99,
2026-10-02,Occidente,Jalisco,Guadalajara,,GRUPO JAGUAR DE OCCIDENTE SA DE CV,PL/11027/EXP/ES/2015,,23.99,29.50,
2026-10-02,Occidente,Jalisco,San Miguel el Alto,,ESTACION CALZADA DE GUADALUPE SA DE CV,PL/11020/EXP/ES/2015,,23.99,28.99,27.00
2026-10-02,Occidente,Jalisco,Zapopan,,ESTACION DE SERVICIO APV SA DE CV,PL/11006/EXP/ES/2015,,23.97,29.47,26.99
2026-10-02,Occidente,Jalisco,Tlajomulco de Zúñiga,,SERVICIO JIPIGO SA DE CV,PL/11005/EXP/ES/2015,,23.50,28.80,26.99
2026-10-02,Occidente,Jalisco,Zapopan,,SERVICIO NUEVO MEXICO SA DE CV,PL/11004/EXP/ES/2015,,23.98,28.95,27.00
2026-10-02,Occidente,Jalisco,Zapopan,,COMBUSTIBLES Y SERVICIOS SAMER SA DE CV,PL/10927/EXP/ES/2015,,23.99,29.59,27.00
2026-10-02,Occidente,Jalisco,Tlaquepaque,,ESTACION DE SERVICIO PRINCIPAL SA DE CV,PL/10925/EXP/ES/2015,,23.99,29.49,27.00
2026-10-02,Occidente,Jalisco,San Ignacio Cerro Gordo,,ENERGETICOS TEPAK SA DE CV,PL/10923/EXP/ES/2015,,23.99,28.55,27.00
2026-10-02,Occidente,Jalisco,El Salto,,GASOLINERIA BELOZ SA DE CV,PL/10894/EXP/ES/2015,,23.60,29.45,26.99
2026-10-02,Occidente,Jalisco,Tlaquepaque,,GASOLINERA OLEODUCTO SA DE CV,PL/10893/EXP/ES/2015,,23.60,29.45,26.99
2026-10-02,Occidente,Jalisco,Tlaquepaque,,SERVICIOS ACEVES SA DE CV,PL/10892/EXP/ES/2015,,23.99,29.45,26.99
2026-10-02,Occidente,Jalisco,Tonalá,,COMBUSTIBLES DE ZAPOTLANEJO SA DE CV,PL/10870/EXP/ES/2015,,23.99,29.49,26.99
2026-10-02,Occidente,Jalisco,Guadalajara,,GASOLINERA REMUS SA DE CV,PL/10860/EXP/ES/2015,,24.00,29.79,27.00
2026-10-02,Occidente,Jalisco,Lagos de Moreno,,SERVICIOS GASOLINEROS DE MEXICO SA DE CV,PL/10858/EXP/ES/2015,,24.99,29.99,27.00
2026-10-02,Occidente,Jalisco,Tlaquepaque,,GASOLINERA EL TAPATIO SA DE CV,PL/10843/EXP/ES/2015,,23.70,28.58,26.99
2026-10-02,Occidente,Jalisco,Tamazula de Gordiano,,SERVICIO EL PRADO SA DE CV,PL/10826/EXP/ES/2015,,23.99,29.86,27.80
2026-10-02,Occidente,Jalisco,Guadalajara,,ESTACION DE SERVICIO ATEQUIZA SA DE CV,PL/10812/EXP/ES/2015,,23.89,,26.99
2026-10-02,Occidente,Jalisco,Tepatitlán de Morelos,,SERVICIOS PUERTA VIEJA SA DE CV,PL/10811/EXP/ES/2015,,23.99,29.35,27.19
2026-10-02,Occidente,Jalisco,Tonalá,,REAL TONALTECAS SA DE CV,PL/10728/EXP/ES/2015,,23.50,29.89,26.99
2026-10-02,Occidente,Jalisco,Tonalá,,SERVICIO TONALA SA DE CV,PL/10727/EXP/ES/2015,,23.50,,26.99
2026-10-02,Occidente,Jalisco,Zapopan,,GASOLINERA PLAZA DEL SOL SA DE CV,PL/10725/EXP/ES/2015,,23.99,29.89,
2026-10-02,Occidente,Jalisco,Guadalajara,,SERVICIO RIO NILO SA DE CV,PL/10723/EXP/ES/2015,,22.99,29.89,24.13
2026-10-02,Occidente,Jalisco,Zapopan,,SERVICIO ANGEL SA DE CV,PL/10722/EXP/ES/2015,,23.99,29.99,26.99
2026-10-02,Occidente,Jalisco,Tlaquepaque,,GRUPO CASAL SA DE CV,PL/10717/EXP/ES/2015,,22.99,29.89,26.99
2026-10-02,Occidente,Jalisco,Lagos de Moreno,,COMERCIALIZADORA CENTRAL DE COMBUSTIBLE SA DE CV,PL/10695/EXP/ES/2015,,23.99,29.89,27.00
2026-10-02,Occidente,Jalisco,Tuxpan,,GASOTECA SA DE CV,PL/10688/EXP/ES/2015,,23.99,29.99,26.99
2026-10-02,Occidente,Jalisco,Tonalá,,ENERGIA GUADALUPANA SA DE CV,PL/10667/EXP/ES/2015,,23.98,28.98,
2026-10-02,Occidente,Jalisco,Autlán de Navarro,,GASOLINERA AUTLAN SA DE CV,PL/1066/EXP/ES/2015,,24.49,29.89,27.45
2026-10-02,Occidente,Jalisco,Yahualica de González Gallo,,GASOLINERA LV SA DE CV,PL/10659/EXP/ES/2015,,23.99,29.50,27.00
2026-10-02,Occidente,Jalisco,El Salto,,ESTACION DE SERVICIO ESMERALDA SA DE CV,PL/1065/EXP/ES/2015,,23.99,28.99,26.99
2026-10-02,Occidente,Jalisco,Puerto Vallarta,,SERVICIO MARINA LAS PALMAS SA DE CV,PL/10630/EXP/ES/2015,,23.94,27.99,26.99
2026-10-02,Occidente,Jalisco,Arandas,,Nueva Estacion de Servicio Tres Estrellas Nucho SA,PL/1060/EXP/ES/2015,,23.99,28.79,27.79
2026-10-02,Occidente,Jalisco,Autlán de Navarro,,COMBU-EXPRESS SA DE CV,PL/10587/EXP/ES/2015,,23.68,29.89,26.68
2026-10-02,Occidente,Jalisco,Huejuquilla el Alto,,SERVICIO LAMAS SA DE CV,PL/10563/EXP/ES/2015,,23.99,28.50,27.00
2026-10-02,Occidente,Jalisco,Zapopan,,PETROMAX SA DE CV,PL/10548/EXP/ES/2015,,24.59,29.99,27.69
2026-10-02,Occidente,Jalisco,Tlajomulco de Zúñiga,,COMBUSTIBLES TLAJOMULCO SA DE CV,PL/10348/EXP/ES/2015,,23.99,28.99,26.98
2026-10-02,Occidente,Jalisco,Chapala,,SERVICIO AGUIRRE CASTELLANOS SA DE CV,PL/10342/EXP/ES/2015,,23.97,29.29,27.00
2026-10-02,Occidente,Jalisco,La Barca,,INMOBILIARIA SAMICH SA DE CV,PL/10312/EXP/ES/2015,,23.77,28.88,26.88
2026-10-02,Occidente,Jalisco,Tlajomulco de Zúñiga,,ESTACION DE SERVICIOS GOMCO SA DE CV,PL/10311/EXP/ES/2015,,23.79,28.99,26.89
2026-10-02,Occidente,Jalisco,Poncitlán,,INMOBILIARIA SAMICH SA DE CV,PL/10310/EXP/ES/2015,,23.75,29.78,26.88
2026-10-02,Occidente,Jalisco,Atenguillo,,SERVICIO LAS CHIQUILLAS SA DE CV,PL/10306/EXP/ES/2015,,23.99,29.04,27.00
2026-10-02,Occidente,Jalisco,Teuchitlán,,VICTOR HUGO REYNOSO MADRIGAL,PL/10305/EXP/ES/2015,,23.58,28.87,26.98
2026-10-02,Occidente,Jalisco,Ixtlahuacán de los Membrillos,,ENRIQUE ENCISO DIAZ,PL/10269/EXP/ES/2015,,23.95,29.55,27.00
2026-10-02,Occidente,Jalisco,Tepatitlán de Morelos,,GASOLINERA BUSTOS DE LA MORA SA DE CV,PL/10254/EXP/ES/2015,,23.99,28.99,27.09
2026-10-02,Occidente,Jalisco,La Huerta,,AUTO SERVICIO SUR DE LA COSTA ALEGRE SA DE CV,PL/10237/EXP/ES/2015,,23.99,29.75,27.00
2026-10-02,Occidente,Jalisco,Zapotlanejo,,SERVICIO CASTILLO SA DE CV,PL/10226/EXP/ES/2015,,23.99,29.49,27.00
2026-10-02,Occidente,Jalisco,Zapotlanejo,,NUEVO SERVICIO CASTILLO SA DE CV,PL/10225/EXP/ES/2015,,23.90,29.50,27.00
2026-10-02,Occidente,Jalisco,Tepatitlán de Morelos,,FABRICACION Y MONTAJES INDUSTRIALES ZAIMER SA DE CV,PL/10217/EXP/ES/2015,,25.99,29.99,27.99
2026-10-02,Occidente,Jalisco,Zapotiltic,,COMBUSTIBLES CARRETEROS CARCO SA DE CV,PL/10195/EXP/ES/2015,,24.00,29.99,27.59
2026-10-02,Occidente,Jalisco,Lagos de Moreno,,SERVICIOS MABEL SA DE CV,PL/10183/EXP/ES/2015,,24.00,29.60,27.00
2026-10-02,Occidente,Jalisco,Ixtlahuacán de los Membrillos,,SERVICIO ROHEL SA DE CV,PL/10170/EXP/ES/2015,,23.99,29.99,26.99
2026-10-02,Occidente,Jalisco,Sayula,,COMBU-EXPRESS SA DE CV,PL/1017/EXP/ES/2015,,23.99,,27.00
2026-10-02,Occidente,Jalisco,Tlajomulco de Zúñiga,,GASERVICIOS SAN DIEGO SA DE CV,PL/10165/EXP/ES/2015,,23.50,28.65,26.99
2026-10-02,Occidente,Jalisco,Arandas,,SERVICIO HIPERGAS SA DE CV,PL/10162/EXP/ES/2015,,23.60,28.90,27.00
2026-10-02,Occidente,Jalisco,Tlajomulco de Zúñiga,,GASOLINA Y DIESEL DE OCCIDENTE SA DE CV,PL/10140/EXP/ES/2015,,23.99,29.48,27.00
2026-10-02,Occidente,Jalisco,Zapopan,,GASOLINA Y DIESEL DE OCCIDENTE SA DE CV,PL/10137/EXP/ES/2015,,23.99,29.45,
2026-10-02,Occidente,Jalisco,Zapopan,,PETROVAZ SA DE CV,PL/10129/EXP/ES/2015,,23.99,29.99,27.00
2026-10-02,Occidente,Jalisco,Zapopan,,PETROVAZ SA DE CV,PL/10128/EXP/ES/2015,,23.99,29.99,26.99
2026-10-02,Occidente,Jalisco,Guadalajara,,GASOVAZ SA DE CV,PL/10127/EXP/ES/2015,,23.99,29.76,27.00
2026-10-02,Occidente,Jalisco,Chapala,,AUXILIADORA DE COMBUSTIBLES SA DE CV,PL/10117/EXP/ES/2015,,23.98,29.68,27.00
2026-10-02,Occidente,Jalisco,Chapala,,AUXILIADORA DE COMBUSTIBLES SA DE CV,PL/10116/EXP/ES/2015,,23.99,29.50,27.00
2026-10-02,Occidente,Jalisco,Tlajomulco de Zúñiga,,COMBUSTIBLE TLAJOMULCO SA DE CV,PL/10108/EXP/ES/2015,,23.89,,26.99
2026-10-02,Occidente,Jalisco,Tala,,ESTACION DE SERVICIOS TALA SA DE CV,PL/10107/EXP/ES/2015,,23.89,,26.99
2026-10-02,Occidente,Jalisco,Zapopan,,ESTACION GUADALUPE SA DE CV,PL/10106/EXP/ES/2015,,23.29,28.99,
2026-10-02,Occidente,Jalisco,Tlaquepaque,,ESTACION DE SERVICIO OMEGA SA DE CV,PL/10104/EXP/ES/2015,,23.89,27.99,
2026-10-02,Occidente,Jalisco,Tlajomulco de Zúñiga,,CENTRAL SAN AGUSTIN SA DE CV,PL/10103/EXP/ES/2015,,23.99,29.99,27.00
2026-10-02,Occidente,Jalisco,Zapopan,,OPERADORA AVIACION SA DE CV,PL/10100/EXP/ES/2015,,23.99,29.69,
2026-10-02,Occidente,Jalisco,Zapotiltic,,COMBU-EXPRESS SA DE CV,PL/1010/EXP/ES/2015,,24.00,,27.00
2026-10-02,Occidente,Jalisco,Zapopan,,ESTACION DE SERVICIO GALERIAS SA DE CV,PL/10098/EXP/ES/2015,,23.89,28.49,
2026-10-02,Occidente,Jalisco,Techaluta de Montenegro,,SERVICIO TECHALUTA SA DE CV,PL/10097/EXP/ES/2015,,23.99,29.29,27.00
2026-10-02,Occidente,Jalisco,Tlajomulco de Zúñiga,,ESTACION DE SERVICIO PYOTR SA DE CV,PL/10091/EXP/ES/2015,,23.99,28.69,26.99
2026-10-02,Occidente,Jalisco,Zapotlán el Grande,,COMBU-EXPRESS SA DE CV,PL/1009/EXP/ES/2015,,24.00,29.88,27.00
2026-10-02,Occidente,Jalisco,Tepatitlán de Morelos,,GASOLINERA AGUA BLANCA SA DE CV,PL/10081/EXP/ES/2015,,23.99,28.99,28.80
2026-10-02,Occidente,Jalisco,Zapotlán el Grande,,COMBU-EXPRESS SA DE CV,PL/1008/EXP/ES/2015,,24.00,29.88,27.00
2026-10-02,Occidente,Jalisco,Zapotlán el Grande,,COMBU-EXPRESS SA DE CV,PL/1007/EXP/ES/2015,,24.00,29.88,27.00
2026-10-02,Occidente,Jalisco,Ixtlahuacán de los Membrillos,,SERVIECOLOGICOS SA DE CV,PL/10061/EXP/ES/2015,,23.99,29.99,27.00
2026-10-02,Occidente,Jalisco,Arandas,,GASOLINERA GUADALAJARA SA DE CV,PL/1003/EXP/ES/2015,,23.90,28.50,27.45
2026-10-02,Occidente,Jalisco,Tuxpan,,GRUPO OCTANO SA DE CV,PL/10010/EXP/ES/2015,,24.79,29.99,27.00
2026-10-02,Occidente,Jalisco,Tuxpan,,GRUPO OCTANO SA DE CV,PL/10009/EXP/ES/2015,,24.79,29.99,27.00
2026-10-02,Occidente,Jalisco,Tepatitlán de Morelos,,INMOBILIARIA SAMICH SA DE CV,CNE/PL/87/EXP/ES/2025,,23.93,29.73,26.92
2026-10-02,Occidente,Jalisco,La Barca,,INMOBILIARIA SAMICH SA DE CV,CNE/PL/80/EXP/ES/2025,,23.77,28.88,26.88
2026-10-02,Occidente,Jalisco,Tepatitlán de Morelos,,INMOBILIARIA SAMICH SA DE CV,CNE/PL/74/EXP/ES/2025,,23.59,28.78,26.84
2026-10-02,Occidente,Jalisco,Tapalpa,,COMBU-EXPRESS SA DE CV,CNE/PL/66/EXP/ES/2025,,24.00,29.58,27.00
2026-10-02,Occidente,Jalisco,Cihuatlán,,SUPER SERVICIO CIBRIAN SA DE CV,CNE/PL/651/EXP/ES/2026,,23.99,28.94,27.00
2026-10-02,Occidente,Jalisco,Jalostotitlán,,SALVADOR RABAGO CORNEJO,CNE/PL/57/EXP/ES/2025,,23.95,28.59,26.98
2026-10-02,Occidente,Jalisco,Lagos de Moreno,,ESTACION CHIPINQUE SA DE CV,CNE/PL/52/EXP/ES/2025,,23.99,28.99,27.00
2026-10-02,Occidente,Jalisco,Ocotlán,,INMOBILIARIA SAMICH SA DE CV,CNE/PL/475/EXP/ES/2025,,23.79,29.29,26.88
2026-10-02,Occidente,Jalisco,Mexticacán,,SERVICIO CIUDAD DE LOS MARTIRES SA DE CV,CNE/PL/388/EXP/ES/2025,,23.79,28.99,26.99
2026-10-02,Occidente,Jalisco,Tlaquepaque,,AERO 4 G SA DE CV,CNE/PL/372/EXP/ES/2025,,23.99,29.45,26.99
2026-10-02,Occidente,Jalisco,Tonalá,,ALPEZ GAS SA DE CV,CNE/PL/364/EXP/ES/2025,,23.69,28.69,
2026-10-02,Occidente,Jalisco,Quitupan,,NARBEL VARGAS BARAJAS,CNE/PL/339/EXP/ES/2025,,24.60,,27.99
2026-10-02,Occidente,Jalisco,Guadalajara,,ALPEZ GAS SA DE CV,CNE/PL/335/EXP/ES/2025,,23.69,28.69,26.89
2026-10-02,Occidente,Jalisco,Zapotlán el Grande,,PETRO CHAVER SA DE CV,CNE/PL/318/EXP/ES/2025,,24.35,29.90,27.35
2026-10-02,Occidente,Jalisco,Atotonilco el Alto,,INMOBILIARIA SAMICH SA DE CV,CNE/PL/287/EXP/ES/2025,,23.76,29.59,26.88
2026-10-02,Occidente,Jalisco,Tonalá,,GRUPO ODISEA COMBUSTIBLES SA DE CV,CNE/PL/207/EXP/ES/2025,,23.99,29.79,27.00
2026-10-02,Occidente,Jalisco,Tlajomulco de Zúñiga,,ANTONIO NAÑEZ BUGARIN,CNE/PL/202/EXP/ES/2025,,23.19,28.99,26.99
2026-10-02,Occidente,Jalisco,Zapopan,,ALPEZ GAS SA DE CV,CNE/PL/184/EXP/ES/2025,,23.99,28.99,26.99
2026-10-02,Occidente,Jalisco,Sayula,,COMBUSTIBLES FOSILES GT SA DE CV,CNE/PL/179/EXP/ES/2025,,23.99,29.97,27.00
2026-10-02,Occidente,Jalisco,Tepatitlán de Morelos,,INMOBILIARIA SAMICH SA DE CV,CNE/PL/156/EXP/ES/2025,,23.59,28.78,26.84
2026-10-05,Occidente,Jalisco,Ixtlahuacán de los Membrillos,,COMBUSTIBLES PLATANITO SA DE CV,PL/9985/EXP/ES/2015,,23.99,26.18,25.99
2026-10-05,Occidente,Jalisco,Tlajomulco de Zúñiga,,PETRO SERVICIOS DE OCCIDENTE SA DE CV,PL/9974/EXP/ES/2015,,23.99,28.79,27.00
2026-10-05,Occidente,Jalisco,Bolaños,,AUTO SERVICIO TREJO SA DE CV,PL/9944/EXP/ES/2015,,24.00,29.20,27.50
2026-10-05,Occidente,Jalisco,Tlajomulco de Zúñiga,,SERVICIOS GASOLINEROS DE MEXICO SA DE CV,PL/9790/EXP/ES/2015,,23.99,29.99,27.00
2026-10-05,Occidente,Jalisco,Guadalajara,,SERVICIOS GASOLINEROS DE MEXICO SA DE CV,PL/9789/EXP/ES/2015,,23.99,29.99,27.00
2026-10-05,Occidente,Jalisco,Zapopan,,SERVICIOS GASOLINEROS DE MEXICO SA DE CV,PL/9787/EXP/ES/2015,,23.99,29.99,27.00
2026-10-05,Occidente,Jalisco,Arandas,,JESUS MARIA RAMIREZ GARCIA,PL/9757/EXP/ES/2015,,23.96,28.84,27.00
2026-10-05,Occidente,Jalisco,Encarnación de Díaz,,GASOLINAS Y LUBRICANTES EL DESTIERRO SA DE CV,PL/9748/EXP/ES/2015,,23.99,,27.00
2026-10-05,Occidente,Jalisco,Valle de Guadalupe,,SERVICIO SANTO NIÑO SA DE CV,PL/9747/EXP/ES/2015,,23.99,29.24,27.24
2026-10-05,Occidente,Jalisco,Tlajomulco de Zúñiga,,SAVLOZ COMPANNY SA DE CV,PL/9746/EXP/ES/2015,,23.99,29.99,26.99
2026-10-05,Occidente,Jalisco,Autlán de Navarro,,COMBU-EXPRESS SA DE CV,PL/9699/EXP/ES/2015,,24.49,29.89,27.50
2026-10-05,Occidente,Jalisco,Ayotlán,,SERVICIO SAN JOSE DEL CARACOL SA DE CV,PL/9689/EXP/ES/2015,,23.99,29.55,27.49
2026-10-05,Occidente,Jalisco,La Barca,,ESTACION DE SERVICIO PORTEZUELO SA DE CV,PL/9634/EXP/ES/2015,,23.69,28.79,27.00
2026-10-05,Occidente,Jalisco,Tonalá,,COMBU-EXPRESS SA DE CV,PL/960/EXP/ES/2015,,23.99,29.49,27.00
2026-10-05,Occidente,Jalisco,Zapopan,,COMBU-EXPRESS SA DE CV,PL/959/EXP/ES/2015,,23.99,29.49,27.00
2026-10-05,Occidente,Jalisco,Tonalá,,ESTACION SERVICIO SANTA TERE SA DE CV,PL/9589/EXP/ES/2015,,23.99,28.80,
2026-10-05,Occidente,Jalisco,Zapopan,,OPERADORA KINZA SA DE CV,PL/9585/EXP/ES/2015,,23.59,28.79,
2026-10-05,Occidente,Jalisco,Guadalajara,,SERVICIO MEZQUITE SA DE CV,PL/9584/EXP/ES/2015,,23.79,28.89,
2026-10-05,Occidente,Jalisco,Guadalajara,,SERVICIO MEZQUITE SA DE CV,PL/9582/EXP/ES/2015,,23.69,28.89,27.00
2026-10-05,Occidente,Jalisco,Guadalajara,,SERVICIO SAN MIGUEL DE MEZQUITAN SA DE CV,PL/9581/EXP/ES/2015,,23.75,28.59,
2026-10-05,Occidente,Jalisco,Magdalena,,COMBU-EXPRESS SA DE CV,PL/958/EXP/ES/2015,,23.99,29.99,27.49
2026-10-05,Occidente,Jalisco,Jocotepec,,COMBUSTIBLES PELAYO SA DE CV,PL/9569/EXP/ES/2015,,23.98,29.49,26.98
2026-10-05,Occidente,Jalisco,Zapopan,,SERVICIO PATRYBACH SA DE CV,PL/955/EXP/ES/2015,,23.99,29.98,
2026-10-05,Occidente,Jalisco,Guadalajara,,SERVICIO LUX SA DE CV,PL/9546/EXP/ES/2015,,24.00,29.50,
2026-10-05,Occidente,Jalisco,Tepatitlán de Morelos,,ALFONSO GONZALEZ GONZALEZ,PL/9532/EXP/ES/2015,,24.00,29.00,27.00
2026-10-05,Occidente,Jalisco,Jocotepec,,SERVICIO EL CHANTE SA DE CV,PL/9505/EXP/ES/2015,,23.99,29.79,26.99
2026-10-05,Occidente,Jalisco,Guadalajara,,PETROMAX SA DE CV,PL/9496/EXP/ES/2015,,24.69,29.99,26.99
2026-10-05,Occidente,Jalisco,Guadalajara,,GAS 4 ASOCIADOS SA DE CV,PL/9488/EXP/ES/2015,,23.99,29.40,
2026-10-05,Occidente,Jalisco,Puerto Vallarta,,GASOSERVICIO EXPRESS PATRIA SA DE CV,PL/9484/EXP/ES/2015,,23.99,29.59,27.00
2026-10-05,Occidente,Jalisco,Tuxcueca,,FERNANDO GARZA MAGAÑA,PL/9481/EXP/ES/2015,,23.98,29.49,26.98
2026-10-05,Occidente,Jalisco,Guadalajara,,COMBU-EXPRESS SA DE CV,PL/947/EXP/ES/2015,,23.99,29.59,27.00
2026-10-05,Occidente,Jalisco,Unión de San Antonio,,SERVICIO UNION A G SA DE CV,PL/9457/EXP/ES/2015,,23.99,29.74,26.99
2026-10-05,Occidente,Jalisco,El Salto,,GRUPO DE GASOLINEROS UNIDOS MI RIU SA DE CV,PL/9449/EXP/ES/2015,,22.99,28.99,26.99
2026-10-05,Occidente,Jalisco,Guadalajara,,ADVANCE GASOLINAS SA DE CV,PL/9440/EXP/ES/2015,,23.99,29.69,
2026-10-05,Occidente,Jalisco,Tlajomulco de Zúñiga,,GASOLINERA Y LUBRICANTES REAL DE COLIMA SA DE CV,PL/9429/EXP/ES/2015,,22.99,28.69,26.99
2026-10-05,Occidente,Jalisco,Guadalajara,,GRUPO OCTANO SA DE CV,PL/9414/EXP/ES/2015,,23.99,29.99,
2026-10-05,Occidente,Jalisco,Tonalá,,SERVICIO TONAGAS SA DE CV,PL/9402/EXP/ES/2015,,23.99,28.99,26.99
2026-10-05,Occidente,Jalisco,El Salto,,SERVICIO GASOLINERO AEROPUERTO SA DE CV,PL/9393/EXP/ES/2015,,23.60,29.45,26.99
2026-10-05,Occidente,Jalisco,Ocotlán,,ORGANIZACION LA LUNA SA DE CV,PL/9387/EXP/ES/2015,,23.99,29.99,27.00
2026-10-05,Occidente,Jalisco,Puerto Vallarta,,DISTRIBUIDORA Y COMERCIALIZADORA MERCANTIL DEL OCCIDENTE SA DE CV,PL/9379/EXP/ES/2015,,24.88,29.99,27.99
2026-10-05,Occidente,Jalisco,Tlajomulco de Zúñiga,,GASOLINERAS FAST DE OCCIDENTE S DE RL DE CV,PL/9375/EXP/ES/2015,,23.99,28.99,26.99
2026-10-05,Occidente,Jalisco,Tequila,,GASOLINERA EL SALVADOR SA DE CV,PL/9374/EXP/ES/2015,,24.29,29.99,28.29
2026-10-05,Occidente,Jalisco,El Arenal,,SERVICIOS GASOLINEROS DE MEXICO SA DE CV,PL/9373/EXP/ES/2015,,23.99,29.99,27.99
2026-10-05,Occidente,Jalisco,Zapopan,,GRUPO GASOLINERO SAMARA SA DE CV,PL/9369/EXP/ES/2015,,22.99,28.99,26.99
2026-10-05,Occidente,Jalisco,Cabo Corrientes,,GRUPO GASOLINERO SAMARA SA DE CV,PL/9368/EXP/ES/2015,,23.99,28.99,28.99
2026-10-05,Occidente,Jalisco,Bahía de Banderas,,GRUPO GASOLINERO SAMARA SA DE CV,PL/9360/EXP/ES/2015,,22.99,28.99,26.99
2026-10-05,Occidente,Jalisco,Tlajomulco de Zúñiga,,JORIMAR GASOLINEROS SA DE CV,PL/9351/EXP/ES/2015,,22.99,28.99,26.99
2026-10-05,Occidente,Jalisco,El Arenal,,ESTACION DE SERVICIO TERROGAS SA DE CV,PL/9350/EXP/ES/2015,,23.99,27.99,26.85
2026-10-05,Occidente,Jalisco,Tlaquepaque,,JORIMAR GASOLINEROS SA DE CV,PL/9349/EXP/ES/2015,,22.99,28.99,26.99
2026-10-05,Occidente,Jalisco,Tlajomulco de Zúñiga,,JORIMAR GASOLINEROS SA DE CV,PL/9346/EXP/ES/2015,,22.99,28.99,26.99
2026-10-05,Occidente,Jalisco,Tlaquepaque,,COMBUSTIBLES TRITON SA DE CV,PL/9340/EXP/ES/2015,,23.99,29.49,27.29
2026-10-05,Occidente,Jalisco,Juanacatlán,,GASOLINERA JUANACAXTLE SA DE CV,PL/9325/EXP/ES/2015,,23.99,29.49,27.00
2026-10-05,Occidente,Jalisco,Tlajomulco de Zúñiga,,VALCOOP Y ASOCIADOS SA DE CV,PL/9321/EXP/ES/2015,,23.80,28.59,26.99
2026-10-05,Occidente,Jalisco,Arandas,,SERVICIO NORAMA SA DE CV,PL/9311/EXP/ES/2015,,23.70,28.39,
2026-10-05,Occidente,Jalisco,Jocotepec,,BRANSLE S DE RL DE CV,PL/9296/EXP/ES/2015,,23.99,28.69,
2026-10-05,Occidente,Jalisco,Atotonilco el Alto,,SERVICIOS GASOLINEROS DE MEXICO SA DE CV,PL/9285/EXP/ES/2015,,24.99,29.99,27.99
2026-10-05,Occidente,Jalisco,Encarnación de Díaz,,GASOLINERIA SAN SEBASTIAN SA DE CV,PL/9284/EXP/ES/2015,,23.99,28.79,26.86
2026-10-05,Occidente,Jalisco,Zapotlán el Grande,,GRUPO OCTANO SA DE CV,PL/9276/EXP/ES/2015,,24.49,29.99,27.48
2026-10-05,Occidente,Jalisco,Zapotlán el Grande,,GRUPO OCTANO SA DE CV,PL/9275/EXP/ES/2015,,24.49,29.99,27.48
2026-10-05,Occidente,Jalisco,Zapotlán el Grande,,GRUPO OCTANO SA DE CV,PL/9274/EXP/ES/2015,,24.49,29.99,27.48
2026-10-05,Occidente,Jalisco,Zapotitlán de Vadillo,,GRUPO GAEXPO SA DE CV,PL/9259/EXP/ES/2015,,23.99,29.78,27.00
2026-10-05,Occidente,Jalisco,Poncitlán,,EL CALLEJON DE MORELOS SA DE CV,PL/9098/EXP/ES/2015,,,29.55,26.96
2026-10-05,Occidente,Jalisco,Poncitlán,,SERVICIO CAMPOS SA DE CV,PL/9089/EXP/ES/2015,,23.85,29.55,26.96
2026-10-05,Occidente,Jalisco,Tlaquepaque,,GASOLINERA LA CAPACHA SA DE CV,PL/9071/EXP/ES/2015,,24.20,30.14,26.99
2026-10-05,Occidente,Jalisco,Sayula,,ENERGETICOS LA VALENTINA SA DE CV,PL/9025/EXP/ES/2015,,23.99,29.49,26.99
2026-10-05,Occidente,Jalisco,Tlajomulco de Zúñiga,,SERVICIOS ECOLOGICOS CHICHEN ITZA SA DE CV,PL/9010/EXP/ES/2015,,23.99,29.49,
2026-10-05,Occidente,Jalisco,Zapotlán del Rey,,JOSE JAIME CASTELLANOS FLORES,PL/8994/EXP/ES/2015,,23.99,29.79,27.00
2026-10-05,Occidente,Jalisco,San Juan de los Lagos,,LEOCADIO MACIAS MUÑOZ,PL/8992/EXP/ES/2015,,,28.49,26.98
2026-10-05,Occidente,Jalisco,Jocotepec,,ESTACION EL MOLINO DE ORO SA DE CV,PL/8989/EXP/ES/2015,,23.99,29.80,27.00
2026-10-05,Occidente,Jalisco,Zapopan,,ENERGIA FATIMA SA DE CV,PL/8982/EXP/ES/2015,,23.99,28.99,
2026-10-05,Occidente,Jalisco,Guadalajara,,SERVICIO LOS DELFINES SA DE CV,PL/8980/EXP/ES/2015,,23.79,28.59,26.99
2026-10-05,Occidente,Jalisco,Zapopan,,SERVICIO LOS DELFINES SA DE CV,PL/8978/EXP/ES/2015,,23.99,28.99,26.99
2026-10-05,Occidente,Jalisco,Tonalá,,AUTOSERVICIO TONALA SA DE CV,PL/8955/EXP/ES/2015,,23.99,29.99,26.99
2026-10-05,Occidente,Jalisco,Lagos de Moreno,,SERVICIO EL SAUZ AMARILLO AG SA DE CV,PL/8954/EXP/ES/2015,,23.99,28.99,
2026-10-05,Occidente,Jalisco,Arandas,,GASOLINERA INFONAVIT SA DE CV,PL/8944/EXP/ES/2015,,23.60,28.99,26.99
2026-10-05,Occidente,Jalisco,Guadalajara,,CORPORACION GASOLINERA MILLENIUM SA DE CV,PL/8938/EXP/ES/2015,,23.99,29.89,
2026-10-05,Occidente,Jalisco,Guadalajara,,CORPORACION GASOLINERA MILLENIUM SA DE CV,PL/8931/EXP/ES/2015,,22.99,27.99,
2026-10-05,Occidente,Jalisco,Guadalajara,,SERVICIO NUEVA ESPAÑA SA DE CV,PL/8910/EXP/ES/2015,,23.29,28.99,27.00
2026-10-05,Occidente,Jalisco,Zapopan,,COMBUSTIBLES ADITIVOS Y SERVICIOS MAGICOS S DE RL DE CV,PL/8908/EXP/ES/2015,,24.00,26.20,
2026-10-05,Occidente,Jalisco,Zapopan,,GASOLINERA PATRIA SA DE CV,PL/8906/EXP/ES/2015,,23.29,28.99,27.00
2026-10-05,Occidente,Jalisco,Encarnación de Díaz,,MULTISERVICIOS ESPECIALIZADOS MORITA SOCIEDAD ANONIMA DE CAPITAL VARIABLE,PL/8896/EXP/ES/2015,,23.97,28.79,26.99
2026-10-05,Occidente,Jalisco,Guadalajara,,INDUSTRIAS CEBRA SA DE CV,PL/873/EXP/ES/2015,,23.99,29.59,27.00
2026-10-05,Occidente,Jalisco,Encarnación de Díaz,,MULTISERVICIOS ESPECIALIZADOS MORITA SOCIEDAD ANONIMA DE CAPITAL VARIABLE,PL/8669/EXP/ES/2015,,23.97,,
2026-10-05,Occidente,Jalisco,Guadalajara,,IMPULSORA ENERGETICA SA DE CV,PL/8652/EXP/ES/2015,,23.49,28.89,26.99
2026-10-05,Occidente,Jalisco,Zapotlán el Grande,,SUPER SERVICIO JUMM SA DE CV,PL/8641/EXP/ES/2015,,24.00,29.88,27.00
2026-10-05,Occidente,Jalisco,Chapala,,COMBUSTIBLES DEL LAGO SA DE CV,PL/8631/EXP/ES/2015,,23.99,29.95,27.00
2026-10-05,Occidente,Jalisco,Chapala,,COMBUSTIBLES DEL LAGO SA DE CV,PL/8630/EXP/ES/2015,,23.99,29.95,
2026-10-05,Occidente,Jalisco,Tuxcacuesco,,SERVICIO LLANO EN LLAMAS SA DE CV,PL/8609/EXP/ES/2015,,24.25,29.99,27.29
2026-10-05,Occidente,Jalisco,Tolimán,,SERVICIO LLANO EN LLAMAS SA DE CV,PL/8607/EXP/ES/2015,,24.25,29.99,27.39
2026-10-05,Occidente,Jalisco,San Gabriel,,SERVICIO LLANO EN LLAMAS SA DE CV,PL/8602/EXP/ES/2015,,24.25,29.99,27.39
2026-10-05,Occidente,Jalisco,San Martín de Bolaños,,GASOLINERA CONDESA SA DE CV,PL/8592/EXP/ES/2015,,24.10,29.99,28.89
2026-10-05,Occidente,Jalisco,Puerto Vallarta,,GASOLINERA EL PITILLAL SA DE CV,PL/8573/EXP/ES/2015,,23.99,29.94,
2026-10-05,Occidente,Jalisco,Puerto Vallarta,,ENERGIA SAN RICARDO SA DE CV,PL/8572/EXP/ES/2015,,23.99,29.94,
2026-10-05,Occidente,Jalisco,La Manzanilla de la Paz,,GASOLINERA LA MANZANILLA SA DE CV,PL/8551/EXP/ES/2015,,24.00,29.98,26.99
2026-10-05,Occidente,Jalisco,El Salto,,SUPER SERVICIOS EL CASTILLO SA DE CV,PL/8532/EXP/ES/2015,,23.99,28.99,27.00
2026-10-05,Occidente,Jalisco,Tepatitlán de Morelos,,ESTACION PETRO3 SA DE CV,PL/8505/EXP/ES/2015,,23.99,29.24,27.24
2026-10-05,Occidente,Jalisco,Guadalajara,,AUTO EXPRESS CALZADA-PERIFERICO SA DE CV,PL/8486/EXP/ES/2015,,24.00,29.90,
2026-10-05,Occidente,Jalisco,Tonalá,,AUTOSERVICIOS AZTLAN SA DE CV,PL/8481/EXP/ES/2015,,23.83,29.70,27.00
2026-10-05,Occidente,Jalisco,Zapopan,,SERVICIOS Y COMBUSTIBLES TEPEYAC SA DE CV,PL/8397/EXP/ES/2015,,23.99,29.99,
2026-10-05,Occidente,Jalisco,Tuxcueca,,GRUPO ADYEHILA Y ASOCIADOS SA DE CV,PL/8393/EXP/ES/2015,,23.99,29.59,27.00
2026-10-05,Occidente,Jalisco,Zapotiltic,,SERVICIO VUELTA DEL ZAPOTE SA DE CV,PL/8392/EXP/ES/2015,,24.09,29.97,27.28
2026-10-05,Occidente,Jalisco,Puerto Vallarta,,ALFONSO COBIAN RAMIREZ,PL/8382/EXP/ES/2015,,24.95,30.75,27.00
2026-10-05,Occidente,Jalisco,Tlajomulco de Zúñiga,,GASEGURO SA DE CV,PL/8378/EXP/ES/2015,,23.99,29.90,
2026-10-05,Occidente,Jalisco,Mazamitla,,GASOSERVICIO MAZAMITLA SA DE CV,PL/8377/EXP/ES/2015,,23.99,29.99,26.99
2026-10-05,Occidente,Jalisco,Atotonilco el Alto,,GASOLINERIA SAN FRANCISCO DE ASIS SA DE CV,PL/8362/EXP/ES/2015,,23.99,29.45,27.00
2026-10-05,Occidente,Jalisco,Zapopan,,OTON ZAZUETA BELTRAN,PL/8342/EXP/ES/2015,,23.98,27.98,
2026-10-05,Occidente,Jalisco,Tlajomulco de Zúñiga,,SERVICIOS GASOLINEROS DE MEXICO SA DE CV,PL/8332/EXP/ES/2015,,23.99,29.99,27.99
2026-10-05,Occidente,Jalisco,Gómez Farías,,GASOLINERA LOS SAUCES DE LA COFRADIA SA DE CV,PL/8296/EXP/ES/2015,,23.99,29.80,27.00
2026-10-05,Occidente,Jalisco,Guadalajara,,GASOLINERA COLON SA DE CV,PL/828/EXP/ES/2015,,23.99,29.99,26.99
2026-10-05,Occidente,Jalisco,Tala,,SUPER SERVICIO LOS CAÑAVERALES SA DE CV,PL/8269/EXP/ES/2015,,23.99,29.30,27.00
2026-10-05,Occidente,Jalisco,Etzatlán,,SUPER SERVICIO 5 MINAS SA DE CV,PL/8265/EXP/ES/2015,,23.99,29.35,27.00
2026-10-05,Occidente,Jalisco,Tlajomulco de Zúñiga,,TLAJOGAS SA DE CV,PL/8261/EXP/ES/2015,,23.95,29.70,26.95
2026-10-05,Occidente,Jalisco,Guadalajara,,COMBU-EXPRESS SA DE CV,PL/825/EXP/ES/2015,,23.99,29.69,27.00
2026-10-05,Occidente,Jalisco,El Salto,,GASOLINERA EL CERRO CHATO SA DE CV,PL/8244/EXP/ES/2015,,24.00,29.99,27.00
2026-10-05,Occidente,Jalisco,Tonalá,,AUTOSERVICIO GASHR SA DE CV,PL/8148/EXP/ES/2015,,23.99,29.99,27.00
2026-10-05,Occidente,Jalisco,Tlaquepaque,,SERVICIO MARTIRES DEL TESORO S DE RL DE CV,PL/8041/EXP/ES/2015,,23.99,29.99,27.00
2026-10-05,Occidente,Jalisco,Tlajomulco de Zúñiga,,DELFINA ORTIZ REGALADO,PL/8032/EXP/ES/2015,,23.99,28.79,27.00
2026-10-05,Occidente,Jalisco,Casimiro Castillo,,OROFULL SA DE CV,PL/7953/EXP/ES/2015,,24.49,29.75,27.25
2026-10-05,Occidente,Jalisco,Guadalajara,,SM GAS PLUS SA DE CV,PL/7952/EXP/ES/2015,,23.99,29.19,
2026-10-05,Occidente,Jalisco,Tonalá,,SERVICIOS GASOLINEROS DE MEXICO SA DE CV,PL/7898/EXP/ES/2015,,24.99,29.99,
2026-10-05,Occidente,Jalisco,Tepatitlán de Morelos,,SERVICIO ACATIC SA DE CV,PL/7807/EXP/ES/2015,,23.98,,26.98
2026-10-05,Occidente,Jalisco,Acatic,,SERVICIO ACATIC SA DE CV,PL/7796/EXP/ES/2015,,23.98,28.95,26.98
2026-10-05,Occidente,Jalisco,Zapopan,,SERVICIO COLOTLAN EXPRESS SA DE CV,PL/7790/EXP/ES/2015,,23.99,29.49,26.99
2026-10-05,Occidente,Jalisco,Tonalá,,ENERGIA URBANA SA DE CV,PL/7775/EXP/ES/2015,,23.99,28.80,
2026-10-05,Occidente,Jalisco,Zapopan,,GASOLINERA MARTIN SA DE CV,PL/7773/EXP/ES/2015,,22.99,28.99,26.99
2026-10-05,Occidente,Jalisco,Zapopan,,SERVICIOS GASOLINEROS DE MEXICO SA DE CV,PL/7721/EXP/ES/2015,,23.99,29.99,
2026-10-05,Occidente,Jalisco,Ixtlahuacán del Río,,HIDROCARBUROS SAN ANTONIO SA DE CV,PL/7709/EXP/ES/2015,,24.90,,28.99
2026-10-05,Occidente,Jalisco,Lagos de Moreno,,COMERCIALIZADORA DE COMBUSTIBLES DE LOS ALTOS SA DE CV,PL/7686/EXP/ES/2015,,23.99,28.99,27.00
2026-10-05,Occidente,Jalisco,Lagos de Moreno,,COMERCIALIZADORA DE COMBUSTIBLES DE LOS ALTOS SA DE CV,PL/7685/EXP/ES/2015,,23.99,28.99,27.00
2026-10-05,Occidente,Jalisco,Tepatitlán de Morelos,,SERVICIO CARNICERITO S DE RL DE CV,PL/7682/EXP/ES/2015,,24.00,29.39,
2026-10-05,Occidente,Jalisco,Tepatitlán de Morelos,,SERVICIO CARNICERITO S DE RL DE CV,PL/7681/EXP/ES/2015,,24.00,29.39,27.39
2026-10-05,Occidente,Jalisco,Tepatitlán de Morelos,,GRUPO GASOLINERO ALVAREZ SA DE CV,PL/7635/EXP/ES/2015,,23.99,29.39,
2026-10-05,Occidente,Jalisco,Tapalpa,,SERVICIO ZZVV SA DE CV,PL/7631/EXP/ES/2015,,23.98,29.68,27.00
2026-10-05,Occidente,Jalisco,San Juan de los Lagos,,SERVICIOS PLATINO 2000 SA DE CV,PL/7630/EXP/ES/2015,,23.99,28.49,26.98
2026-10-05,Occidente,Jalisco,Puerto Vallarta,,ENERGIA CLAUDIA SA DE CV,PL/7629/EXP/ES/2015,,25.49,29.99,27.00
2026-10-05,Occidente,Jalisco,Villa Corona,,AUTOEXPRESS EL CRUCERO SANTA MARIA SA DE CV,PL/7628/EXP/ES/2015,,23.35,29.30,26.99
2026-10-05,Occidente,Jalisco,Atotonilco el Alto,,M. DOLORES GARCIA MORENO,PL/7622/EXP/ES/2015,,23.99,28.94,27.00
2026-10-05,Occidente,Jalisco,Zapopan,,COMBUSTIBLES AVIACION SA DE CV,PL/7619/EXP/ES/2015,,23.99,29.99,
2026-10-05,Occidente,Jalisco,Guadalajara,,GASOEXPRESS EL VERDE SA DE CV,PL/7617/EXP/ES/2015,,24.24,29.49,27.00
2026-10-05,Occidente,Jalisco,Tonalá,,HIDROCARBUROS  DE TONALA SA DE CV,PL/7614/EXP/ES/2015,,23.79,28.79,
2026-10-05,Occidente,Jalisco,Guadalajara,,SERVICIO LA PAZ SA DE CV,PL/7613/EXP/ES/2015,,23.99,29.90,26.99
2026-10-05,Occidente,Jalisco,San Martín Hidalgo,,AUTOEXPRESS EL CRUCERO SANTA MARIA SA DE CV,PL/7611/EXP/ES/2015,,24.00,29.35,27.00
2026-10-05,Occidente,Jalisco,Acatic,,ESTACION DE SERVICIO LOS 3 ENCINOS SA DE CV,PL/7609/EXP/ES/2015,,23.99,29.40,26.95
2026-10-05,Occidente,Jalisco,Talpa de Allende,,SERVICIO TALPA SA DE CV,PL/7606/EXP/ES/2015,,26.98,30.50,29.33
2026-10-05,Occidente,Jalisco,Ixtlahuacán de los Membrillos,,GASOLINERIA CORONA SA DE CV,PL/7601/EXP/ES/2015,,22.39,25.75,24.49
2026-10-05,Occidente,Jalisco,Ameca,,LUIS GUILLERMO BAUTISTA MARTINEZ,PL/7581/EXP/ES/2015,,23.99,29.95,27.99
2026-10-05,Occidente,Jalisco,Ameca,,LUIS GUILLERMO BAUTISTA MARTINEZ,PL/7577/EXP/ES/2015,,23.99,,27.99
2026-10-05,Occidente,Jalisco,Zapopan,,GASOLINERIA SERVICIO ZAPOPAN SA DE CV,PL/7523/EXP/ES/2015,,23.99,28.81,27.00
2026-10-05,Occidente,Jalisco,Guadalajara,,GASOJAL SA DE CV,PL/7514/EXP/ES/2015,,23.93,29.39,
2026-10-05,Occidente,Jalisco,Guadalajara,,SERVICIOS GASOLINEROS DE MEXICO SA DE CV,PL/7479/EXP/ES/2015,,23.99,,27.00
2026-10-05,Occidente,Jalisco,Guadalajara,,SERVICIOS GASOLINEROS DE MEXICO SA DE CV,PL/7475/EXP/ES/2015,,23.99,29.99,27.00
2026-10-05,Occidente,Jalisco,Tlajomulco de Zúñiga,,SERVICIOS GASOLINEROS DE MEXICO SA DE CV,PL/7473/EXP/ES/2015,,23.99,,27.00
2026-10-05,Occidente,Jalisco,El Salto,,SERVICIOS GASOLINEROS DE MEXICO SA DE CV,PL/7465/EXP/ES/2015,,23.99,,27.00
2026-10-05,Occidente,Jalisco,Tlajomulco de Zúñiga,,SERVICIOS GASOLINEROS DE MEXICO SA DE CV,PL/7464/EXP/ES/2015,,23.99,29.99,27.00
2026-10-05,Occidente,Jalisco,Tecolotlán,,ESTACION DE SERVICIO ALBA SA DE CV,PL/7457/EXP/ES/2015,,24.49,29.95,27.49
2026-10-05,Occidente,Jalisco,Tecolotlán,,ESTACION DE SERVICIO ALBA SA DE CV,PL/7454/EXP/ES/2015,,24.49,29.95,27.49
2026-10-05,Occidente,Jalisco,San Ignacio Cerro Gordo,,ENERGETICOS TEPAK SA DE CV,PL/7428/EXP/ES/2015,,23.99,28.55,27.00
2026-10-05,Occidente,Jalisco,Guadalajara,,SIMBA EXPRESS SA DE CV,PL/7363/EXP/ES/2015,,23.99,29.79,
2026-10-05,Occidente,Jalisco,Juchitlán,,JOSE DE JESUS RUESGA HERNANDEZ,PL/7300/EXP/ES/2015,,24.40,,27.40
2026-10-05,Occidente,Jalisco,Tepatitlán de Morelos,,JOSE LUIS ALVAREZ GONZALEZ,PL/7259/EXP/ES/2015,,23.99,29.39,
2026-10-05,Occidente,Jalisco,Santa María de los Ángeles,,ARMANDO GAETA LOERA,PL/7238/EXP/ES/2015,,24.00,29.00,27.60
2026-10-05,Occidente,Jalisco,Colotlán,,ARMANDO GAETA LOERA,PL/7237/EXP/ES/2015,,24.00,29.00,27.60
2026-10-05,Occidente,Jalisco,Tlaquepaque,,COMBUSTIBLES MARVIC SA DE CV,PL/7221/EXP/ES/2015,,23.59,28.49,26.99
2026-10-05,Occidente,Jalisco,Zapopan,,GASOLINEROS MEXICANOS SA DE CV,PL/7211/EXP/ES/2015,,23.99,28.80,
2026-10-05,Occidente,Jalisco,Tonila,,SERVICIO TONILA SA DE CV,PL/7207/EXP/ES/2015,,23.85,,27.00
2026-10-05,Occidente,Jalisco,Colotlán,,SERVICIOS MANA SA DE CV,PL/7199/EXP/ES/2015,,23.95,28.95,27.27
2026-10-05,Occidente,Jalisco,Jilotlán de los Dolores,,SERVICIO JILOTLAN SA DE CV,PL/7177/EXP/ES/2015,,24.95,,29.80
2026-10-05,Occidente,Jalisco,Tonalá,,SERVICIOS MARKOIL SA DE CV,PL/7155/EXP/ES/2015,,23.99,29.49,27.00
2026-10-05,Occidente,Jalisco,Villa Hidalgo,,SERVICIO SOTO ESQUEDA SA DE CV,PL/7152/EXP/ES/2015,,24.00,28.80,27.00
2026-10-05,Occidente,Jalisco,Tlajomulco de Zúñiga,,"SERVICIOS HERMANOS VACO, S.A. DE C.V.",PL/7148/EXP/ES/2015,,23.99,29.59,
2026-10-05,Occidente,Jalisco,Encarnación de Díaz,,SERVICIO RAMIREZ VILLALOBOS SA DE CV,PL/7146/EXP/ES/2015,,23.99,29.29,27.00
2026-10-05,Occidente,Jalisco,Zapopan,,GASOLINEROS MEXICANOS SA DE CV,PL/7137/EXP/ES/2015,,23.99,29.20,27.00
2026-10-05,Occidente,Jalisco,Lagos de Moreno,,SERVICIO EL REFUGIO DE LAGOS SA DE CV,PL/7120/EXP/ES/2015,,23.99,28.99,27.00
2026-10-05,Occidente,Jalisco,Tepatitlán de Morelos,,GASOLINERA VICAM SA DE CV,PL/7097/EXP/ES/2015,,23.99,28.99,26.99
2026-10-05,Occidente,Jalisco,Mascota,,SERVICIO SIERRA ESMERALDA SA DE CV,PL/7076/EXP/ES/2015,,26.99,31.99,30.09
2026-10-05,Occidente,Jalisco,San Martín Hidalgo,,VILLASEÑOR BARAJAS SA DE CV,PL/7063/EXP/ES/2015,,23.99,29.19,27.00
2026-10-05,Occidente,Jalisco,Tototlán,,GASOLINERIA LOS 19 HERMANOS SA DE CV,PL/7053/EXP/ES/2015,,23.99,29.99,27.57
2026-10-05,Occidente,Jalisco,Huejúcar,,DOROTEO DIAZ DIAZ,PL/7033/EXP/ES/2015,,24.00,28.66,27.00
2026-10-05,Occidente,Jalisco,Jalostotitlán,,SERVICIO SIGLO XXI S DE RL DE CV,PL/7026/EXP/ES/2015,,23.99,29.49,26.99
2026-10-05,Occidente,Jalisco,San Miguel el Alto,,SERVICIO SIGLO XXI S DE RL DE CV,PL/7025/EXP/ES/2015,,23.99,29.79,26.99
2026-10-05,Occidente,Jalisco,San Miguel el Alto,,SERVICIO SIGLO XXI S DE RL DE CV,PL/7024/EXP/ES/2015,,23.99,29.79,26.99
2026-10-05,Occidente,Jalisco,Zapopan,,SERVICIO SIGLO XXI S DE RL DE CV,PL/7023/EXP/ES/2015,,23.99,29.99,26.99
2026-10-05,Occidente,Jalisco,Huejuquilla el Alto,,SERVICIO LAMAS SA DE CV,PL/7016/EXP/ES/2015,,23.99,28.50,27.00
2026-10-05,Occidente,Jalisco,Tlajomulco de Zúñiga,,ENERGIA DAMARIS SA DE CV,PL/6959/EXP/ES/2015,,23.99,29.59,26.99
2026-10-05,Occidente,Jalisco,Zapopan,,ENERGIA SAN PABLO SA DE CV,PL/6952/EXP/ES/2015,,23.69,28.99,
2026-10-05,Occidente,Jalisco,El Arenal,,SERVICIO PONCE -  MEDINA SA DE CV,PL/6943/EXP/ES/2015,,23.99,29.45,27.58
2026-10-05,Occidente,Jalisco,Zapopan,,MIGUEL ZAZUETA BELTRAN,PL/6905/EXP/ES/2015,,23.98,28.90,
2026-10-05,Occidente,Jalisco,Tlajomulco de Zúñiga,,GASOLINEROS MEXICANOS SA DE CV,PL/6900/EXP/ES/2015,,23.99,29.79,27.00
2026-10-05,Occidente,Jalisco,Tapalpa,,J DONACIANO ZAMORA LOPEZ,PL/6895/EXP/ES/2015,,23.99,29.69,27.00
2026-10-05,Occidente,Jalisco,Zapopan,,GASOLINERA KUKULKAN SA DE CV,PL/6875/EXP/ES/2015,,23.99,29.89,
2026-10-05,Occidente,Jalisco,Ameca,,SERVICIOS ESPECIALIZADOS DEL VALLE DE AMECA SA DE CV,PL/6871/EXP/ES/2015,,24.00,29.95,27.99
2026-10-05,Occidente,Jalisco,Jesús María,,IGNACIO AYALA SALAZAR,PL/6863/EXP/ES/2015,,23.90,,27.00
2026-10-05,Occidente,Jalisco,Guadalajara,,FER-PETRO S DE RL DE CV,PL/6861/EXP/ES/2015,,23.99,29.00,
2026-10-05,Occidente,Jalisco,Zapopan,,SERVICIOS MOZA SA DE CV,PL/6819/EXP/ES/2015,,23.99,29.98,
2026-10-05,Occidente,Jalisco,Zapopan,,BECKTROP OPERADORA SA DE CV,PL/681/EXP/ES/2015,,23.99,29.99,26.99
2026-10-05,Occidente,Jalisco,Arandas,,GASOLINERA SANTA MARIA DEL VALLE SA DE CV,PL/6806/EXP/ES/2015,,23.99,27.87,27.45
2026-10-05,Occidente,Jalisco,Encarnación de Díaz,,KOPLA S DE RL DE CV,PL/6805/EXP/ES/2015,,23.99,,26.99
2026-10-05,Occidente,Jalisco,Tomatlán,,SERVICIO BAULOP SA DE CV,PL/6780/EXP/ES/2015,,23.99,29.45,27.49
2026-10-05,Occidente,Jalisco,Tomatlán,,SERVICIO BAULOP SA DE CV,PL/6778/EXP/ES/2015,,23.99,,27.49
2026-10-05,Occidente,Jalisco,Tomatlán,,SERVICIO COSTA NORTE DE JALISCO SA DE CV,PL/6776/EXP/ES/2015,,23.99,29.45,27.49
2026-10-05,Occidente,Jalisco,Tlajomulco de Zúñiga,,ENERGETICOS PLUS SA DE CV,PL/6771/EXP/ES/2015,,23.99,29.99,27.00
2026-10-05,Occidente,Jalisco,Guadalajara,,ENERGETICOS PLUS SA DE CV,PL/6769/EXP/ES/2015,,23.99,29.99,
2026-10-05,Occidente,Jalisco,Guadalajara,,ENERGETICOS PLUS SA DE CV,PL/6766/EXP/ES/2015,,23.99,29.99,
2026-10-05,Occidente,Jalisco,Zapopan,,CAJIVHE SA DE CV,PL/6752/EXP/ES/2015,,23.99,29.49,
2026-10-05,Occidente,Jalisco,Guadalajara,,SERVI EXPRESS OBLATOS SA DE CV,PL/6744/EXP/ES/2015,,23.99,29.99,
2026-10-05,Occidente,Jalisco,Guadalajara,,GASOLINERA CHAPALITA SA DE CV,PL/6736/EXP/ES/2015,,24.00,29.98,
2026-10-05,Occidente,Jalisco,Tonalá,,SERVICIOS GASOLINEROS DE MEXICO SA DE CV,PL/6735/EXP/ES/2015,,23.99,29.99,27.00
2026-10-05,Occidente,Jalisco,La Barca,,MA DEL CONSUELO VILLANUEVA SALAS,PL/6693/EXP/ES/2015,,23.99,29.90,27.90
2026-10-05,Occidente,Jalisco,Zapopan,,GASOLINA Y SERVICIOS QUINTA FEDERALISMO SA DE CV,PL/6666/EXP/ES/2015,,23.99,29.70,26.99
2026-10-05,Occidente,Jalisco,Tlaquepaque,,ENERGETICOS DEA SA DE CV,PL/6664/EXP/ES/2015,,23.99,29.70,26.99
2026-10-05,Occidente,Jalisco,San Juan de los Lagos,,HECTOR EDUARDO LEAL PALOS,PL/6646/EXP/ES/2015,,23.99,29.19,27.00
2026-10-05,Occidente,Jalisco,Guadalajara,,GASOLINERA ALEMANIA SA DE CV,PL/6642/EXP/ES/2015,,23.99,29.59,
2026-10-05,Occidente,Jalisco,Guadalajara,,SERVICIO PUREZA SA DE CV,PL/6634/EXP/ES/2015,,23.99,29.59,27.00
2026-10-05,Occidente,Jalisco,Tlaquepaque,,EXPRESERVICIO GASOLINAS SA DE CV,PL/6630/EXP/ES/2015,,23.89,28.99,
2026-10-05,Occidente,Jalisco,Tecalitlán,,GASOLINERIA TECALITLAN SA DE CV,PL/6625/EXP/ES/2015,,23.99,29.99,26.99
2026-10-05,Occidente,Jalisco,Poncitlán,,SUPER SERVICIO PONCITLAN SA DE CV,PL/6624/EXP/ES/2015,,23.99,29.89,26.99
2026-10-05,Occidente,Jalisco,Guadalajara,,MARTIN ALFONSO RUIZ GARCIA,PL/6623/EXP/ES/2015,,23.45,28.90,26.99
2026-10-05,Occidente,Jalisco,Zapopan,,SERVICIO PUERTO GUAYMAS SA DE CV,PL/6614/EXP/ES/2015,,23.99,29.89,
2026-10-05,Occidente,Jalisco,Chapala,,MARIA DEL CARMEN HERNANDEZ RUIZ,PL/6603/EXP/ES/2015,,23.85,29.51,27.00
2026-10-05,Occidente,Jalisco,Zapopan,,SERVICIOS ALCARAZ Y HERNANDEZ SA DE CV,PL/6506/EXP/ES/2015,,23.79,28.79,
2026-10-05,Occidente,Jalisco,Zapopan,,GASOLINERA LOS ROBLES SA DE CV,PL/6469/EXP/ES/2015,,23.99,29.50,26.99
2026-10-05,Occidente,Jalisco,San Juan de los Lagos,,SERVICIO PARO SA DE CV,PL/6456/EXP/ES/2015,,23.99,28.49,
2026-10-05,Occidente,Jalisco,Arandas,,ESTACION DE SERVICIO K2 SA DE CV,PL/6431/EXP/ES/2015,,23.98,29.71,27.47
2026-10-05,Occidente,Jalisco,Jocotepec,,ESTACION DE SERVICIO LA MOJONERA SA DE CV,PL/6393/EXP/ES/2015,,23.59,28.79,26.86
2026-10-05,Occidente,Jalisco,Guadalajara,,SUPERSERVICIO EL OBRERO SA DE CV,PL/6372/EXP/ES/2015,,23.99,29.45,
2026-10-05,Occidente,Jalisco,Guadalajara,,GASOLINERA LA 34 SA DE CV,PL/6371/EXP/ES/2015,,23.99,29.45,
2026-10-05,Occidente,Jalisco,Tlaquepaque,,GASOLINERA LAS LIEBRES SA DE CV,PL/6370/EXP/ES/2015,,23.99,29.45,26.99
2026-10-05,Occidente,Jalisco,Teocaltiche,,SERVICIO BELEN HERNANDEZ SA DE CV,PL/6368/EXP/ES/2015,,23.99,29.50,27.00
2026-10-05,Occidente,Jalisco,Zapotlán el Grande,,COMBUSTIBLES CARRETEROS CARCO SA DE CV,PL/6329/EXP/ES/2015,,24.00,29.99,27.59
2026-10-05,Occidente,Jalisco,Atotonilco el Alto,,BERTHA FUENTES OÑATE,PL/6314/EXP/ES/2015,,23.99,28.94,27.00
2026-10-05,Occidente,Jalisco,Tlajomulco de Zúñiga,,PETROMAX SA DE CV,PL/623/EXP/ES/2015,,24.59,29.99,
2026-10-05,Occidente,Jalisco,Zapopan,,GRUPO OCTANO SA DE CV,PL/618/EXP/ES/2015,,23.99,29.99,27.00
2026-10-05,Occidente,Jalisco,Encarnación de Díaz,,GASOLINERA LOS CRISTEROS SA DE CV,PL/6129/EXP/ES/2015,,23.99,28.79,26.99
2026-10-05,Occidente,Jalisco,Guadalajara,,RED NACIONAL DE COMBUSTIBLES Y SERVICIOS SA DE CV,PL/6122/EXP/ES/2015,,23.99,29.40,
2026-10-05,Occidente,Jalisco,San Juan de los Lagos,,GASOLINERA EL PAISA SA DE CV,PL/6120/EXP/ES/2015,,23.99,28.49,
2026-10-05,Occidente,Jalisco,Tonalá,,GASOLINERA BELIARJO SA DE CV,PL/6076/EXP/ES/2015,,23.99,29.49,26.99
2026-10-05,Occidente,Jalisco,Yahualica de González Gallo,,LIZARDE Y COMPAÑIA SA DE CV,PL/6054/EXP/ES/2015,,23.99,29.59,27.00
2026-10-05,Occidente,Jalisco,Atotonilco el Alto,,M LUISA SERRANO MENDEZ,PL/6046/EXP/ES/2015,,23.76,29.58,26.99
2026-10-05,Occidente,Jalisco,Mezquitic,,LEOPOLDO DE LA TORRE ROMERO,PL/6033/EXP/ES/2015,,24.00,29.30,27.00
2026-10-05,Occidente,Jalisco,Guadalajara,,ROBERTO CARDENAS GONZALEZ,PL/6024/EXP/ES/2015,,23.89,29.29,
2026-10-05,Occidente,Jalisco,Tlaquepaque,,GASOLINERIA LAS CONCHITAS SA DE CV,PL/6014/EXP/ES/2015,,23.99,29.45,26.99
2026-10-05,Occidente,Jalisco,Jocotepec,,AUTOSERVICIOS UNIDOS JOCOTEPEC SA DE CV,PL/5961/EXP/ES/2015,,23.98,29.49,26.98
2026-10-05,Occidente,Jalisco,Acatlán de Juárez,,COMBUSTIBLES EBANO SA DE CV,PL/5912/EXP/ES/2015,,23.99,29.49,27.00
2026-10-05,Occidente,Jalisco,Tepatitlán de Morelos,,SERVICIOS GASOLINEROS DE MEXICO SA DE CV,PL/5876/EXP/ES/2015,,23.99,29.99,27.00
2026-10-05,Occidente,Jalisco,Puerto Vallarta,,CARFLOR SA DE CV,PL/5869/EXP/ES/2015,,24.88,29.99,27.99
2026-10-05,Occidente,Jalisco,Tonalá,,GASOLINERA COYULA SA DE CV,PL/5856/EXP/ES/2015,,23.99,24.49,26.99
2026-10-05,Occidente,Jalisco,Tlaquepaque,,SERVICIO LAS CONCHITAS SA DE CV,PL/5855/EXP/ES/2015,,23.60,29.45,26.99
2026-10-05,Occidente,Jalisco,Tlajomulco de Zúñiga,,GASOLINERA EL ZAPOTE SA DE CV,PL/5854/EXP/ES/2015,,23.99,29.45,26.99
2026-10-05,Occidente,Jalisco,San Miguel el Alto,,LOZA GUTIERREZ SA DE CV,PL/5846/EXP/ES/2015,,23.99,29.48,27.00
2026-10-05,Occidente,Jalisco,Puerto Vallarta,,OPEQUIMAR SA DE CV,PL/5845/EXP/ES/2015,,23.99,28.69,
2026-10-05,Occidente,Jalisco,Poncitlán,,SERVICIOS GASOLINEROS DE MEXICO SA DE CV,PL/5840/EXP/ES/2015,,23.99,29.99,27.99
2026-10-05,Occidente,Jalisco,Tonalá,,GASOLINERA ZALATE SA DE CV,PL/5832/EXP/ES/2015,,23.55,29.49,26.98
2026-10-05,Occidente,Jalisco,Amatitán,,COMBUSTIBLES MODI SA DE CV,PL/5820/EXP/ES/2015,,23.99,29.59,26.99
2026-10-05,Occidente,Jalisco,Ocotlán,,SERVICIOS GASOLINEROS DE MEXICO SA DE CV,PL/5807/EXP/ES/2015,,23.99,29.99,27.00
2026-10-05,Occidente,Jalisco,Ojuelos de Jalisco,,ARMANDO PLASCENCIA ORTIZ,PL/5789/EXP/ES/2015,,23.99,29.49,27.00
2026-10-05,Occidente,Jalisco,Ojuelos de Jalisco,,SERVICIO PETROJUELOS SA DE CV,PL/5782/EXP/ES/2015,,23.99,29.49,27.00
2026-10-05,Occidente,Jalisco,Arandas,,RAUL ALVAREZ PEREZ,PL/5772/EXP/ES/2015,,23.70,28.39,27.00
2026-10-05,Occidente,Jalisco,Villa Corona,,SERVICIO VILLA CORONA SA DE CV,PL/5744/EXP/ES/2015,,23.24,28.61,26.85
2026-10-05,Occidente,Jalisco,Guadalajara,,SUPER SERVICIO CLAUDIA DE GUADALAJARA SA DE CV,PL/5733/EXP/ES/2015,,24.00,29.40,27.00
2026-10-05,Occidente,Jalisco,Tonalá,,SUPER SERVICIO CLAUDIA DE GUADALAJARA SA DE CV,PL/5732/EXP/ES/2015,,23.99,29.10,26.99
2026-10-05,Occidente,Jalisco,Tlajomulco de Zúñiga,,SUPER SERVICIO LA HACIENDA SA DE CV,PL/5728/EXP/ES/2015,,23.90,27.40,26.99
2026-10-05,Occidente,Jalisco,Tequila,,GASOLINERIA TEQUILA SA DE CV,PL/5724/EXP/ES/2015,,23.99,29.59,26.99
2026-10-05,Occidente,Jalisco,Tequila,,GASOLINERIA TEQUILA SA DE CV,PL/5719/EXP/ES/2015,,23.99,29.59,26.99
2026-10-05,Occidente,Jalisco,Ixtlahuacán del Río,,SERVICIOS GASOLINEROS DE MEXICO SA DE CV,PL/5711/EXP/ES/2015,,23.99,29.99,27.00
2026-10-05,Occidente,Jalisco,Ixtlahuacán del Río,,SERVICIOS GASOLINEROS DE MEXICO SA DE CV,PL/5708/EXP/ES/2015,,23.99,29.99,27.00
2026-10-05,Occidente,Jalisco,Zapopan,,SERVICIOS GASOLINEROS DE MEXICO SA DE CV,PL/5706/EXP/ES/2015,,23.99,29.99,27.00
2026-10-05,Occidente,Jalisco,Tlaquepaque,,ENERGETICOS PLUS SA DE CV,PL/5692/EXP/ES/2015,,23.99,29.99,27.00
2026-10-05,Occidente,Jalisco,Tlaquepaque,,GASOLINERA VISTA ALEGRE SA DE CV,PL/5691/EXP/ES/2015,,23.99,29.67,27.00
2026-10-05,Occidente,Jalisco,Guadalajara,,ENERGETICOS PLUS SA DE CV,PL/5690/EXP/ES/2015,,23.99,29.99,27.00
2026-10-05,Occidente,Jalisco,El Salto,,GASOLINERA EL CARRIL SA DE CV,PL/5680/EXP/ES/2015,,23.99,29.46,27.00
2026-10-05,Occidente,Jalisco,Zapotlanejo,,SERVICIO GASOLINERA ZAPOTLANEJO SA DE CV,PL/5675/EXP/ES/2015,,23.90,29.99,
2026-10-05,Occidente,Jalisco,Guadalajara,,GOMCOVI SA DE CV,PL/5665/EXP/ES/2015,,23.79,28.99,26.89
2026-10-05,Occidente,Jalisco,Tonalá,,EVERARDO CORONADO OROZCO,PL/5663/EXP/ES/2015,,23.99,29.49,27.00
2026-10-05,Occidente,Jalisco,Tlaquepaque,,FLECHA GRANA SA DE CV,PL/5660/EXP/ES/2015,,23.89,28.99,26.99
2026-10-05,Occidente,Jalisco,Jalostotitlán,,SERVICIOS SAN JOSE SA DE CV,PL/5655/EXP/ES/2015,,23.99,28.59,26.99
2026-10-05,Occidente,Jalisco,Tlajomulco de Zúñiga,,ESTACION DE SERVICIO NAPTE SA DE CV,PL/5649/EXP/ES/2015,,23.99,28.50,
2026-10-05,Occidente,Jalisco,Zapopan,,DARA SERVICIOS SA DE CV,PL/5648/EXP/ES/2015,,23.29,29.19,26.69
2026-10-05,Occidente,Jalisco,Autlán de Navarro,,CAÑAGAS AUTLAN SA DE CV,PL/5626/EXP/ES/2015,,24.39,29.78,27.30
2026-10-05,Occidente,Jalisco,Guadalajara,,ESTACION GDL EXPRESS SA DE CV,PL/5538/EXP/ES/2015,,23.75,29.50,27.00
2026-10-05,Occidente,Jalisco,Tepatitlán de Morelos,,ESTACION DE SERVICIO LA MANGA SA DE CV,PL/5530/EXP/ES/2015,,23.17,28.59,26.92
2026-10-05,Occidente,Jalisco,Tlaquepaque,,DERIVADORA DE COMBUSTIBLES IXTLAHUACAN SA DE CV,PL/5525/EXP/ES/2015,,23.99,29.45,26.99
2026-10-05,Occidente,Jalisco,Encarnación de Díaz,,MA JORGE HERNANDEZ OROPEZA,PL/5514/EXP/ES/2015,,23.99,29.80,27.00
2026-10-05,Occidente,Jalisco,Tonalá,,PETROMAX SA DE CV,PL/549/EXP/ES/2015,,24.69,29.99,
2026-10-05,Occidente,Jalisco,Tonalá,,PROMOTORA INTEGRACION URBANA SA DE CV,PL/5475/EXP/ES/2015,,23.69,29.29,26.99
2026-10-05,Occidente,Jalisco,Tlaquepaque,,PETROMAX SA DE CV,PL/546/EXP/ES/2015,,24.59,29.99,
2026-10-05,Occidente,Jalisco,Zapotiltic,,GASOLINERA ZAPOTILTIC SA DE CV,PL/5453/EXP/ES/2015,,24.39,29.88,27.69
2026-10-05,Occidente,Jalisco,Tonalá,,SERVICIO MATATLAN SA DE CV,PL/5450/EXP/ES/2015,,23.99,29.29,26.99
2026-10-05,Occidente,Jalisco,Jalostotitlán,,SERVICIOS SAN JOSE SA DE CV,PL/5438/EXP/ES/2015,,23.99,28.59,26.99
2026-10-05,Occidente,Jalisco,Tepatitlán de Morelos,,SERVICIOS SAN ALFONSO SA DE CV,PL/5429/EXP/ES/2015,,23.99,29.30,26.99
2026-10-05,Occidente,Jalisco,Zapopan,,SERVICIO TESISTAN SA DE CV,PL/5408/EXP/ES/2015,,23.99,28.99,26.99
2026-10-05,Occidente,Jalisco,Zapopan,,SERVICIO COLOTLAN EXPRESS SA DE CV,PL/5401/EXP/ES/2015,,23.99,28.99,26.99
2026-10-05,Occidente,Jalisco,Unión de San Antonio,,ANTONIO MUÑOZ GARCIA,PL/5396/EXP/ES/2015,,23.99,28.20,27.00
2026-10-05,Occidente,Jalisco,Zapopan,,SERVICIO TESCOGAS SA DE CV,PL/5384/EXP/ES/2015,,23.99,28.99,28.27
2026-10-05,Occidente,Jalisco,Cuquío,,ORGANIZACION LA LUNA SA DE CV,PL/5357/EXP/ES/2015,,23.99,29.99,27.00
2026-10-05,Occidente,Jalisco,Zapopan,,SERVICIO TESCOGAS SA DE CV,PL/5355/EXP/ES/2015,,23.99,28.99,26.99
2026-10-05,Occidente,Jalisco,Jamay,,COMBU-EXPRESS SA DE CV,PL/5352/EXP/ES/2015,,23.99,29.59,27.29
2026-10-05,Occidente,Jalisco,Zapopan,,SERVICIO CLOUTHIER PREMIER SA DE CV,PL/5343/EXP/ES/2015,,23.99,29.59,26.99
2026-10-05,Occidente,Jalisco,Puerto Vallarta,,GRUPO OCTANO SA DE CV,PL/534/EXP/ES/2015,,24.89,29.99,27.99
2026-10-05,Occidente,Jalisco,Puerto Vallarta,,ENERGIA SAN ERNESTO SA DE CV,PL/5333/EXP/ES/2015,,24.49,29.59,
2026-10-05,Occidente,Jalisco,Puerto Vallarta,,SERVICIO TORRES DIEZ SA DE CV,PL/5328/EXP/ES/2015,,24.49,29.59,27.49
2026-10-05,Occidente,Jalisco,Zapopan,,SERVICIO TORRES DIEZ SA DE CV,PL/5324/EXP/ES/2015,,23.99,29.59,26.99
2026-10-05,Occidente,Jalisco,Puerto Vallarta,,SERVICIO LOS POETAS SA DE CV,PL/5322/EXP/ES/2015,,24.49,29.59,27.49
2026-10-05,Occidente,Jalisco,Puerto Vallarta,,SERVICIO LAS PALMAS VALLARTA SA DE CV,PL/5313/EXP/ES/2015,,24.49,29.59,
2026-10-05,Occidente,Jalisco,Guadalajara,,GASOLINERA CRUZ DEL SUR SA DE CV,PL/5271/EXP/ES/2015,,23.89,29.29,
2026-10-05,Occidente,Jalisco,El Grullo,,SUPER SERVICIO LA ESPERANZA SA DE CV,PL/5247/EXP/ES/2015,,24.49,29.99,27.50
2026-10-05,Occidente,Jalisco,Zapopan,,COMERCIALIZADORA BOSQUES SA DE CV,PL/5193/EXP/ES/2015,,23.99,29.59,26.99
2026-10-05,Occidente,Jalisco,Tlajomulco de Zúñiga,,PETROMAX SA DE CV,PL/518/EXP/ES/2015,,24.69,29.99,
2026-10-05,Occidente,Jalisco,Tala,,ANTONIO FRANCO ARELLANO,PL/5177/EXP/ES/2015,,24.00,30.00,27.00
2026-10-05,Occidente,Jalisco,Puerto Vallarta,,SERVICIO IBSOM SA DE CV,PL/5175/EXP/ES/2015,,23.99,29.49,27.00
2026-10-05,Occidente,Jalisco,Villa Guerrero,,GASOLINERA VILLA GUERRERO SA DE CV,PL/5174/EXP/ES/2015,,23.99,29.00,27.46
2026-10-05,Occidente,Jalisco,Totatiche,,SERVICIO SANDOVAL SA DE CV,PL/5171/EXP/ES/2015,,23.99,29.00,27.00
2026-10-05,Occidente,Jalisco,Tlajomulco de Zúñiga,,PETROMAX SA DE CV,PL/512/EXP/ES/2015,,24.69,29.99,
2026-10-05,Occidente,Jalisco,Guadalajara,,SERVICIO LOVEGO SA DE CV,PL/5107/EXP/ES/2015,,23.98,29.79,26.99
2026-10-05,Occidente,Jalisco,Guadalajara,,GASOLINERA LAS AMERICAS SA DE CV,PL/5105/EXP/ES/2015,,23.95,29.70,
2026-10-05,Occidente,Jalisco,Mascota,,SERVICIO MASCOTA SA DE CV,PL/5092/EXP/ES/2015,,23.99,30.65,26.99
2026-10-05,Occidente,Jalisco,Guadalajara,,DESPACHADORA ABASTOS DE JALISCO S DE RL DE CV,PL/5083/EXP/ES/2015,,23.99,29.79,26.99
2026-10-05,Occidente,Jalisco,Puerto Vallarta,,GRUPO OCTANO SA DE CV,PL/508/EXP/ES/2015,,24.89,29.99,
2026-10-05,Occidente,Jalisco,Guadalajara,,DESPACHADORA ABASTOS DE JALISCO S DE RL DE CV,PL/5079/EXP/ES/2015,,23.99,29.49,26.99
2026-10-05,Occidente,Jalisco,Acatic,,MARIA GUADALUPE CARBAJAL RIVERA,PL/5078/EXP/ES/2015,,23.99,28.89,26.85
2026-10-05,Occidente,Jalisco,Unión de Tula,,UNION CASMO S DE RL DE CV,PL/5063/EXP/ES/2015,,24.49,29.96,27.49
2026-10-05,Occidente,Jalisco,Zapopan,,ESTACION DE SERVICIO PLEYADES SA DE CV,PL/5055/EXP/ES/2015,,23.99,29.99,
2026-10-05,Occidente,Jalisco,Tonaya,,GRUPO OCTANO SA DE CV,PL/505/EXP/ES/2015,,24.99,29.99,27.29
2026-10-05,Occidente,Jalisco,El Grullo,,GRUPO OCTANO SA DE CV,PL/504/EXP/ES/2015,,24.99,29.99,27.49
2026-10-05,Occidente,Jalisco,Zapopan,,GRUPO OCTANO SA DE CV,PL/503/EXP/ES/2015,,23.99,29.99,
2026-10-05,Occidente,Jalisco,Guadalajara,,ESTACION DE SERVICIO COLON SA DE CV,PL/4869/EXP/ES/2015,,23.98,28.98,
2026-10-05,Occidente,Jalisco,Tlajomulco de Zúñiga,,GASOLINERA CUESCO SA DE CV,PL/4868/EXP/ES/2015,,23.99,29.50,26.99
2026-10-05,Occidente,Jalisco,Guadalajara,,GASOLINERA GIGANTES SA DE CV,PL/4819/EXP/ES/2015,,22.99,28.99,26.99
2026-10-05,Occidente,Jalisco,Guadalajara,,SERVICIO LAUREL SA DE CV,PL/4816/EXP/ES/2015,,23.99,29.99,
2026-10-05,Occidente,Jalisco,Guadalajara,,DEMETRIO CUEVAS SANCHEZ,PL/4809/EXP/ES/2015,,23.99,29.59,
2026-10-05,Occidente,Jalisco,Tlajomulco de Zúñiga,,GRUPO SULUMA SA DE CV,PL/4806/EXP/ES/2015,,,29.40,27.00
2026-10-05,Occidente,Jalisco,Tala,,COMBUSTIBLES DANFE SA DE CV,PL/4789/EXP/ES/2015,,24.00,30.00,27.00
2026-10-05,Occidente,Jalisco,Tlaquepaque,,ESTACION PETROMEX SA DE CV,PL/4753/EXP/ES/2015,,23.99,29.90,26.98
2026-10-05,Occidente,Jalisco,Zapopan,,PETROMAX SA DE CV,PL/465/EXP/ES/2015,,24.59,29.99,
2026-10-05,Occidente,Jalisco,San Sebastián del Oeste,,COMBUSTIBLES SAN SEBASTIAN SA DE CV,PL/4620/EXP/ES/2015,,24.99,29.99,29.40
2026-10-05,Occidente,Jalisco,Guadalajara,,GASOLINERA DE LA VICTORIA SA,PL/4579/EXP/ES/2015,,23.99,29.44,27.00
2026-10-05,Occidente,Jalisco,Unión de Tula,,UNION CASMO S DE RL DE CV,PL/4561/EXP/ES/2015,,24.49,29.96,27.49
2026-10-05,Occidente,Jalisco,Zapopan,,SERVICIO LA CORONELA S.A. DE C.V.,PL/4560/EXP/ES/2015,,24.09,29.89,
2026-10-05,Occidente,Jalisco,Arandas,,GASOLINERA ARANDAS SA DE CV,PL/4537/EXP/ES/2015,,23.99,29.25,27.00
2026-10-05,Occidente,Jalisco,Tonalá,,PETROMAX SA DE CV,PL/452/EXP/ES/2015,,24.69,29.99,
2026-10-05,Occidente,Jalisco,Tlajomulco de Zúñiga,,JOSE LUIS IBARRA NAVARRO,PL/4506/EXP/ES/2015,,23.79,28.69,26.98
2026-10-05,Occidente,Jalisco,Tonalá,,GASOLINERA SAN GASPAR SA DE CV,PL/4503/EXP/ES/2015,,23.69,29.39,27.00
2026-10-05,Occidente,Jalisco,El Arenal,,SIMBA EXPRESS SA DE CV,PL/4501/EXP/ES/2015,,23.99,29.79,26.97
2026-10-05,Occidente,Jalisco,Juanacatlán,,GASOLINERA JUANACATLAN SA DE CV,PL/4444/EXP/ES/2015,,23.99,29.46,27.00
2026-10-05,Occidente,Jalisco,San Martín Hidalgo,,MARIA ENGRACIA ROSAS ZEPEDA,PL/4443/EXP/ES/2015,,24.00,29.70,27.00
2026-10-05,Occidente,Jalisco,Zapotlanejo,,ESTACION DE SERVICIO LA FAVORITA SA DE CV,PL/4354/EXP/ES/2015,,23.99,29.18,26.99
2026-10-05,Occidente,Jalisco,Tototlán,,SERVICIO EL PIMO SA DE CV,PL/4350/EXP/ES/2015,,23.99,29.89,26.99
2026-10-05,Occidente,Jalisco,Puerto Vallarta,,COMBUSTIBLES DE LA BAHIA SA DE CV,PL/4348/EXP/ES/2015,,24.88,29.99,27.99
2026-10-05,Occidente,Jalisco,Puerto Vallarta,,COMBUSTIBLES DE LA BAHIA SA DE CV,PL/4347/EXP/ES/2015,,24.88,29.99,
2026-10-05,Occidente,Jalisco,Puerto Vallarta,,COMBUSTIBLES DE LA BAHIA SA DE CV,PL/4346/EXP/ES/2015,,24.88,29.99,27.99
2026-10-05,Occidente,Jalisco,Puerto Vallarta,,COMBUSTIBLES DE LA BAHIA SA DE CV,PL/4345/EXP/ES/2015,,24.88,29.99,27.99
2026-10-05,Occidente,Jalisco,Puerto Vallarta,,DISTRIBUIDORA Y COMERCIALIZADORA MERCANTIL DEL OCCIDENTE SA DE CV,PL/4343/EXP/ES/2015,,24.88,29.99,27.99
2026-10-05,Occidente,Jalisco,Puerto Vallarta,,DISTRIBUIDORA Y COMERCIALIZADORA MERCANTIL DEL OCCIDENTE SA DE CV,PL/4336/EXP/ES/2015,,24.88,29.99,27.99
2026-10-05,Occidente,Jalisco,Guadalajara,,ESTACION DE SERVICIO MONTE DE LA VIRGEN SA DE CV,PL/4324/EXP/ES/2015,,23.99,29.59,26.99
2026-10-05,Occidente,Jalisco,Tlajomulco de Zúñiga,,GAS VAGA SA DE CV,PL/4298/EXP/ES/2015,,22.99,26.99,27.99
2026-10-05,Occidente,Jalisco,Puerto Vallarta,,DISTRIBUIDORA Y COMERCIALIZADORA MERCANTIL DEL OCCIDENTE SA DE CV,PL/4286/EXP/ES/2015,,24.88,29.99,
2026-10-05,Occidente,Jalisco,Jamay,,GASOLINERA CASILLAS S DE RL DE CV,PL/4282/EXP/ES/2015,,23.48,28.88,26.77
2026-10-05,Occidente,Jalisco,Puerto Vallarta,,GRUPO OCTANO SA DE CV,PL/421/EXP/ES/2015,,24.89,29.99,27.99
2026-10-05,Occidente,Jalisco,Tamazula de Gordiano,,GASOLINERA LA CENTRAL DE TAMAZULA SA DE CV,PL/4209/EXP/ES/2015,,23.99,29.98,27.00
2026-10-05,Occidente,Jalisco,Etzatlán,,OPERADORA PANAMERICANA DEL SUR SA DE CV,PL/4199/EXP/ES/2015,,23.98,29.25,26.89
2026-10-05,Occidente,Jalisco,Zapopan,,GRUPO OCTANO SA DE CV,PL/419/EXP/ES/2015,,23.99,29.99,27.00
2026-10-05,Occidente,Jalisco,Zapopan,,DESPACHADORA ABASTOS DE JALISCO S DE RL DE CV,PL/4182/EXP/ES/2015,,23.99,29.49,26.99
2026-10-05,Occidente,Jalisco,Zapopan,,GRUPO OCTANO SA DE CV,PL/418/EXP/ES/2015,,23.99,29.99,27.00
2026-10-05,Occidente,Jalisco,Casimiro Castillo,,ESTACION DE SERVICIO BAHIA TENACATITA SA DE CV,PL/4178/EXP/ES/2015,,24.00,29.80,27.00
2026-10-05,Occidente,Jalisco,Tlaquepaque,,SERVICIO J Y J SA DE CV,PL/4169/EXP/ES/2015,,23.99,29.89,27.00
2026-10-05,Occidente,Jalisco,Tlaquepaque,,SIMBA EXPRESS SA DE CV,PL/4109/EXP/ES/2015,,23.99,29.79,
2026-10-05,Occidente,Jalisco,Guadalajara,,PASEO BOHEMIO SA DE CV,PL/4108/EXP/ES/2015,,23.99,29.79,
2026-10-05,Occidente,Jalisco,Puerto Vallarta,,FLOGAS SA DE CV,PL/4102/EXP/ES/2015,,24.88,29.99,27.99
2026-10-05,Occidente,Jalisco,Puerto Vallarta,,FLOGAS SA DE CV,PL/4100/EXP/ES/2015,,24.88,29.99,27.99
2026-10-05,Occidente,Jalisco,Puerto Vallarta,,FLOGAS SA DE CV,PL/4098/EXP/ES/2015,,24.88,29.99,27.99
2026-10-05,Occidente,Jalisco,Puerto Vallarta,,COMBUSTIBLES LAS GLORIAS SA DE CV,PL/4088/EXP/ES/2015,,24.88,29.99,
2026-10-05,Occidente,Jalisco,Guadalajara,,BIELISHEIDA NATALIA MENDEZ QUEZADA,PL/4045/EXP/ES/2015,,22.99,27.99,
2026-10-05,Occidente,Jalisco,Puerto Vallarta,,GRUPO ALTAMIRANO MONROY SA DE CV,PL/4006/EXP/ES/2015,,24.60,29.90,
2026-10-05,Occidente,Jalisco,Cocula,,COMBUSTIBLES DE COCULA SA DE CV,PL/3983/EXP/ES/2015,,23.99,29.49,27.00
2026-10-05,Occidente,Jalisco,Ayutla,,DISTRIBUIDORA DE ACEITES Y COMBUSTIBLES DE AYUTLA SA DE CV,PL/3950/EXP/ES/2015,,24.00,29.90,27.00
2026-10-05,Occidente,Jalisco,Tepatitlán de Morelos,,GRUPO GASOLINERO ALCI SA DE CV,PL/3862/EXP/ES/2015,,23.99,28.90,27.25
2026-10-05,Occidente,Jalisco,Tepatitlán de Morelos,,GRUPO JGJ-LUAN SA DE CV,PL/3861/EXP/ES/2015,,23.99,29.49,26.99
2026-10-05,Occidente,Jalisco,Poncitlán,,COMBU-EXPRESS SA DE CV,PL/386/EXP/ES/2015,,23.99,29.89,27.69
2026-10-05,Occidente,Jalisco,Encarnación de Díaz,,GASOLINERA EL TECUAN SA DE CV,PL/3829/EXP/ES/2015,,23.95,28.92,26.99
2026-10-05,Occidente,Jalisco,Zapopan,,MULTISERVICIOS 511 SA DE CV,PL/3788/EXP/ES/2015,,23.99,28.99,27.00
2026-10-05,Occidente,Jalisco,San Martín Hidalgo,,GERMAN RAMIREZ ROSAS,PL/3755/EXP/ES/2015,,24.00,29.70,27.00
2026-10-05,Occidente,Jalisco,El Salto,,GASOLINERA LOLITA SA DE CV,PL/3747/EXP/ES/2015,,23.99,29.39,27.00
2026-10-05,Occidente,Jalisco,Tlajomulco de Zúñiga,,MULTISERVICIOS GASOLINEROS LUNA SA DE CV,PL/3733/EXP/ES/2015,,23.99,29.49,27.00
2026-10-05,Occidente,Jalisco,Tlajomulco de Zúñiga,,AUTOSERVICIO GASOLINERO HACIENDA SANTA FE SA DE CV,PL/3702/EXP/ES/2015,,23.99,29.49,27.00
2026-10-05,Occidente,Jalisco,El Salto,,ESTACION DE SERVICIO ZERBA SA DE CV,PL/3700/EXP/ES/2015,,23.99,29.50,26.85
2026-10-05,Occidente,Jalisco,Tlaquepaque,,ESTACION DE SERVICIO BETA SA DE CV,PL/3699/EXP/ES/2015,,23.99,27.99,26.85
2026-10-05,Occidente,Jalisco,Guadalajara,,ESTACION DE SERVICIO VB SA DE CV,PL/3689/EXP/ES/2015,,23.98,29.90,26.93
2026-10-05,Occidente,Jalisco,Lagos de Moreno,,GRUPO AGUILARIOS SA DE CV,PL/3670/EXP/ES/2015,,23.99,29.59,27.00
2026-10-05,Occidente,Jalisco,Lagos de Moreno,,SERVICIO LOMA DE LAGOS SA DE CV,PL/3649/EXP/ES/2015,,23.99,28.99,27.00
2026-10-05,Occidente,Jalisco,Guadalajara,,GASOLINERIA ZEUS SA DE CV,PL/3627/EXP/ES/2015,,23.99,29.99,
2026-10-05,Occidente,Jalisco,Guadalajara,,AUTOGAS ALEMANIA SA DE CV,PL/3625/EXP/ES/2015,,23.99,29.69,
2026-10-05,Occidente,Jalisco,La Barca,,SERVICIOS GASOLINEROS DE MEXICO SA DE CV,PL/3577/EXP/ES/2015,,23.99,29.99,27.00
2026-10-05,Occidente,Jalisco,El Salto,,SERVICIOS GASOLINEROS DE MEXICO SA DE CV,PL/3574/EXP/ES/2015,,23.99,29.99,27.00
2026-10-05,Occidente,Jalisco,Tlaquepaque,,GASOLINERA DIECIOCHO DE MARZO SA,PL/3486/EXP/ES/2015,,23.99,29.50,27.50
2026-10-05,Occidente,Jalisco,Tlaquepaque,,BECKTROP GDL SA DE CV,PL/3485/EXP/ES/2015,,23.99,29.79,26.99
2026-10-05,Occidente,Jalisco,Tlaquepaque,,PRESTIGIO Y SOLVENCIA SA DE CV,PL/3478/EXP/ES/2015,,23.99,29.90,
2026-10-05,Occidente,Jalisco,Guadalajara,,SERVIEXPRESS ECOLOGICO SA DE CV,PL/3476/EXP/ES/2015,,23.99,29.98,
2026-10-05,Occidente,Jalisco,Guadalajara,,BECKTROP GDL SA DE CV,PL/3475/EXP/ES/2015,,23.99,29.49,26.99
2026-10-05,Occidente,Jalisco,Guadalajara,,SERVICIO INDIANAPOLIS SA DE CV,PL/3364/EXP/ES/2015,,23.79,28.29,27.00
2026-10-05,Occidente,Jalisco,Guadalajara,,BECKTROP GDL SA DE CV,PL/3229/EXP/ES/2015,,23.99,29.49,
2026-10-05,Occidente,Jalisco,Yahualica de González Gallo,,SOCORRO RUVALCABA RODRIGUEZ,PL/3221/EXP/ES/2015,,23.99,29.59,27.00
2026-10-05,Occidente,Jalisco,Atotonilco el Alto,,GASO CONTROL INTEGRAL DOS SA DE CV,PL/3174/EXP/ES/2015,,23.80,28.80,27.45
2026-10-05,Occidente,Jalisco,Lagos de Moreno,,GRUPO GASOLINERO LAGOS SA DE CV,PL/3161/EXP/ES/2015,,23.99,28.99,27.00
2026-10-05,Occidente,Jalisco,Lagos de Moreno,,SERVICIO CAPUCHINAS SA DE CV,PL/3160/EXP/ES/2015,,23.99,28.99,
2026-10-05,Occidente,Jalisco,Jesús María,,RAUL ALVAREZ PEREZ,PL/3153/EXP/ES/2015,,23.70,28.39,27.00
2026-10-05,Occidente,Jalisco,Guadalajara,,SERVICIO NIÑOS HEROES SA DE CV,PL/3131/EXP/ES/2015,,23.99,,27.00
2026-10-05,Occidente,Jalisco,Zapopan,,NOVOGAS GUADALAJARA VALLARTA SA DE CV,PL/3123/EXP/ES/2015,,23.99,29.28,
2026-10-05,Occidente,Jalisco,Gómez Farías,,EPITACIO SANTOS CHAVEZ,PL/3117/EXP/ES/2015,,23.99,29.80,27.00
2026-10-05,Occidente,Jalisco,Tlaquepaque,,INVERSERVICIOS EN GASOLINERAS SA DE CV,PL/3107/EXP/ES/2015,,23.99,29.99,
2026-10-05,Occidente,Jalisco,Guadalajara,,SIMBA EXPRESS SA DE CV,PL/3098/EXP/ES/2015,,23.99,29.79,
2026-10-05,Occidente,Jalisco,Tonalá,,GASOLINERIA SANTA RITA SA DE CV,PL/3058/EXP/ES/2015,,23.99,28.99,
2026-10-05,Occidente,Jalisco,Tlaquepaque,,ENERGETICOS PLUS SA DE CV,PL/3052/EXP/ES/2015,,23.99,29.99,27.00
2026-10-05,Occidente,Jalisco,La Barca,,SERVICIOS ECOLOGICOS DE ESCARCEGA SA DE CV,PL/3017/EXP/ES/2015,,23.89,,27.00
2026-10-05,Occidente,Jalisco,Zapopan,,ENERGETICOS PLUS SA DE CV,PL/3004/EXP/ES/2015,,23.99,29.99,
2026-10-05,Occidente,Jalisco,Guadalajara,,DISTRIBUIDORA DE COMBUSTIBLES MAZATL SA DE CV,PL/2991/EXP/ES/2015,,23.99,28.99,
2026-10-05,Occidente,Jalisco,Guadalajara,,COMBUSTIBLES ALCE SA DE CV,PL/2977/EXP/ES/2015,,23.99,28.99,27.00
2026-10-05,Occidente,Jalisco,Lagos de Moreno,,GRUPO CESCO DE LOS ALTOS SA DE CV,PL/2974/EXP/ES/2015,,23.99,28.99,27.00
2026-10-05,Occidente,Jalisco,Tala,,SUPERSERVICIO TALA SA DE CV,PL/2947/EXP/ES/2015,,23.99,28.99,26.99
2026-10-05,Occidente,Jalisco,Guadalajara,,GASOLINEROS MEXICANOS SA DE CV,PL/2935/EXP/ES/2015,,23.99,29.45,
2026-10-05,Occidente,Jalisco,Ixtlahuacán del Río,,GASOLINERA BARAJAS SA DE CV,PL/2927/EXP/ES/2015,,23.99,29.90,27.50
2026-10-05,Occidente,Jalisco,Guadalajara,,GASOLINERA FELIPE ANGELES SA,PL/2923/EXP/ES/2015,,23.95,29.50,
2026-10-05,Occidente,Jalisco,Guadalajara,,GASOLINERA JALISCO SA DE CV,PL/2920/EXP/ES/2015,,23.99,28.99,
2026-10-05,Occidente,Jalisco,Guadalajara,,CONSORCIO DEL PINAR SA DE CV,PL/2887/EXP/ES/2015,,23.99,27.99,26.85
2026-10-05,Occidente,Jalisco,Tonalá,,GASOLINERA ZALATITAN SA DE CV,PL/2886/EXP/ES/2015,,24.00,29.99,27.00
2026-10-05,Occidente,Jalisco,Cihuatlán,,COMBU-EXPRESS SA DE CV,PL/2881/EXP/ES/2015,,23.99,28.94,27.00
2026-10-05,Occidente,Jalisco,El Grullo,,COMBU-EXPRESS SA DE CV,PL/2880/EXP/ES/2015,,24.49,29.89,27.50
2026-10-05,Occidente,Jalisco,Tlaquepaque,,SERVICIO AUTOPISTA SA DE CV,PL/2875/EXP/ES/2015,,23.99,29.99,26.99
2026-10-05,Occidente,Jalisco,Zapopan,,COMBUSTIBLES Y LUBRICANTES SALTILLO SA DE CV,PL/2849/EXP/ES/2015,,23.99,29.49,27.00
2026-10-05,Occidente,Jalisco,Guadalajara,,SERVICIO LA NOGALERA SA DE CV,PL/2848/EXP/ES/2015,,23.99,29.49,26.99
2026-10-05,Occidente,Jalisco,Tonalá,,HECTOR RAMON MARTINEZ RAMIREZ,PL/2841/EXP/ES/2015,,23.99,29.10,26.95
2026-10-05,Occidente,Jalisco,Tlaquepaque,,PETROMAX SA DE CV,PL/2834/EXP/ES/2015,,23.99,29.99,27.49
2026-10-05,Occidente,Jalisco,Zapopan,,SERVICIO INDUSTRIAL DE ZAPOPAN SA DE CV,PL/2832/EXP/ES/2015,,23.70,29.30,
2026-10-05,Occidente,Jalisco,Guadalajara,,SERVICIO ANDRADE SA DE CV,PL/2828/EXP/ES/2015,,23.99,29.49,27.00
2026-10-05,Occidente,Jalisco,Tonalá,,SERVICIOS GASOLINEROS DE MEXICO SA DE CV,PL/2826/EXP/ES/2015,,23.99,,25.98
2026-10-05,Occidente,Jalisco,Villa Hidalgo,,EL ALTO ESTACION DE SERVICIO S DE RL DE CV,PL/2825/EXP/ES/2015,,24.00,29.20,27.00
2026-10-05,Occidente,Jalisco,Lagos de Moreno,,SERVICIOS INTEGRALES MACRO SA DE CV,PL/2817/EXP/ES/2015,,23.99,29.60,
2026-10-05,Occidente,Jalisco,Zapotlán del Rey,,SERVICIOS BERNALDEZ SA DE CV,PL/2807/EXP/ES/2015,,23.99,29.79,27.00
2026-10-05,Occidente,Jalisco,Guadalajara,,GASOLINERA SAN GERARDO SA DE CV,PL/2805/EXP/ES/2015,,23.99,28.99,26.99
2026-10-05,Occidente,Jalisco,Tlaquepaque,,INVERSERVICIOS EN GASOLINERAS SA DE CV,PL/2783/EXP/ES/2015,,24.00,29.99,
2026-10-05,Occidente,Jalisco,Tomatlán,,SERVICIO PARAISO ALEGRE SA DE CV,PL/2750/EXP/ES/2015,,23.99,29.45,27.45
2026-10-05,Occidente,Jalisco,Guadalajara,,BECKTROP GDL SA DE CV,PL/2721/EXP/ES/2015,,23.99,29.49,
2026-10-05,Occidente,Jalisco,Guadalajara,,PRACOP SA DE CV,PL/2701/EXP/ES/2015,,23.99,28.99,
2026-10-05,Occidente,Jalisco,Guadalajara,,GASOLINERA EL CERRO CHATO SA DE CV,PL/2670/EXP/ES/2015,,24.00,29.99,27.00
2026-10-05,Occidente,Jalisco,Tepatitlán de Morelos,,SERVICIOS ENERGETICOS CAPILLA S DE RL DE CV,PL/2656/EXP/ES/2015,,24.00,29.00,27.00
2026-10-05,Occidente,Jalisco,Lagos de Moreno,,CENTRO DE SERVICIOS EL CRUCERO SA DE CV,PL/2648/EXP/ES/2015,,23.59,28.69,27.24
2026-10-05,Occidente,Jalisco,Acatic,,PETROCANA SA DE CV,PL/26120/EXP/ES/2024,,23.59,28.78,26.84
2026-10-05,Occidente,Jalisco,Atemajac de Brizuela,,COMBU-EXPRESS SA DE CV,PL/26068/EXP/ES/2024,,24.29,29.39,27.29
2026-10-05,Occidente,Jalisco,Zapotlanejo,,GASOLINERA DUBAI SA DE CV,PL/26020/EXP/ES/2024,,23.90,29.50,27.00
2026-10-05,Occidente,Jalisco,Tepatitlán de Morelos,,GASOLINERA CHAPALITA SA DE CV,PL/26012/EXP/ES/2024,,23.99,29.98,
2026-10-05,Occidente,Jalisco,Puerto Vallarta,,ALPEZ GAS SA DE CV,PL/25999/EXP/ES/2024,,24.49,29.59,26.99
2026-10-05,Occidente,Jalisco,Tuxpan,,ENERSISTEM SA DE CV,PL/25899/EXP/ES/2024,,23.99,29.99,27.99
2026-10-05,Occidente,Jalisco,La Huerta,,GASOLINERA EMILIANO ZAPATA SA DE CV,PL/25884/EXP/ES/2024,,23.99,29.90,27.00
2026-10-05,Occidente,Jalisco,Puerto Vallarta,,GASOLINERA LOS VECINOS SA DE CV,PL/25757/EXP/ES/2024,,23.99,29.99,27.00
2026-10-05,Occidente,Jalisco,Zapopan,,ESTACION COMPOSITORES SA DE CV,PL/25649/EXP/ES/2024,,23.49,28.99,
2026-10-05,Occidente,Jalisco,Juchitlán,,SUPER SERVICIO LA ESPERANZA JUCHITLAN SA DE CV,PL/25633/EXP/ES/2024,,24.49,29.99,27.49
2026-10-05,Occidente,Jalisco,Tlajomulco de Zúñiga,,OPORTO PLAZA SA DE CV,PL/25619/EXP/ES/2024,,23.99,29.99,26.99
2026-10-05,Occidente,Jalisco,Zapotlán el Grande,,ESTACION DE SERVICIO GASOLINERO SAN JOSE SA DE CV,PL/25618/EXP/ES/2024,,24.35,29.99,27.35
2026-10-05,Occidente,Jalisco,Degollado,,MAGNO COMBUSTIBLES SA DE CV,PL/25567/EXP/ES/2024,,23.99,28.99,26.99
2026-10-05,Occidente,Jalisco,Guadalajara,,ESTACION DE SERVICIO OLIMPICA SA DE CV,PL/2555/EXP/ES/2015,,23.99,29.88,27.00
2026-10-05,Occidente,Jalisco,Zapopan,,ESTACION DE SERVICIO JUAN PALOMAR SA DE CV,PL/25533/EXP/ES/2024,,23.99,29.98,27.00
2026-10-05,Occidente,Jalisco,Guadalajara,,PEDRO MARTINEZ RAMIREZ,PL/2553/EXP/ES/2015,,23.99,29.10,
2026-10-05,Occidente,Jalisco,Zapopan,,COSTCO GAS SA DE CV,PL/25528/EXP/ES/2024,,23.69,28.99,
2026-10-05,Occidente,Jalisco,Zapopan,,PETRO HUNTER SA DE CV,PL/25482/EXP/ES/2024,,23.99,29.99,
2026-10-05,Occidente,Jalisco,Guadalajara,,COMBUSTIBLES Y ENERGETICOS ABC SA DE CV,PL/25463/EXP/ES/2024,,23.99,29.90,27.00
2026-10-05,Occidente,Jalisco,Autlán de Navarro,,WICRO OIL SA DE CV,PL/25442/EXP/ES/2023,,24.49,29.88,27.00
2026-10-05,Occidente,Jalisco,Ixtlahuacán de los Membrillos,,GRUPO EMPRESARIAL ALE SA DE CV,PL/25432/EXP/ES/2023,,23.98,29.58,27.00
2026-10-05,Occidente,Jalisco,Tonalá,,JANETH MARTIN RAMOS,PL/25390/EXP/ES/2023,,23.99,28.99,27.00
2026-10-05,Occidente,Jalisco,San Gabriel,,ESTACION DE SERVICIOS GMS S DE RL DE CV,PL/25387/EXP/ES/2023,,24.50,29.99,27.59
2026-10-05,Occidente,Jalisco,Zapopan,,GRUPO ATHOS DE OCCIDENTE SA DE CV,PL/25386/EXP/ES/2023,,23.99,29.99,26.99
2026-10-05,Occidente,Jalisco,Tlajomulco de Zúñiga,,SERVICIO NIGRAN SA DE CV,PL/25377/EXP/ES/2023,,23.99,,26.99
2026-10-05,Occidente,Jalisco,Atotonilco el Alto,,ESTACION DE SERVICIO LAS MESITAS SA DE CV,PL/25374/EXP/ES/2023,,23.99,29.55,26.99
2026-10-05,Occidente,Jalisco,Tlajomulco de Zúñiga,,GASOLINERA VERDE SA DE CV,PL/25372/EXP/ES/2023,,24.00,29.99,27.00
2026-10-05,Occidente,Jalisco,Talpa de Allende,,COMBUSTIBLES DE TALPA SA DE CV,PL/25331/EXP/ES/2023,,24.93,30.50,28.70
2026-10-05,Occidente,Jalisco,Zapotlanejo,,SUPER SERVICIO CATALUÑA SA DE CV,PL/2532/EXP/ES/2015,,23.99,29.49,27.00
2026-10-05,Occidente,Jalisco,Tenamaxtlán,,GASOLINERA TENAMAXTLAN SA DE CV,PL/2531/EXP/ES/2015,,24.49,29.99,27.49
2026-10-05,Occidente,Jalisco,Tepatitlán de Morelos,,ESTACION DE SERVICIO LA MANGA SA DE CV,PL/25296/EXP/ES/2023,,23.17,28.59,26.92
2026-10-05,Occidente,Jalisco,Ocotlán,,SERVICIOS INTEGRALES DE TLAQUEPAQUE SA DE CV,PL/25233/EXP/ES/2023,,23.59,28.79,26.99
2026-10-05,Occidente,Jalisco,Zacoalco de Torres,,COMBU-EXPRESS SA DE CV,PL/25158/EXP/ES/2023,,24.29,29.99,27.29
2026-10-05,Occidente,Jalisco,Tizapán el Alto,,GRUPO ADYEHILA Y ASOCIADOS SA DE CV,PL/25145/EXP/ES/2023,,23.99,29.59,27.00
2026-10-05,Occidente,Jalisco,Atotonilco el Alto,,INMOBILIARIA SAMICH SA DE CV,PL/25114/EXP/ES/2023,,23.76,29.59,26.88
2026-10-05,Occidente,Jalisco,Zapopan,,SERVICIOS Y COMBUSTIBLES TCHAIKOVSKY SA DE CV,PL/25050/EXP/ES/2023,,23.89,28.49,
2026-10-05,Occidente,Jalisco,Tlaquepaque,,ENERGETICA PETROTLAQ SA DE CV,PL/25049/EXP/ES/2023,,23.49,28.69,26.99
2026-10-05,Occidente,Jalisco,Guadalajara,,MEGA SERVICIO GRINGAS SA DE CV,PL/2504/EXP/ES/2015,,23.99,29.97,
2026-10-05,Occidente,Jalisco,Tenamaxtlán,,GASOLINERA TENAMAXTLAN SA DE CV,PL/24991/EXP/ES/2023,,24.49,29.99,27.49
2026-10-05,Occidente,Jalisco,Ayotlán,,SERVICIO D SOTO SA DE CV,PL/24951/EXP/ES/2023,,23.98,29.98,27.54
2026-10-05,Occidente,Jalisco,La Huerta,,SIEMPRE COMPLETOS POR TI SA DE CV,PL/24943/EXP/ES/2023,,24.00,29.35,27.00
2026-10-05,Occidente,Jalisco,Lagos de Moreno,,SERVICIOS ENERGETICOS LOS CUARTOS SA DE CV,PL/24896/EXP/ES/2023,,23.95,28.95,27.00
2026-10-05,Occidente,Jalisco,Tonalá,,ESTACION DE SERVICIO PRINCIPAL SA DE CV,PL/24823/EXP/ES/2023,,23.99,29.49,27.00
2026-10-05,Occidente,Jalisco,San Ignacio Cerro Gordo,,COMBUSTIBLES RIVALVA SA DE CV,PL/24813/EXP/ES/2023,,23.99,29.39,27.00
2026-10-05,Occidente,Jalisco,San Juan de los Lagos,,SERVICIO LOS LAGOS SA DE CV,PL/2469/EXP/ES/2015,,23.99,27.99,26.99
2026-10-05,Occidente,Jalisco,Guadalajara,,ENERGIA ATL SA DE CV,PL/24654/EXP/ES/2022,,23.99,29.78,
2026-10-05,Occidente,Jalisco,Jalostotitlán,,MULTISERVICIOS OTTO SA DE CV,PL/24653/EXP/ES/2022,,23.59,28.09,26.95
2026-10-05,Occidente,Jalisco,Teuchitlán,,GASBERRYS S A P I DE CV,PL/24549/EXP/ES/2022,,23.99,29.49,27.00
2026-10-05,Occidente,Jalisco,Tlaquepaque,,PETROMAX SA DE CV,PL/24501/EXP/ES/2022,,24.59,29.99,27.69
2026-10-05,Occidente,Jalisco,San Cristóbal de la Barranca,,GASOLINERA SUPER SERVICIO SAN CRISTOBAL SA DE CV,PL/24497/EXP/ES/2022,,23.99,29.27,26.99
2026-10-05,Occidente,Jalisco,Sayula,,COMBU-EXPRESS SA DE CV,PL/24380/EXP/ES/2022,,23.99,,27.00
2026-10-05,Occidente,Jalisco,Zapotlán el Grande,,RAGONZVILL SA DE CV,PL/24368/EXP/ES/2022,,24.35,29.90,27.35
2026-10-05,Occidente,Jalisco,Amatitán,,ESTACION DE SERVICIO LOS HIJUELOS SA DE CV,PL/24367/EXP/ES/2022,,23.99,29.99,26.99
2026-10-05,Occidente,Jalisco,San Juan de los Lagos,,GASOLINERA LOS CHARCOS SA DE CV,PL/24322/EXP/ES/2022,,23.99,28.54,27.00
2026-10-05,Occidente,Jalisco,Acatlán de Juárez,,GASOPOLIS SA DE CV,PL/2430/EXP/ES/2015,,23.99,29.49,27.00
2026-10-05,Occidente,Jalisco,Tecalitlán,,COMBU-EXPRESS SA DE CV,PL/24288/EXP/ES/2022,,24.39,29.88,27.49
2026-10-05,Occidente,Jalisco,El Salto,,GUILLE GASOLGRUPO SA DE CV,PL/2427/EXP/ES/2015,,23.99,29.49,27.00
2026-10-05,Occidente,Jalisco,Lagos de Moreno,,SERVIEXPRESS DOBLE RAM SA DE CV,PL/24165/EXP/ES/2022,,24.00,28.99,27.00
2026-10-05,Occidente,Jalisco,Tlaquepaque,,SERVICIOS INTEGRALES DE TLAQUEPAQUE SA DE CV,PL/24103/EXP/ES/2022,,23.29,28.99,26.99
2026-10-05,Occidente,Jalisco,Jocotepec,,SERVICIOS GASOLINEROS DE MEXICO SA DE CV,PL/2407/EXP/ES/2015,,23.99,29.99,27.00
2026-10-05,Occidente,Jalisco,Acatlán de Juárez,,AUTOSERVICIO GASHR SA DE CV,PL/2401/EXP/ES/2015,,23.99,29.99,27.00
2026-10-05,Occidente,Jalisco,Tepatitlán de Morelos,,SUMINISTRO DE COMBUSTIBLES EL SEIS S DE RL DE CV,PL/23961/EXP/ES/2022,,23.98,28.95,27.00
2026-10-05,Occidente,Jalisco,Tlaquepaque,,SERVICIOS INTEGRALES DE TLAQUEPAQUE SA DE CV,PL/2393/EXP/ES/2015,,23.19,28.59,26.99
2026-10-05,Occidente,Jalisco,Tlaquepaque,,SERVICIOS INTEGRALES DE TLAQUEPAQUE SA DE CV,PL/2392/EXP/ES/2015,,23.29,28.60,26.99
2026-10-05,Occidente,Jalisco,Tonalá,,SUMINISTROS DE COMBUSTIBLES QUIROGA SA DE CV,PL/23862/EXP/ES/2021,,23.99,29.25,26.99
2026-10-05,Occidente,Jalisco,Tepatitlán de Morelos,,AUTOSERVICIO LA GLORIETA DEL HUEVO SA DE CV,PL/23858/EXP/ES/2021,,23.59,28.78,26.84
2026-10-05,Occidente,Jalisco,Acatlán de Juárez,,AUTOSERVICIO GASHR SA DE CV,PL/2383/EXP/ES/2015,,23.99,29.99,27.00
2026-10-05,Occidente,Jalisco,Tonalá,,GASOLINERA SAN NICOLAS SA DE CV,PL/2379/EXP/ES/2015,,23.98,29.48,27.00
2026-10-05,Occidente,Jalisco,San Julián,,CLAUDIA MARGARITA ROSAS MARTINEZ,PL/23777/EXP/ES/2021,,23.99,28.84,27.00
2026-10-05,Occidente,Jalisco,Tlaquepaque,,SERVICIO LAS PEÑAS SA DE CV,PL/23764/EXP/ES/2021,,23.99,29.49,26.99
2026-10-05,Occidente,Jalisco,Tlajomulco de Zúñiga,,ORGANIZACION LA LUNA SA DE CV,PL/23762/EXP/ES/2021,,23.99,29.99,27.00
2026-10-05,Occidente,Jalisco,Tonalá,,GASOLINEROS SANGROUP SA DE CV,PL/23744/EXP/ES/2021,,23.99,29.50,26.99
2026-10-05,Occidente,Jalisco,Zapopan,,PETROMAX SA DE CV,PL/23696/EXP/ES/2020,,24.59,29.99,26.99
2026-10-05,Occidente,Jalisco,Guadalajara,,PETROMAX SA DE CV,PL/23695/EXP/ES/2020,,24.69,29.99,26.99
2026-10-05,Occidente,Jalisco,Zapopan,,PETROMAX SA DE CV,PL/23681/EXP/ES/2020,,24.59,29.99,
2026-10-05,Occidente,Jalisco,Tuxcueca,,FERNANDO BEDOY RUIZ,PL/23499/EXP/ES/2020,,23.99,29.59,26.99
2026-10-05,Occidente,Jalisco,Guadalajara,,GASOSERVICIOS DE LA PROVINCIA SA DE CV,PL/23231/EXP/ES/2020,,23.69,28.89,
2026-10-05,Occidente,Jalisco,San Miguel el Alto,,ASOCIACION GASOLINERA PIEDRAS NEGRAS SA DE CV,PL/2310/EXP/ES/2015,,23.99,28.49,27.00
2026-10-05,Occidente,Jalisco,El Salto,,SERVICIO AVENIDA DEL MAIZ SA DE CV,PL/2306/EXP/ES/2015,,23.99,29.99,26.99
2026-10-05,Occidente,Jalisco,Acatic,,SERVICIO EL TEPOZAN SA DE CV,PL/23049/EXP/ES/2019,,23.99,29.49,26.85
2026-10-05,Occidente,Jalisco,Tamazula de Gordiano,,SERVICIO EL PRADO SA DE CV,PL/23048/EXP/ES/2019,,23.99,29.86,27.98
2026-10-05,Occidente,Jalisco,Guadalajara,,COMBUSTIBLES PLATON SA DE CV,PL/23015/EXP/ES/2019,,23.99,29.75,26.98
2026-10-05,Occidente,Jalisco,Guadalajara,,PETROMAX SA DE CV,PL/2297/EXP/ES/2015,,24.59,29.99,
2026-10-05,Occidente,Jalisco,Zapopan,,LAS COMADRES DE NEXTIPAC SA DE CV,PL/22606/EXP/ES/2019,,23.97,29.47,26.99
2026-10-05,Occidente,Jalisco,Tlajomulco de Zúñiga,,JORIMAR GASOLINEROS SA DE CV,PL/22605/EXP/ES/2019,,22.99,28.99,26.99
2026-10-05,Occidente,Jalisco,Zapotlanejo,,GASOLINERA SJG SA DE CV,PL/22596/EXP/ES/2019,,23.89,29.52,26.99
2026-10-05,Occidente,Jalisco,Tlaquepaque,,GASOLINERA ALSO SA DE CV,PL/22594/EXP/ES/2019,,23.18,28.98,26.98
2026-10-05,Occidente,Jalisco,Tamazula de Gordiano,,ESTACION DE SERVICIO SOYATLAN SA DE CV,PL/22589/EXP/ES/2019,,23.99,29.88,27.99
2026-10-05,Occidente,Jalisco,Guadalajara,,ESTACION DE SERVICIO LA RESERVA SA DE CV,PL/22583/EXP/ES/2019,,23.99,28.69,27.00
2026-10-05,Occidente,Jalisco,Arandas,,COMBUSTIBLES RIVALVA SA DE CV,PL/22565/EXP/ES/2019,,23.99,29.39,27.00
2026-10-05,Occidente,Jalisco,Guadalajara,,SERVICIO EXTRARAPIDO SA DE CV,PL/2244/EXP/ES/2015,,23.79,28.99,26.99
2026-10-05,Occidente,Jalisco,Tonalá,,ESTACION DE SERVICIO MARROT SA DE CV,PL/22223/EXP/ES/2019,,23.99,29.29,27.00
2026-10-05,Occidente,Jalisco,Zapopan,,COMBUSTRON 1272 SA DE CV,PL/22221/EXP/ES/2019,,23.99,29.89,
2026-10-05,Occidente,Jalisco,San Ignacio Cerro Gordo,,SERVICIOS INTEGRALES DE TLAQUEPAQUE SA DE CV,PL/22158/EXP/ES/2019,,23.70,28.55,26.99
2026-10-05,Occidente,Jalisco,Poncitlán,,SERVICIOS GASOLINEROS DE MEXICO SA DE CV,PL/22157/EXP/ES/2019,,23.99,29.99,27.99
2026-10-05,Occidente,Jalisco,Acatlán de Juárez,,SERVICIOS INTELIGENTES FLOMAR SA DE CV,PL/22067/EXP/ES/2019,,22.99,28.99,26.99
2026-10-05,Occidente,Jalisco,Lagos de Moreno,,MEGA GASOLINERAS SA DE CV,PL/22062/EXP/ES/2019,,23.99,29.99,27.00
2026-10-05,Occidente,Jalisco,Guadalajara,,ALPEZ GAS SA DE CV,PL/22052/EXP/ES/2019,,23.69,29.29,
2026-10-05,Occidente,Jalisco,Tlajomulco de Zúñiga,,SERVICIOS SCDJ SI SA DE CV,PL/21994/EXP/ES/2018,,23.99,28.39,27.00
2026-10-05,Occidente,Jalisco,Lagos de Moreno,,SERVICIOS VICTORIA SA DE CV,PL/2193/EXP/ES/2015,,23.99,28.99,27.00
2026-10-05,Occidente,Jalisco,Lagos de Moreno,,SERVICIOS VICTORIA SA DE CV,PL/2188/EXP/ES/2015,,23.99,28.99,27.00
2026-10-05,Occidente,Jalisco,Tlaquepaque,,SERVICIOS INTELIGENTES FLOMAR SA DE CV,PL/21852/EXP/ES/2018,,22.99,28.99,26.99
2026-10-05,Occidente,Jalisco,Guadalajara,,SERVI GAXMAR SC DE RL DE CV,PL/21851/EXP/ES/2018,,23.95,28.90,26.99
2026-10-05,Occidente,Jalisco,Tonalá,,AUTOESTACIONES DE SERVICIO CPG2 SA DE CV,PL/21844/EXP/ES/2018,,23.95,28.80,
2026-10-05,Occidente,Jalisco,Guadalajara,,ESTACION ARB SA DE CV,PL/2182/EXP/ES/2015,,23.99,28.90,
2026-10-05,Occidente,Jalisco,Guadalajara,,COMBUSTIBLE BELPER SA DE CV,PL/21721/EXP/ES/2018,,23.99,29.97,
2026-10-05,Occidente,Jalisco,Jocotepec,,AUTO SERVICIOS SAN CRISTOBAL SA DE CV,PL/21718/EXP/ES/2018,,23.98,29.49,26.98
2026-10-05,Occidente,Jalisco,Acatic,,GASOLINERA TRIUNFO SA DE CV,PL/2168/EXP/ES/2015,,24.00,28.99,26.99
2026-10-05,Occidente,Jalisco,Tonalá,,GASOLINERA DIXE SA DE CV,PL/21670/EXP/ES/2018,,23.99,28.99,26.95
2026-10-05,Occidente,Jalisco,Guadalajara,,SERVICIO BELISARIO SA DE CV,PL/2167/EXP/ES/2015,,23.99,29.30,27.00
2026-10-05,Occidente,Jalisco,Guadalajara,,COMBUSTIBLES ALCE SA DE CV,PL/21664/EXP/ES/2018,,23.89,26.99,
2026-10-05,Occidente,Jalisco,Ocotlán,,SERVICIOS GASOLINEROS DE MEXICO SA DE CV,PL/21558/EXP/ES/2018,,24.99,29.99,27.99
2026-10-05,Occidente,Jalisco,El Salto,,COMBUSTIBLES HALCON DE MEXICO SA DE CV,PL/21545/EXP/ES/2018,,23.99,29.20,27.00
2026-10-05,Occidente,Jalisco,Amatitán,,ESTACION DE SERVICIO LOS HIJUELOS SA DE CV,PL/21443/EXP/ES/2018,,23.99,29.99,26.99
2026-10-05,Occidente,Jalisco,Arandas,,SERVICIO NORAMA SA DE CV,PL/2142/EXP/ES/2015,,23.70,28.39,27.00
2026-10-05,Occidente,Jalisco,Puerto Vallarta,,COSTCO GAS SA DE CV,PL/21361/EXP/ES/2018,,23.89,29.39,
2026-10-05,Occidente,Jalisco,El Salto,,GASOLINERA ESTACION CAYETANO SA DE CV,PL/21274/EXP/ES/2018,,24.00,29.99,27.00
2026-10-05,Occidente,Jalisco,Zapopan,,LOSA GAS SA DE CV,PL/21122/EXP/ES/2018,,23.99,29.10,
2026-10-05,Occidente,Jalisco,Tlaquepaque,,MONDYAL LAVANT SA DE CV,PL/21072/EXP/ES/2018,,23.99,29.69,27.49
2026-10-05,Occidente,Jalisco,Tepatitlán de Morelos,,ESTACION UNIVERSIDAD DE TEPA SA DE CV,PL/21064/EXP/ES/2018,,24.00,29.35,27.00
2026-10-05,Occidente,Jalisco,Lagos de Moreno,,SERVICIO CALIPSO S DE RL DE CV,PL/21006/EXP/ES/2018,,23.99,29.99,27.00
2026-10-05,Occidente,Jalisco,Zapotiltic,,COMBU-EXPRESS SA DE CV,PL/21004/EXP/ES/2018,,24.39,29.88,27.69
2026-10-05,Occidente,Jalisco,San Julián,,YEFFRANDI S DE RL DE CV,PL/20972/EXP/ES/2018,,23.99,29.99,26.99
2026-10-05,Occidente,Jalisco,Jalostotitlán,,SERVICIO LOS LAGOS SA DE CV,PL/20970/EXP/ES/2018,,23.99,27.97,26.99
2026-10-05,Occidente,Jalisco,Tlaquepaque,,REFINERIA FAOMABIR SA DE CV,PL/20967/EXP/ES/2018,,23.99,29.50,27.00
2026-10-05,Occidente,Jalisco,Zapopan,,GRUPO JGJ-LUAN SA DE CV,PL/20959/EXP/ES/2018,,23.99,29.99,26.99
2026-10-05,Occidente,Jalisco,Lagos de Moreno,,SERVICIOS GASOLINEROS DE MEXICO SA DE CV,PL/20890/EXP/ES/2018,,23.99,29.99,27.00
2026-10-05,Occidente,Jalisco,Tlaquepaque,,GASOLINERAS DIERSA SA DE CV,PL/20886/EXP/ES/2018,,23.99,29.49,26.99
2026-10-05,Occidente,Jalisco,Guadalajara,,COMBUESTACION DE SERVICIOS DEL SUR SA DE CV,PL/20844/EXP/ES/2018,,23.99,29.90,
2026-10-05,Occidente,Jalisco,Cañadas de Obregón,,ROSA MARIA BECERRA RUIZ,PL/20778/EXP/ES/2017,,23.98,,26.98
2026-10-05,Occidente,Jalisco,Tlaquepaque,,COMBUSTIBLES ARCADE SA DE CV,PL/2073/EXP/ES/2015,,23.35,28.69,26.79
2026-10-05,Occidente,Jalisco,Guadalajara,,GASOLINERA PEGASO DE OCCIDENTE SA DE CV,PL/2072/EXP/ES/2015,,23.35,28.69,26.79
2026-10-05,Occidente,Jalisco,La Barca,,INMOBILIARIA SAMICH SA DE CV,PL/20671/EXP/ES/2017,,23.77,28.88,26.88
2026-10-05,Occidente,Jalisco,Guadalajara,,ESTACION DE SERVICIO EJERCITO SA DE CV,PL/20666/EXP/ES/2017,,23.89,29.76,27.00
2026-10-05,Occidente,Jalisco,Guadalajara,,FLORENCIA 1000 SA DE CV,PL/20613/EXP/ES/2017,,23.98,28.98,
2026-10-05,Occidente,Jalisco,Guadalajara,,SIMBA EXPRESS SA DE CV,PL/20584/EXP/ES/2017,,23.99,29.99,
2026-10-05,Occidente,Jalisco,Ixtlahuacán del Río,,ORGANIZACION LA LUNA SA DE CV,PL/2058/EXP/ES/2015,,23.99,29.99,27.00
2026-10-05,Occidente,Jalisco,Guadalajara,,SERVIEXPRESS 5 DE MAYO S DE RL DE CV,PL/20549/EXP/ES/2017,,23.79,28.89,
2026-10-05,Occidente,Jalisco,San Juan de los Lagos,,OPERADORA DE COMBUSTIBLES SAN JUAN SA DE CV,PL/2051/EXP/ES/2015,,23.99,28.49,26.98
2026-10-05,Occidente,Jalisco,San Juan de los Lagos,,SERVICIOS GASOLINEROS DE MEXICO SA DE CV,PL/20495/EXP/ES/2017,,23.99,29.99,27.00
2026-10-05,Occidente,Jalisco,Ocotlán,,GASOLINERA LOS PIRULES SA DE CV,PL/20493/EXP/ES/2017,,23.99,29.79,26.99
2026-10-05,Occidente,Jalisco,Tlajomulco de Zúñiga,,TLAJOGAS SA DE CV,PL/20456/EXP/ES/2017,,23.90,29.70,26.90
2026-10-05,Occidente,Jalisco,Guadalajara,,ESTACION 5 DE FEBRERO SA DE CV,PL/20443/EXP/ES/2017,,23.89,28.97,27.00
2026-10-05,Occidente,Jalisco,Puerto Vallarta,,GASOLINERA LOS VECINOS SA DE CV,PL/20333/EXP/ES/2017,,23.99,29.99,27.00
2026-10-05,Occidente,Jalisco,Puerto Vallarta,,SERVICIO LOS POETAS SA DE CV,PL/20290/EXP/ES/2017,,24.49,29.59,27.49
2026-10-05,Occidente,Jalisco,Tototlán,,SERVICIOS GASOLINEROS DE MEXICO SA DE CV,PL/20242/EXP/ES/2017,,23.99,29.99,27.00
2026-10-05,Occidente,Jalisco,Valle de Guadalupe,,ESTACION GM SA DE CV,PL/20233/EXP/ES/2017,,23.95,29.26,27.25
2026-10-05,Occidente,Jalisco,Tlaquepaque,,GUSTAVO CORDOVA LOUSTAUNAU,PL/20208/EXP/ES/2017,,23.99,29.49,26.99
2026-10-05,Occidente,Jalisco,Teocaltiche,,SERVICIOS AUTOENERGETICOS CAMPOS SA DE CV,PL/20189/EXP/ES/2017,,24.00,28.80,27.00
2026-10-05,Occidente,Jalisco,Sayula,,SERVICIO TECHALUTA SA DE CV,PL/20119/EXP/ES/2017,,23.99,28.90,27.00
2026-10-05,Occidente,Jalisco,Guadalajara,,SERVICIO CAMPER SA DE CV,PL/2011/EXP/ES/2015,,24.09,29.89,27.09
2026-10-05,Occidente,Jalisco,Tlajomulco de Zúñiga,,SERVICIO FAPILO SA DE CV,PL/2007/EXP/ES/2015,,23.99,29.79,26.99
2026-10-05,Occidente,Jalisco,Lagos de Moreno,,DORADO MOTORS SA DE CV,PL/20060/EXP/ES/2017,,24.00,29.99,27.24
2026-10-05,Occidente,Jalisco,Guadalajara,,COMBUSTIBLES EL AMIAL SA DE CV,PL/20059/EXP/ES/2017,,23.99,29.49,27.00
2026-10-05,Occidente,Jalisco,Tonalá,,COMBUSTIBLES CHURUMUCO SA DE CV,PL/2005/EXP/ES/2015,,23.99,29.49,
2026-10-05,Occidente,Jalisco,Zapopan,,SERVICIO RAYO SA DE CV,PL/2004/EXP/ES/2015,,23.99,29.79,
2026-10-05,Occidente,Jalisco,Zapopan,,COMBUSTIBLES TAFIRUL SA DE CV,PL/2003/EXP/ES/2015,,23.99,29.99,
2026-10-05,Occidente,Jalisco,Zapopan,,ESTACION DE SERVICIO PATRIA UNIVERSIDAD SA DE CV,PL/2002/EXP/ES/2015,,23.99,29.98,27.00
2026-10-05,Occidente,Jalisco,Tlajomulco de Zúñiga,,COMBUSTIBLES POPOYOTE SA DE CV,PL/2001/EXP/ES/2015,,23.99,29.99,27.29
2026-10-05,Occidente,Jalisco,Pihuamo,,COMBUSTIBLES EL RELICARIO SA DE CV,PL/19998/EXP/ES/2017,,23.99,28.70,27.00
2026-10-05,Occidente,Jalisco,Zapopan,,COMBUSTIBLES TRITON SA DE CV,PL/1999/EXP/ES/2015,,23.99,29.99,27.29
2026-10-05,Occidente,Jalisco,Tlaquepaque,,SERVICIOS GASOLINEROS DE MEXICO SA DE CV,PL/1998/EXP/ES/2015,,23.99,29.99,27.00
2026-10-05,Occidente,Jalisco,Tonalá,,GASOLINERIA SAN JUAN PABLO SEGUNDO SA DE CV,PL/19971/EXP/ES/2017,,23.99,28.99,26.99
2026-10-05,Occidente,Jalisco,Zapotiltic,,SERVICIO CERCA LIZA SA DE CV,PL/1997/EXP/ES/2015,,23.99,29.88,27.99
2026-10-05,Occidente,Jalisco,Tala,,GASOLINERA FEMARA SA DE CV,PL/19969/EXP/ES/2017,,23.86,29.49,26.99
2026-10-05,Occidente,Jalisco,Zapopan,,COMBUSTIBLES MELAMENGAMBREAS SA DE CV,PL/1996/EXP/ES/2015,,23.99,29.99,
2026-10-05,Occidente,Jalisco,Guadalajara,,GASOABASTECIMIENTO DE GUADALAJARA SA DE CV,PL/19943/EXP/ES/2017,,23.98,29.65,27.00
2026-10-05,Occidente,Jalisco,Tuxpan,,SUPER SERVICIO TUXPAN SA DE CV,PL/1994/EXP/ES/2015,,23.99,29.88,27.99
2026-10-05,Occidente,Jalisco,Zapopan,,SERVICIOS GASOLINEROS DE MEXICO SA DE CV,PL/1993/EXP/ES/2015,,23.99,29.99,
2026-10-05,Occidente,Jalisco,Zapotlanejo,,ESTACION DE SERVICIO MAXIPISTA TAPATIA SA DE CV,PL/1991/EXP/ES/2015,,23.99,29.99,27.29
2026-10-05,Occidente,Jalisco,Guadalajara,,GASOLINERA MOCHICAHUI SA DE CV,PL/19902/EXP/ES/2017,,23.98,28.98,26.98
2026-10-05,Occidente,Jalisco,Zapopan,,COMBUSTIBLES CENTAURO SA DE CV,PL/1990/EXP/ES/2015,,23.99,29.99,
2026-10-05,Occidente,Jalisco,Tlajomulco de Zúñiga,,COMBUSTIBLES POSEIDON SA DE CV,PL/1989/EXP/ES/2015,,23.99,29.99,
2026-10-05,Occidente,Jalisco,Tlaquepaque,,SERVICIOS GASOLINEROS DE MEXICO SA DE CV,PL/1988/EXP/ES/2015,,23.99,29.99,27.00
2026-10-05,Occidente,Jalisco,Guadalajara,,PICO DE LAMAS SA DE CV,PL/1987/EXP/ES/2015,,23.49,28.89,26.99
2026-10-05,Occidente,Jalisco,Tlaquepaque,,SERVICIOS GASOLINEROS DE MEXICO SA DE CV,PL/1986/EXP/ES/2015,,23.99,29.99,27.00
2026-10-05,Occidente,Jalisco,Tlajomulco de Zúñiga,,SERVICIOS GASOLINEROS DE MEXICO SA DE CV,PL/1985/EXP/ES/2015,,24.99,29.99,
2026-10-05,Occidente,Jalisco,Tonalá,,SERVICIO PERITALA SA DE CV,PL/1983/EXP/ES/2015,,23.99,28.99,26.89
2026-10-05,Occidente,Jalisco,Tlajomulco de Zúñiga,,EUCALIPTOS DEL VALLE SA DE CV,PL/19828/EXP/ES/2016,,23.99,29.19,26.99
2026-10-05,Occidente,Jalisco,Zapopan,,COMBUSTIBLES MINOTAURO SA DE CV,PL/1982/EXP/ES/2015,,23.99,29.99,
2026-10-05,Occidente,Jalisco,Guadalajara,,ESTACION LA 74 SA DE CV,PL/19819/EXP/ES/2016,,23.99,28.99,
2026-10-05,Occidente,Jalisco,Zapotlanejo,,ESTACION DE SERVICIO LA ARENA SA DE CV,PL/1980/EXP/ES/2015,,24.00,29.40,26.96
2026-10-05,Occidente,Jalisco,Zapopan,,ABC FUEL SERVICES S DE RL DE CV,PL/19792/EXP/ES/2016,,23.99,28.99,
2026-10-05,Occidente,Jalisco,Huejúcar,,GRUPO CORPORATIVO ALMA SA DE CV,PL/1979/EXP/ES/2015,,23.99,28.75,27.00
2026-10-05,Occidente,Jalisco,Acatlán de Juárez,,ESTACION DE SERVICIO COMBUMET SA DE CV,PL/19759/EXP/ES/2016,,24.00,29.89,26.99
2026-10-05,Occidente,Jalisco,Tlajomulco de Zúñiga,,OPERADORA DE SERVICIOS EN MOVILIDAD SA DE CV,PL/19754/EXP/ES/2016,,22.99,28.69,26.99
2026-10-05,Occidente,Jalisco,Zapotlanejo,,GASOLINERA LAS VENADAS SA DE CV,PL/19748/EXP/ES/2016,,23.99,27.99,26.99
2026-10-05,Occidente,Jalisco,Tlaquepaque,,IMPEROGAS SA DE CV,PL/19731/EXP/ES/2016,,22.99,28.99,26.99
2026-10-05,Occidente,Jalisco,Tlajomulco de Zúñiga,,JORIMAR GASOLINEROS SA DE CV,PL/19730/EXP/ES/2016,,22.99,28.99,26.99
2026-10-05,Occidente,Jalisco,Zapotlán del Rey,,COMBU-EXPRESS SA DE CV,PL/19711/EXP/ES/2016,,23.99,29.89,27.69
2026-10-05,Occidente,Jalisco,Magdalena,,SERVICIO MAGDALENA SA DE CV,PL/1971/EXP/ES/2015,,23.99,29.99,27.00
2026-10-05,Occidente,Jalisco,Tequila,,COMBU-EXPRESS SA DE CV,PL/19709/EXP/ES/2016,,23.99,29.59,27.00
2026-10-05,Occidente,Jalisco,Magdalena,,ESTACION SAN ANDRES SA DE CV,PL/1969/EXP/ES/2015,,23.99,29.99,27.00
2026-10-05,Occidente,Jalisco,Tlaquepaque,,PETROMAX SA DE CV,PL/19682/EXP/ES/2016,,24.59,29.99,
2026-10-05,Occidente,Jalisco,Tonalá,,GRUPO VEDOGAS SA DE CV,PL/1966/EXP/ES/2015,,23.99,29.79,26.99
2026-10-05,Occidente,Jalisco,Acatlán de Juárez,,ARGUS GASOLINERA SA DE CV,PL/19618/EXP/ES/2016,,23.98,29.48,27.00
2026-10-05,Occidente,Jalisco,Tepatitlán de Morelos,,ESTACION GM SA DE CV,PL/19617/EXP/ES/2016,,23.99,29.25,27.25
2026-10-05,Occidente,Jalisco,Zapopan,,SERVICIO REAL ACUEDUCTO SA DE CV,PL/19613/EXP/ES/2016,,23.99,29.55,
2026-10-05,Occidente,Jalisco,El Salto,,SERVICIOS GASOLINEROS DE MEXICO SA DE CV,PL/1961/EXP/ES/2015,,23.99,29.99,27.00
2026-10-05,Occidente,Jalisco,Zapopan,,SERVICIO NECTAR 58 SA DE CV,PL/19569/EXP/ES/2016,,23.99,28.99,26.99
2026-10-05,Occidente,Jalisco,Lagos de Moreno,,SERVICIOS GASOLINEROS DE MEXICO SA DE CV,PL/19524/EXP/ES/2016,,23.99,29.99,27.00
2026-10-05,Occidente,Jalisco,Tlaquepaque,,AUTOSERVICIO GASHR SA DE CV,PL/1952/EXP/ES/2015,,23.99,29.49,
2026-10-05,Occidente,Jalisco,Valle de Guadalupe,,SERVICIOS GASOLINEROS DE MEXICO SA DE CV,PL/19516/EXP/ES/2016,,24.99,29.99,27.00
2026-10-05,Occidente,Jalisco,Zapopan,,COMBUSTIBLES PAVILLON SA DE CV,PL/1950/EXP/ES/2015,,23.99,29.99,
2026-10-05,Occidente,Jalisco,Zapopan,,COMBUSTIBLES MILLENIUM SA DE CV,PL/1947/EXP/ES/2015,,23.99,29.99,27.29
2026-10-05,Occidente,Jalisco,Jamay,,"PETRO SERVICENTRO, S.A. DE C.V.",PL/19450/EXP/ES/2016,,23.99,29.78,26.99
2026-10-05,Occidente,Jalisco,Zapotlanejo,,ESTACION DE SERVICIO MAXIPISTA TAPATIA SA DE CV,PL/1945/EXP/ES/2015,,23.99,29.99,27.29
2026-10-05,Occidente,Jalisco,Jamay,,"PETRO SERVICENTRO, S.A. DE C.V.",PL/19449/EXP/ES/2016,,23.99,29.78,26.99
2026-10-05,Occidente,Jalisco,Tonalá,,CONSORCIO DE HIDROCARBUROS VILLALOBOS SA DE CV,PL/19446/EXP/ES/2016,,23.85,28.95,27.00
2026-10-05,Occidente,Jalisco,Zapopan,,RINCON ENERGETICO SA DE CV,PL/1944/EXP/ES/2015,,23.49,28.89,26.99
2026-10-05,Occidente,Jalisco,Tamazula de Gordiano,,SERVICIO MENDEZ IBAÑEZ SA DE CV,PL/1943/EXP/ES/2015,,23.99,29.88,27.99
2026-10-05,Occidente,Jalisco,Lagos de Moreno,,SERVICIO HUSARES DE LA UNION SA DE CV,PL/19417/EXP/ES/2016,,23.99,29.50,26.99
2026-10-05,Occidente,Jalisco,Jesús María,,SERVICIO CAMARENA SA DE CV,PL/1940/EXP/ES/2015,,23.65,28.80,26.99
2026-10-05,Occidente,Jalisco,Zapotlanejo,,ENERGETICA  PETROJAL SA DE CV,PL/1937/EXP/ES/2015,,24.00,29.99,27.50
2026-10-05,Occidente,Jalisco,Tonalá,,GASOLINERA SANTA PAULA SA DE CV,PL/19324/EXP/ES/2016,,23.99,29.95,26.99
2026-10-05,Occidente,Jalisco,San Juan de los Lagos,,MULTISERVICIOS ALTOS NORTE SA DE CV,PL/19305/EXP/ES/2016,,24.00,29.49,27.24
2026-10-05,Occidente,Jalisco,Puerto Vallarta,,SERVICIO APOLO SA DE CV,PL/1930/EXP/ES/2015,,24.49,28.89,26.99
2026-10-05,Occidente,Jalisco,Tlajomulco de Zúñiga,,COMBUSTIBLES ECCO SA DE CV,PL/19293/EXP/ES/2016,,23.94,28.50,26.95
2026-10-05,Occidente,Jalisco,Tlajomulco de Zúñiga,,SERVICIO SANTA ANITA SA DE CV,PL/1926/EXP/ES/2015,,23.99,29.79,27.00
2026-10-05,Occidente,Jalisco,Tonalá,,SUMINISTROS DE GASOLINA DIEZ SA DE CV,PL/19252/EXP/ES/2016,,23.99,29.79,26.99
2026-10-05,Occidente,Jalisco,Jocotepec,,SERVICIO CARRETERO JOCOTEPEC SA DE CV,PL/1924/EXP/ES/2015,,23.99,29.29,26.99
2026-10-05,Occidente,Jalisco,San Juan de los Lagos,,GASOLINERA EL PAISA SA DE CV,PL/19231/EXP/ES/2016,,23.99,28.49,
2026-10-05,Occidente,Jalisco,Tlajomulco de Zúñiga,,SERVICIOS GOMAR SA DE CV,PL/19220/EXP/ES/2016,,22.99,28.69,26.99
2026-10-05,Occidente,Jalisco,Cuquío,,COMBUSTIBLES EL CUATRO SA DE CV,PL/19216/EXP/ES/2016,,23.48,,26.77
2026-10-05,Occidente,Jalisco,Guadalajara,,COMBUSTIBLES MEDRANO SA DE CV,PL/19188/EXP/ES/2016,,23.99,29.49,27.00
2026-10-05,Occidente,Jalisco,Tlaquepaque,,MINATORE Y PIOGGIA SA DE CV,PL/1915/EXP/ES/2015,,22.95,28.48,26.98
2026-10-05,Occidente,Jalisco,Guadalajara,,CORPOGASCHAPALITA SA DE CV,PL/19142/EXP/ES/2016,,23.99,29.89,
2026-10-05,Occidente,Jalisco,Tala,,GASO TALA SA DE CV,PL/19122/EXP/ES/2016,,23.98,29.98,26.99
2026-10-05,Occidente,Jalisco,Guadalajara,,GASOSERVICIO OILGAS EXPRESS SA DE CV,PL/19120/EXP/ES/2016,,23.99,29.98,
2026-10-05,Occidente,Jalisco,Zapopan,,ECOESTACION DE COMBUSTIBLES SA DE CV,PL/19030/EXP/ES/2016,,23.99,28.99,26.99
2026-10-05,Occidente,Jalisco,Jesús María,,SERVICIO BETULIA S DE RL DE CV,PL/18960/EXP/ES/2016,,24.00,29.00,27.00
2026-10-05,Occidente,Jalisco,Zapopan,,SERVICIO PASO REAL SA DE CV,PL/18919/EXP/ES/2016,,24.49,29.59,26.99
2026-10-05,Occidente,Jalisco,Guadalajara,,GASOLINERA CUDEA SA DE CV,PL/1890/EXP/ES/2015,,23.99,29.49,26.99
2026-10-05,Occidente,Jalisco,Tlaquepaque,,GASOLINERA CUDEA SA DE CV,PL/1887/EXP/ES/2015,,23.99,29.49,26.99
2026-10-05,Occidente,Jalisco,Guadalajara,,GASOLINERA CUDEA SA DE CV,PL/1884/EXP/ES/2015,,23.99,29.49,26.99
2026-10-05,Occidente,Jalisco,Tlaquepaque,,ORGANIZACION LA LUNA SA DE CV,PL/1883/EXP/ES/2015,,23.99,23.99,27.00
2026-10-05,Occidente,Jalisco,Tlaquepaque,,GASOLINERA CUDEA SA DE CV,PL/1882/EXP/ES/2015,,24.00,29.50,27.00
2026-10-05,Occidente,Jalisco,Zapopan,,SERVICIO EXTRARAPIDO SA DE CV,PL/1865/EXP/ES/2015,,23.99,28.99,26.99
2026-10-05,Occidente,Jalisco,Teocaltiche,,SERVICIO MARTINEZ GONZALEZ SA DE CV,PL/1847/EXP/ES/2015,,24.00,29.30,27.00
2026-10-05,Occidente,Jalisco,Tlaquepaque,,ESTACION DE SERVICIOS PUNTO SUR SA DE CV,PL/1842/EXP/ES/2015,,23.99,29.29,26.99
2026-10-05,Occidente,Jalisco,San Miguel el Alto,,ESTACION JH SA DE CV,PL/1808/EXP/ES/2015,,23.99,28.89,26.99
2026-10-05,Occidente,Jalisco,Zapopan,,GAXCO OBELISCO SA DE CV,PL/1807/EXP/ES/2015,,23.89,28.99,
2026-10-05,Occidente,Jalisco,Unión de San Antonio,,SERVICIO HUSARES DE LA UNION SA DE CV,PL/1806/EXP/ES/2015,,23.99,29.64,26.99
2026-10-05,Occidente,Jalisco,Tepatitlán de Morelos,,PETRO SAN JUAN SA DE CV,PL/1805/EXP/ES/2015,,23.99,28.99,26.99
2026-10-05,Occidente,Jalisco,Lagos de Moreno,,SERVICIO OCCIDENTAL REFSA SA DE CV,PL/1801/EXP/ES/2015,,23.99,29.19,27.00
2026-10-05,Occidente,Jalisco,Tonalá,,SERVICIO AUTOMOTRIZ JEMA SA DE CV,PL/1795/EXP/ES/2015,,23.99,29.49,27.00
2026-10-05,Occidente,Jalisco,Lagos de Moreno,,SERVICIO CALIPSO S DE RL DE CV,PL/1793/EXP/ES/2015,,23.99,29.99,27.00
2026-10-05,Occidente,Jalisco,Puerto Vallarta,,GASOLINERA LOS VECINOS SA DE CV,PL/1787/EXP/ES/2015,,23.99,29.99,27.00
2026-10-05,Occidente,Jalisco,El Salto,,GASOFIA SA DE CV,PL/1786/EXP/ES/2015,,23.99,29.70,27.00
2026-10-05,Occidente,Jalisco,Guadalajara,,GASOLINERA SANTA BARBARA SA DE CV,PL/1785/EXP/ES/2015,,23.57,29.30,27.00
2026-10-05,Occidente,Jalisco,Guadalajara,,TRENOGAS SA DE CV,PL/1784/EXP/ES/2015,,23.99,29.70,27.00
2026-10-05,Occidente,Jalisco,Tlaquepaque,,GASOVIA SA DE CV,PL/1783/EXP/ES/2015,,23.99,27.00,27.00
2026-10-05,Occidente,Jalisco,Guadalajara,,VALES FUSION SA DE CV,PL/1782/EXP/ES/2015,,23.99,29.70,
2026-10-05,Occidente,Jalisco,Tlajomulco de Zúñiga,,COMBUSTION PALMARES SA DE CV,PL/1780/EXP/ES/2015,,23.99,29.70,
2026-10-05,Occidente,Jalisco,Tlaquepaque,,SERVICIO PRECIADO MARTINEZ SA DE CV,PL/1778/EXP/ES/2015,,23.99,29.70,27.00
2026-10-05,Occidente,Jalisco,Teocaltiche,,SERVICIO PADILLA MARQUEZ SA DE CV,PL/1771/EXP/ES/2015,,24.00,29.00,27.00
2026-10-05,Occidente,Jalisco,Tepatitlán de Morelos,,SERVICIO RAMIREZ DE TEPATITLAN SA DE CV,PL/1766/EXP/ES/2015,,23.59,28.99,26.84
2026-10-05,Occidente,Jalisco,Tepatitlán de Morelos,,MINI ESTACION TEPA SA DE CV,PL/1764/EXP/ES/2015,,23.99,28.99,
2026-10-05,Occidente,Jalisco,Tlajomulco de Zúñiga,,GASOLINERA CASCO HERMANOS SA DE CV,PL/1763/EXP/ES/2015,,23.99,28.99,26.99
2026-10-05,Occidente,Jalisco,Tepatitlán de Morelos,,SUPER SERVICIO TEPATITLAN SA DE CV,PL/1761/EXP/ES/2015,,23.99,28.99,
2026-10-05,Occidente,Jalisco,Zapopan,,GAXCOPETROL DE MEXICO SA DE CV,PL/1760/EXP/ES/2015,,23.69,28.99,
2026-10-05,Occidente,Jalisco,Tepatitlán de Morelos,,SERVICIO RAMIREZ DE TEPATITLAN SA DE CV,PL/1757/EXP/ES/2015,,23.59,28.99,
2026-10-05,Occidente,Jalisco,Zapopan,,SERVICIO BASE AEREA SA DE CV,PL/1756/EXP/ES/2015,,23.79,28.79,
2026-10-05,Occidente,Jalisco,Tlajomulco de Zúñiga,,GASOLINERA SAN MIGUEL SA DE CV,PL/1752/EXP/ES/2015,,23.99,29.97,26.99
2026-10-05,Occidente,Jalisco,Unión de Tula,,GASOLINERA CUATRO ESTRELLAS SA DE CV,PL/1750/EXP/ES/2015,,24.49,29.96,27.49
2026-10-05,Occidente,Jalisco,Villa Hidalgo,,SERVICIO SOTO SANTANA SA DE CV,PL/1740/EXP/ES/2015,,23.99,29.20,27.00
2026-10-05,Occidente,Jalisco,Tlajomulco de Zúñiga,,GRUPO G&G DE OCCIDENTE SA DE CV,PL/1739/EXP/ES/2015,,23.89,29.29,27.00
2026-10-05,Occidente,Jalisco,La Barca,,CALUFER SA DE CV,PL/1735/EXP/ES/2015,,23.99,29.59,26.86
2026-10-05,Occidente,Jalisco,La Barca,,CALUFER SA DE CV,PL/1734/EXP/ES/2015,,23.99,29.89,26.86
2026-10-05,Occidente,Jalisco,La Barca,,DISTRIBUIDORA ABREVADERO SA DE CV,PL/1733/EXP/ES/2015,,23.99,28.59,
2026-10-05,Occidente,Jalisco,Jamay,,CEFEVIG SA DE CV,PL/1732/EXP/ES/2015,,23.89,,26.86
2026-10-05,Occidente,Jalisco,Zapopan,,SUPER SERVICIO CIUDAD GRANJA SA DE CV,PL/1726/EXP/ES/2015,,23.98,29.99,26.99
2026-10-05,Occidente,Jalisco,Guadalajara,,SERVICIO PATRIA SA DE CV,PL/1725/EXP/ES/2015,,23.99,28.69,
2026-10-05,Occidente,Jalisco,Zapopan,,GASOLINERA LA MORENA SA DE CV,PL/1719/EXP/ES/2015,,23.99,29.40,
2026-10-05,Occidente,Jalisco,Tlajomulco de Zúñiga,,ORGANIZACION LA LUNA SA DE CV,PL/1712/EXP/ES/2015,,23.99,29.99,27.00
2026-10-05,Occidente,Jalisco,Ojuelos de Jalisco,,COMBUSTIBLES Y LUBRICANTES OJUELOS SA DE CV,PL/1710/EXP/ES/2015,,23.99,29.49,27.00
2026-10-05,Occidente,Jalisco,Ojuelos de Jalisco,,COMBUSTIBLES Y LUBRICANTES OJUELOS SA DE CV,PL/1706/EXP/ES/2015,,23.99,29.49,27.00
2026-10-05,Occidente,Jalisco,Puerto Vallarta,,SERVICIOS GASORO SA DE CV,PL/1700/EXP/ES/2015,,23.99,28.99,27.00
2026-10-05,Occidente,Jalisco,Tecolotlán,,ORGANIZACION LA LUNA SA DE CV,PL/1697/EXP/ES/2015,,23.99,29.99,27.00
2026-10-05,Occidente,Jalisco,Zapopan,,CORPORATIVO VENTA DEL ASTILLERO SA DE CV,PL/1688/EXP/ES/2015,,23.97,29.37,26.96
2026-10-05,Occidente,Jalisco,Tlajomulco de Zúñiga,,ESTACION DE SERVICIO ROPER SA DE CV,PL/1673/EXP/ES/2015,,23.99,29.99,26.99
2026-10-05,Occidente,Jalisco,Tlajomulco de Zúñiga,,SUPER SERVICIO LA CONCHA SA DE CV,PL/1671/EXP/ES/2015,,24.00,28.20,
2026-10-05,Occidente,Jalisco,Guadalajara,,GASOLINERA BELISARIO DOMINGUEZ SA DE CV,PL/1670/EXP/ES/2015,,23.99,29.49,
2026-10-05,Occidente,Jalisco,Zapopan,,MULTISERVICIO LA CALMA SA DE CV,PL/1669/EXP/ES/2015,,23.49,28.99,
2026-10-05,Occidente,Jalisco,Guadalajara,,MULTISERVICIO CALZADA SA DE CV,PL/1668/EXP/ES/2015,,22.99,28.99,26.99
2026-10-05,Occidente,Jalisco,Guadalajara,,GASOLINERA ESTEBAN ALATORRE SA DE CV,PL/1667/EXP/ES/2015,,23.99,28.99,26.99
2026-10-05,Occidente,Jalisco,San Juan de los Lagos,,SERVICIOS EL HUIZACHE SA DE CV,PL/1651/EXP/ES/2015,,23.99,28.49,26.98
2026-10-05,Occidente,Jalisco,Jalostotitlán,,SERVICIO GALLARDO DE ALBA SA DE CV,PL/1650/EXP/ES/2015,,23.99,28.49,26.98
2026-10-05,Occidente,Jalisco,Zapopan,,GASOLINERA CUDEA SA DE CV,PL/1646/EXP/ES/2015,,23.99,29.69,26.99
2026-10-05,Occidente,Jalisco,Zapopan,,SERVICIO LAS FUENTES SA DE CV,PL/1645/EXP/ES/2015,,24.00,29.59,
2026-10-05,Occidente,Jalisco,Zapopan,,ANDUL OIL SA DE CV,PL/1644/EXP/ES/2015,,23.99,28.99,
2026-10-05,Occidente,Jalisco,Zapotlán el Grande,,RAGONZVILL SA DE CV,PL/1640/EXP/ES/2015,,24.35,29.90,27.35
2026-10-05,Occidente,Jalisco,Acatlán de Juárez,,SERVICIOS GASOLINEROS DE MEXICO SA DE CV,PL/1639/EXP/ES/2015,,23.99,29.99,27.99
2026-10-05,Occidente,Jalisco,Lagos de Moreno,,ESTACION BETULIA SA DE CV,PL/1637/EXP/ES/2015,,23.99,,27.00
2026-10-05,Occidente,Jalisco,Guadalajara,,COMBUSTIBLES SUPREMOS SA DE CV,PL/1631/EXP/ES/2015,,23.89,29.29,26.99
2026-10-05,Occidente,Jalisco,La Barca,,SERVICIO LA BARCA SA DE CV,PL/1628/EXP/ES/2015,,23.77,28.88,26.88
2026-10-05,Occidente,Jalisco,Tlaquepaque,,GASOLINERA SAN RAFAEL SA DE CV,PL/1587/EXP/ES/2015,,23.99,29.39,27.00
2026-10-05,Occidente,Jalisco,Puerto Vallarta,,GASOLINERIA ORO DE VALLARTA SA DE CV,PL/1585/EXP/ES/2015,,23.99,28.99,27.00
2026-10-05,Occidente,Jalisco,Tlajomulco de Zúñiga,,SERVICIO SAN JOSE DEL VALLE DOS SA DE CV,PL/1584/EXP/ES/2015,,23.99,29.19,
2026-10-05,Occidente,Jalisco,Tlajomulco de Zúñiga,,SERVICIOS SAN JOSE DEL VALLE SA DE CV,PL/1583/EXP/ES/2015,,23.99,29.78,
2026-10-05,Occidente,Jalisco,Zapopan,,ESTACION DE SERVICIO NACIONES UNIDAS SA DE CV,PL/1574/EXP/ES/2015,,23.99,29.99,26.99
2026-10-05,Occidente,Jalisco,Sayula,,COMBU-EXPRESS SA DE CV,PL/1548/EXP/ES/2015,,23.99,29.49,
2026-10-05,Occidente,Jalisco,Zapopan,,SERVICIOS GASOLINEROS DE MEXICO SA DE CV,PL/1538/EXP/ES/2015,,23.99,29.99,
2026-10-05,Occidente,Jalisco,Guadalajara,,SERVICIOS GASOLINEROS DE MEXICO SA DE CV,PL/1497/EXP/ES/2015,,23.99,29.99,
2026-10-05,Occidente,Jalisco,Guadalajara,,SERVICIOS GASOLINEROS DE MEXICO SA DE CV,PL/1496/EXP/ES/2015,,23.99,29.99,
2026-10-05,Occidente,Jalisco,La Barca,,GASOLINERA MORENO ROJAS SA DE CV,PL/1491/EXP/ES/2015,,23.77,28.88,26.88
2026-10-05,Occidente,Jalisco,Ayotlán,,SERVICIO D SOTO SA DE CV,PL/1490/EXP/ES/2015,,23.98,29.98,27.45
2026-10-05,Occidente,Jalisco,Tlaquepaque,,SERVICIO LAS PIEDROTAS SA DE CV,PL/1488/EXP/ES/2015,,23.99,29.49,
2026-10-05,Occidente,Jalisco,Zapopan,,IVAN GARCIA ARCE,PL/1474/EXP/ES/2015,,23.99,29.46,27.00
2026-10-05,Occidente,Jalisco,Teocaltiche,,SERVICIO TEOCALTICHE SA DE CV,PL/1473/EXP/ES/2015,,24.00,,27.00
2026-10-05,Occidente,Jalisco,Teocaltiche,,GASOLINERA ROMO SA DE CV,PL/1471/EXP/ES/2015,,24.00,29.60,27.00
2026-10-05,Occidente,Jalisco,Guadalajara,,BECKTROP GDL SA DE CV,PL/1463/EXP/ES/2015,,23.99,29.49,
2026-10-05,Occidente,Jalisco,Zapopan,,COMBUSTIBLES PALMA REAL SA DE CV,PL/1462/EXP/ES/2015,,23.99,29.39,27.00
2026-10-05,Occidente,Jalisco,San Juan de los Lagos,,SERVICIO EL PEDREGOSO SA DE CV,PL/1461/EXP/ES/2015,,23.99,28.49,26.98
2026-10-05,Occidente,Jalisco,San Juan de los Lagos,,SERVICIO MALECON SAN JUAN SA DE CV,PL/1460/EXP/ES/2015,,23.99,28.49,
2026-10-05,Occidente,Jalisco,Guadalajara,,COMBU-EXPRESS SA DE CV,PL/1449/EXP/ES/2015,,23.99,29.49,
2026-10-05,Occidente,Jalisco,Zapopan,,GASOLINERA CONSTITUCION SA DE CV,PL/1421/EXP/ES/2015,,23.79,28.89,
2026-10-05,Occidente,Jalisco,Zapopan,,IVAN GARCIA ARCE,PL/1406/EXP/ES/2015,,23.99,29.65,
2026-10-05,Occidente,Jalisco,Atengo,,GASOLINERA ATENGO SA DE CV,PL/1400/EXP/ES/2015,,24.49,,27.49
2026-10-05,Occidente,Jalisco,Tlajomulco de Zúñiga,,JORIMAR GASOLINEROS SA DE CV,PL/13724/EXP/ES/2016,,22.99,28.99,26.99
2026-10-05,Occidente,Jalisco,Guadalajara,,GASOLINERIA LEADER DUCE EXPRESS SA DE CV,PL/13720/EXP/ES/2016,,23.99,29.51,
2026-10-05,Occidente,Jalisco,Zapopan,,PETROMAX SA DE CV,PL/13716/EXP/ES/2016,,24.59,29.99,
2026-10-05,Occidente,Jalisco,Zapotlanejo,,SERVICIO GASOLINERO SANTA TERESA SA DE CV,PL/13715/EXP/ES/2016,,24.00,29.49,27.00
2026-10-05,Occidente,Jalisco,Tlaquepaque,,GASOLINERA TAPATIA SA DE CV,PL/1371/EXP/ES/2015,,23.99,29.65,27.00
2026-10-05,Occidente,Jalisco,Atotonilco el Alto,,SERVICIOS GASOLINEROS DE MEXICO SA DE CV,PL/1370/EXP/ES/2015,,24.99,29.99,27.00
2026-10-05,Occidente,Jalisco,San Juan de los Lagos,,SERVICIO MARTIN TOSTADO SA DE CV,PL/13668/EXP/ES/2016,,23.99,28.50,27.00
2026-10-05,Occidente,Jalisco,El Limón,,GASOLINERA EL LIMON SA DE CV,PL/1363/EXP/ES/2015,,24.25,28.87,26.98
2026-10-05,Occidente,Jalisco,Zapopan,,GASOLIO SA DE CV,PL/13597/EXP/ES/2016,,23.99,29.50,26.99
2026-10-05,Occidente,Jalisco,San Diego de Alejandría,,JOSE MA. GODOY SANCHEZ,PL/13546/EXP/ES/2016,,23.99,28.80,27.00
2026-10-05,Occidente,Jalisco,Guadalajara,,SERVICIO BANDERA SA DE CV,PL/1349/EXP/ES/2015,,23.99,29.89,26.99
2026-10-05,Occidente,Jalisco,Valle de Juárez,,LUIS BAUTISTA ZEPEDA,PL/13489/EXP/ES/2016,,24.45,,27.55
2026-10-05,Occidente,Jalisco,Autlán de Navarro,,GASOLINERA LUPITA SA DE CV,PL/1340/EXP/ES/2015,,23.98,29.88,26.98
2026-10-05,Occidente,Jalisco,El Salto,,SERVICIOS GASOLINEROS DE MEXICO SA DE CV,PL/1339/EXP/ES/2015,,23.99,29.99,27.00
2026-10-05,Occidente,Jalisco,Zapotlanejo,,SERVICIO GASOLINERA ZAPOTLANEJO SA DE CV,PL/13280/EXP/ES/2016,,23.99,,27.00
2026-10-05,Occidente,Jalisco,Tlaquepaque,,SERVICIO SAN PEDRITO SA DE CV,PL/1326/EXP/ES/2015,,23.99,28.99,26.99
2026-10-05,Occidente,Jalisco,Puerto Vallarta,,SERVICIO LAS JUNTAS SA DE CV,PL/1325/EXP/ES/2015,,23.99,29.47,27.00
2026-10-05,Occidente,Jalisco,San Gabriel,,PLAZA ANTIGUA ESTACION SA DE CV,PL/13220/EXP/ES/2016,,23.99,29.90,26.99
2026-10-05,Occidente,Jalisco,Arandas,,SERVICIO CAMARENA SA DE CV,PL/1319/EXP/ES/2015,,23.65,28.65,
2026-10-05,Occidente,Jalisco,Jesús María,,SERVICIOS Y COMBUSTIBLES LEON SA DE CV,PL/13134/EXP/ES/2016,,23.99,29.15,27.00
2026-10-05,Occidente,Jalisco,Zapopan,,SOLUGAS SOLUCIONES EN GASOLINERAS SA DE CV,PL/1311/EXP/ES/2015,,23.79,28.29,27.00
2026-10-05,Occidente,Jalisco,Lagos de Moreno,,ES GAS SA DE CV,PL/13103/EXP/ES/2016,,23.97,29.28,27.00
2026-10-05,Occidente,Jalisco,Ocotlán,,GASOLINERA JARDEZ SA DE CV,PL/13094/EXP/ES/2016,,24.00,29.40,27.00
2026-10-05,Occidente,Jalisco,Ocotlán,,SANTA ESTHER DISTRIBUIDORA SA DE CV,PL/13082/EXP/ES/2016,,23.99,29.78,26.99
2026-10-05,Occidente,Jalisco,Mixtlán,,MARIANO TOPETE MACEDO,PL/13078/EXP/ES/2016,,24.29,29.98,28.49
2026-10-05,Occidente,Jalisco,Tlajomulco de Zúñiga,,SERVICIO LAS CRUCES DE SANTA ANITA SA DE CV,PL/13062/EXP/ES/2016,,23.99,29.78,
2026-10-05,Occidente,Jalisco,Zapotlanejo,,ESTACION PUENTE DE CALDERON SA DE CV,PL/13053/EXP/ES/2016,,23.98,29.50,27.00
2026-10-05,Occidente,Jalisco,Zapotlanejo,,SERVICIO LOS TEPETATES SA DE CV,PL/12890/EXP/ES/2015,,24.00,29.50,27.00
2026-10-05,Occidente,Jalisco,Zapopan,,SUMINISTROS ENERGETICOS DE CALIDAD SA DE CV,PL/12888/EXP/ES/2015,,23.99,29.49,27.00
2026-10-05,Occidente,Jalisco,Acatlán de Juárez,,ARGUS GASOLINERA SA DE CV,PL/12883/EXP/ES/2015,,23.98,29.48,27.00
2026-10-05,Occidente,Jalisco,Atotonilco el Alto,,SERVICIO ALONDRAS SA DE CV,PL/12863/EXP/ES/2015,,23.70,29.00,27.00
2026-10-05,Occidente,Jalisco,Tlaquepaque,,ESTACION DE SERVICIO VAZQUEZ SA DE CV,PL/12849/EXP/ES/2015,,23.89,28.89,26.99
2026-10-05,Occidente,Jalisco,Zapopan,,ESTACION DE SERVICIO SATELITE SA DE CV,PL/12817/EXP/ES/2015,,23.99,28.99,27.00
2026-10-05,Occidente,Jalisco,Cihuatlán,,AUTO SERVICIO SUR DE LA COSTA ALEGRE SA DE CV,PL/12816/EXP/ES/2015,,23.99,28.90,27.00
2026-10-05,Occidente,Jalisco,Autlán de Navarro,,COMBU-EXPRESS SA DE CV,PL/1277/EXP/ES/2015,,24.49,29.89,27.50
2026-10-05,Occidente,Jalisco,El Salto,,ESTACION DE SERVICIO DEL CARMEN SA DE CV,PL/12764/EXP/ES/2015,,24.00,29.98,27.00
2026-10-05,Occidente,Jalisco,Tlaquepaque,,MULTISERVICIOS MAGO SA DE CV,PL/12762/EXP/ES/2015,,24.00,29.50,27.00
2026-10-05,Occidente,Jalisco,Guadalajara,,"LAS TORRES 6309, S.A. DE C.V.",PL/12761/EXP/ES/2015,,24.00,28.20,
2026-10-05,Occidente,Jalisco,Guadalajara,,AUTO EXPRESS CALZADA-PERIFERICO SA DE CV,PL/12758/EXP/ES/2015,,24.00,29.90,27.00
2026-10-05,Occidente,Jalisco,Ameca,,GASOLINERA DEL CENTRO SA,PL/12743/EXP/ES/2015,,24.00,29.95,27.97
2026-10-05,Occidente,Jalisco,Ameca,,ALBERTO GOMEZ ZARATE,PL/12742/EXP/ES/2015,,24.00,29.95,27.99
2026-10-05,Occidente,Jalisco,Guadalajara,,ESTACION DE GASOLINERIA FERROCARRIL SA DE CV,PL/12730/EXP/ES/2015,,23.99,29.50,
2026-10-05,Occidente,Jalisco,Arandas,,COMBUTON SA DE CV,PL/12725/EXP/ES/2015,,23.79,28.79,27.99
2026-10-05,Occidente,Jalisco,Guadalajara,,GASOLINERA EL RASTRO SA DE CV,PL/12705/EXP/ES/2015,,23.99,29.49,26.98
2026-10-05,Occidente,Jalisco,Autlán de Navarro,,GASOLINERA EL MENTIDERO SA DE CV,PL/12696/EXP/ES/2015,,24.00,29.85,27.00
2026-10-05,Occidente,Jalisco,Guadalajara,,COMBUSTIBLES OLMO SA DE CV,PL/12680/EXP/ES/2015,,23.99,29.89,27.00
2026-10-05,Occidente,Jalisco,Cihuatlán,,ESTACION DE SERVICIO MORETT SA,PL/12678/EXP/ES/2015,,23.97,28.93,26.99
2026-10-05,Occidente,Jalisco,Zapopan,,GASOLINERA MARTIN SA DE CV,PL/12669/EXP/ES/2015,,22.99,28.99,26.99
2026-10-05,Occidente,Jalisco,Zapopan,,GASOLINERA MARTIN SA DE CV,PL/12668/EXP/ES/2015,,22.99,28.99,26.99
2026-10-05,Occidente,Jalisco,Tlajomulco de Zúñiga,,SERVICIOS GASOLINEROS DE MEXICO SA DE CV,PL/12644/EXP/ES/2015,,23.99,29.99,27.00
2026-10-05,Occidente,Jalisco,Cihuatlán,,COMPAÑIA MEXICANA PARA EL DESARROLLO TURISTICO Y URBANO DE BARRA DE NAVIDAD SA DE CV,PL/12609/EXP/ES/2015,,23.99,28.79,26.99
2026-10-05,Occidente,Jalisco,Zapotlán el Grande,,COMBU-EXPRESS SA DE CV,PL/1260/EXP/ES/2015,,24.39,29.88,27.49
2026-10-05,Occidente,Jalisco,Zapotlán el Grande,,COMBU-EXPRESS SA DE CV,PL/1259/EXP/ES/2015,,24.39,29.88,27.49
2026-10-05,Occidente,Jalisco,Tala,,SERVICIO LA LOMITA SA DE CV,PL/12588/EXP/ES/2015,,23.29,27.90,26.99
2026-10-05,Occidente,Jalisco,Tala,,SERVICIO CA&ERO SA DE CV,PL/12584/EXP/ES/2015,,23.99,29.68,27.28
2026-10-05,Occidente,Jalisco,Tala,,ARGUS GASOLINERA SA DE CV,PL/12565/EXP/ES/2015,,23.98,29.48,27.00
2026-10-05,Occidente,Jalisco,Tepatitlán de Morelos,,DARA SERVICIOS SA DE CV,PL/12564/EXP/ES/2015,,23.99,28.99,
2026-10-05,Occidente,Jalisco,Tizapán el Alto,,NOGALES ENERGETICOS SA DE CV,PL/12563/EXP/ES/2015,,23.99,29.89,27.99
2026-10-05,Occidente,Jalisco,Zapopan,,DERIVADORA DE COMBUSTIBLES DEL NORTE SA DE CV,PL/12562/EXP/ES/2015,,23.99,28.99,26.99
2026-10-05,Occidente,Jalisco,Guadalajara,,SERVICIOS GASOLINEROS DE MEXICO SA DE CV,PL/12560/EXP/ES/2015,,23.99,26.99,
2026-10-05,Occidente,Jalisco,Teocuitatlán de Corona,,GASOLINERA SAHAGUN SA DE CV,PL/12558/EXP/ES/2015,,24.00,29.88,27.00
2026-10-05,Occidente,Jalisco,La Huerta,,COMBU-EXPRESS SA DE CV,PL/1245/EXP/ES/2015,,24.59,29.80,27.39
2026-10-05,Occidente,Jalisco,Casimiro Castillo,,COMBU-EXPRESS SA DE CV,PL/1244/EXP/ES/2015,,24.59,29.80,27.39
2026-10-05,Occidente,Jalisco,Casimiro Castillo,,COMBU-EXPRESS SA DE CV,PL/1243/EXP/ES/2015,,24.59,29.80,27.39
2026-10-05,Occidente,Jalisco,Villa Purificación,,COMBU-EXPRESS SA DE CV,PL/1242/EXP/ES/2015,,24.59,29.80,27.39
2026-10-05,Occidente,Jalisco,Tlajomulco de Zúñiga,,GOPRA SA DE CV,PL/1222/EXP/ES/2015,,23.99,29.29,27.00
2026-10-05,Occidente,Jalisco,Degollado,,SERVICIO LOS ENCINOS SA DE CV,PL/1221/EXP/ES/2015,,23.95,28.99,26.99
2026-10-05,Occidente,Jalisco,Degollado,,ESTACION DE SERVICIO ROJEMAR SA DE CV,PL/1220/EXP/ES/2015,,23.95,28.99,26.99
2026-10-05,Occidente,Jalisco,San Juanito de Escobedo,,SERVICIOS SAN JUANITO SA DE CV,PL/12060/EXP/ES/2015,,23.98,,27.00
2026-10-05,Occidente,Jalisco,Poncitlán,,GRUPO OCTANO SA DE CV,PL/12057/EXP/ES/2015,,23.99,29.99,27.79
2026-10-05,Occidente,Jalisco,Concepción de Buenos Aires,,SALVADOR VALLEJO JIMENEZ,PL/12050/EXP/ES/2015,,,,27.00
2026-10-05,Occidente,Jalisco,Zapopan,,ESTACION DE SERVICIO PEGASO SA DE CV,PL/12041/EXP/ES/2015,,23.99,28.99,
2026-10-05,Occidente,Jalisco,Jesús María,,SERVICIOS ENERGETICOS ESLI SA DE CV,PL/12039/EXP/ES/2015,,23.89,28.99,26.99
2026-10-05,Occidente,Jalisco,Guadalajara,,COMBUSTIBLES MARSAN SA DE CV,PL/12020/EXP/ES/2015,,23.69,28.29,
2026-10-05,Occidente,Jalisco,El Salto,,GASOLINERAS FAST DE OCCIDENTE S DE RL DE CV,PL/12001/EXP/ES/2015,,23.99,29.79,27.00
2026-10-05,Occidente,Jalisco,Tala,,SERVICAÑA SA DE CV,PL/11995/EXP/ES/2015,,23.86,29.23,27.00
2026-10-05,Occidente,Jalisco,Guadalajara,,ESTACION DE SERVICIO LAS TORRES SA DE CV,PL/11983/EXP/ES/2015,,23.29,27.90,
2026-10-05,Occidente,Jalisco,Encarnación de Díaz,,SERVICIO BAJIO DE SAN JOSE SA DE CV,PL/11976/EXP/ES/2015,,23.99,,26.99
2026-10-05,Occidente,Jalisco,Villa Hidalgo,,SUPER SERVICIO  D SANTA SA DE CV,PL/11959/EXP/ES/2015,,24.00,29.10,27.00
2026-10-05,Occidente,Jalisco,Chapala,,SUPERSERVICIO ATOTONILQUILLO SA DE CV,PL/11954/EXP/ES/2015,,23.99,28.99,26.99
2026-10-05,Occidente,Jalisco,Guadalajara,,PETROMAX SA DE CV,PL/11951/EXP/ES/2015,,24.59,29.99,26.99
2026-10-05,Occidente,Jalisco,Guadalajara,,MARCA GASOLINAS SA DE CV,PL/1188/EXP/ES/2015,,23.79,28.29,
2026-10-05,Occidente,Jalisco,Guadalajara,,COMBUSTIBLES GUADALAJARA SA DE CV,PL/1177/EXP/ES/2015,,23.95,29.28,
2026-10-05,Occidente,Jalisco,Guadalajara,,GASOLINERA TAPATIA LOS ARCOS SA DE CV,PL/1176/EXP/ES/2015,,23.99,29.99,
2026-10-05,Occidente,Jalisco,Guadalajara,,GRUPO INDUSTRIAL TAJALI SA,PL/1166/EXP/ES/2015,,23.99,29.99,
2026-10-05,Occidente,Jalisco,Guadalajara,,GRUPO INDUSTRIAL TAJALI SA,PL/1165/EXP/ES/2015,,23.99,29.99,
2026-10-05,Occidente,Jalisco,Guadalajara,,GASOLINERA POLANCO SA DE CV,PL/1158/EXP/ES/2015,,23.89,28.99,26.99
2026-10-05,Occidente,Jalisco,Cuquío,,FELIPE GUTIERREZ YAÑEZ,PL/11453/EXP/ES/2015,,23.97,29.97,26.97
2026-10-05,Occidente,Jalisco,Tepatitlán de Morelos,,GASOLINERA Y SERVICIOS LOS SAUCES SA DE CV,PL/11449/EXP/ES/2015,,23.99,28.50,27.50
2026-10-05,Occidente,Jalisco,Tepatitlán de Morelos,,PETROTEP SA DE CV,PL/11445/EXP/ES/2015,,23.99,29.26,27.25
2026-10-05,Occidente,Jalisco,Chapala,,GRUPO PETRO 8 SA DE CV,PL/11431/EXP/ES/2015,,23.99,29.88,27.00
2026-10-05,Occidente,Jalisco,Ixtlahuacán de los Membrillos,,GRUPO BALLO SA DE CV,PL/11419/EXP/ES/2015,,23.99,29.99,26.99
2026-10-05,Occidente,Jalisco,Ayotlán,,ESTACION DE SERVICIOS LA JOYA SA DE CV,PL/11406/EXP/ES/2015,,23.99,29.49,27.79
2026-10-05,Occidente,Jalisco,Tlajomulco de Zúñiga,,GASOLINERA DIAL SA DE CV,PL/11397/EXP/ES/2015,,23.88,29.08,27.00
2026-10-05,Occidente,Jalisco,Zapopan,,SERVICIOS GASOLINEROS DE MEXICO SA DE CV,PL/11378/EXP/ES/2015,,23.99,29.99,27.00
2026-10-05,Occidente,Jalisco,Zapopan,,SERVICIOS GASOLINEROS DE MEXICO SA DE CV,PL/11377/EXP/ES/2015,,23.99,29.99,
2026-10-05,Occidente,Jalisco,Zapopan,,GASOLINERA MARTIN SA DE CV,PL/11366/EXP/ES/2015,,22.99,28.99,26.99
2026-10-05,Occidente,Jalisco,Puerto Vallarta,,SERVICIO LAS MOJONERAS SA DE CV,PL/11365/EXP/ES/2015,,24.50,29.45,28.05
2026-10-05,Occidente,Jalisco,Tonalá,,GASOLINERA ALDI SA DE CV,PL/11364/EXP/ES/2015,,23.86,28.91,26.95
2026-10-05,Occidente,Jalisco,Tlaquepaque,,GASOLINERA DON JOSE SA DE CV,PL/11361/EXP/ES/2015,,23.86,28.91,26.95
2026-10-05,Occidente,Jalisco,Arandas,,FUENTES OÑATE Y ASOCIADOS SA DE CV,PL/11352/EXP/ES/2015,,23.99,28.95,26.99
2026-10-05,Occidente,Jalisco,Tonalá,,SUPER SERVICIOS EL SALTO SA DE CV,PL/11343/EXP/ES/2015,,23.87,28.99,26.99
2026-10-05,Occidente,Jalisco,Chiquilistlán,,COMBUSTIBLES CHAVEZ SA DE CV,PL/11288/EXP/ES/2015,,24.80,,27.99
2026-10-05,Occidente,Jalisco,Arandas,,GRUPO GASOLINERO EL CAPULIN SA DE CV,PL/11285/EXP/ES/2015,,23.60,28.90,27.00
2026-10-05,Occidente,Jalisco,Guadalajara,,GASOLINERA DAKOTA DE OCCIDENTE SA DE CV,PL/11284/EXP/ES/2015,,23.99,29.65,27.00
2026-10-05,Occidente,Jalisco,Guadalajara,,PETRO BUENAVISTA SA DE CV,PL/1126/EXP/ES/2015,,23.99,,26.99
2026-10-05,Occidente,Jalisco,Ocotlán,,GASOLINERA EL NUEVO FUERTE SA DE CV,PL/11259/EXP/ES/2015,,23.90,29.50,27.30
2026-10-05,Occidente,Jalisco,Guadalajara,,SUPERSERVICIO PABLO VALDEZ SA DE CV,PL/11253/EXP/ES/2015,,23.99,29.99,
2026-10-05,Occidente,Jalisco,Guadalajara,,SERVICIO INDUSTRIAL DE JALISCO SA DE CV,PL/11252/EXP/ES/2015,,23.99,29.20,26.99
2026-10-05,Occidente,Jalisco,Guadalajara,,SERVICIOS GASOLINEROS LEO SA DE CV,PL/11251/EXP/ES/2015,,23.99,29.99,27.00
2026-10-05,Occidente,Jalisco,Guadalajara,,MEGA SERVICIO ECOLOGICO DE GASOLINA SA DE CV,PL/11250/EXP/ES/2015,,23.98,29.99,26.99
2026-10-05,Occidente,Jalisco,Tlaquepaque,,COMBU-EXPRESS SA DE CV,PL/1124/EXP/ES/2015,,23.99,29.49,27.00
2026-10-05,Occidente,Jalisco,Tlaquepaque,,TRASAGAS SA DE CV,PL/11231/EXP/ES/2015,,23.99,29.99,26.99
2026-10-05,Occidente,Jalisco,Ixtlahuacán del Río,,VANGUARDIA EN GASOLINERAS SA DE CV,PL/11230/EXP/ES/2015,,23.99,29.99,26.99
2026-10-05,Occidente,Jalisco,Guadalajara,,SUPER SERVICIO 54 SA DE CV,PL/1113/EXP/ES/2015,,23.99,28.99,
2026-10-05,Occidente,Jalisco,Cocula,,ORGANIZACION LA LUNA SA DE CV,PL/1109/EXP/ES/2015,,23.99,29.99,27.00
2026-10-05,Occidente,Jalisco,Cocula,,ORGANIZACION LA LUNA SA DE CV,PL/1107/EXP/ES/2015,,23.99,29.99,27.00
2026-10-05,Occidente,Jalisco,Tlaquepaque,,GASALVI SA DE CV,PL/11030/EXP/ES/2015,,23.99,28.99,
2026-10-05,Occidente,Jalisco,Guadalajara,,GRUPO JAGUAR DE OCCIDENTE SA DE CV,PL/11027/EXP/ES/2015,,23.99,29.50,
2026-10-05,Occidente,Jalisco,San Miguel el Alto,,ESTACION CALZADA DE GUADALUPE SA DE CV,PL/11020/EXP/ES/2015,,23.99,28.99,27.00
2026-10-05,Occidente,Jalisco,Zapopan,,ESTACION DE SERVICIO APV SA DE CV,PL/11006/EXP/ES/2015,,23.97,29.47,26.99
2026-10-05,Occidente,Jalisco,Tlajomulco de Zúñiga,,SERVICIO JIPIGO SA DE CV,PL/11005/EXP/ES/2015,,23.50,28.65,26.99
2026-10-05,Occidente,Jalisco,Zapopan,,SERVICIO NUEVO MEXICO SA DE CV,PL/11004/EXP/ES/2015,,23.98,29.40,27.00
2026-10-05,Occidente,Jalisco,Zapopan,,COMBUSTIBLES Y SERVICIOS SAMER SA DE CV,PL/10927/EXP/ES/2015,,23.99,29.59,27.00
2026-10-05,Occidente,Jalisco,Tlaquepaque,,ESTACION DE SERVICIO PRINCIPAL SA DE CV,PL/10925/EXP/ES/2015,,23.99,29.49,27.00
2026-10-05,Occidente,Jalisco,San Ignacio Cerro Gordo,,ENERGETICOS TEPAK SA DE CV,PL/10923/EXP/ES/2015,,23.99,28.55,27.00
2026-10-05,Occidente,Jalisco,El Salto,,GASOLINERIA BELOZ SA DE CV,PL/10894/EXP/ES/2015,,23.60,29.45,26.99
2026-10-05,Occidente,Jalisco,Tlaquepaque,,GASOLINERA OLEODUCTO SA DE CV,PL/10893/EXP/ES/2015,,23.60,29.45,26.99
2026-10-05,Occidente,Jalisco,Tlaquepaque,,SERVICIOS ACEVES SA DE CV,PL/10892/EXP/ES/2015,,23.99,29.45,26.99
2026-10-05,Occidente,Jalisco,Tonalá,,COMBUSTIBLES DE ZAPOTLANEJO SA DE CV,PL/10870/EXP/ES/2015,,23.99,29.49,26.99
2026-10-05,Occidente,Jalisco,Guadalajara,,GASOLINERA REMUS SA DE CV,PL/10860/EXP/ES/2015,,24.00,29.79,27.00
2026-10-05,Occidente,Jalisco,Lagos de Moreno,,SERVICIOS GASOLINEROS DE MEXICO SA DE CV,PL/10858/EXP/ES/2015,,24.99,29.99,27.00
2026-10-05,Occidente,Jalisco,Tlaquepaque,,GASOLINERA EL TAPATIO SA DE CV,PL/10843/EXP/ES/2015,,23.70,28.58,26.99
2026-10-05,Occidente,Jalisco,Tamazula de Gordiano,,SERVICIO EL PRADO SA DE CV,PL/10826/EXP/ES/2015,,23.99,29.86,27.80
2026-10-05,Occidente,Jalisco,Guadalajara,,ESTACION DE SERVICIO ATEQUIZA SA DE CV,PL/10812/EXP/ES/2015,,23.89,,26.99
2026-10-05,Occidente,Jalisco,Tepatitlán de Morelos,,SERVICIOS PUERTA VIEJA SA DE CV,PL/10811/EXP/ES/2015,,23.99,29.35,27.19
2026-10-05,Occidente,Jalisco,Tonalá,,REAL TONALTECAS SA DE CV,PL/10728/EXP/ES/2015,,23.99,29.89,26.99
2026-10-05,Occidente,Jalisco,Tonalá,,SERVICIO TONALA SA DE CV,PL/10727/EXP/ES/2015,,23.50,,26.99
2026-10-05,Occidente,Jalisco,Zapopan,,GASOLINERA PLAZA DEL SOL SA DE CV,PL/10725/EXP/ES/2015,,23.99,29.89,
2026-10-05,Occidente,Jalisco,Guadalajara,,SERVICIO RIO NILO SA DE CV,PL/10723/EXP/ES/2015,,22.99,29.89,24.13
2026-10-05,Occidente,Jalisco,Zapopan,,SERVICIO ANGEL SA DE CV,PL/10722/EXP/ES/2015,,23.99,29.99,26.99
2026-10-05,Occidente,Jalisco,Tlaquepaque,,GRUPO CASAL SA DE CV,PL/10717/EXP/ES/2015,,22.99,29.89,26.99
2026-10-05,Occidente,Jalisco,Lagos de Moreno,,COMERCIALIZADORA CENTRAL DE COMBUSTIBLE SA DE CV,PL/10695/EXP/ES/2015,,23.99,29.89,27.00
2026-10-05,Occidente,Jalisco,Tuxpan,,GASOTECA SA DE CV,PL/10688/EXP/ES/2015,,23.99,29.99,26.99
2026-10-05,Occidente,Jalisco,Tonalá,,ENERGIA GUADALUPANA SA DE CV,PL/10667/EXP/ES/2015,,23.98,28.98,
2026-10-05,Occidente,Jalisco,Autlán de Navarro,,GASOLINERA AUTLAN SA DE CV,PL/1066/EXP/ES/2015,,24.49,29.89,27.45
2026-10-05,Occidente,Jalisco,Yahualica de González Gallo,,GASOLINERA LV SA DE CV,PL/10659/EXP/ES/2015,,23.99,29.50,27.00
2026-10-05,Occidente,Jalisco,El Salto,,ESTACION DE SERVICIO ESMERALDA SA DE CV,PL/1065/EXP/ES/2015,,23.99,29.19,26.99
2026-10-05,Occidente,Jalisco,Puerto Vallarta,,SERVICIO MARINA LAS PALMAS SA DE CV,PL/10630/EXP/ES/2015,,23.94,27.99,26.99
2026-10-05,Occidente,Jalisco,Arandas,,Nueva Estacion de Servicio Tres Estrellas Nucho SA,PL/1060/EXP/ES/2015,,23.99,28.79,27.79
2026-10-05,Occidente,Jalisco,Autlán de Navarro,,COMBU-EXPRESS SA DE CV,PL/10587/EXP/ES/2015,,23.68,29.89,26.68
2026-10-05,Occidente,Jalisco,Huejuquilla el Alto,,SERVICIO LAMAS SA DE CV,PL/10563/EXP/ES/2015,,23.99,28.50,27.00
2026-10-05,Occidente,Jalisco,Zapopan,,PETROMAX SA DE CV,PL/10548/EXP/ES/2015,,24.69,29.99,27.69
2026-10-05,Occidente,Jalisco,Tlajomulco de Zúñiga,,COMBUSTIBLES TLAJOMULCO SA DE CV,PL/10348/EXP/ES/2015,,23.99,28.99,26.98
2026-10-05,Occidente,Jalisco,Chapala,,SERVICIO AGUIRRE CASTELLANOS SA DE CV,PL/10342/EXP/ES/2015,,23.97,29.29,27.00
2026-10-05,Occidente,Jalisco,La Barca,,INMOBILIARIA SAMICH SA DE CV,PL/10312/EXP/ES/2015,,23.77,28.88,26.88
2026-10-05,Occidente,Jalisco,Tlajomulco de Zúñiga,,ESTACION DE SERVICIOS GOMCO SA DE CV,PL/10311/EXP/ES/2015,,23.79,28.99,26.89
2026-10-05,Occidente,Jalisco,Poncitlán,,INMOBILIARIA SAMICH SA DE CV,PL/10310/EXP/ES/2015,,23.75,29.78,26.88
2026-10-05,Occidente,Jalisco,Atenguillo,,SERVICIO LAS CHIQUILLAS SA DE CV,PL/10306/EXP/ES/2015,,23.99,29.04,27.00
2026-10-05,Occidente,Jalisco,Teuchitlán,,VICTOR HUGO REYNOSO MADRIGAL,PL/10305/EXP/ES/2015,,23.58,28.87,26.98
2026-10-05,Occidente,Jalisco,Ixtlahuacán de los Membrillos,,ENRIQUE ENCISO DIAZ,PL/10269/EXP/ES/2015,,23.95,29.55,27.00
2026-10-05,Occidente,Jalisco,Tepatitlán de Morelos,,GASOLINERA BUSTOS DE LA MORA SA DE CV,PL/10254/EXP/ES/2015,,23.99,28.99,27.09
2026-10-05,Occidente,Jalisco,La Huerta,,AUTO SERVICIO SUR DE LA COSTA ALEGRE SA DE CV,PL/10237/EXP/ES/2015,,23.99,29.75,27.00
2026-10-05,Occidente,Jalisco,Zapotlanejo,,SERVICIO CASTILLO SA DE CV,PL/10226/EXP/ES/2015,,23.99,29.49,27.00
2026-10-05,Occidente,Jalisco,Zapotlanejo,,NUEVO SERVICIO CASTILLO SA DE CV,PL/10225/EXP/ES/2015,,23.90,29.50,27.00
2026-10-05,Occidente,Jalisco,Tepatitlán de Morelos,,FABRICACION Y MONTAJES INDUSTRIALES ZAIMER SA DE CV,PL/10217/EXP/ES/2015,,24.99,29.99,27.99
2026-10-05,Occidente,Jalisco,Zapotiltic,,COMBUSTIBLES CARRETEROS CARCO SA DE CV,PL/10195/EXP/ES/2015,,24.00,29.99,27.59
2026-10-05,Occidente,Jalisco,Lagos de Moreno,,SERVICIOS MABEL SA DE CV,PL/10183/EXP/ES/2015,,24.00,29.60,27.00
2026-10-05,Occidente,Jalisco,Ixtlahuacán de los Membrillos,,SERVICIO ROHEL SA DE CV,PL/10170/EXP/ES/2015,,23.99,29.99,26.99
2026-10-05,Occidente,Jalisco,Sayula,,COMBU-EXPRESS SA DE CV,PL/1017/EXP/ES/2015,,23.99,,27.00
2026-10-05,Occidente,Jalisco,Tlajomulco de Zúñiga,,GASERVICIOS SAN DIEGO SA DE CV,PL/10165/EXP/ES/2015,,23.50,28.65,26.99
2026-10-05,Occidente,Jalisco,Arandas,,SERVICIO HIPERGAS SA DE CV,PL/10162/EXP/ES/2015,,23.60,28.90,27.00
2026-10-05,Occidente,Jalisco,Tlajomulco de Zúñiga,,GASOLINA Y DIESEL DE OCCIDENTE SA DE CV,PL/10140/EXP/ES/2015,,23.99,29.48,27.00
2026-10-05,Occidente,Jalisco,Zapopan,,GASOLINA Y DIESEL DE OCCIDENTE SA DE CV,PL/10137/EXP/ES/2015,,23.99,29.45,
2026-10-05,Occidente,Jalisco,Zapopan,,PETROVAZ SA DE CV,PL/10129/EXP/ES/2015,,23.99,29.99,27.00
2026-10-05,Occidente,Jalisco,Zapopan,,PETROVAZ SA DE CV,PL/10128/EXP/ES/2015,,23.99,29.99,26.99
2026-10-05,Occidente,Jalisco,Guadalajara,,GASOVAZ SA DE CV,PL/10127/EXP/ES/2015,,23.99,29.76,27.00
2026-10-05,Occidente,Jalisco,Chapala,,AUXILIADORA DE COMBUSTIBLES SA DE CV,PL/10117/EXP/ES/2015,,23.98,29.68,27.00
2026-10-05,Occidente,Jalisco,Chapala,,AUXILIADORA DE COMBUSTIBLES SA DE CV,PL/10116/EXP/ES/2015,,23.99,29.50,27.00
2026-10-05,Occidente,Jalisco,Tlajomulco de Zúñiga,,COMBUSTIBLE TLAJOMULCO SA DE CV,PL/10108/EXP/ES/2015,,23.89,,26.99
2026-10-05,Occidente,Jalisco,Tala,,ESTACION DE SERVICIOS TALA SA DE CV,PL/10107/EXP/ES/2015,,23.89,,26.99
2026-10-05,Occidente,Jalisco,Zapopan,,ESTACION GUADALUPE SA DE CV,PL/10106/EXP/ES/2015,,23.29,28.99,
2026-10-05,Occidente,Jalisco,Tlaquepaque,,ESTACION DE SERVICIO OMEGA SA DE CV,PL/10104/EXP/ES/2015,,23.89,27.99,
2026-10-05,Occidente,Jalisco,Tlajomulco de Zúñiga,,CENTRAL SAN AGUSTIN SA DE CV,PL/10103/EXP/ES/2015,,23.99,29.99,27.00
2026-10-05,Occidente,Jalisco,Zapopan,,OPERADORA AVIACION SA DE CV,PL/10100/EXP/ES/2015,,23.99,29.69,
2026-10-05,Occidente,Jalisco,Zapotiltic,,COMBU-EXPRESS SA DE CV,PL/1010/EXP/ES/2015,,24.39,,27.69
2026-10-05,Occidente,Jalisco,Zapopan,,ESTACION DE SERVICIO GALERIAS SA DE CV,PL/10098/EXP/ES/2015,,23.89,28.49,
2026-10-05,Occidente,Jalisco,Techaluta de Montenegro,,SERVICIO TECHALUTA SA DE CV,PL/10097/EXP/ES/2015,,23.99,29.29,27.00
2026-10-05,Occidente,Jalisco,Tlajomulco de Zúñiga,,ESTACION DE SERVICIO PYOTR SA DE CV,PL/10091/EXP/ES/2015,,23.99,28.69,26.99
2026-10-05,Occidente,Jalisco,Zapotlán el Grande,,COMBU-EXPRESS SA DE CV,PL/1009/EXP/ES/2015,,24.39,29.88,27.49
2026-10-05,Occidente,Jalisco,Tepatitlán de Morelos,,GASOLINERA AGUA BLANCA SA DE CV,PL/10081/EXP/ES/2015,,23.99,28.99,28.80
2026-10-05,Occidente,Jalisco,Zapotlán el Grande,,COMBU-EXPRESS SA DE CV,PL/1008/EXP/ES/2015,,24.39,29.88,27.49
2026-10-05,Occidente,Jalisco,Zapotlán el Grande,,COMBU-EXPRESS SA DE CV,PL/1007/EXP/ES/2015,,24.39,29.88,27.49
2026-10-05,Occidente,Jalisco,Ixtlahuacán de los Membrillos,,SERVIECOLOGICOS SA DE CV,PL/10061/EXP/ES/2015,,23.99,29.99,27.00
2026-10-05,Occidente,Jalisco,Arandas,,GASOLINERA GUADALAJARA SA DE CV,PL/1003/EXP/ES/2015,,23.90,28.50,27.45
2026-10-05,Occidente,Jalisco,Tuxpan,,GRUPO OCTANO SA DE CV,PL/10010/EXP/ES/2015,,24.79,29.99,27.49
2026-10-05,Occidente,Jalisco,Tuxpan,,GRUPO OCTANO SA DE CV,PL/10009/EXP/ES/2015,,24.79,29.99,27.29
2026-10-05,Occidente,Jalisco,Tepatitlán de Morelos,,INMOBILIARIA SAMICH SA DE CV,CNE/PL/87/EXP/ES/2025,,23.41,28.78,26.84
2026-10-05,Occidente,Jalisco,La Barca,,INMOBILIARIA SAMICH SA DE CV,CNE/PL/80/EXP/ES/2025,,23.77,28.88,26.88
2026-10-05,Occidente,Jalisco,Tepatitlán de Morelos,,INMOBILIARIA SAMICH SA DE CV,CNE/PL/74/EXP/ES/2025,,23.59,28.78,26.84
2026-10-05,Occidente,Jalisco,Tapalpa,,COMBU-EXPRESS SA DE CV,CNE/PL/66/EXP/ES/2025,,24.09,29.58,27.10
2026-10-05,Occidente,Jalisco,Cihuatlán,,SUPER SERVICIO CIBRIAN SA DE CV,CNE/PL/651/EXP/ES/2026,,23.99,28.94,27.00
2026-10-05,Occidente,Jalisco,Jalostotitlán,,SALVADOR RABAGO CORNEJO,CNE/PL/57/EXP/ES/2025,,23.95,28.59,26.98
2026-10-05,Occidente,Jalisco,Lagos de Moreno,,ESTACION CHIPINQUE SA DE CV,CNE/PL/52/EXP/ES/2025,,23.99,28.99,27.00
2026-10-05,Occidente,Jalisco,Ocotlán,,INMOBILIARIA SAMICH SA DE CV,CNE/PL/475/EXP/ES/2025,,23.79,29.29,26.88
2026-10-05,Occidente,Jalisco,Mexticacán,,SERVICIO CIUDAD DE LOS MARTIRES SA DE CV,CNE/PL/388/EXP/ES/2025,,23.79,28.99,26.99
2026-10-05,Occidente,Jalisco,Tlaquepaque,,AERO 4 G SA DE CV,CNE/PL/372/EXP/ES/2025,,23.99,29.45,26.99
2026-10-05,Occidente,Jalisco,Tonalá,,ALPEZ GAS SA DE CV,CNE/PL/364/EXP/ES/2025,,23.69,28.69,
2026-10-05,Occidente,Jalisco,Quitupan,,NARBEL VARGAS BARAJAS,CNE/PL/339/EXP/ES/2025,,24.60,,27.99
2026-10-05,Occidente,Jalisco,Guadalajara,,ALPEZ GAS SA DE CV,CNE/PL/335/EXP/ES/2025,,23.69,28.69,26.89
2026-10-05,Occidente,Jalisco,Zapotlán el Grande,,PETRO CHAVER SA DE CV,CNE/PL/318/EXP/ES/2025,,24.75,29.95,27.45
2026-10-05,Occidente,Jalisco,Atotonilco el Alto,,INMOBILIARIA SAMICH SA DE CV,CNE/PL/287/EXP/ES/2025,,23.76,29.59,26.88
2026-10-05,Occidente,Jalisco,Tonalá,,GRUPO ODISEA COMBUSTIBLES SA DE CV,CNE/PL/207/EXP/ES/2025,,23.99,29.79,27.00
2026-10-05,Occidente,Jalisco,Tlajomulco de Zúñiga,,ANTONIO NAÑEZ BUGARIN,CNE/PL/202/EXP/ES/2025,,23.19,28.99,26.99
2026-10-05,Occidente,Jalisco,Zapopan,,ALPEZ GAS SA DE CV,CNE/PL/184/EXP/ES/2025,,23.99,28.99,26.99
2026-10-05,Occidente,Jalisco,Sayula,,COMBUSTIBLES FOSILES GT SA DE CV,CNE/PL/179/EXP/ES/2025,,23.99,29.97,27.00
2026-10-05,Occidente,Jalisco,Tepatitlán de Morelos,,INMOBILIARIA SAMICH SA DE CV,CNE/PL/156/EXP/ES/2025,,23.59,28.78,26.84
