Fecha,Region,Estado,Municipio,Marca,Estacion,Permiso CRE,Direccion,Regular,Premium,Diesel
2026-09-30,Occidente,Guanajuato,León,,SERVICIO LAS TORRES SUR SA DE CV,PL/9999/EXP/ES/2015,,22.95,27.90,
2026-09-30,Occidente,Guanajuato,León,,ESTACION DE SERVICIO LEON S DE RL DE CV,PL/996/EXP/ES/2015,,23.99,29.99,27.00
2026-09-30,Occidente,Guanajuato,León,,BRISCAN SA DE CV,PL/9692/EXP/ES/2015,,23.39,28.79,
2026-09-30,Occidente,Guanajuato,León,,HIDROCARBUROS Y GASOLINAS DE LEON SA DE CV,PL/9676/EXP/ES/2015,,23.75,29.99,27.00
2026-09-30,Occidente,Guanajuato,León,,SERVICIOS GASOLINEROS DE MEXICO SA DE CV,PL/9499/EXP/ES/2015,,23.99,29.99,27.00
2026-09-30,Occidente,Guanajuato,León,,ESTACION DE SERVICIO LEON S DE RL DE CV,PL/938/EXP/ES/2015,,23.99,29.99,27.00
2026-09-30,Occidente,Guanajuato,León,,SERVICIO LAS HILAMAS SA DE CV,PL/9347/EXP/ES/2015,,23.99,29.99,27.00
2026-09-30,Occidente,Guanajuato,León,,ESTACION DE SERVICIO LEON S DE RL DE CV,PL/933/EXP/ES/2015,,23.99,29.99,27.00
2026-09-30,Occidente,Guanajuato,León,,SERVICIOS GASOLINEROS DE MEXICO SA DE CV,PL/9302/EXP/ES/2015,,23.99,29.99,27.00
2026-09-30,Occidente,Guanajuato,León,,SERVICIOS GASOLINEROS DE MEXICO SA DE CV,PL/9110/EXP/ES/2015,,23.99,29.99,27.00
2026-09-30,Occidente,Guanajuato,León,,SERVICIOS GASOLINEROS DE MEXICO SA DE CV,PL/9109/EXP/ES/2015,,23.99,29.99,27.00
2026-09-30,Occidente,Guanajuato,León,,SERVICIOS GASOLINEROS DE MEXICO SA DE CV,PL/9107/EXP/ES/2015,,23.99,29.99,27.00
2026-09-30,Occidente,Guanajuato,León,,COMERCIALIZADORA DE HIDROCARBUROS DE LEON SA DE CV,PL/8874/EXP/ES/2015,,23.75,29.99,27.00
2026-09-30,Occidente,Guanajuato,León,,ESTACION DE SERVICIO LEON S DE RL DE CV,PL/878/EXP/ES/2015,,23.99,29.99,27.00
2026-09-30,Occidente,Guanajuato,León,,ESTACION DE SERVICIO LEON S DE RL DE CV,PL/877/EXP/ES/2015,,23.99,29.99,27.00
2026-09-30,Occidente,Guanajuato,León,,ESTACION DE SERVICIO LEON S DE RL DE CV,PL/859/EXP/ES/2015,,23.99,29.99,27.00
2026-09-30,Occidente,Guanajuato,León,,ESTACION DE SERVICIO LEON S DE RL DE CV,PL/841/EXP/ES/2015,,23.59,29.99,
2026-09-30,Occidente,Guanajuato,León,,ESTACION DE SERVICIO LEON S DE RL DE CV,PL/829/EXP/ES/2015,,23.59,29.99,27.00
2026-09-30,Occidente,Guanajuato,León,,HIDROSINA PLUS S A P I DE CV,PL/8239/EXP/ES/2015,,22.99,27.99,
2026-09-30,Occidente,Guanajuato,León,,SERVICIOS GASOLINEROS DE MEXICO SA DE CV,PL/8158/EXP/ES/2015,,23.99,29.99,
2026-09-30,Occidente,Guanajuato,León,,SERVICIOS GASOLINEROS DE MEXICO SA DE CV,PL/8157/EXP/ES/2015,,23.99,29.99,27.00
2026-09-30,Occidente,Guanajuato,León,,SERVICIO SAN JOSE DEL ALTO SA DE CV,PL/7730/EXP/ES/2015,,22.85,27.84,
2026-09-30,Occidente,Guanajuato,León,,SERVICIOS GASOLINEROS DE MEXICO SA DE CV,PL/7602/EXP/ES/2015,,23.99,29.99,
2026-09-30,Occidente,Guanajuato,León,,SERVICIOS GASOLINEROS DE MEXICO SA DE CV,PL/7599/EXP/ES/2015,,23.99,29.99,
2026-09-30,Occidente,Guanajuato,León,,SERVICIOS GASOLINEROS DE MEXICO SA DE CV,PL/7592/EXP/ES/2015,,23.99,29.99,27.00
2026-09-30,Occidente,Guanajuato,León,,SERVICIOS GASOLINEROS DE MEXICO SA DE CV,PL/7587/EXP/ES/2015,,23.99,29.99,
2026-09-30,Occidente,Guanajuato,León,,SERVICIOS GASOLINEROS DE MEXICO SA DE CV,PL/7585/EXP/ES/2015,,23.99,29.99,
2026-09-30,Occidente,Guanajuato,León,,SERVICIOS GASOLINEROS DE MEXICO SA DE CV,PL/7574/EXP/ES/2015,,23.99,29.99,
2026-09-30,Occidente,Guanajuato,León,,SERVICIOS GASOLINEROS DE MEXICO SA DE CV,PL/7571/EXP/ES/2015,,23.99,29.99,27.00
2026-09-30,Occidente,Guanajuato,León,,SERVICIOS GASOLINEROS DE MEXICO SA DE CV,PL/7566/EXP/ES/2015,,23.99,29.99,27.00
2026-09-30,Occidente,Guanajuato,León,,SERVICIOS GASOLINEROS DE MEXICO SA DE CV,PL/7559/EXP/ES/2015,,23.99,29.99,27.00
2026-09-30,Occidente,Guanajuato,León,,SERVICIOS GASOLINEROS DE MEXICO SA DE CV,PL/7554/EXP/ES/2015,,23.99,29.99,27.00
2026-09-30,Occidente,Guanajuato,León,,SERVICIOS GASOLINEROS DE MEXICO SA DE CV,PL/7482/EXP/ES/2015,,23.99,25.60,
2026-09-30,Occidente,Guanajuato,León,,SERVICIOS GASOLINEROS DE MEXICO SA DE CV,PL/7455/EXP/ES/2015,,23.99,25.60,
2026-09-30,Occidente,Guanajuato,León,,SERVICIOS GASOLINEROS DE MEXICO SA DE CV,PL/7445/EXP/ES/2015,,23.99,29.99,
2026-09-30,Occidente,Guanajuato,León,,SERVICIOS GASOLINEROS DE MEXICO SA DE CV,PL/7439/EXP/ES/2015,,23.99,27.69,
2026-09-30,Occidente,Guanajuato,León,,SERVICIOS GASOLINEROS DE MEXICO SA DE CV,PL/7437/EXP/ES/2015,,23.99,27.69,
2026-09-30,Occidente,Guanajuato,León,,SERVICIOS GASOLINEROS DE MEXICO SA DE CV,PL/7430/EXP/ES/2015,,23.99,29.99,27.00
2026-09-30,Occidente,Guanajuato,León,,SERVICIOS GASOLINEROS DE MEXICO SA DE CV,PL/7421/EXP/ES/2015,,23.99,29.99,
2026-09-30,Occidente,Guanajuato,León,,SERVICIOS GASOLINEROS DE MEXICO SA DE CV,PL/7415/EXP/ES/2015,,23.99,29.99,27.00
2026-09-30,Occidente,Guanajuato,León,,SERVICIO SIGLO XXI S DE RL DE CV,PL/7022/EXP/ES/2015,,23.99,29.69,26.99
2026-09-30,Occidente,Guanajuato,León,,SERVICIO SIGLO XXI S DE RL DE CV,PL/7021/EXP/ES/2015,,23.99,,27.00
2026-09-30,Occidente,Guanajuato,León,,KOPLA S DE RL DE CV,PL/6793/EXP/ES/2015,,23.99,29.87,26.99
2026-09-30,Occidente,Guanajuato,León,,ESTACION DE SERVICIO LEON S DE RL DE CV,PL/6584/EXP/ES/2015,,23.99,29.99,27.00
2026-09-30,Occidente,Guanajuato,León,,ESTACION DE SERVICIO LEON S DE RL DE CV,PL/6583/EXP/ES/2015,,23.59,29.99,
2026-09-30,Occidente,Guanajuato,León,,MAURICIO DEL SAGRADO CORAZON ENRIQUEZ MOREN,PL/6581/EXP/ES/2015,,22.85,27.84,26.76
2026-09-30,Occidente,Guanajuato,León,,SERVICIO DE GASOLINAS Y LUBRICANTES SA DE CV,PL/6575/EXP/ES/2015,,22.56,27.74,
2026-09-30,Occidente,Guanajuato,León,,SERVICIO MIRADOR CAMPESTRE SA DE CV,PL/6573/EXP/ES/2015,,22.56,27.74,
2026-09-30,Occidente,Guanajuato,León,,SERVICIO NIÑO DON BOSCO SA DE CV,PL/6570/EXP/ES/2015,,22.85,27.84,
2026-09-30,Occidente,Guanajuato,León,,SERVICIO NIÑO DON BOSCO SA DE CV,PL/6567/EXP/ES/2015,,22.72,27.84,
2026-09-30,Occidente,Guanajuato,León,,SERVICIO FRANCISCO VILLA SA DE CV,PL/6471/EXP/ES/2015,,23.60,28.50,27.00
2026-09-30,Occidente,Guanajuato,León,,SUMINISTROS BASICOS DE COMBUSTIBLES Y ENERGETICOS SA DE CV,PL/6453/EXP/ES/2015,,23.99,27.49,
2026-09-30,Occidente,Guanajuato,León,,SUMINISTROS BASICOS DE COMBUSTIBLES Y ENERGETICOS SA DE CV,PL/6451/EXP/ES/2015,,22.99,27.49,26.99
2026-09-30,Occidente,Guanajuato,León,,SUMINISTROS BASICOS DE COMBUSTIBLES Y ENERGETICOS SA DE CV,PL/6449/EXP/ES/2015,,23.99,27.49,
2026-09-30,Occidente,Guanajuato,León,,SERVICIO PEDREGAL DEL CARMEN SA DE CV,PL/6189/EXP/ES/2015,,23.99,29.99,27.00
2026-09-30,Occidente,Guanajuato,León,,SERVICIO HERMANOS ALDAMA SA DE CV,PL/6176/EXP/ES/2015,,23.99,29.99,27.00
2026-09-30,Occidente,Guanajuato,León,,OPERADORA LA HERRADURA SA DE CV,PL/4391/EXP/ES/2015,,23.89,29.79,26.99
2026-09-30,Occidente,Guanajuato,León,,COMBUSTIBLES DE LEON SA DE CV,PL/4390/EXP/ES/2015,,23.89,29.79,26.99
2026-09-30,Occidente,Guanajuato,León,,SERVICENTRO DE LEON SA DE CV,PL/4387/EXP/ES/2015,,23.79,29.79,26.99
2026-09-30,Occidente,Guanajuato,León,,ESTACION DE SERVICIO PUERTA GRANDE S DE RL DE CV,PL/4297/EXP/ES/2015,,23.99,29.99,27.00
2026-09-30,Occidente,Guanajuato,León,,SERVICIO DEL EJE DE LEON SA DE CV,PL/4213/EXP/ES/2015,,23.52,28.60,27.00
2026-09-30,Occidente,Guanajuato,León,,ESTACION DE SERVICIO HIDALGO SA DE CV,PL/3952/EXP/ES/2015,,23.99,29.89,
2026-09-30,Occidente,Guanajuato,León,,SERVICIO AZTECA DE LEON SA DE CV,PL/3768/EXP/ES/2015,,23.69,28.75,26.98
2026-09-30,Occidente,Guanajuato,León,,GUILLERMO ENRIQUEZ MORENO,PL/3720/EXP/ES/2015,,23.90,28.95,
2026-09-30,Occidente,Guanajuato,León,,SERVICIO ESPECIALIZADO INTEGRAL DE LEON SA DE CV,PL/3671/EXP/ES/2015,,23.99,29.39,27.00
2026-09-30,Occidente,Guanajuato,León,,SERVICIOS GASOLINEROS DE MEXICO SA DE CV,PL/3617/EXP/ES/2015,,23.99,29.99,
2026-09-30,Occidente,Guanajuato,León,,SERVICIO LIBRAMIENTO NORTE SA DE CV,PL/3439/EXP/ES/2015,,23.99,29.99,27.00
2026-09-30,Occidente,Guanajuato,León,,MEGA GASOLINERAS SA DE CV,PL/3425/EXP/ES/2015,,23.99,29.99,27.00
2026-09-30,Occidente,Guanajuato,León,,SERVICIO LIBRAMIENTO NORTE SA DE CV,PL/3333/EXP/ES/2015,,23.99,29.99,27.00
2026-09-30,Occidente,Guanajuato,León,,GASOLINERA LOGO SA,PL/3296/EXP/ES/2015,,23.99,29.99,27.00
2026-09-30,Occidente,Guanajuato,León,,GRUPO SECA GASOLINERAS SA DE CV,PL/3213/EXP/ES/2015,,23.99,29.99,27.00
2026-09-30,Occidente,Guanajuato,León,,GASO SHOP SA DE CV,PL/3130/EXP/ES/2015,,23.29,27.90,
2026-09-30,Occidente,Guanajuato,León,,GASOLINERA FRANCISCO VILLA NORTE SA DE CV,PL/2890/EXP/ES/2015,,23.99,29.89,27.00
2026-09-30,Occidente,Guanajuato,León,,SERVICIOS GONRI SA DE CV,PL/2866/EXP/ES/2015,,23.99,29.19,27.41
2026-09-30,Occidente,Guanajuato,León,,COMERCIALIZADORA DE COMBUSTIBLE POMPA SOCIEDAD ANONIMA DE CAPITAL VARIABLE,PL/2677/EXP/ES/2015,,23.99,29.89,27.00
2026-09-30,Occidente,Guanajuato,León,,GRUPO SECA GASOLINERAS SA DE CV,PL/26183/EXP/ES/2025,,23.99,29.99,27.00
2026-09-30,Occidente,Guanajuato,León,,CENTAURO MOTOR SA DE CV,PL/2556/EXP/ES/2015,,23.99,29.99,27.00
2026-09-30,Occidente,Guanajuato,León,,GASOLINERA UNION SA DE CV,PL/2544/EXP/ES/2015,,23.98,29.94,26.95
2026-09-30,Occidente,Guanajuato,León,,ENERGETICOS DEL ALTIPLANO SA DE CV,PL/25255/EXP/ES/2023,,23.99,28.29,27.00
2026-09-30,Occidente,Guanajuato,León,,MEGA GASOLINERAS SA DE CV,PL/25116/EXP/ES/2023,,23.99,29.99,27.00
2026-09-30,Occidente,Guanajuato,León,,ENERGETICOS DEL ALTIPLANO SA DE CV,PL/24993/EXP/ES/2023,,23.99,29.09,27.00
2026-09-30,Occidente,Guanajuato,León,,ENERRED S DE RL DE CV,PL/24942/EXP/ES/2023,,23.99,29.99,27.00
2026-09-30,Occidente,Guanajuato,León,,MEGA GASOLINERAS SA DE CV,PL/24911/EXP/ES/2023,,23.99,29.99,27.00
2026-09-30,Occidente,Guanajuato,León,,MEGA GASOLINERAS SA DE CV,PL/24893/EXP/ES/2023,,23.99,29.99,27.00
2026-09-30,Occidente,Guanajuato,León,,ENERGETICOS DEL ALTIPLANO SA DE CV,PL/24824/EXP/ES/2023,,23.99,28.79,27.00
2026-09-30,Occidente,Guanajuato,León,,GRUPO LEOGAL S DE RL DE CV,PL/24792/EXP/ES/2022,,23.99,29.59,27.00
2026-09-30,Occidente,Guanajuato,León,,LOS ANGELES SERVICIO SA DE CV,PL/2477/EXP/ES/2015,,23.99,29.98,
2026-09-30,Occidente,Guanajuato,León,,"ASESORIA ESPECIALIZADA EN EL SECTOR HIDROCARBUROS CENTRO-OCCIDENTE, S.C.",PL/24681/EXP/ES/2022,,23.29,27.90,26.79
2026-09-30,Occidente,Guanajuato,León,,MEGA GASOLINERAS SA DE CV,PL/24605/EXP/ES/2022,,23.99,29.99,27.00
2026-09-30,Occidente,Guanajuato,León,,SERVICIOS GASOLINEROS DE MEXICO SA DE CV,PL/24386/EXP/ES/2022,,23.99,29.99,27.00
2026-09-30,Occidente,Guanajuato,León,,MAYOMEX ARELI PETROLEUM S DE RL DE CV,PL/2372/EXP/ES/2015,,23.99,29.99,26.99
2026-09-30,Occidente,Guanajuato,León,,MEGA GASOLINERAS SA DE CV,PL/23512/EXP/ES/2020,,23.99,29.99,27.00
2026-09-30,Occidente,Guanajuato,León,,MEGA GASOLINERAS SA DE CV,PL/23246/EXP/ES/2020,,23.99,29.99,27.00
2026-09-30,Occidente,Guanajuato,León,,MEGA GASOLINERAS SA DE CV,PL/23244/EXP/ES/2020,,23.99,29.99,27.00
2026-09-30,Occidente,Guanajuato,León,,MEGA GASOLINERAS SA DE CV,PL/23242/EXP/ES/2020,,23.99,29.99,
2026-09-30,Occidente,Guanajuato,León,,COSTCO GAS SA DE CV,PL/23213/EXP/ES/2020,,23.39,28.49,
2026-09-30,Occidente,Guanajuato,León,,SERVICIOS GASOLINEROS DE MEXICO SA DE CV,PL/22890/EXP/ES/2019,,23.99,29.99,27.00
2026-09-30,Occidente,Guanajuato,León,,ESTACION DE SERVICIO PUERTA GRANDE S DE RL DE CV,PL/2266/EXP/ES/2015,,23.99,29.99,27.00
2026-09-30,Occidente,Guanajuato,León,,MULTISERVICIOS CRESGRA SA DE CV,PL/22628/EXP/ES/2019,,22.99,27.19,
2026-09-30,Occidente,Guanajuato,León,,MEGA GASOLINERAS SA DE CV,PL/22627/EXP/ES/2019,,23.99,29.99,27.00
2026-09-30,Occidente,Guanajuato,León,,MEGA GASOLINERAS SA DE CV,PL/22621/EXP/ES/2019,,23.99,29.99,27.00
2026-09-30,Occidente,Guanajuato,León,,MEGA GASOLINERAS SA DE CV,PL/22620/EXP/ES/2019,,23.99,29.99,27.00
2026-09-30,Occidente,Guanajuato,León,,MEGA GASOLINERAS SA DE CV,PL/22618/EXP/ES/2019,,23.99,29.99,27.00
2026-09-30,Occidente,Guanajuato,León,,MEGA GASOLINERAS SA DE CV,PL/22617/EXP/ES/2019,,23.99,29.99,27.00
2026-09-30,Occidente,Guanajuato,León,,COSTCO GAS SA DE CV,PL/22362/EXP/ES/2019,,23.79,28.99,
2026-09-30,Occidente,Guanajuato,Silao,,OPERADORA LA HERRADURA SA DE CV,PL/22064/EXP/ES/2019,,23.89,29.79,26.99
2026-09-30,Occidente,Guanajuato,León,,SERVICIO AGIL DE GASOLINAS SA DE CV,PL/2171/EXP/ES/2015,,23.99,29.69,
2026-09-30,Occidente,Guanajuato,León,,ESTACION DE SERVICIO PUERTA GRANDE S DE RL DE CV,PL/21173/EXP/ES/2018,,23.99,29.99,27.00
2026-09-30,Occidente,Guanajuato,León,,SERVICIO CHOPA SA DE CV,PL/21129/EXP/ES/2018,,23.79,27.79,28.89
2026-09-30,Occidente,Guanajuato,León,,SERVICIOS GASOLINEROS DE MEXICO SA DE CV,PL/20494/EXP/ES/2017,,23.99,29.99,27.00
2026-09-30,Occidente,Guanajuato,León,,ESTACION DE SERVICIO PUERTA GRANDE S DE RL DE CV,PL/20492/EXP/ES/2017,,23.99,29.99,27.00
2026-09-30,Occidente,Guanajuato,León,,COMBUSTIBLES Y LUBRICANTES DEL CRESPO SA DE CV,PL/20397/EXP/ES/2017,,23.69,28.99,27.00
2026-09-30,Occidente,Guanajuato,León,,SERVICIOS GASOLINEROS DE MEXICO SA DE CV,PL/19563/EXP/ES/2016,,23.99,29.99,27.00
2026-09-30,Occidente,Guanajuato,León,,ESTACION DE SERVICIO PUERTA GRANDE S DE RL DE CV,PL/19485/EXP/ES/2016,,23.99,29.99,27.00
2026-09-30,Occidente,Guanajuato,León,,SERVICIOS GASOLINEROS DE MEXICO SA DE CV,PL/19229/EXP/ES/2016,,23.99,29.99,27.00
2026-09-30,Occidente,Guanajuato,León,,SERVICIOS GASOLINEROS DE MEXICO SA DE CV,PL/19148/EXP/ES/2016,,24.99,29.99,27.00
2026-09-30,Occidente,Guanajuato,León,,ESTACION DE SERVICIO PUERTA GRANDE S DE RL DE CV,PL/18911/EXP/ES/2016,,23.99,29.99,27.00
2026-09-30,Occidente,Guanajuato,León,,SERVICIOS GASOLINEROS DE MEXICO SA DE CV,PL/18904/EXP/ES/2016,,23.99,29.99,27.00
2026-09-30,Occidente,Guanajuato,León,,GRUPO GOCALVI SA DE CV,PL/18790/EXP/ES/2016,,23.29,28.29,26.99
2026-09-30,Occidente,Guanajuato,León,,PETRO LEO SA DE CV,PL/1815/EXP/ES/2015,,23.99,29.99,
2026-09-30,Occidente,Guanajuato,León,,ROCAGAS SA DE CV,PL/1814/EXP/ES/2015,,23.99,29.99,27.00
2026-09-30,Occidente,Guanajuato,León,,GRUPO SECA GASOLINERAS SA DE CV,PL/1810/EXP/ES/2015,,23.99,29.99,27.00
2026-09-30,Occidente,Guanajuato,León,,MAGAÑA SERVICIOS GASOLINEROS SA DE CV,PL/1776/EXP/ES/2015,,23.74,28.99,26.84
2026-09-30,Occidente,Guanajuato,León,,SERVICIOS GASOLINEROS DE MEXICO SA DE CV,PL/1695/EXP/ES/2015,,24.99,29.99,
2026-09-30,Occidente,Guanajuato,León,,SERVICIOS GASOLINEROS DE MEXICO SA DE CV,PL/1694/EXP/ES/2015,,23.99,29.99,27.00
2026-09-30,Occidente,Guanajuato,León,,SERVICIO AZTECA DE LEON SA DE CV,PL/1643/EXP/ES/2015,,23.69,28.75,
2026-09-30,Occidente,Guanajuato,León,,SERVICIO BULLE ANDRADE SA DE CV,PL/1623/EXP/ES/2015,,23.95,29.35,
2026-09-30,Occidente,Guanajuato,León,,SERVICIOS GASOLINEROS DE MEXICO SA DE CV,PL/1612/EXP/ES/2015,,23.99,29.99,27.00
2026-09-30,Occidente,Guanajuato,León,,JOSE DE JESUS MUÑOZ MARQUEZ,PL/1599/EXP/ES/2015,,23.98,28.98,27.00
2026-09-30,Occidente,Guanajuato,León,,HOTELES MOTELES Y SERVICIOS TURISTICOS SAN IGNACIO SA DE CV,PL/1582/EXP/ES/2015,,23.79,28.93,26.98
2026-09-30,Occidente,Guanajuato,León,,BOSCOGAS SA DE CV,PL/1469/EXP/ES/2015,,23.99,28.99,26.79
2026-09-30,Occidente,Guanajuato,León,,JULIO CESAR GAMA RAMSDEN,PL/1338/EXP/ES/2015,,23.99,29.99,27.00
2026-09-30,Occidente,Guanajuato,León,,ES GAS SA DE CV,PL/13104/EXP/ES/2016,,22.88,28.88,26.98
2026-09-30,Occidente,Guanajuato,León,,ES GAS SA DE CV,PL/12862/EXP/ES/2015,,23.89,28.88,
2026-09-30,Occidente,Guanajuato,León,,GASYDISEL DE LEON SA DE CV,PL/12587/EXP/ES/2015,,23.99,29.99,27.00
2026-09-30,Occidente,Guanajuato,León,,ESTACION DE SERVICIO PUERTA GRANDE S DE RL DE CV,PL/1215/EXP/ES/2015,,23.99,29.99,27.00
2026-09-30,Occidente,Guanajuato,León,,ESTACION DE SERVICIO PUERTA GRANDE S DE RL DE CV,PL/1214/EXP/ES/2015,,23.99,29.99,
2026-09-30,Occidente,Guanajuato,León,,ESTACION DE SERVICIO PUERTA GRANDE S DE RL DE CV,PL/1213/EXP/ES/2015,,23.59,29.99,
2026-09-30,Occidente,Guanajuato,León,,SERVICIOS SAN JERONIMO SA DE CV,PL/1208/EXP/ES/2015,,23.79,28.99,27.00
2026-09-30,Occidente,Guanajuato,León,,MEGA GASOLINERAS SA DE CV,PL/1207/EXP/ES/2015,,23.99,29.99,
2026-09-30,Occidente,Guanajuato,León,,RODOLFO ENRIQUEZ MORENO,PL/11993/EXP/ES/2015,,23.90,27.75,
2026-09-30,Occidente,Guanajuato,León,,OLEUM SERVICE SA DE CV,PL/1197/EXP/ES/2015,,23.89,28.65,27.00
2026-09-30,Occidente,Guanajuato,León,,SERVICIO FORRES SA DE CV,PL/1195/EXP/ES/2015,,23.97,29.55,
2026-09-30,Occidente,Guanajuato,León,,MEGA GASOLINERAS SA DE CV,PL/1191/EXP/ES/2015,,23.99,29.99,27.00
2026-09-30,Occidente,Guanajuato,León,,MEGA GASOLINERAS SA DE CV,PL/1184/EXP/ES/2015,,23.99,29.99,27.00
2026-09-30,Occidente,Guanajuato,León,,MEGA GASOLINERAS SA DE CV,PL/1183/EXP/ES/2015,,23.99,29.99,27.00
2026-09-30,Occidente,Guanajuato,León,,BP ESTACIONES Y SERVICIOS ENERGETICOS SA DE CV,PL/1178/EXP/ES/2015,,23.99,29.99,
2026-09-30,Occidente,Guanajuato,León,,MEGA GASOLINERAS SA DE CV,PL/1163/EXP/ES/2015,,23.99,29.99,27.00
2026-09-30,Occidente,Guanajuato,León,,SERVICIO PASAMA SA DE CV,PL/1160/EXP/ES/2015,,23.99,29.98,27.00
2026-09-30,Occidente,Guanajuato,León,,SERVICIOS GASOLINEROS DE MEXICO SA DE CV,PL/11442/EXP/ES/2015,,23.99,29.99,
2026-09-30,Occidente,Guanajuato,León,,GASOLINERIA VILLAS JEMI SA DE CV,PL/1123/EXP/ES/2015,,23.99,29.80,27.00
2026-09-30,Occidente,Guanajuato,León,,SERVICIO GASTUR SA DE CV,PL/10942/EXP/ES/2015,,23.79,28.59,27.00
2026-09-30,Occidente,Guanajuato,León,,SERVICIO MENORES SA DE CV,PL/1090/EXP/ES/2015,,23.99,29.99,27.00
2026-09-30,Occidente,Guanajuato,León,,SERVICIO CASFER SA DE CV,PL/1079/EXP/ES/2015,,23.99,29.97,27.00
2026-09-30,Occidente,Guanajuato,León,,GASOLINERA CASEN SA DE CV,PL/1076/EXP/ES/2015,,23.48,28.91,26.88
2026-09-30,Occidente,Guanajuato,León,,COMBUSTIBLES PREMIER SA DE CV,PL/10616/EXP/ES/2015,,23.49,27.97,
2026-09-30,Occidente,Guanajuato,León,,COMBUSTIBLES BONANZA SA DE CV,PL/10615/EXP/ES/2015,,23.49,28.84,26.69
2026-09-30,Occidente,Guanajuato,León,,SERVICIO JARAMILLO SA DE CV,PL/10614/EXP/ES/2015,,23.49,28.84,26.69
2026-09-30,Occidente,Guanajuato,León,,ESTACION DE SERVICIO LAS HUERTAS SA DE CV,PL/10613/EXP/ES/2015,,23.49,28.84,26.69
2026-09-30,Occidente,Guanajuato,León,,SERVICIO LEON-SILAO SA DE CV,PL/10612/EXP/ES/2015,,23.99,29.95,27.00
2026-09-30,Occidente,Guanajuato,León,,SERVICIO MALECON ORIENTE SA DE CV,PL/10610/EXP/ES/2015,,23.99,29.99,27.00
2026-09-30,Occidente,Guanajuato,León,,SUPER SERVICIO BOULEVARD AUSTRI SA DE CV,PL/10609/EXP/ES/2015,,23.25,27.97,
2026-09-30,Occidente,Guanajuato,León,,SERVICIO BOULEVARD AEROPUERTO SA DE CV,PL/10607/EXP/ES/2015,,23.49,28.84,26.69
2026-09-30,Occidente,Guanajuato,León,,SERVICIO ALJUNCAR SA DE CV,PL/10605/EXP/ES/2015,,23.49,28.84,26.89
2026-09-30,Occidente,Guanajuato,León,,HECTOR JAVIER JUDAS ENRIQUEZ MORENO,PL/10603/EXP/ES/2015,,22.95,27.87,
2026-09-30,Occidente,Guanajuato,León,,MEGA GASOLINERAS SA DE CV,PL/1057/EXP/ES/2015,,23.99,29.99,
2026-09-30,Occidente,Guanajuato,León,,ESTACION DE SERVICIO LEON S DE RL DE CV,PL/1027/EXP/ES/2015,,23.99,29.99,
2026-09-30,Occidente,Guanajuato,León,,ESTACION DE SERVICIO LEON S DE RL DE CV,PL/1026/EXP/ES/2015,,23.99,29.99,27.00
2026-09-30,Occidente,Guanajuato,León,,OPERADORA JOSFA SA DE CV,PL/10004/EXP/ES/2015,,22.95,27.26,
2026-09-30,Occidente,Guanajuato,León,,SERVICIO LAS TORRES NORTE SA DE CV,PL/10001/EXP/ES/2015,,22.95,27.90,
2026-09-30,Occidente,Guanajuato,León,,SERVICIO DELTA SA DE CV,PL/10000/EXP/ES/2015,,22.95,27.26,26.99
2026-09-30,Occidente,Guanajuato,León,,MEGA GASOLINERAS SA DE CV,CNE/PL/442/EXP/ES/2025,,23.99,29.99,27.00
2026-09-30,Occidente,Guanajuato,León,,AMY SKY LINE SA DE CV,CNE/PL/18/EXP/ES/2025,,23.99,27.99,26.99
2026-10-01,Occidente,Guanajuato,León,,SERVICIO LAS TORRES SUR SA DE CV,PL/9999/EXP/ES/2015,,22.95,27.90,
2026-10-01,Occidente,Guanajuato,León,,ESTACION DE SERVICIO LEON S DE RL DE CV,PL/996/EXP/ES/2015,,23.99,29.99,27.00
2026-10-01,Occidente,Guanajuato,León,,BRISCAN SA DE CV,PL/9692/EXP/ES/2015,,23.39,28.79,
2026-10-01,Occidente,Guanajuato,León,,HIDROCARBUROS Y GASOLINAS DE LEON SA DE CV,PL/9676/EXP/ES/2015,,23.75,29.99,27.00
2026-10-01,Occidente,Guanajuato,León,,SERVICIOS GASOLINEROS DE MEXICO SA DE CV,PL/9499/EXP/ES/2015,,23.99,29.99,27.00
2026-10-01,Occidente,Guanajuato,León,,ESTACION DE SERVICIO LEON S DE RL DE CV,PL/938/EXP/ES/2015,,23.99,29.99,27.00
2026-10-01,Occidente,Guanajuato,León,,SERVICIO LAS HILAMAS SA DE CV,PL/9347/EXP/ES/2015,,23.99,29.99,27.00
2026-10-01,Occidente,Guanajuato,León,,ESTACION DE SERVICIO LEON S DE RL DE CV,PL/933/EXP/ES/2015,,23.99,29.99,27.00
2026-10-01,Occidente,Guanajuato,León,,SERVICIOS GASOLINEROS DE MEXICO SA DE CV,PL/9302/EXP/ES/2015,,23.99,29.99,27.00
2026-10-01,Occidente,Guanajuato,León,,SERVICIOS GASOLINEROS DE MEXICO SA DE CV,PL/9110/EXP/ES/2015,,23.99,29.99,27.00
2026-10-01,Occidente,Guanajuato,León,,SERVICIOS GASOLINEROS DE MEXICO SA DE CV,PL/9109/EXP/ES/2015,,23.99,29.99,27.00
2026-10-01,Occidente,Guanajuato,León,,SERVICIOS GASOLINEROS DE MEXICO SA DE CV,PL/9107/EXP/ES/2015,,23.99,29.99,27.00
2026-10-01,Occidente,Guanajuato,León,,COMERCIALIZADORA DE HIDROCARBUROS DE LEON SA DE CV,PL/8874/EXP/ES/2015,,23.75,29.99,27.00
2026-10-01,Occidente,Guanajuato,León,,ESTACION DE SERVICIO LEON S DE RL DE CV,PL/878/EXP/ES/2015,,23.99,29.99,27.00
2026-10-01,Occidente,Guanajuato,León,,ESTACION DE SERVICIO LEON S DE RL DE CV,PL/877/EXP/ES/2015,,23.99,29.99,27.00
2026-10-01,Occidente,Guanajuato,León,,ESTACION DE SERVICIO LEON S DE RL DE CV,PL/859/EXP/ES/2015,,23.99,29.99,27.00
2026-10-01,Occidente,Guanajuato,León,,ESTACION DE SERVICIO LEON S DE RL DE CV,PL/841/EXP/ES/2015,,23.59,29.99,
2026-10-01,Occidente,Guanajuato,León,,ESTACION DE SERVICIO LEON S DE RL DE CV,PL/829/EXP/ES/2015,,23.59,29.99,27.00
2026-10-01,Occidente,Guanajuato,León,,HIDROSINA PLUS S A P I DE CV,PL/8239/EXP/ES/2015,,22.99,27.99,
2026-10-01,Occidente,Guanajuato,León,,SERVICIOS GASOLINEROS DE MEXICO SA DE CV,PL/8158/EXP/ES/2015,,23.99,29.99,
2026-10-01,Occidente,Guanajuato,León,,SERVICIOS GASOLINEROS DE MEXICO SA DE CV,PL/8157/EXP/ES/2015,,23.99,29.99,27.00
2026-10-01,Occidente,Guanajuato,León,,SERVICIO SAN JOSE DEL ALTO SA DE CV,PL/7730/EXP/ES/2015,,22.85,27.84,
2026-10-01,Occidente,Guanajuato,León,,SERVICIOS GASOLINEROS DE MEXICO SA DE CV,PL/7602/EXP/ES/2015,,23.99,29.99,
2026-10-01,Occidente,Guanajuato,León,,SERVICIOS GASOLINEROS DE MEXICO SA DE CV,PL/7599/EXP/ES/2015,,23.99,29.99,
2026-10-01,Occidente,Guanajuato,León,,SERVICIOS GASOLINEROS DE MEXICO SA DE CV,PL/7592/EXP/ES/2015,,23.99,29.99,27.00
2026-10-01,Occidente,Guanajuato,León,,SERVICIOS GASOLINEROS DE MEXICO SA DE CV,PL/7587/EXP/ES/2015,,23.99,29.99,
2026-10-01,Occidente,Guanajuato,León,,SERVICIOS GASOLINEROS DE MEXICO SA DE CV,PL/7585/EXP/ES/2015,,23.99,29.99,
2026-10-01,Occidente,Guanajuato,León,,SERVICIOS GASOLINEROS DE MEXICO SA DE CV,PL/7574/EXP/ES/2015,,23.99,29.99,
2026-10-01,Occidente,Guanajuato,León,,SERVICIOS GASOLINEROS DE MEXICO SA DE CV,PL/7571/EXP/ES/2015,,23.99,29.99,27.00
2026-10-01,Occidente,Guanajuato,León,,SERVICIOS GASOLINEROS DE MEXICO SA DE CV,PL/7566/EXP/ES/2015,,23.99,29.99,27.00
2026-10-01,Occidente,Guanajuato,León,,SERVICIOS GASOLINEROS DE MEXICO SA DE CV,PL/7559/EXP/ES/2015,,23.99,29.99,27.00
2026-10-01,Occidente,Guanajuato,León,,SERVICIOS GASOLINEROS DE MEXICO SA DE CV,PL/7554/EXP/ES/2015,,23.99,29.99,27.00
2026-10-01,Occidente,Guanajuato,León,,SERVICIOS GASOLINEROS DE MEXICO SA DE CV,PL/7482/EXP/ES/2015,,23.99,25.60,
2026-10-01,Occidente,Guanajuato,León,,SERVICIOS GASOLINEROS DE MEXICO SA DE CV,PL/7455/EXP/ES/2015,,23.99,25.60,
2026-10-01,Occidente,Guanajuato,León,,SERVICIOS GASOLINEROS DE MEXICO SA DE CV,PL/7445/EXP/ES/2015,,23.99,29.99,
2026-10-01,Occidente,Guanajuato,León,,SERVICIOS GASOLINEROS DE MEXICO SA DE CV,PL/7439/EXP/ES/2015,,23.99,27.69,
2026-10-01,Occidente,Guanajuato,León,,SERVICIOS GASOLINEROS DE MEXICO SA DE CV,PL/7437/EXP/ES/2015,,23.99,27.69,
2026-10-01,Occidente,Guanajuato,León,,SERVICIOS GASOLINEROS DE MEXICO SA DE CV,PL/7430/EXP/ES/2015,,23.99,29.99,27.00
2026-10-01,Occidente,Guanajuato,León,,SERVICIOS GASOLINEROS DE MEXICO SA DE CV,PL/7421/EXP/ES/2015,,23.99,29.99,
2026-10-01,Occidente,Guanajuato,León,,SERVICIOS GASOLINEROS DE MEXICO SA DE CV,PL/7415/EXP/ES/2015,,23.99,29.99,27.00
2026-10-01,Occidente,Guanajuato,León,,SERVICIO SIGLO XXI S DE RL DE CV,PL/7022/EXP/ES/2015,,23.99,29.69,26.99
2026-10-01,Occidente,Guanajuato,León,,SERVICIO SIGLO XXI S DE RL DE CV,PL/7021/EXP/ES/2015,,23.99,,27.00
2026-10-01,Occidente,Guanajuato,León,,KOPLA S DE RL DE CV,PL/6793/EXP/ES/2015,,23.99,29.87,26.99
2026-10-01,Occidente,Guanajuato,León,,ESTACION DE SERVICIO LEON S DE RL DE CV,PL/6584/EXP/ES/2015,,23.99,29.99,27.00
2026-10-01,Occidente,Guanajuato,León,,ESTACION DE SERVICIO LEON S DE RL DE CV,PL/6583/EXP/ES/2015,,23.59,29.99,
2026-10-01,Occidente,Guanajuato,León,,MAURICIO DEL SAGRADO CORAZON ENRIQUEZ MOREN,PL/6581/EXP/ES/2015,,22.85,27.84,26.76
2026-10-01,Occidente,Guanajuato,León,,SERVICIO DE GASOLINAS Y LUBRICANTES SA DE CV,PL/6575/EXP/ES/2015,,22.56,27.74,
2026-10-01,Occidente,Guanajuato,León,,SERVICIO MIRADOR CAMPESTRE SA DE CV,PL/6573/EXP/ES/2015,,22.56,27.74,
2026-10-01,Occidente,Guanajuato,León,,SERVICIO NIÑO DON BOSCO SA DE CV,PL/6570/EXP/ES/2015,,22.85,27.84,
2026-10-01,Occidente,Guanajuato,León,,SERVICIO NIÑO DON BOSCO SA DE CV,PL/6567/EXP/ES/2015,,22.72,27.84,
2026-10-01,Occidente,Guanajuato,León,,SERVICIO FRANCISCO VILLA SA DE CV,PL/6471/EXP/ES/2015,,23.60,28.50,27.00
2026-10-01,Occidente,Guanajuato,León,,SUMINISTROS BASICOS DE COMBUSTIBLES Y ENERGETICOS SA DE CV,PL/6453/EXP/ES/2015,,23.99,27.49,
2026-10-01,Occidente,Guanajuato,León,,SUMINISTROS BASICOS DE COMBUSTIBLES Y ENERGETICOS SA DE CV,PL/6451/EXP/ES/2015,,22.99,27.49,26.99
2026-10-01,Occidente,Guanajuato,León,,SUMINISTROS BASICOS DE COMBUSTIBLES Y ENERGETICOS SA DE CV,PL/6449/EXP/ES/2015,,23.99,27.49,
2026-10-01,Occidente,Guanajuato,León,,SERVICIO PEDREGAL DEL CARMEN SA DE CV,PL/6189/EXP/ES/2015,,23.99,29.99,27.00
2026-10-01,Occidente,Guanajuato,León,,SERVICIO HERMANOS ALDAMA SA DE CV,PL/6176/EXP/ES/2015,,23.99,29.99,27.00
2026-10-01,Occidente,Guanajuato,León,,OPERADORA LA HERRADURA SA DE CV,PL/4391/EXP/ES/2015,,23.89,29.79,26.99
2026-10-01,Occidente,Guanajuato,León,,COMBUSTIBLES DE LEON SA DE CV,PL/4390/EXP/ES/2015,,23.89,29.79,26.99
2026-10-01,Occidente,Guanajuato,León,,SERVICENTRO DE LEON SA DE CV,PL/4387/EXP/ES/2015,,23.79,29.79,26.99
2026-10-01,Occidente,Guanajuato,León,,ESTACION DE SERVICIO PUERTA GRANDE S DE RL DE CV,PL/4297/EXP/ES/2015,,23.99,29.99,27.00
2026-10-01,Occidente,Guanajuato,León,,SERVICIO DEL EJE DE LEON SA DE CV,PL/4213/EXP/ES/2015,,23.52,28.60,27.00
2026-10-01,Occidente,Guanajuato,León,,ESTACION DE SERVICIO HIDALGO SA DE CV,PL/3952/EXP/ES/2015,,23.99,29.89,
2026-10-01,Occidente,Guanajuato,León,,SERVICIO AZTECA DE LEON SA DE CV,PL/3768/EXP/ES/2015,,23.69,28.75,26.98
2026-10-01,Occidente,Guanajuato,León,,GUILLERMO ENRIQUEZ MORENO,PL/3720/EXP/ES/2015,,23.90,28.95,
2026-10-01,Occidente,Guanajuato,León,,SERVICIO ESPECIALIZADO INTEGRAL DE LEON SA DE CV,PL/3671/EXP/ES/2015,,23.99,29.39,27.00
2026-10-01,Occidente,Guanajuato,León,,SERVICIOS GASOLINEROS DE MEXICO SA DE CV,PL/3617/EXP/ES/2015,,23.99,29.99,
2026-10-01,Occidente,Guanajuato,León,,SERVICIO LIBRAMIENTO NORTE SA DE CV,PL/3439/EXP/ES/2015,,23.99,29.99,27.00
2026-10-01,Occidente,Guanajuato,León,,MEGA GASOLINERAS SA DE CV,PL/3425/EXP/ES/2015,,23.99,29.99,27.00
2026-10-01,Occidente,Guanajuato,León,,SERVICIO LIBRAMIENTO NORTE SA DE CV,PL/3333/EXP/ES/2015,,23.99,29.99,27.00
2026-10-01,Occidente,Guanajuato,León,,GASOLINERA LOGO SA,PL/3296/EXP/ES/2015,,23.99,29.99,27.00
2026-10-01,Occidente,Guanajuato,León,,GRUPO SECA GASOLINERAS SA DE CV,PL/3213/EXP/ES/2015,,23.99,29.99,27.00
2026-10-01,Occidente,Guanajuato,León,,GASO SHOP SA DE CV,PL/3130/EXP/ES/2015,,23.29,27.90,
2026-10-01,Occidente,Guanajuato,León,,GASOLINERA FRANCISCO VILLA NORTE SA DE CV,PL/2890/EXP/ES/2015,,23.99,29.89,27.00
2026-10-01,Occidente,Guanajuato,León,,SERVICIOS GONRI SA DE CV,PL/2866/EXP/ES/2015,,23.99,29.19,27.41
2026-10-01,Occidente,Guanajuato,León,,COMERCIALIZADORA DE COMBUSTIBLE POMPA SOCIEDAD ANONIMA DE CAPITAL VARIABLE,PL/2677/EXP/ES/2015,,23.99,29.89,27.00
2026-10-01,Occidente,Guanajuato,León,,GRUPO SECA GASOLINERAS SA DE CV,PL/26183/EXP/ES/2025,,23.99,29.99,27.00
2026-10-01,Occidente,Guanajuato,León,,CENTAURO MOTOR SA DE CV,PL/2556/EXP/ES/2015,,23.99,29.99,27.00
2026-10-01,Occidente,Guanajuato,León,,GASOLINERA UNION SA DE CV,PL/2544/EXP/ES/2015,,23.98,29.94,26.95
2026-10-01,Occidente,Guanajuato,León,,ENERGETICOS DEL ALTIPLANO SA DE CV,PL/25255/EXP/ES/2023,,23.99,28.29,27.00
2026-10-01,Occidente,Guanajuato,León,,MEGA GASOLINERAS SA DE CV,PL/25116/EXP/ES/2023,,23.99,29.99,27.00
2026-10-01,Occidente,Guanajuato,León,,ENERGETICOS DEL ALTIPLANO SA DE CV,PL/24993/EXP/ES/2023,,23.99,29.09,27.00
2026-10-01,Occidente,Guanajuato,León,,ENERRED S DE RL DE CV,PL/24942/EXP/ES/2023,,23.99,29.99,27.00
2026-10-01,Occidente,Guanajuato,León,,MEGA GASOLINERAS SA DE CV,PL/24911/EXP/ES/2023,,23.99,29.99,27.00
2026-10-01,Occidente,Guanajuato,León,,MEGA GASOLINERAS SA DE CV,PL/24893/EXP/ES/2023,,23.99,29.99,27.00
2026-10-01,Occidente,Guanajuato,León,,ENERGETICOS DEL ALTIPLANO SA DE CV,PL/24824/EXP/ES/2023,,23.99,28.79,27.00
2026-10-01,Occidente,Guanajuato,León,,GRUPO LEOGAL S DE RL DE CV,PL/24792/EXP/ES/2022,,23.99,29.59,27.00
2026-10-01,Occidente,Guanajuato,León,,LOS ANGELES SERVICIO SA DE CV,PL/2477/EXP/ES/2015,,23.99,29.98,
2026-10-01,Occidente,Guanajuato,León,,"ASESORIA ESPECIALIZADA EN EL SECTOR HIDROCARBUROS CENTRO-OCCIDENTE, S.C.",PL/24681/EXP/ES/2022,,23.29,27.90,26.79
2026-10-01,Occidente,Guanajuato,León,,MEGA GASOLINERAS SA DE CV,PL/24605/EXP/ES/2022,,23.99,29.99,27.00
2026-10-01,Occidente,Guanajuato,León,,SERVICIOS GASOLINEROS DE MEXICO SA DE CV,PL/24386/EXP/ES/2022,,23.99,29.99,27.00
2026-10-01,Occidente,Guanajuato,León,,MAYOMEX ARELI PETROLEUM S DE RL DE CV,PL/2372/EXP/ES/2015,,23.99,29.99,26.99
2026-10-01,Occidente,Guanajuato,León,,MEGA GASOLINERAS SA DE CV,PL/23512/EXP/ES/2020,,23.99,29.99,27.00
2026-10-01,Occidente,Guanajuato,León,,MEGA GASOLINERAS SA DE CV,PL/23246/EXP/ES/2020,,23.99,29.99,27.00
2026-10-01,Occidente,Guanajuato,León,,MEGA GASOLINERAS SA DE CV,PL/23244/EXP/ES/2020,,23.99,29.99,27.00
2026-10-01,Occidente,Guanajuato,León,,MEGA GASOLINERAS SA DE CV,PL/23242/EXP/ES/2020,,23.99,29.99,
2026-10-01,Occidente,Guanajuato,León,,COSTCO GAS SA DE CV,PL/23213/EXP/ES/2020,,23.39,28.49,
2026-10-01,Occidente,Guanajuato,León,,SERVICIOS GASOLINEROS DE MEXICO SA DE CV,PL/22890/EXP/ES/2019,,23.99,29.99,27.00
2026-10-01,Occidente,Guanajuato,León,,ESTACION DE SERVICIO PUERTA GRANDE S DE RL DE CV,PL/2266/EXP/ES/2015,,23.99,29.99,27.00
2026-10-01,Occidente,Guanajuato,León,,MULTISERVICIOS CRESGRA SA DE CV,PL/22628/EXP/ES/2019,,22.99,27.19,
2026-10-01,Occidente,Guanajuato,León,,MEGA GASOLINERAS SA DE CV,PL/22627/EXP/ES/2019,,23.99,29.99,27.00
2026-10-01,Occidente,Guanajuato,León,,MEGA GASOLINERAS SA DE CV,PL/22621/EXP/ES/2019,,23.99,29.99,27.00
2026-10-01,Occidente,Guanajuato,León,,MEGA GASOLINERAS SA DE CV,PL/22620/EXP/ES/2019,,23.99,29.99,27.00
2026-10-01,Occidente,Guanajuato,León,,MEGA GASOLINERAS SA DE CV,PL/22618/EXP/ES/2019,,23.99,29.99,27.00
2026-10-01,Occidente,Guanajuato,León,,MEGA GASOLINERAS SA DE CV,PL/22617/EXP/ES/2019,,23.99,29.99,27.00
2026-10-01,Occidente,Guanajuato,León,,COSTCO GAS SA DE CV,PL/22362/EXP/ES/2019,,23.79,28.99,
2026-10-01,Occidente,Guanajuato,Silao,,OPERADORA LA HERRADURA SA DE CV,PL/22064/EXP/ES/2019,,23.89,29.79,26.99
2026-10-01,Occidente,Guanajuato,León,,SERVICIO AGIL DE GASOLINAS SA DE CV,PL/2171/EXP/ES/2015,,23.99,29.69,
2026-10-01,Occidente,Guanajuato,León,,ESTACION DE SERVICIO PUERTA GRANDE S DE RL DE CV,PL/21173/EXP/ES/2018,,23.99,29.99,27.00
2026-10-01,Occidente,Guanajuato,León,,SERVICIO CHOPA SA DE CV,PL/21129/EXP/ES/2018,,23.79,27.79,28.89
2026-10-01,Occidente,Guanajuato,León,,SERVICIOS GASOLINEROS DE MEXICO SA DE CV,PL/20494/EXP/ES/2017,,23.99,29.99,27.00
2026-10-01,Occidente,Guanajuato,León,,ESTACION DE SERVICIO PUERTA GRANDE S DE RL DE CV,PL/20492/EXP/ES/2017,,23.99,29.99,27.00
2026-10-01,Occidente,Guanajuato,León,,COMBUSTIBLES Y LUBRICANTES DEL CRESPO SA DE CV,PL/20397/EXP/ES/2017,,23.69,28.99,27.00
2026-10-01,Occidente,Guanajuato,León,,SERVICIOS GASOLINEROS DE MEXICO SA DE CV,PL/19563/EXP/ES/2016,,23.99,29.99,27.00
2026-10-01,Occidente,Guanajuato,León,,ESTACION DE SERVICIO PUERTA GRANDE S DE RL DE CV,PL/19485/EXP/ES/2016,,23.99,29.99,27.00
2026-10-01,Occidente,Guanajuato,León,,SERVICIOS GASOLINEROS DE MEXICO SA DE CV,PL/19229/EXP/ES/2016,,23.99,29.99,27.00
2026-10-01,Occidente,Guanajuato,León,,SERVICIOS GASOLINEROS DE MEXICO SA DE CV,PL/19148/EXP/ES/2016,,24.99,29.99,27.00
2026-10-01,Occidente,Guanajuato,León,,ESTACION DE SERVICIO PUERTA GRANDE S DE RL DE CV,PL/18911/EXP/ES/2016,,23.99,29.99,27.00
2026-10-01,Occidente,Guanajuato,León,,SERVICIOS GASOLINEROS DE MEXICO SA DE CV,PL/18904/EXP/ES/2016,,23.99,29.99,27.00
2026-10-01,Occidente,Guanajuato,León,,GRUPO GOCALVI SA DE CV,PL/18790/EXP/ES/2016,,23.29,28.29,26.99
2026-10-01,Occidente,Guanajuato,León,,PETRO LEO SA DE CV,PL/1815/EXP/ES/2015,,23.99,29.99,
2026-10-01,Occidente,Guanajuato,León,,ROCAGAS SA DE CV,PL/1814/EXP/ES/2015,,23.99,29.99,27.00
2026-10-01,Occidente,Guanajuato,León,,GRUPO SECA GASOLINERAS SA DE CV,PL/1810/EXP/ES/2015,,23.99,29.99,27.00
2026-10-01,Occidente,Guanajuato,León,,MAGAÑA SERVICIOS GASOLINEROS SA DE CV,PL/1776/EXP/ES/2015,,23.74,28.99,26.84
2026-10-01,Occidente,Guanajuato,León,,SERVICIOS GASOLINEROS DE MEXICO SA DE CV,PL/1695/EXP/ES/2015,,24.99,29.99,
2026-10-01,Occidente,Guanajuato,León,,SERVICIOS GASOLINEROS DE MEXICO SA DE CV,PL/1694/EXP/ES/2015,,23.99,29.99,27.00
2026-10-01,Occidente,Guanajuato,León,,SERVICIO AZTECA DE LEON SA DE CV,PL/1643/EXP/ES/2015,,23.69,28.75,
2026-10-01,Occidente,Guanajuato,León,,SERVICIO BULLE ANDRADE SA DE CV,PL/1623/EXP/ES/2015,,23.95,29.35,
2026-10-01,Occidente,Guanajuato,León,,SERVICIOS GASOLINEROS DE MEXICO SA DE CV,PL/1612/EXP/ES/2015,,23.99,29.99,27.00
2026-10-01,Occidente,Guanajuato,León,,JOSE DE JESUS MUÑOZ MARQUEZ,PL/1599/EXP/ES/2015,,23.98,28.98,27.00
2026-10-01,Occidente,Guanajuato,León,,HOTELES MOTELES Y SERVICIOS TURISTICOS SAN IGNACIO SA DE CV,PL/1582/EXP/ES/2015,,23.79,28.93,26.98
2026-10-01,Occidente,Guanajuato,León,,BOSCOGAS SA DE CV,PL/1469/EXP/ES/2015,,23.99,28.99,26.79
2026-10-01,Occidente,Guanajuato,León,,JULIO CESAR GAMA RAMSDEN,PL/1338/EXP/ES/2015,,23.99,29.99,27.00
2026-10-01,Occidente,Guanajuato,León,,ES GAS SA DE CV,PL/13104/EXP/ES/2016,,22.88,28.88,26.98
2026-10-01,Occidente,Guanajuato,León,,ES GAS SA DE CV,PL/12862/EXP/ES/2015,,23.89,28.88,
2026-10-01,Occidente,Guanajuato,León,,GASYDISEL DE LEON SA DE CV,PL/12587/EXP/ES/2015,,23.99,29.99,27.00
2026-10-01,Occidente,Guanajuato,León,,ESTACION DE SERVICIO PUERTA GRANDE S DE RL DE CV,PL/1215/EXP/ES/2015,,23.99,29.99,27.00
2026-10-01,Occidente,Guanajuato,León,,ESTACION DE SERVICIO PUERTA GRANDE S DE RL DE CV,PL/1214/EXP/ES/2015,,23.99,29.99,
2026-10-01,Occidente,Guanajuato,León,,ESTACION DE SERVICIO PUERTA GRANDE S DE RL DE CV,PL/1213/EXP/ES/2015,,23.59,29.99,
2026-10-01,Occidente,Guanajuato,León,,SERVICIOS SAN JERONIMO SA DE CV,PL/1208/EXP/ES/2015,,23.79,28.99,27.00
2026-10-01,Occidente,Guanajuato,León,,MEGA GASOLINERAS SA DE CV,PL/1207/EXP/ES/2015,,23.99,29.99,
2026-10-01,Occidente,Guanajuato,León,,RODOLFO ENRIQUEZ MORENO,PL/11993/EXP/ES/2015,,23.90,27.75,
2026-10-01,Occidente,Guanajuato,León,,OLEUM SERVICE SA DE CV,PL/1197/EXP/ES/2015,,23.89,28.65,27.00
2026-10-01,Occidente,Guanajuato,León,,SERVICIO FORRES SA DE CV,PL/1195/EXP/ES/2015,,23.97,29.55,
2026-10-01,Occidente,Guanajuato,León,,MEGA GASOLINERAS SA DE CV,PL/1191/EXP/ES/2015,,23.99,29.99,27.00
2026-10-01,Occidente,Guanajuato,León,,MEGA GASOLINERAS SA DE CV,PL/1184/EXP/ES/2015,,23.99,29.99,27.00
2026-10-01,Occidente,Guanajuato,León,,MEGA GASOLINERAS SA DE CV,PL/1183/EXP/ES/2015,,23.99,29.99,27.00
2026-10-01,Occidente,Guanajuato,León,,BP ESTACIONES Y SERVICIOS ENERGETICOS SA DE CV,PL/1178/EXP/ES/2015,,23.99,29.99,
2026-10-01,Occidente,Guanajuato,León,,MEGA GASOLINERAS SA DE CV,PL/1163/EXP/ES/2015,,23.99,29.99,27.00
2026-10-01,Occidente,Guanajuato,León,,SERVICIO PASAMA SA DE CV,PL/1160/EXP/ES/2015,,23.99,29.98,27.00
2026-10-01,Occidente,Guanajuato,León,,SERVICIOS GASOLINEROS DE MEXICO SA DE CV,PL/11442/EXP/ES/2015,,23.99,29.99,
2026-10-01,Occidente,Guanajuato,León,,GASOLINERIA VILLAS JEMI SA DE CV,PL/1123/EXP/ES/2015,,23.99,29.80,27.00
2026-10-01,Occidente,Guanajuato,León,,SERVICIO GASTUR SA DE CV,PL/10942/EXP/ES/2015,,23.59,28.59,27.00
2026-10-01,Occidente,Guanajuato,León,,SERVICIO MENORES SA DE CV,PL/1090/EXP/ES/2015,,23.99,29.99,27.00
2026-10-01,Occidente,Guanajuato,León,,SERVICIO CASFER SA DE CV,PL/1079/EXP/ES/2015,,23.99,29.97,27.00
2026-10-01,Occidente,Guanajuato,León,,GASOLINERA CASEN SA DE CV,PL/1076/EXP/ES/2015,,23.48,28.91,26.88
2026-10-01,Occidente,Guanajuato,León,,COMBUSTIBLES PREMIER SA DE CV,PL/10616/EXP/ES/2015,,23.49,27.97,
2026-10-01,Occidente,Guanajuato,León,,COMBUSTIBLES BONANZA SA DE CV,PL/10615/EXP/ES/2015,,23.49,28.84,26.69
2026-10-01,Occidente,Guanajuato,León,,SERVICIO JARAMILLO SA DE CV,PL/10614/EXP/ES/2015,,23.49,28.84,26.69
2026-10-01,Occidente,Guanajuato,León,,ESTACION DE SERVICIO LAS HUERTAS SA DE CV,PL/10613/EXP/ES/2015,,23.49,28.84,26.69
2026-10-01,Occidente,Guanajuato,León,,SERVICIO LEON-SILAO SA DE CV,PL/10612/EXP/ES/2015,,23.99,29.95,27.00
2026-10-01,Occidente,Guanajuato,León,,SERVICIO MALECON ORIENTE SA DE CV,PL/10610/EXP/ES/2015,,23.99,29.99,27.00
2026-10-01,Occidente,Guanajuato,León,,SUPER SERVICIO BOULEVARD AUSTRI SA DE CV,PL/10609/EXP/ES/2015,,23.25,27.97,
2026-10-01,Occidente,Guanajuato,León,,SERVICIO BOULEVARD AEROPUERTO SA DE CV,PL/10607/EXP/ES/2015,,23.49,28.84,26.69
2026-10-01,Occidente,Guanajuato,León,,SERVICIO ALJUNCAR SA DE CV,PL/10605/EXP/ES/2015,,23.49,28.84,26.89
2026-10-01,Occidente,Guanajuato,León,,HECTOR JAVIER JUDAS ENRIQUEZ MORENO,PL/10603/EXP/ES/2015,,22.95,27.87,
2026-10-01,Occidente,Guanajuato,León,,MEGA GASOLINERAS SA DE CV,PL/1057/EXP/ES/2015,,23.99,29.99,
2026-10-01,Occidente,Guanajuato,León,,ESTACION DE SERVICIO LEON S DE RL DE CV,PL/1027/EXP/ES/2015,,23.99,29.99,
2026-10-01,Occidente,Guanajuato,León,,ESTACION DE SERVICIO LEON S DE RL DE CV,PL/1026/EXP/ES/2015,,23.99,29.99,27.00
2026-10-01,Occidente,Guanajuato,León,,OPERADORA JOSFA SA DE CV,PL/10004/EXP/ES/2015,,22.95,27.26,
2026-10-01,Occidente,Guanajuato,León,,SERVICIO LAS TORRES NORTE SA DE CV,PL/10001/EXP/ES/2015,,22.95,27.90,
2026-10-01,Occidente,Guanajuato,León,,SERVICIO DELTA SA DE CV,PL/10000/EXP/ES/2015,,22.95,27.26,26.99
2026-10-01,Occidente,Guanajuato,León,,MEGA GASOLINERAS SA DE CV,CNE/PL/442/EXP/ES/2025,,23.99,29.99,27.00
2026-10-01,Occidente,Guanajuato,León,,AMY SKY LINE SA DE CV,CNE/PL/18/EXP/ES/2025,,23.99,27.99,26.99
2026-10-02,Occidente,Guanajuato,León,,SERVICIO LAS TORRES SUR SA DE CV,PL/9999/EXP/ES/2015,,22.95,27.90,
2026-10-02,Occidente,Guanajuato,León,,ESTACION DE SERVICIO LEON S DE RL DE CV,PL/996/EXP/ES/2015,,23.99,29.99,27.00
2026-10-02,Occidente,Guanajuato,León,,BRISCAN SA DE CV,PL/9692/EXP/ES/2015,,23.39,28.79,
2026-10-02,Occidente,Guanajuato,León,,HIDROCARBUROS Y GASOLINAS DE LEON SA DE CV,PL/9676/EXP/ES/2015,,23.75,29.99,27.00
2026-10-02,Occidente,Guanajuato,León,,SERVICIOS GASOLINEROS DE MEXICO SA DE CV,PL/9499/EXP/ES/2015,,23.99,29.99,27.00
2026-10-02,Occidente,Guanajuato,León,,ESTACION DE SERVICIO LEON S DE RL DE CV,PL/938/EXP/ES/2015,,23.99,29.99,27.00
2026-10-02,Occidente,Guanajuato,León,,SERVICIO LAS HILAMAS SA DE CV,PL/9347/EXP/ES/2015,,23.99,29.99,27.00
2026-10-02,Occidente,Guanajuato,León,,ESTACION DE SERVICIO LEON S DE RL DE CV,PL/933/EXP/ES/2015,,23.99,29.99,27.00
2026-10-02,Occidente,Guanajuato,León,,SERVICIOS GASOLINEROS DE MEXICO SA DE CV,PL/9302/EXP/ES/2015,,23.99,29.99,27.00
2026-10-02,Occidente,Guanajuato,León,,SERVICIOS GASOLINEROS DE MEXICO SA DE CV,PL/9110/EXP/ES/2015,,23.99,29.99,27.00
2026-10-02,Occidente,Guanajuato,León,,SERVICIOS GASOLINEROS DE MEXICO SA DE CV,PL/9109/EXP/ES/2015,,23.99,29.99,27.00
2026-10-02,Occidente,Guanajuato,León,,SERVICIOS GASOLINEROS DE MEXICO SA DE CV,PL/9107/EXP/ES/2015,,23.99,29.99,27.00
2026-10-02,Occidente,Guanajuato,León,,COMERCIALIZADORA DE HIDROCARBUROS DE LEON SA DE CV,PL/8874/EXP/ES/2015,,23.75,29.99,27.00
2026-10-02,Occidente,Guanajuato,León,,ESTACION DE SERVICIO LEON S DE RL DE CV,PL/878/EXP/ES/2015,,23.99,29.99,27.00
2026-10-02,Occidente,Guanajuato,León,,ESTACION DE SERVICIO LEON S DE RL DE CV,PL/877/EXP/ES/2015,,23.99,29.99,27.00
2026-10-02,Occidente,Guanajuato,León,,ESTACION DE SERVICIO LEON S DE RL DE CV,PL/859/EXP/ES/2015,,23.99,29.99,27.00
2026-10-02,Occidente,Guanajuato,León,,ESTACION DE SERVICIO LEON S DE RL DE CV,PL/841/EXP/ES/2015,,23.59,29.99,
2026-10-02,Occidente,Guanajuato,León,,ESTACION DE SERVICIO LEON S DE RL DE CV,PL/829/EXP/ES/2015,,23.99,29.99,27.00
2026-10-02,Occidente,Guanajuato,León,,HIDROSINA PLUS S A P I DE CV,PL/8239/EXP/ES/2015,,22.99,27.99,
2026-10-02,Occidente,Guanajuato,León,,SERVICIOS GASOLINEROS DE MEXICO SA DE CV,PL/8158/EXP/ES/2015,,23.99,29.99,
2026-10-02,Occidente,Guanajuato,León,,SERVICIOS GASOLINEROS DE MEXICO SA DE CV,PL/8157/EXP/ES/2015,,23.99,29.99,27.00
2026-10-02,Occidente,Guanajuato,León,,SERVICIO SAN JOSE DEL ALTO SA DE CV,PL/7730/EXP/ES/2015,,22.85,27.84,
2026-10-02,Occidente,Guanajuato,León,,SERVICIOS GASOLINEROS DE MEXICO SA DE CV,PL/7602/EXP/ES/2015,,23.99,29.99,
2026-10-02,Occidente,Guanajuato,León,,SERVICIOS GASOLINEROS DE MEXICO SA DE CV,PL/7599/EXP/ES/2015,,23.99,29.99,
2026-10-02,Occidente,Guanajuato,León,,SERVICIOS GASOLINEROS DE MEXICO SA DE CV,PL/7592/EXP/ES/2015,,23.99,29.99,27.00
2026-10-02,Occidente,Guanajuato,León,,SERVICIOS GASOLINEROS DE MEXICO SA DE CV,PL/7587/EXP/ES/2015,,23.99,29.99,
2026-10-02,Occidente,Guanajuato,León,,SERVICIOS GASOLINEROS DE MEXICO SA DE CV,PL/7585/EXP/ES/2015,,23.99,29.99,
2026-10-02,Occidente,Guanajuato,León,,SERVICIOS GASOLINEROS DE MEXICO SA DE CV,PL/7574/EXP/ES/2015,,23.99,29.99,
2026-10-02,Occidente,Guanajuato,León,,SERVICIOS GASOLINEROS DE MEXICO SA DE CV,PL/7571/EXP/ES/2015,,23.99,29.99,27.00
2026-10-02,Occidente,Guanajuato,León,,SERVICIOS GASOLINEROS DE MEXICO SA DE CV,PL/7566/EXP/ES/2015,,23.99,29.99,27.00
2026-10-02,Occidente,Guanajuato,León,,SERVICIOS GASOLINEROS DE MEXICO SA DE CV,PL/7559/EXP/ES/2015,,23.99,29.99,27.00
2026-10-02,Occidente,Guanajuato,León,,SERVICIOS GASOLINEROS DE MEXICO SA DE CV,PL/7554/EXP/ES/2015,,23.99,29.99,27.00
2026-10-02,Occidente,Guanajuato,León,,SERVICIOS GASOLINEROS DE MEXICO SA DE CV,PL/7482/EXP/ES/2015,,23.99,25.60,
2026-10-02,Occidente,Guanajuato,León,,SERVICIOS GASOLINEROS DE MEXICO SA DE CV,PL/7455/EXP/ES/2015,,23.99,25.60,
2026-10-02,Occidente,Guanajuato,León,,SERVICIOS GASOLINEROS DE MEXICO SA DE CV,PL/7445/EXP/ES/2015,,23.99,29.99,
2026-10-02,Occidente,Guanajuato,León,,SERVICIOS GASOLINEROS DE MEXICO SA DE CV,PL/7439/EXP/ES/2015,,23.99,27.69,
2026-10-02,Occidente,Guanajuato,León,,SERVICIOS GASOLINEROS DE MEXICO SA DE CV,PL/7437/EXP/ES/2015,,23.99,27.69,
2026-10-02,Occidente,Guanajuato,León,,SERVICIOS GASOLINEROS DE MEXICO SA DE CV,PL/7430/EXP/ES/2015,,23.99,29.99,27.00
2026-10-02,Occidente,Guanajuato,León,,SERVICIOS GASOLINEROS DE MEXICO SA DE CV,PL/7421/EXP/ES/2015,,23.99,29.99,
2026-10-02,Occidente,Guanajuato,León,,SERVICIOS GASOLINEROS DE MEXICO SA DE CV,PL/7415/EXP/ES/2015,,23.99,29.99,27.00
2026-10-02,Occidente,Guanajuato,León,,SERVICIO SIGLO XXI S DE RL DE CV,PL/7022/EXP/ES/2015,,23.99,29.69,26.99
2026-10-02,Occidente,Guanajuato,León,,SERVICIO SIGLO XXI S DE RL DE CV,PL/7021/EXP/ES/2015,,23.99,,27.00
2026-10-02,Occidente,Guanajuato,León,,KOPLA S DE RL DE CV,PL/6793/EXP/ES/2015,,23.99,29.87,26.99
2026-10-02,Occidente,Guanajuato,León,,ESTACION DE SERVICIO LEON S DE RL DE CV,PL/6584/EXP/ES/2015,,23.99,29.99,27.00
2026-10-02,Occidente,Guanajuato,León,,ESTACION DE SERVICIO LEON S DE RL DE CV,PL/6583/EXP/ES/2015,,23.59,29.99,
2026-10-02,Occidente,Guanajuato,León,,MAURICIO DEL SAGRADO CORAZON ENRIQUEZ MOREN,PL/6581/EXP/ES/2015,,22.85,27.84,26.76
2026-10-02,Occidente,Guanajuato,León,,SERVICIO DE GASOLINAS Y LUBRICANTES SA DE CV,PL/6575/EXP/ES/2015,,22.56,27.74,
2026-10-02,Occidente,Guanajuato,León,,SERVICIO MIRADOR CAMPESTRE SA DE CV,PL/6573/EXP/ES/2015,,22.56,27.74,
2026-10-02,Occidente,Guanajuato,León,,SERVICIO NIÑO DON BOSCO SA DE CV,PL/6570/EXP/ES/2015,,22.85,27.84,
2026-10-02,Occidente,Guanajuato,León,,SERVICIO NIÑO DON BOSCO SA DE CV,PL/6567/EXP/ES/2015,,22.72,27.84,
2026-10-02,Occidente,Guanajuato,León,,SERVICIO FRANCISCO VILLA SA DE CV,PL/6471/EXP/ES/2015,,23.60,28.50,27.00
2026-10-02,Occidente,Guanajuato,León,,SUMINISTROS BASICOS DE COMBUSTIBLES Y ENERGETICOS SA DE CV,PL/6453/EXP/ES/2015,,23.99,27.49,
2026-10-02,Occidente,Guanajuato,León,,SUMINISTROS BASICOS DE COMBUSTIBLES Y ENERGETICOS SA DE CV,PL/6451/EXP/ES/2015,,22.99,27.49,26.99
2026-10-02,Occidente,Guanajuato,León,,SUMINISTROS BASICOS DE COMBUSTIBLES Y ENERGETICOS SA DE CV,PL/6449/EXP/ES/2015,,23.99,27.49,
2026-10-02,Occidente,Guanajuato,León,,SERVICIO PEDREGAL DEL CARMEN SA DE CV,PL/6189/EXP/ES/2015,,23.99,29.99,27.00
2026-10-02,Occidente,Guanajuato,León,,SERVICIO HERMANOS ALDAMA SA DE CV,PL/6176/EXP/ES/2015,,23.99,29.99,27.00
2026-10-02,Occidente,Guanajuato,León,,OPERADORA LA HERRADURA SA DE CV,PL/4391/EXP/ES/2015,,23.89,29.79,26.99
2026-10-02,Occidente,Guanajuato,León,,COMBUSTIBLES DE LEON SA DE CV,PL/4390/EXP/ES/2015,,23.89,29.79,26.99
2026-10-02,Occidente,Guanajuato,León,,SERVICENTRO DE LEON SA DE CV,PL/4387/EXP/ES/2015,,23.79,29.79,26.99
2026-10-02,Occidente,Guanajuato,León,,ESTACION DE SERVICIO PUERTA GRANDE S DE RL DE CV,PL/4297/EXP/ES/2015,,23.99,29.99,27.00
2026-10-02,Occidente,Guanajuato,León,,SERVICIO DEL EJE DE LEON SA DE CV,PL/4213/EXP/ES/2015,,23.52,28.60,27.00
2026-10-02,Occidente,Guanajuato,León,,ESTACION DE SERVICIO HIDALGO SA DE CV,PL/3952/EXP/ES/2015,,23.99,29.89,
2026-10-02,Occidente,Guanajuato,León,,SERVICIO AZTECA DE LEON SA DE CV,PL/3768/EXP/ES/2015,,23.69,28.75,26.98
2026-10-02,Occidente,Guanajuato,León,,GUILLERMO ENRIQUEZ MORENO,PL/3720/EXP/ES/2015,,,28.95,
2026-10-02,Occidente,Guanajuato,León,,SERVICIO ESPECIALIZADO INTEGRAL DE LEON SA DE CV,PL/3671/EXP/ES/2015,,23.99,29.39,27.00
2026-10-02,Occidente,Guanajuato,León,,SERVICIOS GASOLINEROS DE MEXICO SA DE CV,PL/3617/EXP/ES/2015,,23.99,29.99,
2026-10-02,Occidente,Guanajuato,León,,SERVICIO LIBRAMIENTO NORTE SA DE CV,PL/3439/EXP/ES/2015,,23.99,29.99,27.00
2026-10-02,Occidente,Guanajuato,León,,MEGA GASOLINERAS SA DE CV,PL/3425/EXP/ES/2015,,23.99,29.99,27.00
2026-10-02,Occidente,Guanajuato,León,,SERVICIO LIBRAMIENTO NORTE SA DE CV,PL/3333/EXP/ES/2015,,23.99,29.99,27.00
2026-10-02,Occidente,Guanajuato,León,,GASOLINERA LOGO SA,PL/3296/EXP/ES/2015,,23.99,29.99,27.00
2026-10-02,Occidente,Guanajuato,León,,GRUPO SECA GASOLINERAS SA DE CV,PL/3213/EXP/ES/2015,,23.99,29.99,27.00
2026-10-02,Occidente,Guanajuato,León,,GASO SHOP SA DE CV,PL/3130/EXP/ES/2015,,23.29,27.90,
2026-10-02,Occidente,Guanajuato,León,,GASOLINERA FRANCISCO VILLA NORTE SA DE CV,PL/2890/EXP/ES/2015,,23.99,29.89,27.00
2026-10-02,Occidente,Guanajuato,León,,SERVICIOS GONRI SA DE CV,PL/2866/EXP/ES/2015,,23.99,29.19,27.41
2026-10-02,Occidente,Guanajuato,León,,COMERCIALIZADORA DE COMBUSTIBLE POMPA SOCIEDAD ANONIMA DE CAPITAL VARIABLE,PL/2677/EXP/ES/2015,,23.99,29.89,27.00
2026-10-02,Occidente,Guanajuato,León,,GRUPO SECA GASOLINERAS SA DE CV,PL/26183/EXP/ES/2025,,23.99,29.99,27.00
2026-10-02,Occidente,Guanajuato,León,,CENTAURO MOTOR SA DE CV,PL/2556/EXP/ES/2015,,23.99,29.99,27.00
2026-10-02,Occidente,Guanajuato,León,,GASOLINERA UNION SA DE CV,PL/2544/EXP/ES/2015,,23.98,29.94,26.95
2026-10-02,Occidente,Guanajuato,León,,ENERGETICOS DEL ALTIPLANO SA DE CV,PL/25255/EXP/ES/2023,,23.99,28.29,27.00
2026-10-02,Occidente,Guanajuato,León,,MEGA GASOLINERAS SA DE CV,PL/25116/EXP/ES/2023,,23.99,29.99,27.00
2026-10-02,Occidente,Guanajuato,León,,ENERGETICOS DEL ALTIPLANO SA DE CV,PL/24993/EXP/ES/2023,,23.99,29.09,27.00
2026-10-02,Occidente,Guanajuato,León,,ENERRED S DE RL DE CV,PL/24942/EXP/ES/2023,,23.99,29.99,27.00
2026-10-02,Occidente,Guanajuato,León,,MEGA GASOLINERAS SA DE CV,PL/24911/EXP/ES/2023,,23.99,29.99,27.00
2026-10-02,Occidente,Guanajuato,León,,MEGA GASOLINERAS SA DE CV,PL/24893/EXP/ES/2023,,23.99,29.99,27.00
2026-10-02,Occidente,Guanajuato,León,,ENERGETICOS DEL ALTIPLANO SA DE CV,PL/24824/EXP/ES/2023,,23.99,28.79,27.00
2026-10-02,Occidente,Guanajuato,León,,GRUPO LEOGAL S DE RL DE CV,PL/24792/EXP/ES/2022,,23.99,29.59,27.00
2026-10-02,Occidente,Guanajuato,León,,LOS ANGELES SERVICIO SA DE CV,PL/2477/EXP/ES/2015,,23.99,29.98,
2026-10-02,Occidente,Guanajuato,León,,"ASESORIA ESPECIALIZADA EN EL SECTOR HIDROCARBUROS CENTRO-OCCIDENTE, S.C.",PL/24681/EXP/ES/2022,,23.29,27.90,26.79
2026-10-02,Occidente,Guanajuato,León,,MEGA GASOLINERAS SA DE CV,PL/24605/EXP/ES/2022,,23.99,29.99,27.00
2026-10-02,Occidente,Guanajuato,León,,SERVICIOS GASOLINEROS DE MEXICO SA DE CV,PL/24386/EXP/ES/2022,,23.99,29.99,27.00
2026-10-02,Occidente,Guanajuato,León,,MAYOMEX ARELI PETROLEUM S DE RL DE CV,PL/2372/EXP/ES/2015,,23.99,29.99,26.99
2026-10-02,Occidente,Guanajuato,León,,MEGA GASOLINERAS SA DE CV,PL/23512/EXP/ES/2020,,23.99,29.99,27.00
2026-10-02,Occidente,Guanajuato,León,,MEGA GASOLINERAS SA DE CV,PL/23246/EXP/ES/2020,,23.99,29.99,27.00
2026-10-02,Occidente,Guanajuato,León,,MEGA GASOLINERAS SA DE CV,PL/23244/EXP/ES/2020,,23.99,29.99,27.00
2026-10-02,Occidente,Guanajuato,León,,MEGA GASOLINERAS SA DE CV,PL/23242/EXP/ES/2020,,23.99,29.99,
2026-10-02,Occidente,Guanajuato,León,,COSTCO GAS SA DE CV,PL/23213/EXP/ES/2020,,23.39,28.49,
2026-10-02,Occidente,Guanajuato,León,,SERVICIOS GASOLINEROS DE MEXICO SA DE CV,PL/22890/EXP/ES/2019,,23.99,29.99,27.00
2026-10-02,Occidente,Guanajuato,León,,ESTACION DE SERVICIO PUERTA GRANDE S DE RL DE CV,PL/2266/EXP/ES/2015,,23.99,29.99,27.00
2026-10-02,Occidente,Guanajuato,León,,MULTISERVICIOS CRESGRA SA DE CV,PL/22628/EXP/ES/2019,,22.99,27.19,
2026-10-02,Occidente,Guanajuato,León,,MEGA GASOLINERAS SA DE CV,PL/22627/EXP/ES/2019,,23.99,29.99,27.00
2026-10-02,Occidente,Guanajuato,León,,MEGA GASOLINERAS SA DE CV,PL/22621/EXP/ES/2019,,23.99,29.99,27.00
2026-10-02,Occidente,Guanajuato,León,,MEGA GASOLINERAS SA DE CV,PL/22620/EXP/ES/2019,,23.99,29.99,27.00
2026-10-02,Occidente,Guanajuato,León,,MEGA GASOLINERAS SA DE CV,PL/22618/EXP/ES/2019,,23.99,29.99,27.00
2026-10-02,Occidente,Guanajuato,León,,MEGA GASOLINERAS SA DE CV,PL/22617/EXP/ES/2019,,23.99,29.99,27.00
2026-10-02,Occidente,Guanajuato,León,,COSTCO GAS SA DE CV,PL/22362/EXP/ES/2019,,23.79,28.99,
2026-10-02,Occidente,Guanajuato,Silao,,OPERADORA LA HERRADURA SA DE CV,PL/22064/EXP/ES/2019,,23.89,29.79,26.99
2026-10-02,Occidente,Guanajuato,León,,SERVICIO AGIL DE GASOLINAS SA DE CV,PL/2171/EXP/ES/2015,,23.99,29.69,
2026-10-02,Occidente,Guanajuato,León,,ESTACION DE SERVICIO PUERTA GRANDE S DE RL DE CV,PL/21173/EXP/ES/2018,,23.99,29.99,27.00
2026-10-02,Occidente,Guanajuato,León,,SERVICIO CHOPA SA DE CV,PL/21129/EXP/ES/2018,,23.79,27.79,28.89
2026-10-02,Occidente,Guanajuato,León,,SERVICIOS GASOLINEROS DE MEXICO SA DE CV,PL/20494/EXP/ES/2017,,23.99,29.99,27.00
2026-10-02,Occidente,Guanajuato,León,,ESTACION DE SERVICIO PUERTA GRANDE S DE RL DE CV,PL/20492/EXP/ES/2017,,23.99,29.99,27.00
2026-10-02,Occidente,Guanajuato,León,,COMBUSTIBLES Y LUBRICANTES DEL CRESPO SA DE CV,PL/20397/EXP/ES/2017,,23.69,28.99,27.00
2026-10-02,Occidente,Guanajuato,León,,SERVICIOS GASOLINEROS DE MEXICO SA DE CV,PL/19563/EXP/ES/2016,,23.99,29.99,27.00
2026-10-02,Occidente,Guanajuato,León,,ESTACION DE SERVICIO PUERTA GRANDE S DE RL DE CV,PL/19485/EXP/ES/2016,,23.99,29.99,27.00
2026-10-02,Occidente,Guanajuato,León,,SERVICIOS GASOLINEROS DE MEXICO SA DE CV,PL/19229/EXP/ES/2016,,23.99,29.99,27.00
2026-10-02,Occidente,Guanajuato,León,,SERVICIOS GASOLINEROS DE MEXICO SA DE CV,PL/19148/EXP/ES/2016,,24.99,29.99,27.00
2026-10-02,Occidente,Guanajuato,León,,ESTACION DE SERVICIO PUERTA GRANDE S DE RL DE CV,PL/18911/EXP/ES/2016,,23.99,29.99,27.00
2026-10-02,Occidente,Guanajuato,León,,SERVICIOS GASOLINEROS DE MEXICO SA DE CV,PL/18904/EXP/ES/2016,,23.99,29.99,27.00
2026-10-02,Occidente,Guanajuato,León,,GRUPO GOCALVI SA DE CV,PL/18790/EXP/ES/2016,,23.29,28.29,26.99
2026-10-02,Occidente,Guanajuato,León,,PETRO LEO SA DE CV,PL/1815/EXP/ES/2015,,23.99,29.99,
2026-10-02,Occidente,Guanajuato,León,,ROCAGAS SA DE CV,PL/1814/EXP/ES/2015,,23.99,29.99,27.00
2026-10-02,Occidente,Guanajuato,León,,GRUPO SECA GASOLINERAS SA DE CV,PL/1810/EXP/ES/2015,,23.99,29.99,27.00
2026-10-02,Occidente,Guanajuato,León,,MAGAÑA SERVICIOS GASOLINEROS SA DE CV,PL/1776/EXP/ES/2015,,23.74,28.99,26.84
2026-10-02,Occidente,Guanajuato,León,,SERVICIOS GASOLINEROS DE MEXICO SA DE CV,PL/1695/EXP/ES/2015,,24.99,29.99,
2026-10-02,Occidente,Guanajuato,León,,SERVICIOS GASOLINEROS DE MEXICO SA DE CV,PL/1694/EXP/ES/2015,,23.99,29.99,27.00
2026-10-02,Occidente,Guanajuato,León,,SERVICIO AZTECA DE LEON SA DE CV,PL/1643/EXP/ES/2015,,23.69,28.75,
2026-10-02,Occidente,Guanajuato,León,,SERVICIO BULLE ANDRADE SA DE CV,PL/1623/EXP/ES/2015,,23.95,29.35,
2026-10-02,Occidente,Guanajuato,León,,SERVICIOS GASOLINEROS DE MEXICO SA DE CV,PL/1612/EXP/ES/2015,,23.99,29.99,27.00
2026-10-02,Occidente,Guanajuato,León,,JOSE DE JESUS MUÑOZ MARQUEZ,PL/1599/EXP/ES/2015,,23.98,28.98,27.00
2026-10-02,Occidente,Guanajuato,León,,HOTELES MOTELES Y SERVICIOS TURISTICOS SAN IGNACIO SA DE CV,PL/1582/EXP/ES/2015,,23.79,28.93,26.98
2026-10-02,Occidente,Guanajuato,León,,BOSCOGAS SA DE CV,PL/1469/EXP/ES/2015,,23.99,28.99,26.79
2026-10-02,Occidente,Guanajuato,León,,JULIO CESAR GAMA RAMSDEN,PL/1338/EXP/ES/2015,,23.99,29.99,27.00
2026-10-02,Occidente,Guanajuato,León,,ES GAS SA DE CV,PL/13104/EXP/ES/2016,,22.88,28.88,26.98
2026-10-02,Occidente,Guanajuato,León,,ES GAS SA DE CV,PL/12862/EXP/ES/2015,,23.89,28.88,
2026-10-02,Occidente,Guanajuato,León,,GASYDISEL DE LEON SA DE CV,PL/12587/EXP/ES/2015,,23.99,29.99,27.00
2026-10-02,Occidente,Guanajuato,León,,ESTACION DE SERVICIO PUERTA GRANDE S DE RL DE CV,PL/1215/EXP/ES/2015,,23.99,29.99,27.00
2026-10-02,Occidente,Guanajuato,León,,ESTACION DE SERVICIO PUERTA GRANDE S DE RL DE CV,PL/1214/EXP/ES/2015,,23.99,29.99,
2026-10-02,Occidente,Guanajuato,León,,ESTACION DE SERVICIO PUERTA GRANDE S DE RL DE CV,PL/1213/EXP/ES/2015,,23.99,29.99,
2026-10-02,Occidente,Guanajuato,León,,SERVICIOS SAN JERONIMO SA DE CV,PL/1208/EXP/ES/2015,,23.79,28.99,27.00
2026-10-02,Occidente,Guanajuato,León,,MEGA GASOLINERAS SA DE CV,PL/1207/EXP/ES/2015,,23.99,29.99,
2026-10-02,Occidente,Guanajuato,León,,RODOLFO ENRIQUEZ MORENO,PL/11993/EXP/ES/2015,,23.90,27.75,
2026-10-02,Occidente,Guanajuato,León,,OLEUM SERVICE SA DE CV,PL/1197/EXP/ES/2015,,23.89,28.65,27.00
2026-10-02,Occidente,Guanajuato,León,,SERVICIO FORRES SA DE CV,PL/1195/EXP/ES/2015,,23.97,29.55,
2026-10-02,Occidente,Guanajuato,León,,MEGA GASOLINERAS SA DE CV,PL/1191/EXP/ES/2015,,23.99,29.99,27.00
2026-10-02,Occidente,Guanajuato,León,,MEGA GASOLINERAS SA DE CV,PL/1184/EXP/ES/2015,,23.99,29.99,27.00
2026-10-02,Occidente,Guanajuato,León,,MEGA GASOLINERAS SA DE CV,PL/1183/EXP/ES/2015,,23.99,29.99,27.00
2026-10-02,Occidente,Guanajuato,León,,BP ESTACIONES Y SERVICIOS ENERGETICOS SA DE CV,PL/1178/EXP/ES/2015,,23.99,29.99,
2026-10-02,Occidente,Guanajuato,León,,MEGA GASOLINERAS SA DE CV,PL/1163/EXP/ES/2015,,23.99,29.99,27.00
2026-10-02,Occidente,Guanajuato,León,,SERVICIO PASAMA SA DE CV,PL/1160/EXP/ES/2015,,23.99,29.98,27.00
2026-10-02,Occidente,Guanajuato,León,,SERVICIOS GASOLINEROS DE MEXICO SA DE CV,PL/11442/EXP/ES/2015,,23.99,29.99,
2026-10-02,Occidente,Guanajuato,León,,GASOLINERIA VILLAS JEMI SA DE CV,PL/1123/EXP/ES/2015,,23.99,29.80,27.00
2026-10-02,Occidente,Guanajuato,León,,SERVICIO GASTUR SA DE CV,PL/10942/EXP/ES/2015,,23.59,28.59,27.00
2026-10-02,Occidente,Guanajuato,León,,SERVICIO MENORES SA DE CV,PL/1090/EXP/ES/2015,,23.99,29.99,27.00
2026-10-02,Occidente,Guanajuato,León,,SERVICIO CASFER SA DE CV,PL/1079/EXP/ES/2015,,23.99,29.97,27.00
2026-10-02,Occidente,Guanajuato,León,,GASOLINERA CASEN SA DE CV,PL/1076/EXP/ES/2015,,23.48,28.91,26.88
2026-10-02,Occidente,Guanajuato,León,,COMBUSTIBLES PREMIER SA DE CV,PL/10616/EXP/ES/2015,,23.49,27.97,
2026-10-02,Occidente,Guanajuato,León,,COMBUSTIBLES BONANZA SA DE CV,PL/10615/EXP/ES/2015,,23.49,28.84,26.69
2026-10-02,Occidente,Guanajuato,León,,SERVICIO JARAMILLO SA DE CV,PL/10614/EXP/ES/2015,,23.49,28.84,26.69
2026-10-02,Occidente,Guanajuato,León,,ESTACION DE SERVICIO LAS HUERTAS SA DE CV,PL/10613/EXP/ES/2015,,23.49,28.84,26.69
2026-10-02,Occidente,Guanajuato,León,,SERVICIO LEON-SILAO SA DE CV,PL/10612/EXP/ES/2015,,23.99,29.95,27.00
2026-10-02,Occidente,Guanajuato,León,,SERVICIO MALECON ORIENTE SA DE CV,PL/10610/EXP/ES/2015,,23.99,29.99,27.00
2026-10-02,Occidente,Guanajuato,León,,SUPER SERVICIO BOULEVARD AUSTRI SA DE CV,PL/10609/EXP/ES/2015,,23.25,27.97,
2026-10-02,Occidente,Guanajuato,León,,SERVICIO BOULEVARD AEROPUERTO SA DE CV,PL/10607/EXP/ES/2015,,23.49,28.84,26.69
2026-10-02,Occidente,Guanajuato,León,,SERVICIO ALJUNCAR SA DE CV,PL/10605/EXP/ES/2015,,23.49,28.84,26.89
2026-10-02,Occidente,Guanajuato,León,,HECTOR JAVIER JUDAS ENRIQUEZ MORENO,PL/10603/EXP/ES/2015,,22.95,27.87,
2026-10-02,Occidente,Guanajuato,León,,MEGA GASOLINERAS SA DE CV,PL/1057/EXP/ES/2015,,23.99,29.99,
2026-10-02,Occidente,Guanajuato,León,,ESTACION DE SERVICIO LEON S DE RL DE CV,PL/1027/EXP/ES/2015,,23.99,29.99,
2026-10-02,Occidente,Guanajuato,León,,ESTACION DE SERVICIO LEON S DE RL DE CV,PL/1026/EXP/ES/2015,,23.99,29.99,27.00
2026-10-02,Occidente,Guanajuato,León,,OPERADORA JOSFA SA DE CV,PL/10004/EXP/ES/2015,,22.95,27.26,
2026-10-02,Occidente,Guanajuato,León,,SERVICIO LAS TORRES NORTE SA DE CV,PL/10001/EXP/ES/2015,,22.95,27.90,
2026-10-02,Occidente,Guanajuato,León,,SERVICIO DELTA SA DE CV,PL/10000/EXP/ES/2015,,22.95,27.26,26.99
2026-10-02,Occidente,Guanajuato,León,,MEGA GASOLINERAS SA DE CV,CNE/PL/442/EXP/ES/2025,,23.99,29.99,27.00
2026-10-02,Occidente,Guanajuato,León,,AMY SKY LINE SA DE CV,CNE/PL/18/EXP/ES/2025,,23.99,27.99,26.99
2026-10-07,Occidente,Guanajuato,León,,SERVICIO LAS TORRES SUR SA DE CV,PL/9999/EXP/ES/2015,,22.95,27.90,
2026-10-07,Occidente,Guanajuato,León,,ESTACION DE SERVICIO LEON S DE RL DE CV,PL/996/EXP/ES/2015,,23.99,29.99,27.00
2026-10-07,Occidente,Guanajuato,León,,BRISCAN SA DE CV,PL/9692/EXP/ES/2015,,23.39,28.79,
2026-10-07,Occidente,Guanajuato,León,,HIDROCARBUROS Y GASOLINAS DE LEON SA DE CV,PL/9676/EXP/ES/2015,,23.75,29.99,27.00
2026-10-07,Occidente,Guanajuato,León,,SERVICIOS GASOLINEROS DE MEXICO SA DE CV,PL/9499/EXP/ES/2015,,23.99,29.99,27.00
2026-10-07,Occidente,Guanajuato,León,,ESTACION DE SERVICIO LEON S DE RL DE CV,PL/938/EXP/ES/2015,,23.99,29.99,27.00
2026-10-07,Occidente,Guanajuato,León,,SERVICIO LAS HILAMAS SA DE CV,PL/9347/EXP/ES/2015,,23.99,29.99,27.00
2026-10-07,Occidente,Guanajuato,León,,ESTACION DE SERVICIO LEON S DE RL DE CV,PL/933/EXP/ES/2015,,23.99,29.99,27.00
2026-10-07,Occidente,Guanajuato,León,,SERVICIOS GASOLINEROS DE MEXICO SA DE CV,PL/9302/EXP/ES/2015,,23.99,29.99,27.00
2026-10-07,Occidente,Guanajuato,León,,SERVICIOS GASOLINEROS DE MEXICO SA DE CV,PL/9110/EXP/ES/2015,,23.99,29.99,27.00
2026-10-07,Occidente,Guanajuato,León,,SERVICIOS GASOLINEROS DE MEXICO SA DE CV,PL/9109/EXP/ES/2015,,23.99,29.99,27.00
2026-10-07,Occidente,Guanajuato,León,,SERVICIOS GASOLINEROS DE MEXICO SA DE CV,PL/9107/EXP/ES/2015,,23.99,29.99,27.00
2026-10-07,Occidente,Guanajuato,León,,COMERCIALIZADORA DE HIDROCARBUROS DE LEON SA DE CV,PL/8874/EXP/ES/2015,,23.75,29.99,27.00
2026-10-07,Occidente,Guanajuato,León,,ESTACION DE SERVICIO LEON S DE RL DE CV,PL/878/EXP/ES/2015,,23.99,29.99,27.00
2026-10-07,Occidente,Guanajuato,León,,ESTACION DE SERVICIO LEON S DE RL DE CV,PL/877/EXP/ES/2015,,23.99,29.99,27.00
2026-10-07,Occidente,Guanajuato,León,,ESTACION DE SERVICIO LEON S DE RL DE CV,PL/859/EXP/ES/2015,,23.99,29.99,27.00
2026-10-07,Occidente,Guanajuato,León,,ESTACION DE SERVICIO LEON S DE RL DE CV,PL/841/EXP/ES/2015,,23.59,29.99,
2026-10-07,Occidente,Guanajuato,León,,ESTACION DE SERVICIO LEON S DE RL DE CV,PL/829/EXP/ES/2015,,23.99,29.99,27.00
2026-10-07,Occidente,Guanajuato,León,,HIDROSINA PLUS S A P I DE CV,PL/8239/EXP/ES/2015,,22.99,27.99,
2026-10-07,Occidente,Guanajuato,León,,SERVICIOS GASOLINEROS DE MEXICO SA DE CV,PL/8158/EXP/ES/2015,,23.99,29.99,
2026-10-07,Occidente,Guanajuato,León,,SERVICIOS GASOLINEROS DE MEXICO SA DE CV,PL/8157/EXP/ES/2015,,23.99,29.99,27.00
2026-10-07,Occidente,Guanajuato,León,,SERVICIO SAN JOSE DEL ALTO SA DE CV,PL/7730/EXP/ES/2015,,22.85,27.94,
2026-10-07,Occidente,Guanajuato,León,,SERVICIOS GASOLINEROS DE MEXICO SA DE CV,PL/7602/EXP/ES/2015,,23.99,29.99,
2026-10-07,Occidente,Guanajuato,León,,SERVICIOS GASOLINEROS DE MEXICO SA DE CV,PL/7599/EXP/ES/2015,,23.99,29.99,
2026-10-07,Occidente,Guanajuato,León,,SERVICIOS GASOLINEROS DE MEXICO SA DE CV,PL/7592/EXP/ES/2015,,23.99,29.99,27.00
2026-10-07,Occidente,Guanajuato,León,,SERVICIOS GASOLINEROS DE MEXICO SA DE CV,PL/7587/EXP/ES/2015,,23.99,29.99,
2026-10-07,Occidente,Guanajuato,León,,SERVICIOS GASOLINEROS DE MEXICO SA DE CV,PL/7585/EXP/ES/2015,,23.99,29.99,
2026-10-07,Occidente,Guanajuato,León,,SERVICIOS GASOLINEROS DE MEXICO SA DE CV,PL/7574/EXP/ES/2015,,23.99,29.99,
2026-10-07,Occidente,Guanajuato,León,,SERVICIOS GASOLINEROS DE MEXICO SA DE CV,PL/7571/EXP/ES/2015,,23.99,29.99,27.00
2026-10-07,Occidente,Guanajuato,León,,SERVICIOS GASOLINEROS DE MEXICO SA DE CV,PL/7566/EXP/ES/2015,,23.99,29.99,27.00
2026-10-07,Occidente,Guanajuato,León,,SERVICIOS GASOLINEROS DE MEXICO SA DE CV,PL/7559/EXP/ES/2015,,23.99,29.99,27.00
2026-10-07,Occidente,Guanajuato,León,,SERVICIOS GASOLINEROS DE MEXICO SA DE CV,PL/7554/EXP/ES/2015,,23.99,29.99,27.00
2026-10-07,Occidente,Guanajuato,León,,SERVICIOS GASOLINEROS DE MEXICO SA DE CV,PL/7482/EXP/ES/2015,,23.99,25.60,
2026-10-07,Occidente,Guanajuato,León,,SERVICIOS GASOLINEROS DE MEXICO SA DE CV,PL/7455/EXP/ES/2015,,23.99,25.60,
2026-10-07,Occidente,Guanajuato,León,,SERVICIOS GASOLINEROS DE MEXICO SA DE CV,PL/7445/EXP/ES/2015,,23.99,29.99,
2026-10-07,Occidente,Guanajuato,León,,SERVICIOS GASOLINEROS DE MEXICO SA DE CV,PL/7439/EXP/ES/2015,,23.99,27.69,
2026-10-07,Occidente,Guanajuato,León,,SERVICIOS GASOLINEROS DE MEXICO SA DE CV,PL/7437/EXP/ES/2015,,23.99,27.69,
2026-10-07,Occidente,Guanajuato,León,,SERVICIOS GASOLINEROS DE MEXICO SA DE CV,PL/7430/EXP/ES/2015,,23.99,29.99,27.00
2026-10-07,Occidente,Guanajuato,León,,SERVICIOS GASOLINEROS DE MEXICO SA DE CV,PL/7421/EXP/ES/2015,,23.99,29.99,
2026-10-07,Occidente,Guanajuato,León,,SERVICIOS GASOLINEROS DE MEXICO SA DE CV,PL/7415/EXP/ES/2015,,23.99,29.99,27.00
2026-10-07,Occidente,Guanajuato,León,,SERVICIO SIGLO XXI S DE RL DE CV,PL/7022/EXP/ES/2015,,23.99,29.69,26.99
2026-10-07,Occidente,Guanajuato,León,,SERVICIO SIGLO XXI S DE RL DE CV,PL/7021/EXP/ES/2015,,23.99,,27.00
2026-10-07,Occidente,Guanajuato,León,,KOPLA S DE RL DE CV,PL/6793/EXP/ES/2015,,23.99,29.87,26.99
2026-10-07,Occidente,Guanajuato,León,,ESTACION DE SERVICIO LEON S DE RL DE CV,PL/6584/EXP/ES/2015,,23.99,29.99,27.00
2026-10-07,Occidente,Guanajuato,León,,ESTACION DE SERVICIO LEON S DE RL DE CV,PL/6583/EXP/ES/2015,,23.59,29.99,
2026-10-07,Occidente,Guanajuato,León,,MAURICIO DEL SAGRADO CORAZON ENRIQUEZ MOREN,PL/6581/EXP/ES/2015,,22.85,27.94,26.76
2026-10-07,Occidente,Guanajuato,León,,SERVICIO DE GASOLINAS Y LUBRICANTES SA DE CV,PL/6575/EXP/ES/2015,,22.56,27.84,
2026-10-07,Occidente,Guanajuato,León,,SERVICIO MIRADOR CAMPESTRE SA DE CV,PL/6573/EXP/ES/2015,,22.56,27.84,
2026-10-07,Occidente,Guanajuato,León,,SERVICIO NIÑO DON BOSCO SA DE CV,PL/6570/EXP/ES/2015,,22.85,27.94,
2026-10-07,Occidente,Guanajuato,León,,SERVICIO NIÑO DON BOSCO SA DE CV,PL/6567/EXP/ES/2015,,22.72,27.94,
2026-10-07,Occidente,Guanajuato,León,,SERVICIO FRANCISCO VILLA SA DE CV,PL/6471/EXP/ES/2015,,23.60,28.50,27.00
2026-10-07,Occidente,Guanajuato,León,,SUMINISTROS BASICOS DE COMBUSTIBLES Y ENERGETICOS SA DE CV,PL/6453/EXP/ES/2015,,23.99,27.49,
2026-10-07,Occidente,Guanajuato,León,,SUMINISTROS BASICOS DE COMBUSTIBLES Y ENERGETICOS SA DE CV,PL/6451/EXP/ES/2015,,22.99,27.49,26.99
2026-10-07,Occidente,Guanajuato,León,,SUMINISTROS BASICOS DE COMBUSTIBLES Y ENERGETICOS SA DE CV,PL/6449/EXP/ES/2015,,23.99,27.49,
2026-10-07,Occidente,Guanajuato,León,,SERVICIO PEDREGAL DEL CARMEN SA DE CV,PL/6189/EXP/ES/2015,,23.99,29.99,27.00
2026-10-07,Occidente,Guanajuato,León,,SERVICIO HERMANOS ALDAMA SA DE CV,PL/6176/EXP/ES/2015,,23.99,29.99,27.00
2026-10-07,Occidente,Guanajuato,León,,OPERADORA LA HERRADURA SA DE CV,PL/4391/EXP/ES/2015,,23.89,29.79,26.99
2026-10-07,Occidente,Guanajuato,León,,COMBUSTIBLES DE LEON SA DE CV,PL/4390/EXP/ES/2015,,23.89,29.79,26.99
2026-10-07,Occidente,Guanajuato,León,,SERVICENTRO DE LEON SA DE CV,PL/4387/EXP/ES/2015,,23.79,29.79,26.99
2026-10-07,Occidente,Guanajuato,León,,ESTACION DE SERVICIO PUERTA GRANDE S DE RL DE CV,PL/4297/EXP/ES/2015,,23.99,29.99,27.00
2026-10-07,Occidente,Guanajuato,León,,SERVICIO DEL EJE DE LEON SA DE CV,PL/4213/EXP/ES/2015,,23.52,28.60,27.00
2026-10-07,Occidente,Guanajuato,León,,ESTACION DE SERVICIO HIDALGO SA DE CV,PL/3952/EXP/ES/2015,,23.99,29.89,
2026-10-07,Occidente,Guanajuato,León,,SERVICIO AZTECA DE LEON SA DE CV,PL/3768/EXP/ES/2015,,23.72,28.78,26.98
2026-10-07,Occidente,Guanajuato,León,,GUILLERMO ENRIQUEZ MORENO,PL/3720/EXP/ES/2015,,,28.95,
2026-10-07,Occidente,Guanajuato,León,,SERVICIO ESPECIALIZADO INTEGRAL DE LEON SA DE CV,PL/3671/EXP/ES/2015,,23.99,29.39,27.00
2026-10-07,Occidente,Guanajuato,León,,SERVICIOS GASOLINEROS DE MEXICO SA DE CV,PL/3617/EXP/ES/2015,,23.99,29.99,
2026-10-07,Occidente,Guanajuato,León,,SERVICIO LIBRAMIENTO NORTE SA DE CV,PL/3439/EXP/ES/2015,,23.99,29.99,27.00
2026-10-07,Occidente,Guanajuato,León,,MEGA GASOLINERAS SA DE CV,PL/3425/EXP/ES/2015,,23.99,29.99,27.00
2026-10-07,Occidente,Guanajuato,León,,SERVICIO LIBRAMIENTO NORTE SA DE CV,PL/3333/EXP/ES/2015,,23.99,29.99,27.00
2026-10-07,Occidente,Guanajuato,León,,GASOLINERA LOGO SA,PL/3296/EXP/ES/2015,,23.99,29.99,27.00
2026-10-07,Occidente,Guanajuato,León,,GRUPO SECA GASOLINERAS SA DE CV,PL/3213/EXP/ES/2015,,23.99,29.99,27.00
2026-10-07,Occidente,Guanajuato,León,,GASO SHOP SA DE CV,PL/3130/EXP/ES/2015,,23.29,27.90,
2026-10-07,Occidente,Guanajuato,León,,GASOLINERA FRANCISCO VILLA NORTE SA DE CV,PL/2890/EXP/ES/2015,,23.99,29.89,27.00
2026-10-07,Occidente,Guanajuato,León,,SERVICIOS GONRI SA DE CV,PL/2866/EXP/ES/2015,,23.99,29.19,27.41
2026-10-07,Occidente,Guanajuato,León,,COMERCIALIZADORA DE COMBUSTIBLE POMPA SOCIEDAD ANONIMA DE CAPITAL VARIABLE,PL/2677/EXP/ES/2015,,23.99,29.89,27.00
2026-10-07,Occidente,Guanajuato,León,,GRUPO SECA GASOLINERAS SA DE CV,PL/26183/EXP/ES/2025,,23.99,29.99,27.00
2026-10-07,Occidente,Guanajuato,León,,CENTAURO MOTOR SA DE CV,PL/2556/EXP/ES/2015,,23.99,29.99,27.00
2026-10-07,Occidente,Guanajuato,León,,GASOLINERA UNION SA DE CV,PL/2544/EXP/ES/2015,,23.98,29.94,26.95
2026-10-07,Occidente,Guanajuato,León,,ENERGETICOS DEL ALTIPLANO SA DE CV,PL/25255/EXP/ES/2023,,23.99,28.29,27.00
2026-10-07,Occidente,Guanajuato,León,,MEGA GASOLINERAS SA DE CV,PL/25116/EXP/ES/2023,,23.99,29.99,27.00
2026-10-07,Occidente,Guanajuato,León,,ENERGETICOS DEL ALTIPLANO SA DE CV,PL/24993/EXP/ES/2023,,23.99,29.09,27.00
2026-10-07,Occidente,Guanajuato,León,,ENERRED S DE RL DE CV,PL/24942/EXP/ES/2023,,23.99,29.99,27.00
2026-10-07,Occidente,Guanajuato,León,,MEGA GASOLINERAS SA DE CV,PL/24911/EXP/ES/2023,,23.99,29.99,27.00
2026-10-07,Occidente,Guanajuato,León,,MEGA GASOLINERAS SA DE CV,PL/24893/EXP/ES/2023,,23.99,29.99,27.00
2026-10-07,Occidente,Guanajuato,León,,ENERGETICOS DEL ALTIPLANO SA DE CV,PL/24824/EXP/ES/2023,,23.99,28.79,27.00
2026-10-07,Occidente,Guanajuato,León,,GRUPO LEOGAL S DE RL DE CV,PL/24792/EXP/ES/2022,,23.99,29.59,27.00
2026-10-07,Occidente,Guanajuato,León,,LOS ANGELES SERVICIO SA DE CV,PL/2477/EXP/ES/2015,,23.99,29.98,
2026-10-07,Occidente,Guanajuato,León,,"ASESORIA ESPECIALIZADA EN EL SECTOR HIDROCARBUROS CENTRO-OCCIDENTE, S.C.",PL/24681/EXP/ES/2022,,23.29,27.90,26.79
2026-10-07,Occidente,Guanajuato,León,,MEGA GASOLINERAS SA DE CV,PL/24605/EXP/ES/2022,,23.99,29.99,27.00
2026-10-07,Occidente,Guanajuato,León,,SERVICIOS GASOLINEROS DE MEXICO SA DE CV,PL/24386/EXP/ES/2022,,23.99,29.99,27.00
2026-10-07,Occidente,Guanajuato,León,,MAYOMEX ARELI PETROLEUM S DE RL DE CV,PL/2372/EXP/ES/2015,,23.99,29.99,26.99
2026-10-07,Occidente,Guanajuato,León,,MEGA GASOLINERAS SA DE CV,PL/23512/EXP/ES/2020,,23.99,29.99,27.00
2026-10-07,Occidente,Guanajuato,León,,MEGA GASOLINERAS SA DE CV,PL/23246/EXP/ES/2020,,23.99,29.99,27.00
2026-10-07,Occidente,Guanajuato,León,,MEGA GASOLINERAS SA DE CV,PL/23244/EXP/ES/2020,,23.99,29.99,27.00
2026-10-07,Occidente,Guanajuato,León,,MEGA GASOLINERAS SA DE CV,PL/23242/EXP/ES/2020,,23.99,29.99,
2026-10-07,Occidente,Guanajuato,León,,COSTCO GAS SA DE CV,PL/23213/EXP/ES/2020,,23.39,28.49,
2026-10-07,Occidente,Guanajuato,León,,SERVICIOS GASOLINEROS DE MEXICO SA DE CV,PL/22890/EXP/ES/2019,,23.99,29.99,27.00
2026-10-07,Occidente,Guanajuato,León,,ESTACION DE SERVICIO PUERTA GRANDE S DE RL DE CV,PL/2266/EXP/ES/2015,,23.99,29.99,27.00
2026-10-07,Occidente,Guanajuato,León,,MULTISERVICIOS CRESGRA SA DE CV,PL/22628/EXP/ES/2019,,22.99,27.19,
2026-10-07,Occidente,Guanajuato,León,,MEGA GASOLINERAS SA DE CV,PL/22627/EXP/ES/2019,,23.99,29.99,27.00
2026-10-07,Occidente,Guanajuato,León,,MEGA GASOLINERAS SA DE CV,PL/22621/EXP/ES/2019,,23.99,29.99,27.00
2026-10-07,Occidente,Guanajuato,León,,MEGA GASOLINERAS SA DE CV,PL/22620/EXP/ES/2019,,23.99,29.99,27.00
2026-10-07,Occidente,Guanajuato,León,,MEGA GASOLINERAS SA DE CV,PL/22618/EXP/ES/2019,,23.99,29.99,27.00
2026-10-07,Occidente,Guanajuato,León,,MEGA GASOLINERAS SA DE CV,PL/22617/EXP/ES/2019,,23.99,29.99,27.00
2026-10-07,Occidente,Guanajuato,León,,COSTCO GAS SA DE CV,PL/22362/EXP/ES/2019,,23.79,28.99,
2026-10-07,Occidente,Guanajuato,Silao,,OPERADORA LA HERRADURA SA DE CV,PL/22064/EXP/ES/2019,,23.89,29.79,26.99
2026-10-07,Occidente,Guanajuato,León,,SERVICIO AGIL DE GASOLINAS SA DE CV,PL/2171/EXP/ES/2015,,23.99,29.69,
2026-10-07,Occidente,Guanajuato,León,,ESTACION DE SERVICIO PUERTA GRANDE S DE RL DE CV,PL/21173/EXP/ES/2018,,23.99,29.99,27.00
2026-10-07,Occidente,Guanajuato,León,,SERVICIO CHOPA SA DE CV,PL/21129/EXP/ES/2018,,23.79,27.79,28.89
2026-10-07,Occidente,Guanajuato,León,,SERVICIOS GASOLINEROS DE MEXICO SA DE CV,PL/20494/EXP/ES/2017,,23.99,29.99,27.00
2026-10-07,Occidente,Guanajuato,León,,ESTACION DE SERVICIO PUERTA GRANDE S DE RL DE CV,PL/20492/EXP/ES/2017,,23.99,29.99,27.00
2026-10-07,Occidente,Guanajuato,León,,COMBUSTIBLES Y LUBRICANTES DEL CRESPO SA DE CV,PL/20397/EXP/ES/2017,,23.69,28.99,27.00
2026-10-07,Occidente,Guanajuato,León,,SERVICIOS GASOLINEROS DE MEXICO SA DE CV,PL/19563/EXP/ES/2016,,23.99,29.99,27.00
2026-10-07,Occidente,Guanajuato,León,,ESTACION DE SERVICIO PUERTA GRANDE S DE RL DE CV,PL/19485/EXP/ES/2016,,23.99,29.99,27.00
2026-10-07,Occidente,Guanajuato,León,,SERVICIOS GASOLINEROS DE MEXICO SA DE CV,PL/19229/EXP/ES/2016,,23.99,29.99,27.00
2026-10-07,Occidente,Guanajuato,León,,SERVICIOS GASOLINEROS DE MEXICO SA DE CV,PL/19148/EXP/ES/2016,,24.99,29.99,27.00
2026-10-07,Occidente,Guanajuato,León,,ESTACION DE SERVICIO PUERTA GRANDE S DE RL DE CV,PL/18911/EXP/ES/2016,,23.99,29.99,27.00
2026-10-07,Occidente,Guanajuato,León,,SERVICIOS GASOLINEROS DE MEXICO SA DE CV,PL/18904/EXP/ES/2016,,23.99,29.99,27.00
2026-10-07,Occidente,Guanajuato,León,,GRUPO GOCALVI SA DE CV,PL/18790/EXP/ES/2016,,23.29,28.29,26.99
2026-10-07,Occidente,Guanajuato,León,,PETRO LEO SA DE CV,PL/1815/EXP/ES/2015,,23.99,29.99,
2026-10-07,Occidente,Guanajuato,León,,ROCAGAS SA DE CV,PL/1814/EXP/ES/2015,,23.99,29.99,27.00
2026-10-07,Occidente,Guanajuato,León,,GRUPO SECA GASOLINERAS SA DE CV,PL/1810/EXP/ES/2015,,23.99,29.99,27.00
2026-10-07,Occidente,Guanajuato,León,,MAGAÑA SERVICIOS GASOLINEROS SA DE CV,PL/1776/EXP/ES/2015,,23.74,28.99,26.84
2026-10-07,Occidente,Guanajuato,León,,SERVICIOS GASOLINEROS DE MEXICO SA DE CV,PL/1695/EXP/ES/2015,,24.99,29.99,
2026-10-07,Occidente,Guanajuato,León,,SERVICIOS GASOLINEROS DE MEXICO SA DE CV,PL/1694/EXP/ES/2015,,23.99,29.99,27.00
2026-10-07,Occidente,Guanajuato,León,,SERVICIO AZTECA DE LEON SA DE CV,PL/1643/EXP/ES/2015,,23.72,28.78,
2026-10-07,Occidente,Guanajuato,León,,SERVICIO BULLE ANDRADE SA DE CV,PL/1623/EXP/ES/2015,,23.95,29.35,
2026-10-07,Occidente,Guanajuato,León,,SERVICIOS GASOLINEROS DE MEXICO SA DE CV,PL/1612/EXP/ES/2015,,23.99,29.99,27.00
2026-10-07,Occidente,Guanajuato,León,,JOSE DE JESUS MUÑOZ MARQUEZ,PL/1599/EXP/ES/2015,,23.98,28.98,27.00
2026-10-07,Occidente,Guanajuato,León,,HOTELES MOTELES Y SERVICIOS TURISTICOS SAN IGNACIO SA DE CV,PL/1582/EXP/ES/2015,,23.82,28.87,26.98
2026-10-07,Occidente,Guanajuato,León,,BOSCOGAS SA DE CV,PL/1469/EXP/ES/2015,,23.99,28.99,26.79
2026-10-07,Occidente,Guanajuato,León,,JULIO CESAR GAMA RAMSDEN,PL/1338/EXP/ES/2015,,23.99,29.99,27.00
2026-10-07,Occidente,Guanajuato,León,,ES GAS SA DE CV,PL/13104/EXP/ES/2016,,22.88,28.88,26.98
2026-10-07,Occidente,Guanajuato,León,,ES GAS SA DE CV,PL/12862/EXP/ES/2015,,23.89,28.88,
2026-10-07,Occidente,Guanajuato,León,,GASYDISEL DE LEON SA DE CV,PL/12587/EXP/ES/2015,,23.99,29.99,27.00
2026-10-07,Occidente,Guanajuato,León,,ESTACION DE SERVICIO PUERTA GRANDE S DE RL DE CV,PL/1215/EXP/ES/2015,,23.99,29.99,27.00
2026-10-07,Occidente,Guanajuato,León,,ESTACION DE SERVICIO PUERTA GRANDE S DE RL DE CV,PL/1214/EXP/ES/2015,,23.99,29.99,
2026-10-07,Occidente,Guanajuato,León,,ESTACION DE SERVICIO PUERTA GRANDE S DE RL DE CV,PL/1213/EXP/ES/2015,,23.99,29.99,
2026-10-07,Occidente,Guanajuato,León,,SERVICIOS SAN JERONIMO SA DE CV,PL/1208/EXP/ES/2015,,23.79,28.99,27.00
2026-10-07,Occidente,Guanajuato,León,,MEGA GASOLINERAS SA DE CV,PL/1207/EXP/ES/2015,,23.99,29.99,
2026-10-07,Occidente,Guanajuato,León,,RODOLFO ENRIQUEZ MORENO,PL/11993/EXP/ES/2015,,23.90,27.75,
2026-10-07,Occidente,Guanajuato,León,,OLEUM SERVICE SA DE CV,PL/1197/EXP/ES/2015,,23.89,28.65,27.00
2026-10-07,Occidente,Guanajuato,León,,SERVICIO FORRES SA DE CV,PL/1195/EXP/ES/2015,,23.97,29.55,
2026-10-07,Occidente,Guanajuato,León,,MEGA GASOLINERAS SA DE CV,PL/1191/EXP/ES/2015,,23.99,29.99,27.00
2026-10-07,Occidente,Guanajuato,León,,MEGA GASOLINERAS SA DE CV,PL/1184/EXP/ES/2015,,23.99,29.99,27.00
2026-10-07,Occidente,Guanajuato,León,,MEGA GASOLINERAS SA DE CV,PL/1183/EXP/ES/2015,,23.99,29.99,27.00
2026-10-07,Occidente,Guanajuato,León,,BP ESTACIONES Y SERVICIOS ENERGETICOS SA DE CV,PL/1178/EXP/ES/2015,,23.99,29.99,
2026-10-07,Occidente,Guanajuato,León,,MEGA GASOLINERAS SA DE CV,PL/1163/EXP/ES/2015,,23.99,29.99,27.00
2026-10-07,Occidente,Guanajuato,León,,SERVICIO PASAMA SA DE CV,PL/1160/EXP/ES/2015,,23.99,29.98,27.00
2026-10-07,Occidente,Guanajuato,León,,SERVICIOS GASOLINEROS DE MEXICO SA DE CV,PL/11442/EXP/ES/2015,,23.99,29.99,
2026-10-07,Occidente,Guanajuato,León,,GASOLINERIA VILLAS JEMI SA DE CV,PL/1123/EXP/ES/2015,,23.99,29.80,27.00
2026-10-07,Occidente,Guanajuato,León,,SERVICIO GASTUR SA DE CV,PL/10942/EXP/ES/2015,,23.59,28.59,27.00
2026-10-07,Occidente,Guanajuato,León,,SERVICIO MENORES SA DE CV,PL/1090/EXP/ES/2015,,23.99,29.99,27.00
2026-10-07,Occidente,Guanajuato,León,,SERVICIO CASFER SA DE CV,PL/1079/EXP/ES/2015,,23.99,29.97,27.00
2026-10-07,Occidente,Guanajuato,León,,GASOLINERA CASEN SA DE CV,PL/1076/EXP/ES/2015,,23.48,28.91,26.88
2026-10-07,Occidente,Guanajuato,León,,COMBUSTIBLES PREMIER SA DE CV,PL/10616/EXP/ES/2015,,23.49,27.97,
2026-10-07,Occidente,Guanajuato,León,,COMBUSTIBLES BONANZA SA DE CV,PL/10615/EXP/ES/2015,,23.49,28.84,26.69
2026-10-07,Occidente,Guanajuato,León,,SERVICIO JARAMILLO SA DE CV,PL/10614/EXP/ES/2015,,23.49,28.84,26.65
2026-10-07,Occidente,Guanajuato,León,,ESTACION DE SERVICIO LAS HUERTAS SA DE CV,PL/10613/EXP/ES/2015,,23.49,28.84,26.69
2026-10-07,Occidente,Guanajuato,León,,SERVICIO LEON-SILAO SA DE CV,PL/10612/EXP/ES/2015,,23.99,29.95,27.00
2026-10-07,Occidente,Guanajuato,León,,SERVICIO MALECON ORIENTE SA DE CV,PL/10610/EXP/ES/2015,,23.99,29.99,27.00
2026-10-07,Occidente,Guanajuato,León,,SUPER SERVICIO BOULEVARD AUSTRI SA DE CV,PL/10609/EXP/ES/2015,,23.29,27.99,
2026-10-07,Occidente,Guanajuato,León,,SERVICIO BOULEVARD AEROPUERTO SA DE CV,PL/10607/EXP/ES/2015,,23.49,28.84,26.69
2026-10-07,Occidente,Guanajuato,León,,SERVICIO ALJUNCAR SA DE CV,PL/10605/EXP/ES/2015,,23.49,28.84,26.89
2026-10-07,Occidente,Guanajuato,León,,HECTOR JAVIER JUDAS ENRIQUEZ MORENO,PL/10603/EXP/ES/2015,,22.99,27.99,
2026-10-07,Occidente,Guanajuato,León,,MEGA GASOLINERAS SA DE CV,PL/1057/EXP/ES/2015,,23.99,29.99,
2026-10-07,Occidente,Guanajuato,León,,ESTACION DE SERVICIO LEON S DE RL DE CV,PL/1027/EXP/ES/2015,,23.99,29.99,
2026-10-07,Occidente,Guanajuato,León,,ESTACION DE SERVICIO LEON S DE RL DE CV,PL/1026/EXP/ES/2015,,23.99,29.99,27.00
2026-10-07,Occidente,Guanajuato,León,,OPERADORA JOSFA SA DE CV,PL/10004/EXP/ES/2015,,22.95,27.90,
2026-10-07,Occidente,Guanajuato,León,,SERVICIO LAS TORRES NORTE SA DE CV,PL/10001/EXP/ES/2015,,22.95,27.90,
2026-10-07,Occidente,Guanajuato,León,,SERVICIO DELTA SA DE CV,PL/10000/EXP/ES/2015,,22.95,27.90,26.99
2026-10-07,Occidente,Guanajuato,León,,MEGA GASOLINERAS SA DE CV,CNE/PL/442/EXP/ES/2025,,23.99,29.99,27.00
2026-10-07,Occidente,Guanajuato,León,,AMY SKY LINE SA DE CV,CNE/PL/18/EXP/ES/2025,,23.99,27.99,26.99
2026-10-08,Occidente,Guanajuato,León,,SERVICIO LAS TORRES SUR SA DE CV,PL/9999/EXP/ES/2015,,22.95,27.90,
2026-10-08,Occidente,Guanajuato,León,,ESTACION DE SERVICIO LEON S DE RL DE CV,PL/996/EXP/ES/2015,,23.99,29.99,27.00
2026-10-08,Occidente,Guanajuato,León,,BRISCAN SA DE CV,PL/9692/EXP/ES/2015,,23.39,28.79,
2026-10-08,Occidente,Guanajuato,León,,HIDROCARBUROS Y GASOLINAS DE LEON SA DE CV,PL/9676/EXP/ES/2015,,23.75,29.99,27.00
2026-10-08,Occidente,Guanajuato,León,,SERVICIOS GASOLINEROS DE MEXICO SA DE CV,PL/9499/EXP/ES/2015,,23.99,29.99,27.00
2026-10-08,Occidente,Guanajuato,León,,ESTACION DE SERVICIO LEON S DE RL DE CV,PL/938/EXP/ES/2015,,23.99,29.99,27.00
2026-10-08,Occidente,Guanajuato,León,,SERVICIO LAS HILAMAS SA DE CV,PL/9347/EXP/ES/2015,,23.99,29.99,27.00
2026-10-08,Occidente,Guanajuato,León,,ESTACION DE SERVICIO LEON S DE RL DE CV,PL/933/EXP/ES/2015,,23.99,29.99,27.00
2026-10-08,Occidente,Guanajuato,León,,SERVICIOS GASOLINEROS DE MEXICO SA DE CV,PL/9302/EXP/ES/2015,,23.99,29.99,27.00
2026-10-08,Occidente,Guanajuato,León,,SERVICIOS GASOLINEROS DE MEXICO SA DE CV,PL/9110/EXP/ES/2015,,23.99,29.99,27.00
2026-10-08,Occidente,Guanajuato,León,,SERVICIOS GASOLINEROS DE MEXICO SA DE CV,PL/9109/EXP/ES/2015,,23.99,29.99,27.00
2026-10-08,Occidente,Guanajuato,León,,SERVICIOS GASOLINEROS DE MEXICO SA DE CV,PL/9107/EXP/ES/2015,,23.99,29.99,27.00
2026-10-08,Occidente,Guanajuato,León,,COMERCIALIZADORA DE HIDROCARBUROS DE LEON SA DE CV,PL/8874/EXP/ES/2015,,23.75,29.99,27.00
2026-10-08,Occidente,Guanajuato,León,,ESTACION DE SERVICIO LEON S DE RL DE CV,PL/878/EXP/ES/2015,,23.99,29.99,27.00
2026-10-08,Occidente,Guanajuato,León,,ESTACION DE SERVICIO LEON S DE RL DE CV,PL/877/EXP/ES/2015,,23.99,29.99,27.00
2026-10-08,Occidente,Guanajuato,León,,ESTACION DE SERVICIO LEON S DE RL DE CV,PL/859/EXP/ES/2015,,23.99,29.99,27.00
2026-10-08,Occidente,Guanajuato,León,,ESTACION DE SERVICIO LEON S DE RL DE CV,PL/841/EXP/ES/2015,,23.59,29.99,
2026-10-08,Occidente,Guanajuato,León,,ESTACION DE SERVICIO LEON S DE RL DE CV,PL/829/EXP/ES/2015,,23.99,29.99,27.00
2026-10-08,Occidente,Guanajuato,León,,HIDROSINA PLUS S A P I DE CV,PL/8239/EXP/ES/2015,,22.99,27.99,
2026-10-08,Occidente,Guanajuato,León,,SERVICIOS GASOLINEROS DE MEXICO SA DE CV,PL/8158/EXP/ES/2015,,23.99,29.99,
2026-10-08,Occidente,Guanajuato,León,,SERVICIOS GASOLINEROS DE MEXICO SA DE CV,PL/8157/EXP/ES/2015,,23.99,29.99,27.00
2026-10-08,Occidente,Guanajuato,León,,SERVICIO SAN JOSE DEL ALTO SA DE CV,PL/7730/EXP/ES/2015,,22.85,27.94,
2026-10-08,Occidente,Guanajuato,León,,SERVICIOS GASOLINEROS DE MEXICO SA DE CV,PL/7602/EXP/ES/2015,,23.99,29.99,
2026-10-08,Occidente,Guanajuato,León,,SERVICIOS GASOLINEROS DE MEXICO SA DE CV,PL/7599/EXP/ES/2015,,23.99,29.99,
2026-10-08,Occidente,Guanajuato,León,,SERVICIOS GASOLINEROS DE MEXICO SA DE CV,PL/7592/EXP/ES/2015,,23.99,29.99,27.00
2026-10-08,Occidente,Guanajuato,León,,SERVICIOS GASOLINEROS DE MEXICO SA DE CV,PL/7587/EXP/ES/2015,,23.99,29.99,
2026-10-08,Occidente,Guanajuato,León,,SERVICIOS GASOLINEROS DE MEXICO SA DE CV,PL/7585/EXP/ES/2015,,23.99,29.99,
2026-10-08,Occidente,Guanajuato,León,,SERVICIOS GASOLINEROS DE MEXICO SA DE CV,PL/7574/EXP/ES/2015,,23.99,29.99,
2026-10-08,Occidente,Guanajuato,León,,SERVICIOS GASOLINEROS DE MEXICO SA DE CV,PL/7571/EXP/ES/2015,,23.99,29.99,27.00
2026-10-08,Occidente,Guanajuato,León,,SERVICIOS GASOLINEROS DE MEXICO SA DE CV,PL/7566/EXP/ES/2015,,23.99,29.99,27.00
2026-10-08,Occidente,Guanajuato,León,,SERVICIOS GASOLINEROS DE MEXICO SA DE CV,PL/7559/EXP/ES/2015,,23.99,29.99,27.00
2026-10-08,Occidente,Guanajuato,León,,SERVICIOS GASOLINEROS DE MEXICO SA DE CV,PL/7554/EXP/ES/2015,,23.99,29.99,27.00
2026-10-08,Occidente,Guanajuato,León,,SERVICIOS GASOLINEROS DE MEXICO SA DE CV,PL/7482/EXP/ES/2015,,23.99,25.60,
2026-10-08,Occidente,Guanajuato,León,,SERVICIOS GASOLINEROS DE MEXICO SA DE CV,PL/7455/EXP/ES/2015,,23.99,25.60,
2026-10-08,Occidente,Guanajuato,León,,SERVICIOS GASOLINEROS DE MEXICO SA DE CV,PL/7445/EXP/ES/2015,,23.99,29.99,
2026-10-08,Occidente,Guanajuato,León,,SERVICIOS GASOLINEROS DE MEXICO SA DE CV,PL/7439/EXP/ES/2015,,23.99,27.69,
2026-10-08,Occidente,Guanajuato,León,,SERVICIOS GASOLINEROS DE MEXICO SA DE CV,PL/7437/EXP/ES/2015,,23.99,27.69,
2026-10-08,Occidente,Guanajuato,León,,SERVICIOS GASOLINEROS DE MEXICO SA DE CV,PL/7430/EXP/ES/2015,,23.99,29.99,27.00
2026-10-08,Occidente,Guanajuato,León,,SERVICIOS GASOLINEROS DE MEXICO SA DE CV,PL/7421/EXP/ES/2015,,23.99,29.99,
2026-10-08,Occidente,Guanajuato,León,,SERVICIOS GASOLINEROS DE MEXICO SA DE CV,PL/7415/EXP/ES/2015,,23.99,29.99,27.00
2026-10-08,Occidente,Guanajuato,León,,SERVICIO SIGLO XXI S DE RL DE CV,PL/7022/EXP/ES/2015,,23.99,29.69,26.99
2026-10-08,Occidente,Guanajuato,León,,SERVICIO SIGLO XXI S DE RL DE CV,PL/7021/EXP/ES/2015,,23.99,,27.00
2026-10-08,Occidente,Guanajuato,León,,KOPLA S DE RL DE CV,PL/6793/EXP/ES/2015,,23.99,29.87,26.99
2026-10-08,Occidente,Guanajuato,León,,ESTACION DE SERVICIO LEON S DE RL DE CV,PL/6584/EXP/ES/2015,,23.99,29.99,27.00
2026-10-08,Occidente,Guanajuato,León,,ESTACION DE SERVICIO LEON S DE RL DE CV,PL/6583/EXP/ES/2015,,23.59,29.99,
2026-10-08,Occidente,Guanajuato,León,,MAURICIO DEL SAGRADO CORAZON ENRIQUEZ MOREN,PL/6581/EXP/ES/2015,,22.85,27.94,26.76
2026-10-08,Occidente,Guanajuato,León,,SERVICIO DE GASOLINAS Y LUBRICANTES SA DE CV,PL/6575/EXP/ES/2015,,22.56,27.84,
2026-10-08,Occidente,Guanajuato,León,,SERVICIO MIRADOR CAMPESTRE SA DE CV,PL/6573/EXP/ES/2015,,22.56,27.84,
2026-10-08,Occidente,Guanajuato,León,,SERVICIO NIÑO DON BOSCO SA DE CV,PL/6570/EXP/ES/2015,,22.85,27.94,
2026-10-08,Occidente,Guanajuato,León,,SERVICIO NIÑO DON BOSCO SA DE CV,PL/6567/EXP/ES/2015,,22.72,27.94,
2026-10-08,Occidente,Guanajuato,León,,SERVICIO FRANCISCO VILLA SA DE CV,PL/6471/EXP/ES/2015,,23.60,28.50,27.00
2026-10-08,Occidente,Guanajuato,León,,SUMINISTROS BASICOS DE COMBUSTIBLES Y ENERGETICOS SA DE CV,PL/6453/EXP/ES/2015,,23.99,27.49,
2026-10-08,Occidente,Guanajuato,León,,SUMINISTROS BASICOS DE COMBUSTIBLES Y ENERGETICOS SA DE CV,PL/6451/EXP/ES/2015,,22.99,27.49,26.99
2026-10-08,Occidente,Guanajuato,León,,SUMINISTROS BASICOS DE COMBUSTIBLES Y ENERGETICOS SA DE CV,PL/6449/EXP/ES/2015,,23.99,27.49,
2026-10-08,Occidente,Guanajuato,León,,SERVICIO PEDREGAL DEL CARMEN SA DE CV,PL/6189/EXP/ES/2015,,23.99,29.99,27.00
2026-10-08,Occidente,Guanajuato,León,,SERVICIO HERMANOS ALDAMA SA DE CV,PL/6176/EXP/ES/2015,,23.99,29.99,27.00
2026-10-08,Occidente,Guanajuato,León,,OPERADORA LA HERRADURA SA DE CV,PL/4391/EXP/ES/2015,,23.89,29.79,26.99
2026-10-08,Occidente,Guanajuato,León,,COMBUSTIBLES DE LEON SA DE CV,PL/4390/EXP/ES/2015,,23.89,29.79,26.99
2026-10-08,Occidente,Guanajuato,León,,SERVICENTRO DE LEON SA DE CV,PL/4387/EXP/ES/2015,,23.79,29.79,26.99
2026-10-08,Occidente,Guanajuato,León,,ESTACION DE SERVICIO PUERTA GRANDE S DE RL DE CV,PL/4297/EXP/ES/2015,,23.99,29.99,27.00
2026-10-08,Occidente,Guanajuato,León,,SERVICIO DEL EJE DE LEON SA DE CV,PL/4213/EXP/ES/2015,,23.52,28.60,27.00
2026-10-08,Occidente,Guanajuato,León,,ESTACION DE SERVICIO HIDALGO SA DE CV,PL/3952/EXP/ES/2015,,23.99,29.89,
2026-10-08,Occidente,Guanajuato,León,,SERVICIO AZTECA DE LEON SA DE CV,PL/3768/EXP/ES/2015,,23.72,28.78,26.98
2026-10-08,Occidente,Guanajuato,León,,GUILLERMO ENRIQUEZ MORENO,PL/3720/EXP/ES/2015,,,28.95,
2026-10-08,Occidente,Guanajuato,León,,SERVICIO ESPECIALIZADO INTEGRAL DE LEON SA DE CV,PL/3671/EXP/ES/2015,,23.99,29.39,27.00
2026-10-08,Occidente,Guanajuato,León,,SERVICIOS GASOLINEROS DE MEXICO SA DE CV,PL/3617/EXP/ES/2015,,23.99,29.99,
2026-10-08,Occidente,Guanajuato,León,,SERVICIO LIBRAMIENTO NORTE SA DE CV,PL/3439/EXP/ES/2015,,23.99,29.99,27.00
2026-10-08,Occidente,Guanajuato,León,,MEGA GASOLINERAS SA DE CV,PL/3425/EXP/ES/2015,,23.99,29.99,27.00
2026-10-08,Occidente,Guanajuato,León,,SERVICIO LIBRAMIENTO NORTE SA DE CV,PL/3333/EXP/ES/2015,,23.99,29.99,27.00
2026-10-08,Occidente,Guanajuato,León,,GASOLINERA LOGO SA,PL/3296/EXP/ES/2015,,23.99,29.99,27.00
2026-10-08,Occidente,Guanajuato,León,,GRUPO SECA GASOLINERAS SA DE CV,PL/3213/EXP/ES/2015,,23.99,29.99,27.00
2026-10-08,Occidente,Guanajuato,León,,GASO SHOP SA DE CV,PL/3130/EXP/ES/2015,,23.29,27.90,
2026-10-08,Occidente,Guanajuato,León,,GASOLINERA FRANCISCO VILLA NORTE SA DE CV,PL/2890/EXP/ES/2015,,23.99,29.89,27.00
2026-10-08,Occidente,Guanajuato,León,,SERVICIOS GONRI SA DE CV,PL/2866/EXP/ES/2015,,23.99,29.19,27.41
2026-10-08,Occidente,Guanajuato,León,,COMERCIALIZADORA DE COMBUSTIBLE POMPA SOCIEDAD ANONIMA DE CAPITAL VARIABLE,PL/2677/EXP/ES/2015,,23.99,29.89,27.00
2026-10-08,Occidente,Guanajuato,León,,GRUPO SECA GASOLINERAS SA DE CV,PL/26183/EXP/ES/2025,,23.99,29.99,27.00
2026-10-08,Occidente,Guanajuato,León,,CENTAURO MOTOR SA DE CV,PL/2556/EXP/ES/2015,,23.99,29.99,27.00
2026-10-08,Occidente,Guanajuato,León,,GASOLINERA UNION SA DE CV,PL/2544/EXP/ES/2015,,23.98,29.94,26.95
2026-10-08,Occidente,Guanajuato,León,,ENERGETICOS DEL ALTIPLANO SA DE CV,PL/25255/EXP/ES/2023,,23.99,28.29,27.00
2026-10-08,Occidente,Guanajuato,León,,MEGA GASOLINERAS SA DE CV,PL/25116/EXP/ES/2023,,23.99,29.99,27.00
2026-10-08,Occidente,Guanajuato,León,,ENERGETICOS DEL ALTIPLANO SA DE CV,PL/24993/EXP/ES/2023,,23.99,29.09,27.00
2026-10-08,Occidente,Guanajuato,León,,ENERRED S DE RL DE CV,PL/24942/EXP/ES/2023,,23.99,29.99,27.00
2026-10-08,Occidente,Guanajuato,León,,MEGA GASOLINERAS SA DE CV,PL/24911/EXP/ES/2023,,23.99,29.99,27.00
2026-10-08,Occidente,Guanajuato,León,,MEGA GASOLINERAS SA DE CV,PL/24893/EXP/ES/2023,,23.99,29.99,27.00
2026-10-08,Occidente,Guanajuato,León,,ENERGETICOS DEL ALTIPLANO SA DE CV,PL/24824/EXP/ES/2023,,23.99,28.79,27.00
2026-10-08,Occidente,Guanajuato,León,,GRUPO LEOGAL S DE RL DE CV,PL/24792/EXP/ES/2022,,23.99,29.59,27.00
2026-10-08,Occidente,Guanajuato,León,,LOS ANGELES SERVICIO SA DE CV,PL/2477/EXP/ES/2015,,23.99,29.98,
2026-10-08,Occidente,Guanajuato,León,,"ASESORIA ESPECIALIZADA EN EL SECTOR HIDROCARBUROS CENTRO-OCCIDENTE, S.C.",PL/24681/EXP/ES/2022,,23.29,27.90,26.79
2026-10-08,Occidente,Guanajuato,León,,MEGA GASOLINERAS SA DE CV,PL/24605/EXP/ES/2022,,23.99,29.99,27.00
2026-10-08,Occidente,Guanajuato,León,,SERVICIOS GASOLINEROS DE MEXICO SA DE CV,PL/24386/EXP/ES/2022,,23.99,29.99,27.00
2026-10-08,Occidente,Guanajuato,León,,MAYOMEX ARELI PETROLEUM S DE RL DE CV,PL/2372/EXP/ES/2015,,23.99,29.99,26.99
2026-10-08,Occidente,Guanajuato,León,,MEGA GASOLINERAS SA DE CV,PL/23512/EXP/ES/2020,,23.99,29.99,27.00
2026-10-08,Occidente,Guanajuato,León,,MEGA GASOLINERAS SA DE CV,PL/23246/EXP/ES/2020,,23.99,29.99,27.00
2026-10-08,Occidente,Guanajuato,León,,MEGA GASOLINERAS SA DE CV,PL/23244/EXP/ES/2020,,23.99,29.99,27.00
2026-10-08,Occidente,Guanajuato,León,,MEGA GASOLINERAS SA DE CV,PL/23242/EXP/ES/2020,,23.99,29.99,
2026-10-08,Occidente,Guanajuato,León,,COSTCO GAS SA DE CV,PL/23213/EXP/ES/2020,,23.39,28.49,
2026-10-08,Occidente,Guanajuato,León,,SERVICIOS GASOLINEROS DE MEXICO SA DE CV,PL/22890/EXP/ES/2019,,23.99,29.99,27.00
2026-10-08,Occidente,Guanajuato,León,,ESTACION DE SERVICIO PUERTA GRANDE S DE RL DE CV,PL/2266/EXP/ES/2015,,23.99,29.99,27.00
2026-10-08,Occidente,Guanajuato,León,,MULTISERVICIOS CRESGRA SA DE CV,PL/22628/EXP/ES/2019,,22.99,27.59,
2026-10-08,Occidente,Guanajuato,León,,MEGA GASOLINERAS SA DE CV,PL/22627/EXP/ES/2019,,23.99,29.99,27.00
2026-10-08,Occidente,Guanajuato,León,,MEGA GASOLINERAS SA DE CV,PL/22621/EXP/ES/2019,,23.99,29.99,27.00
2026-10-08,Occidente,Guanajuato,León,,MEGA GASOLINERAS SA DE CV,PL/22620/EXP/ES/2019,,23.99,29.99,27.00
2026-10-08,Occidente,Guanajuato,León,,MEGA GASOLINERAS SA DE CV,PL/22618/EXP/ES/2019,,23.99,29.99,27.00
2026-10-08,Occidente,Guanajuato,León,,MEGA GASOLINERAS SA DE CV,PL/22617/EXP/ES/2019,,23.99,29.99,27.00
2026-10-08,Occidente,Guanajuato,León,,COSTCO GAS SA DE CV,PL/22362/EXP/ES/2019,,23.79,28.99,
2026-10-08,Occidente,Guanajuato,Silao,,OPERADORA LA HERRADURA SA DE CV,PL/22064/EXP/ES/2019,,23.89,29.79,26.99
2026-10-08,Occidente,Guanajuato,León,,SERVICIO AGIL DE GASOLINAS SA DE CV,PL/2171/EXP/ES/2015,,23.99,29.69,
2026-10-08,Occidente,Guanajuato,León,,ESTACION DE SERVICIO PUERTA GRANDE S DE RL DE CV,PL/21173/EXP/ES/2018,,23.99,29.99,27.00
2026-10-08,Occidente,Guanajuato,León,,SERVICIO CHOPA SA DE CV,PL/21129/EXP/ES/2018,,23.79,27.79,28.89
2026-10-08,Occidente,Guanajuato,León,,SERVICIOS GASOLINEROS DE MEXICO SA DE CV,PL/20494/EXP/ES/2017,,23.99,29.99,27.00
2026-10-08,Occidente,Guanajuato,León,,ESTACION DE SERVICIO PUERTA GRANDE S DE RL DE CV,PL/20492/EXP/ES/2017,,23.99,29.99,27.00
2026-10-08,Occidente,Guanajuato,León,,COMBUSTIBLES Y LUBRICANTES DEL CRESPO SA DE CV,PL/20397/EXP/ES/2017,,23.69,28.99,27.00
2026-10-08,Occidente,Guanajuato,León,,SERVICIOS GASOLINEROS DE MEXICO SA DE CV,PL/19563/EXP/ES/2016,,23.99,29.99,27.00
2026-10-08,Occidente,Guanajuato,León,,ESTACION DE SERVICIO PUERTA GRANDE S DE RL DE CV,PL/19485/EXP/ES/2016,,23.99,29.99,27.00
2026-10-08,Occidente,Guanajuato,León,,SERVICIOS GASOLINEROS DE MEXICO SA DE CV,PL/19229/EXP/ES/2016,,23.99,29.99,27.00
2026-10-08,Occidente,Guanajuato,León,,SERVICIOS GASOLINEROS DE MEXICO SA DE CV,PL/19148/EXP/ES/2016,,24.99,29.99,27.00
2026-10-08,Occidente,Guanajuato,León,,ESTACION DE SERVICIO PUERTA GRANDE S DE RL DE CV,PL/18911/EXP/ES/2016,,23.99,29.99,27.00
2026-10-08,Occidente,Guanajuato,León,,SERVICIOS GASOLINEROS DE MEXICO SA DE CV,PL/18904/EXP/ES/2016,,23.99,29.99,27.00
2026-10-08,Occidente,Guanajuato,León,,GRUPO GOCALVI SA DE CV,PL/18790/EXP/ES/2016,,23.29,28.29,26.99
2026-10-08,Occidente,Guanajuato,León,,PETRO LEO SA DE CV,PL/1815/EXP/ES/2015,,23.99,29.99,
2026-10-08,Occidente,Guanajuato,León,,ROCAGAS SA DE CV,PL/1814/EXP/ES/2015,,23.99,29.99,27.00
2026-10-08,Occidente,Guanajuato,León,,GRUPO SECA GASOLINERAS SA DE CV,PL/1810/EXP/ES/2015,,23.99,29.99,27.00
2026-10-08,Occidente,Guanajuato,León,,MAGAÑA SERVICIOS GASOLINEROS SA DE CV,PL/1776/EXP/ES/2015,,23.74,28.99,26.84
2026-10-08,Occidente,Guanajuato,León,,SERVICIOS GASOLINEROS DE MEXICO SA DE CV,PL/1695/EXP/ES/2015,,24.99,29.99,
2026-10-08,Occidente,Guanajuato,León,,SERVICIOS GASOLINEROS DE MEXICO SA DE CV,PL/1694/EXP/ES/2015,,23.99,29.99,27.00
2026-10-08,Occidente,Guanajuato,León,,SERVICIO AZTECA DE LEON SA DE CV,PL/1643/EXP/ES/2015,,23.72,28.78,
2026-10-08,Occidente,Guanajuato,León,,SERVICIO BULLE ANDRADE SA DE CV,PL/1623/EXP/ES/2015,,23.95,29.35,
2026-10-08,Occidente,Guanajuato,León,,SERVICIOS GASOLINEROS DE MEXICO SA DE CV,PL/1612/EXP/ES/2015,,23.99,29.99,27.00
2026-10-08,Occidente,Guanajuato,León,,JOSE DE JESUS MUÑOZ MARQUEZ,PL/1599/EXP/ES/2015,,23.98,28.98,27.00
2026-10-08,Occidente,Guanajuato,León,,HOTELES MOTELES Y SERVICIOS TURISTICOS SAN IGNACIO SA DE CV,PL/1582/EXP/ES/2015,,23.82,28.87,26.98
2026-10-08,Occidente,Guanajuato,León,,BOSCOGAS SA DE CV,PL/1469/EXP/ES/2015,,23.99,28.99,26.79
2026-10-08,Occidente,Guanajuato,León,,JULIO CESAR GAMA RAMSDEN,PL/1338/EXP/ES/2015,,23.99,29.99,27.00
2026-10-08,Occidente,Guanajuato,León,,ES GAS SA DE CV,PL/13104/EXP/ES/2016,,22.88,28.88,26.98
2026-10-08,Occidente,Guanajuato,León,,ES GAS SA DE CV,PL/12862/EXP/ES/2015,,23.89,28.88,
2026-10-08,Occidente,Guanajuato,León,,GASYDISEL DE LEON SA DE CV,PL/12587/EXP/ES/2015,,23.99,29.99,27.00
2026-10-08,Occidente,Guanajuato,León,,ESTACION DE SERVICIO PUERTA GRANDE S DE RL DE CV,PL/1215/EXP/ES/2015,,23.99,29.99,27.00
2026-10-08,Occidente,Guanajuato,León,,ESTACION DE SERVICIO PUERTA GRANDE S DE RL DE CV,PL/1214/EXP/ES/2015,,23.99,29.99,
2026-10-08,Occidente,Guanajuato,León,,ESTACION DE SERVICIO PUERTA GRANDE S DE RL DE CV,PL/1213/EXP/ES/2015,,23.99,29.99,
2026-10-08,Occidente,Guanajuato,León,,SERVICIOS SAN JERONIMO SA DE CV,PL/1208/EXP/ES/2015,,23.79,28.99,27.00
2026-10-08,Occidente,Guanajuato,León,,MEGA GASOLINERAS SA DE CV,PL/1207/EXP/ES/2015,,23.99,29.99,
2026-10-08,Occidente,Guanajuato,León,,RODOLFO ENRIQUEZ MORENO,PL/11993/EXP/ES/2015,,23.90,27.75,
2026-10-08,Occidente,Guanajuato,León,,OLEUM SERVICE SA DE CV,PL/1197/EXP/ES/2015,,23.89,28.65,27.00
2026-10-08,Occidente,Guanajuato,León,,SERVICIO FORRES SA DE CV,PL/1195/EXP/ES/2015,,23.97,29.55,
2026-10-08,Occidente,Guanajuato,León,,MEGA GASOLINERAS SA DE CV,PL/1191/EXP/ES/2015,,23.99,29.99,27.00
2026-10-08,Occidente,Guanajuato,León,,MEGA GASOLINERAS SA DE CV,PL/1184/EXP/ES/2015,,23.99,29.99,27.00
2026-10-08,Occidente,Guanajuato,León,,MEGA GASOLINERAS SA DE CV,PL/1183/EXP/ES/2015,,23.99,29.99,27.00
2026-10-08,Occidente,Guanajuato,León,,BP ESTACIONES Y SERVICIOS ENERGETICOS SA DE CV,PL/1178/EXP/ES/2015,,23.99,29.99,
2026-10-08,Occidente,Guanajuato,León,,MEGA GASOLINERAS SA DE CV,PL/1163/EXP/ES/2015,,23.99,29.99,27.00
2026-10-08,Occidente,Guanajuato,León,,SERVICIO PASAMA SA DE CV,PL/1160/EXP/ES/2015,,23.99,29.98,27.00
2026-10-08,Occidente,Guanajuato,León,,SERVICIOS GASOLINEROS DE MEXICO SA DE CV,PL/11442/EXP/ES/2015,,23.99,29.99,
2026-10-08,Occidente,Guanajuato,León,,GASOLINERIA VILLAS JEMI SA DE CV,PL/1123/EXP/ES/2015,,23.99,29.80,27.00
2026-10-08,Occidente,Guanajuato,León,,SERVICIO GASTUR SA DE CV,PL/10942/EXP/ES/2015,,23.59,28.59,27.00
2026-10-08,Occidente,Guanajuato,León,,SERVICIO MENORES SA DE CV,PL/1090/EXP/ES/2015,,23.99,29.99,27.00
2026-10-08,Occidente,Guanajuato,León,,SERVICIO CASFER SA DE CV,PL/1079/EXP/ES/2015,,23.99,29.97,27.00
2026-10-08,Occidente,Guanajuato,León,,GASOLINERA CASEN SA DE CV,PL/1076/EXP/ES/2015,,23.48,28.91,26.88
2026-10-08,Occidente,Guanajuato,León,,COMBUSTIBLES PREMIER SA DE CV,PL/10616/EXP/ES/2015,,23.49,27.97,
2026-10-08,Occidente,Guanajuato,León,,COMBUSTIBLES BONANZA SA DE CV,PL/10615/EXP/ES/2015,,23.49,28.84,26.69
2026-10-08,Occidente,Guanajuato,León,,SERVICIO JARAMILLO SA DE CV,PL/10614/EXP/ES/2015,,23.49,28.84,26.65
2026-10-08,Occidente,Guanajuato,León,,ESTACION DE SERVICIO LAS HUERTAS SA DE CV,PL/10613/EXP/ES/2015,,23.49,28.84,26.69
2026-10-08,Occidente,Guanajuato,León,,SERVICIO LEON-SILAO SA DE CV,PL/10612/EXP/ES/2015,,23.99,29.95,27.00
2026-10-08,Occidente,Guanajuato,León,,SERVICIO MALECON ORIENTE SA DE CV,PL/10610/EXP/ES/2015,,23.99,29.99,27.00
2026-10-08,Occidente,Guanajuato,León,,SUPER SERVICIO BOULEVARD AUSTRI SA DE CV,PL/10609/EXP/ES/2015,,23.29,27.99,
2026-10-08,Occidente,Guanajuato,León,,SERVICIO BOULEVARD AEROPUERTO SA DE CV,PL/10607/EXP/ES/2015,,23.49,28.84,26.69
2026-10-08,Occidente,Guanajuato,León,,SERVICIO ALJUNCAR SA DE CV,PL/10605/EXP/ES/2015,,23.49,28.84,26.89
2026-10-08,Occidente,Guanajuato,León,,HECTOR JAVIER JUDAS ENRIQUEZ MORENO,PL/10603/EXP/ES/2015,,22.99,27.99,
2026-10-08,Occidente,Guanajuato,León,,MEGA GASOLINERAS SA DE CV,PL/1057/EXP/ES/2015,,23.99,29.99,
2026-10-08,Occidente,Guanajuato,León,,ESTACION DE SERVICIO LEON S DE RL DE CV,PL/1027/EXP/ES/2015,,23.99,29.99,
2026-10-08,Occidente,Guanajuato,León,,ESTACION DE SERVICIO LEON S DE RL DE CV,PL/1026/EXP/ES/2015,,23.99,29.99,27.00
2026-10-08,Occidente,Guanajuato,León,,OPERADORA JOSFA SA DE CV,PL/10004/EXP/ES/2015,,22.95,27.90,
2026-10-08,Occidente,Guanajuato,León,,SERVICIO LAS TORRES NORTE SA DE CV,PL/10001/EXP/ES/2015,,22.95,27.90,
2026-10-08,Occidente,Guanajuato,León,,SERVICIO DELTA SA DE CV,PL/10000/EXP/ES/2015,,22.95,27.90,26.99
2026-10-08,Occidente,Guanajuato,León,,MEGA GASOLINERAS SA DE CV,CNE/PL/442/EXP/ES/2025,,23.99,29.99,27.00
2026-10-08,Occidente,Guanajuato,León,,AMY SKY LINE SA DE CV,CNE/PL/18/EXP/ES/2025,,23.99,27.99,26.99
2026-10-09,Occidente,Guanajuato,León,,SERVICIO LAS TORRES SUR SA DE CV,PL/9999/EXP/ES/2015,,22.95,27.90,
2026-10-09,Occidente,Guanajuato,León,,ESTACION DE SERVICIO LEON S DE RL DE CV,PL/996/EXP/ES/2015,,23.99,29.99,27.00
2026-10-09,Occidente,Guanajuato,León,,BRISCAN SA DE CV,PL/9692/EXP/ES/2015,,23.39,28.79,
2026-10-09,Occidente,Guanajuato,León,,HIDROCARBUROS Y GASOLINAS DE LEON SA DE CV,PL/9676/EXP/ES/2015,,23.75,29.99,27.00
2026-10-09,Occidente,Guanajuato,León,,SERVICIOS GASOLINEROS DE MEXICO SA DE CV,PL/9499/EXP/ES/2015,,23.99,29.99,27.00
2026-10-09,Occidente,Guanajuato,León,,ESTACION DE SERVICIO LEON S DE RL DE CV,PL/938/EXP/ES/2015,,23.99,29.99,27.00
2026-10-09,Occidente,Guanajuato,León,,SERVICIO LAS HILAMAS SA DE CV,PL/9347/EXP/ES/2015,,23.99,29.99,27.00
2026-10-09,Occidente,Guanajuato,León,,ESTACION DE SERVICIO LEON S DE RL DE CV,PL/933/EXP/ES/2015,,23.99,29.99,27.00
2026-10-09,Occidente,Guanajuato,León,,SERVICIOS GASOLINEROS DE MEXICO SA DE CV,PL/9302/EXP/ES/2015,,23.99,29.99,27.00
2026-10-09,Occidente,Guanajuato,León,,SERVICIOS GASOLINEROS DE MEXICO SA DE CV,PL/9110/EXP/ES/2015,,23.99,29.99,27.00
2026-10-09,Occidente,Guanajuato,León,,SERVICIOS GASOLINEROS DE MEXICO SA DE CV,PL/9109/EXP/ES/2015,,23.99,29.99,27.00
2026-10-09,Occidente,Guanajuato,León,,SERVICIOS GASOLINEROS DE MEXICO SA DE CV,PL/9107/EXP/ES/2015,,23.99,29.99,27.00
2026-10-09,Occidente,Guanajuato,León,,COMERCIALIZADORA DE HIDROCARBUROS DE LEON SA DE CV,PL/8874/EXP/ES/2015,,23.75,29.99,27.00
2026-10-09,Occidente,Guanajuato,León,,ESTACION DE SERVICIO LEON S DE RL DE CV,PL/878/EXP/ES/2015,,23.99,29.99,27.00
2026-10-09,Occidente,Guanajuato,León,,ESTACION DE SERVICIO LEON S DE RL DE CV,PL/877/EXP/ES/2015,,23.99,29.99,27.00
2026-10-09,Occidente,Guanajuato,León,,ESTACION DE SERVICIO LEON S DE RL DE CV,PL/859/EXP/ES/2015,,23.99,29.99,27.00
2026-10-09,Occidente,Guanajuato,León,,ESTACION DE SERVICIO LEON S DE RL DE CV,PL/841/EXP/ES/2015,,23.59,29.99,
2026-10-09,Occidente,Guanajuato,León,,ESTACION DE SERVICIO LEON S DE RL DE CV,PL/829/EXP/ES/2015,,23.99,29.99,27.00
2026-10-09,Occidente,Guanajuato,León,,HIDROSINA PLUS S A P I DE CV,PL/8239/EXP/ES/2015,,22.99,27.99,
2026-10-09,Occidente,Guanajuato,León,,SERVICIOS GASOLINEROS DE MEXICO SA DE CV,PL/8158/EXP/ES/2015,,23.99,29.99,
2026-10-09,Occidente,Guanajuato,León,,SERVICIOS GASOLINEROS DE MEXICO SA DE CV,PL/8157/EXP/ES/2015,,23.99,29.99,27.00
2026-10-09,Occidente,Guanajuato,León,,SERVICIO SAN JOSE DEL ALTO SA DE CV,PL/7730/EXP/ES/2015,,22.85,27.94,
2026-10-09,Occidente,Guanajuato,León,,SERVICIOS GASOLINEROS DE MEXICO SA DE CV,PL/7602/EXP/ES/2015,,23.99,29.99,
2026-10-09,Occidente,Guanajuato,León,,SERVICIOS GASOLINEROS DE MEXICO SA DE CV,PL/7599/EXP/ES/2015,,23.99,29.99,
2026-10-09,Occidente,Guanajuato,León,,SERVICIOS GASOLINEROS DE MEXICO SA DE CV,PL/7592/EXP/ES/2015,,23.99,29.99,27.00
2026-10-09,Occidente,Guanajuato,León,,SERVICIOS GASOLINEROS DE MEXICO SA DE CV,PL/7587/EXP/ES/2015,,23.99,29.99,
2026-10-09,Occidente,Guanajuato,León,,SERVICIOS GASOLINEROS DE MEXICO SA DE CV,PL/7585/EXP/ES/2015,,23.99,29.99,
2026-10-09,Occidente,Guanajuato,León,,SERVICIOS GASOLINEROS DE MEXICO SA DE CV,PL/7574/EXP/ES/2015,,23.99,29.99,
2026-10-09,Occidente,Guanajuato,León,,SERVICIOS GASOLINEROS DE MEXICO SA DE CV,PL/7571/EXP/ES/2015,,23.99,29.99,27.00
2026-10-09,Occidente,Guanajuato,León,,SERVICIOS GASOLINEROS DE MEXICO SA DE CV,PL/7566/EXP/ES/2015,,23.99,29.99,27.00
2026-10-09,Occidente,Guanajuato,León,,SERVICIOS GASOLINEROS DE MEXICO SA DE CV,PL/7559/EXP/ES/2015,,23.99,29.99,27.00
2026-10-09,Occidente,Guanajuato,León,,SERVICIOS GASOLINEROS DE MEXICO SA DE CV,PL/7554/EXP/ES/2015,,23.99,29.99,27.00
2026-10-09,Occidente,Guanajuato,León,,SERVICIOS GASOLINEROS DE MEXICO SA DE CV,PL/7482/EXP/ES/2015,,23.99,25.60,
2026-10-09,Occidente,Guanajuato,León,,SERVICIOS GASOLINEROS DE MEXICO SA DE CV,PL/7455/EXP/ES/2015,,23.99,25.60,
2026-10-09,Occidente,Guanajuato,León,,SERVICIOS GASOLINEROS DE MEXICO SA DE CV,PL/7445/EXP/ES/2015,,23.99,29.99,
2026-10-09,Occidente,Guanajuato,León,,SERVICIOS GASOLINEROS DE MEXICO SA DE CV,PL/7439/EXP/ES/2015,,23.99,27.69,
2026-10-09,Occidente,Guanajuato,León,,SERVICIOS GASOLINEROS DE MEXICO SA DE CV,PL/7437/EXP/ES/2015,,23.99,27.69,
2026-10-09,Occidente,Guanajuato,León,,SERVICIOS GASOLINEROS DE MEXICO SA DE CV,PL/7430/EXP/ES/2015,,23.99,29.99,27.00
2026-10-09,Occidente,Guanajuato,León,,SERVICIOS GASOLINEROS DE MEXICO SA DE CV,PL/7421/EXP/ES/2015,,23.99,29.99,
2026-10-09,Occidente,Guanajuato,León,,SERVICIOS GASOLINEROS DE MEXICO SA DE CV,PL/7415/EXP/ES/2015,,23.99,29.99,27.00
2026-10-09,Occidente,Guanajuato,León,,SERVICIO SIGLO XXI S DE RL DE CV,PL/7022/EXP/ES/2015,,23.99,29.69,26.99
2026-10-09,Occidente,Guanajuato,León,,SERVICIO SIGLO XXI S DE RL DE CV,PL/7021/EXP/ES/2015,,23.99,,27.00
2026-10-09,Occidente,Guanajuato,León,,KOPLA S DE RL DE CV,PL/6793/EXP/ES/2015,,23.99,29.87,26.99
2026-10-09,Occidente,Guanajuato,León,,ESTACION DE SERVICIO LEON S DE RL DE CV,PL/6584/EXP/ES/2015,,23.99,29.99,27.00
2026-10-09,Occidente,Guanajuato,León,,ESTACION DE SERVICIO LEON S DE RL DE CV,PL/6583/EXP/ES/2015,,23.59,29.99,
2026-10-09,Occidente,Guanajuato,León,,MAURICIO DEL SAGRADO CORAZON ENRIQUEZ MOREN,PL/6581/EXP/ES/2015,,22.85,27.94,26.76
2026-10-09,Occidente,Guanajuato,León,,SERVICIO DE GASOLINAS Y LUBRICANTES SA DE CV,PL/6575/EXP/ES/2015,,22.56,27.84,
2026-10-09,Occidente,Guanajuato,León,,SERVICIO MIRADOR CAMPESTRE SA DE CV,PL/6573/EXP/ES/2015,,22.56,27.84,
2026-10-09,Occidente,Guanajuato,León,,SERVICIO NIÑO DON BOSCO SA DE CV,PL/6570/EXP/ES/2015,,22.85,27.94,
2026-10-09,Occidente,Guanajuato,León,,SERVICIO NIÑO DON BOSCO SA DE CV,PL/6567/EXP/ES/2015,,22.72,27.94,
2026-10-09,Occidente,Guanajuato,León,,SERVICIO FRANCISCO VILLA SA DE CV,PL/6471/EXP/ES/2015,,23.60,28.50,27.00
2026-10-09,Occidente,Guanajuato,León,,SUMINISTROS BASICOS DE COMBUSTIBLES Y ENERGETICOS SA DE CV,PL/6453/EXP/ES/2015,,23.99,27.49,
2026-10-09,Occidente,Guanajuato,León,,SUMINISTROS BASICOS DE COMBUSTIBLES Y ENERGETICOS SA DE CV,PL/6451/EXP/ES/2015,,22.99,27.49,26.99
2026-10-09,Occidente,Guanajuato,León,,SUMINISTROS BASICOS DE COMBUSTIBLES Y ENERGETICOS SA DE CV,PL/6449/EXP/ES/2015,,23.99,27.49,
2026-10-09,Occidente,Guanajuato,León,,SERVICIO PEDREGAL DEL CARMEN SA DE CV,PL/6189/EXP/ES/2015,,23.99,29.99,27.00
2026-10-09,Occidente,Guanajuato,León,,SERVICIO HERMANOS ALDAMA SA DE CV,PL/6176/EXP/ES/2015,,23.99,29.99,27.00
2026-10-09,Occidente,Guanajuato,León,,OPERADORA LA HERRADURA SA DE CV,PL/4391/EXP/ES/2015,,23.89,29.79,26.99
2026-10-09,Occidente,Guanajuato,León,,COMBUSTIBLES DE LEON SA DE CV,PL/4390/EXP/ES/2015,,23.89,29.79,26.99
2026-10-09,Occidente,Guanajuato,León,,SERVICENTRO DE LEON SA DE CV,PL/4387/EXP/ES/2015,,23.79,29.79,26.99
2026-10-09,Occidente,Guanajuato,León,,ESTACION DE SERVICIO PUERTA GRANDE S DE RL DE CV,PL/4297/EXP/ES/2015,,23.99,29.99,27.00
2026-10-09,Occidente,Guanajuato,León,,SERVICIO DEL EJE DE LEON SA DE CV,PL/4213/EXP/ES/2015,,23.52,28.60,27.00
2026-10-09,Occidente,Guanajuato,León,,ESTACION DE SERVICIO HIDALGO SA DE CV,PL/3952/EXP/ES/2015,,23.99,29.89,
2026-10-09,Occidente,Guanajuato,León,,SERVICIO AZTECA DE LEON SA DE CV,PL/3768/EXP/ES/2015,,23.72,28.78,26.98
2026-10-09,Occidente,Guanajuato,León,,GUILLERMO ENRIQUEZ MORENO,PL/3720/EXP/ES/2015,,,28.95,
2026-10-09,Occidente,Guanajuato,León,,SERVICIO ESPECIALIZADO INTEGRAL DE LEON SA DE CV,PL/3671/EXP/ES/2015,,23.99,29.39,27.00
2026-10-09,Occidente,Guanajuato,León,,SERVICIOS GASOLINEROS DE MEXICO SA DE CV,PL/3617/EXP/ES/2015,,23.99,29.99,
2026-10-09,Occidente,Guanajuato,León,,SERVICIO LIBRAMIENTO NORTE SA DE CV,PL/3439/EXP/ES/2015,,23.99,29.99,27.00
2026-10-09,Occidente,Guanajuato,León,,MEGA GASOLINERAS SA DE CV,PL/3425/EXP/ES/2015,,23.99,29.99,27.00
2026-10-09,Occidente,Guanajuato,León,,SERVICIO LIBRAMIENTO NORTE SA DE CV,PL/3333/EXP/ES/2015,,23.99,29.99,27.00
2026-10-09,Occidente,Guanajuato,León,,GASOLINERA LOGO SA,PL/3296/EXP/ES/2015,,23.99,29.99,27.00
2026-10-09,Occidente,Guanajuato,León,,GRUPO SECA GASOLINERAS SA DE CV,PL/3213/EXP/ES/2015,,23.99,29.99,27.00
2026-10-09,Occidente,Guanajuato,León,,GASO SHOP SA DE CV,PL/3130/EXP/ES/2015,,23.29,27.90,
2026-10-09,Occidente,Guanajuato,León,,GASOLINERA FRANCISCO VILLA NORTE SA DE CV,PL/2890/EXP/ES/2015,,23.99,29.89,27.00
2026-10-09,Occidente,Guanajuato,León,,SERVICIOS GONRI SA DE CV,PL/2866/EXP/ES/2015,,23.99,29.19,27.41
2026-10-09,Occidente,Guanajuato,León,,COMERCIALIZADORA DE COMBUSTIBLE POMPA SOCIEDAD ANONIMA DE CAPITAL VARIABLE,PL/2677/EXP/ES/2015,,23.99,29.89,27.00
2026-10-09,Occidente,Guanajuato,León,,GRUPO SECA GASOLINERAS SA DE CV,PL/26183/EXP/ES/2025,,23.99,29.99,27.00
2026-10-09,Occidente,Guanajuato,León,,CENTAURO MOTOR SA DE CV,PL/2556/EXP/ES/2015,,23.99,29.99,27.00
2026-10-09,Occidente,Guanajuato,León,,GASOLINERA UNION SA DE CV,PL/2544/EXP/ES/2015,,23.98,29.94,26.95
2026-10-09,Occidente,Guanajuato,León,,ENERGETICOS DEL ALTIPLANO SA DE CV,PL/25255/EXP/ES/2023,,23.99,28.79,27.00
2026-10-09,Occidente,Guanajuato,León,,MEGA GASOLINERAS SA DE CV,PL/25116/EXP/ES/2023,,23.99,29.99,27.00
2026-10-09,Occidente,Guanajuato,León,,ENERGETICOS DEL ALTIPLANO SA DE CV,PL/24993/EXP/ES/2023,,23.99,29.09,27.00
2026-10-09,Occidente,Guanajuato,León,,ENERRED S DE RL DE CV,PL/24942/EXP/ES/2023,,23.99,29.99,27.00
2026-10-09,Occidente,Guanajuato,León,,MEGA GASOLINERAS SA DE CV,PL/24911/EXP/ES/2023,,23.99,29.99,27.00
2026-10-09,Occidente,Guanajuato,León,,MEGA GASOLINERAS SA DE CV,PL/24893/EXP/ES/2023,,23.99,29.99,27.00
2026-10-09,Occidente,Guanajuato,León,,ENERGETICOS DEL ALTIPLANO SA DE CV,PL/24824/EXP/ES/2023,,23.99,28.89,27.00
2026-10-09,Occidente,Guanajuato,León,,GRUPO LEOGAL S DE RL DE CV,PL/24792/EXP/ES/2022,,23.99,29.59,27.00
2026-10-09,Occidente,Guanajuato,León,,LOS ANGELES SERVICIO SA DE CV,PL/2477/EXP/ES/2015,,23.99,29.98,
2026-10-09,Occidente,Guanajuato,León,,"ASESORIA ESPECIALIZADA EN EL SECTOR HIDROCARBUROS CENTRO-OCCIDENTE, S.C.",PL/24681/EXP/ES/2022,,23.29,27.90,26.79
2026-10-09,Occidente,Guanajuato,León,,MEGA GASOLINERAS SA DE CV,PL/24605/EXP/ES/2022,,23.99,29.99,27.00
2026-10-09,Occidente,Guanajuato,León,,SERVICIOS GASOLINEROS DE MEXICO SA DE CV,PL/24386/EXP/ES/2022,,23.99,29.99,27.00
2026-10-09,Occidente,Guanajuato,León,,MAYOMEX ARELI PETROLEUM S DE RL DE CV,PL/2372/EXP/ES/2015,,23.99,29.99,26.99
2026-10-09,Occidente,Guanajuato,León,,MEGA GASOLINERAS SA DE CV,PL/23512/EXP/ES/2020,,23.99,29.99,27.00
2026-10-09,Occidente,Guanajuato,León,,MEGA GASOLINERAS SA DE CV,PL/23246/EXP/ES/2020,,23.99,29.99,27.00
2026-10-09,Occidente,Guanajuato,León,,MEGA GASOLINERAS SA DE CV,PL/23244/EXP/ES/2020,,23.99,29.99,27.00
2026-10-09,Occidente,Guanajuato,León,,MEGA GASOLINERAS SA DE CV,PL/23242/EXP/ES/2020,,23.99,29.99,
2026-10-09,Occidente,Guanajuato,León,,COSTCO GAS SA DE CV,PL/23213/EXP/ES/2020,,23.29,28.49,
2026-10-09,Occidente,Guanajuato,León,,SERVICIOS GASOLINEROS DE MEXICO SA DE CV,PL/22890/EXP/ES/2019,,23.99,29.99,27.00
2026-10-09,Occidente,Guanajuato,León,,ESTACION DE SERVICIO PUERTA GRANDE S DE RL DE CV,PL/2266/EXP/ES/2015,,23.99,29.99,27.00
2026-10-09,Occidente,Guanajuato,León,,MULTISERVICIOS CRESGRA SA DE CV,PL/22628/EXP/ES/2019,,22.99,27.59,
2026-10-09,Occidente,Guanajuato,León,,MEGA GASOLINERAS SA DE CV,PL/22627/EXP/ES/2019,,23.99,29.99,27.00
2026-10-09,Occidente,Guanajuato,León,,MEGA GASOLINERAS SA DE CV,PL/22621/EXP/ES/2019,,23.99,29.99,27.00
2026-10-09,Occidente,Guanajuato,León,,MEGA GASOLINERAS SA DE CV,PL/22620/EXP/ES/2019,,23.99,29.99,27.00
2026-10-09,Occidente,Guanajuato,León,,MEGA GASOLINERAS SA DE CV,PL/22618/EXP/ES/2019,,23.99,29.99,27.00
2026-10-09,Occidente,Guanajuato,León,,MEGA GASOLINERAS SA DE CV,PL/22617/EXP/ES/2019,,23.99,29.99,27.00
2026-10-09,Occidente,Guanajuato,León,,COSTCO GAS SA DE CV,PL/22362/EXP/ES/2019,,23.79,28.99,
2026-10-09,Occidente,Guanajuato,Silao,,OPERADORA LA HERRADURA SA DE CV,PL/22064/EXP/ES/2019,,23.89,29.79,26.99
2026-10-09,Occidente,Guanajuato,León,,SERVICIO AGIL DE GASOLINAS SA DE CV,PL/2171/EXP/ES/2015,,23.99,29.69,
2026-10-09,Occidente,Guanajuato,León,,ESTACION DE SERVICIO PUERTA GRANDE S DE RL DE CV,PL/21173/EXP/ES/2018,,23.99,29.99,27.00
2026-10-09,Occidente,Guanajuato,León,,SERVICIO CHOPA SA DE CV,PL/21129/EXP/ES/2018,,23.79,27.79,28.89
2026-10-09,Occidente,Guanajuato,León,,SERVICIOS GASOLINEROS DE MEXICO SA DE CV,PL/20494/EXP/ES/2017,,23.99,29.99,27.00
2026-10-09,Occidente,Guanajuato,León,,ESTACION DE SERVICIO PUERTA GRANDE S DE RL DE CV,PL/20492/EXP/ES/2017,,23.99,29.99,27.00
2026-10-09,Occidente,Guanajuato,León,,COMBUSTIBLES Y LUBRICANTES DEL CRESPO SA DE CV,PL/20397/EXP/ES/2017,,23.69,28.99,27.00
2026-10-09,Occidente,Guanajuato,León,,SERVICIOS GASOLINEROS DE MEXICO SA DE CV,PL/19563/EXP/ES/2016,,23.99,29.99,27.00
2026-10-09,Occidente,Guanajuato,León,,ESTACION DE SERVICIO PUERTA GRANDE S DE RL DE CV,PL/19485/EXP/ES/2016,,23.99,29.99,27.00
2026-10-09,Occidente,Guanajuato,León,,SERVICIOS GASOLINEROS DE MEXICO SA DE CV,PL/19229/EXP/ES/2016,,23.99,29.99,27.00
2026-10-09,Occidente,Guanajuato,León,,SERVICIOS GASOLINEROS DE MEXICO SA DE CV,PL/19148/EXP/ES/2016,,24.99,29.99,27.00
2026-10-09,Occidente,Guanajuato,León,,ESTACION DE SERVICIO PUERTA GRANDE S DE RL DE CV,PL/18911/EXP/ES/2016,,23.99,29.99,27.00
2026-10-09,Occidente,Guanajuato,León,,SERVICIOS GASOLINEROS DE MEXICO SA DE CV,PL/18904/EXP/ES/2016,,23.99,29.99,27.00
2026-10-09,Occidente,Guanajuato,León,,GRUPO GOCALVI SA DE CV,PL/18790/EXP/ES/2016,,23.29,28.29,26.99
2026-10-09,Occidente,Guanajuato,León,,PETRO LEO SA DE CV,PL/1815/EXP/ES/2015,,23.99,29.99,
2026-10-09,Occidente,Guanajuato,León,,ROCAGAS SA DE CV,PL/1814/EXP/ES/2015,,23.99,29.99,27.00
2026-10-09,Occidente,Guanajuato,León,,GRUPO SECA GASOLINERAS SA DE CV,PL/1810/EXP/ES/2015,,23.99,29.99,27.00
2026-10-09,Occidente,Guanajuato,León,,MAGAÑA SERVICIOS GASOLINEROS SA DE CV,PL/1776/EXP/ES/2015,,23.74,28.99,26.84
2026-10-09,Occidente,Guanajuato,León,,SERVICIOS GASOLINEROS DE MEXICO SA DE CV,PL/1695/EXP/ES/2015,,24.99,29.99,
2026-10-09,Occidente,Guanajuato,León,,SERVICIOS GASOLINEROS DE MEXICO SA DE CV,PL/1694/EXP/ES/2015,,23.99,29.99,27.00
2026-10-09,Occidente,Guanajuato,León,,SERVICIO AZTECA DE LEON SA DE CV,PL/1643/EXP/ES/2015,,23.72,28.78,
2026-10-09,Occidente,Guanajuato,León,,SERVICIO BULLE ANDRADE SA DE CV,PL/1623/EXP/ES/2015,,23.95,29.95,
2026-10-09,Occidente,Guanajuato,León,,SERVICIOS GASOLINEROS DE MEXICO SA DE CV,PL/1612/EXP/ES/2015,,23.99,29.99,27.00
2026-10-09,Occidente,Guanajuato,León,,JOSE DE JESUS MUÑOZ MARQUEZ,PL/1599/EXP/ES/2015,,23.98,28.98,27.00
2026-10-09,Occidente,Guanajuato,León,,HOTELES MOTELES Y SERVICIOS TURISTICOS SAN IGNACIO SA DE CV,PL/1582/EXP/ES/2015,,23.82,28.87,26.98
2026-10-09,Occidente,Guanajuato,León,,BOSCOGAS SA DE CV,PL/1469/EXP/ES/2015,,23.99,28.99,26.79
2026-10-09,Occidente,Guanajuato,León,,JULIO CESAR GAMA RAMSDEN,PL/1338/EXP/ES/2015,,23.99,29.99,27.00
2026-10-09,Occidente,Guanajuato,León,,ES GAS SA DE CV,PL/13104/EXP/ES/2016,,22.88,28.88,26.98
2026-10-09,Occidente,Guanajuato,León,,ES GAS SA DE CV,PL/12862/EXP/ES/2015,,23.89,28.88,
2026-10-09,Occidente,Guanajuato,León,,GASYDISEL DE LEON SA DE CV,PL/12587/EXP/ES/2015,,23.99,29.99,27.00
2026-10-09,Occidente,Guanajuato,León,,ESTACION DE SERVICIO PUERTA GRANDE S DE RL DE CV,PL/1215/EXP/ES/2015,,23.99,29.99,27.00
2026-10-09,Occidente,Guanajuato,León,,ESTACION DE SERVICIO PUERTA GRANDE S DE RL DE CV,PL/1214/EXP/ES/2015,,23.99,29.99,
2026-10-09,Occidente,Guanajuato,León,,ESTACION DE SERVICIO PUERTA GRANDE S DE RL DE CV,PL/1213/EXP/ES/2015,,23.99,29.99,
2026-10-09,Occidente,Guanajuato,León,,SERVICIOS SAN JERONIMO SA DE CV,PL/1208/EXP/ES/2015,,23.79,28.99,27.00
2026-10-09,Occidente,Guanajuato,León,,MEGA GASOLINERAS SA DE CV,PL/1207/EXP/ES/2015,,23.99,29.99,
2026-10-09,Occidente,Guanajuato,León,,RODOLFO ENRIQUEZ MORENO,PL/11993/EXP/ES/2015,,23.90,27.75,
2026-10-09,Occidente,Guanajuato,León,,OLEUM SERVICE SA DE CV,PL/1197/EXP/ES/2015,,23.89,28.65,27.00
2026-10-09,Occidente,Guanajuato,León,,SERVICIO FORRES SA DE CV,PL/1195/EXP/ES/2015,,23.97,29.55,
2026-10-09,Occidente,Guanajuato,León,,MEGA GASOLINERAS SA DE CV,PL/1191/EXP/ES/2015,,23.99,29.99,27.00
2026-10-09,Occidente,Guanajuato,León,,MEGA GASOLINERAS SA DE CV,PL/1184/EXP/ES/2015,,23.99,29.99,27.00
2026-10-09,Occidente,Guanajuato,León,,MEGA GASOLINERAS SA DE CV,PL/1183/EXP/ES/2015,,23.99,29.99,27.00
2026-10-09,Occidente,Guanajuato,León,,BP ESTACIONES Y SERVICIOS ENERGETICOS SA DE CV,PL/1178/EXP/ES/2015,,23.99,29.99,
2026-10-09,Occidente,Guanajuato,León,,MEGA GASOLINERAS SA DE CV,PL/1163/EXP/ES/2015,,23.99,29.99,27.00
2026-10-09,Occidente,Guanajuato,León,,SERVICIO PASAMA SA DE CV,PL/1160/EXP/ES/2015,,23.99,29.98,27.00
2026-10-09,Occidente,Guanajuato,León,,SERVICIOS GASOLINEROS DE MEXICO SA DE CV,PL/11442/EXP/ES/2015,,23.99,29.99,
2026-10-09,Occidente,Guanajuato,León,,GASOLINERIA VILLAS JEMI SA DE CV,PL/1123/EXP/ES/2015,,23.99,29.80,27.00
2026-10-09,Occidente,Guanajuato,León,,SERVICIO GASTUR SA DE CV,PL/10942/EXP/ES/2015,,23.59,28.59,27.00
2026-10-09,Occidente,Guanajuato,León,,SERVICIO MENORES SA DE CV,PL/1090/EXP/ES/2015,,23.99,29.99,27.00
2026-10-09,Occidente,Guanajuato,León,,SERVICIO CASFER SA DE CV,PL/1079/EXP/ES/2015,,23.99,29.97,27.00
2026-10-09,Occidente,Guanajuato,León,,GASOLINERA CASEN SA DE CV,PL/1076/EXP/ES/2015,,23.48,28.91,26.88
2026-10-09,Occidente,Guanajuato,León,,COMBUSTIBLES PREMIER SA DE CV,PL/10616/EXP/ES/2015,,23.49,27.97,
2026-10-09,Occidente,Guanajuato,León,,COMBUSTIBLES BONANZA SA DE CV,PL/10615/EXP/ES/2015,,23.49,28.84,26.69
2026-10-09,Occidente,Guanajuato,León,,SERVICIO JARAMILLO SA DE CV,PL/10614/EXP/ES/2015,,23.49,28.84,26.65
2026-10-09,Occidente,Guanajuato,León,,ESTACION DE SERVICIO LAS HUERTAS SA DE CV,PL/10613/EXP/ES/2015,,23.49,28.84,26.69
2026-10-09,Occidente,Guanajuato,León,,SERVICIO LEON-SILAO SA DE CV,PL/10612/EXP/ES/2015,,23.99,29.95,27.00
2026-10-09,Occidente,Guanajuato,León,,SERVICIO MALECON ORIENTE SA DE CV,PL/10610/EXP/ES/2015,,23.99,29.99,27.00
2026-10-09,Occidente,Guanajuato,León,,SUPER SERVICIO BOULEVARD AUSTRI SA DE CV,PL/10609/EXP/ES/2015,,23.29,27.99,
2026-10-09,Occidente,Guanajuato,León,,SERVICIO BOULEVARD AEROPUERTO SA DE CV,PL/10607/EXP/ES/2015,,23.49,28.84,26.69
2026-10-09,Occidente,Guanajuato,León,,SERVICIO ALJUNCAR SA DE CV,PL/10605/EXP/ES/2015,,23.49,28.84,26.89
2026-10-09,Occidente,Guanajuato,León,,HECTOR JAVIER JUDAS ENRIQUEZ MORENO,PL/10603/EXP/ES/2015,,22.99,27.99,
2026-10-09,Occidente,Guanajuato,León,,MEGA GASOLINERAS SA DE CV,PL/1057/EXP/ES/2015,,23.99,29.99,
2026-10-09,Occidente,Guanajuato,León,,ESTACION DE SERVICIO LEON S DE RL DE CV,PL/1027/EXP/ES/2015,,23.99,29.99,
2026-10-09,Occidente,Guanajuato,León,,ESTACION DE SERVICIO LEON S DE RL DE CV,PL/1026/EXP/ES/2015,,23.99,29.99,27.00
2026-10-09,Occidente,Guanajuato,León,,OPERADORA JOSFA SA DE CV,PL/10004/EXP/ES/2015,,22.95,27.90,
2026-10-09,Occidente,Guanajuato,León,,SERVICIO LAS TORRES NORTE SA DE CV,PL/10001/EXP/ES/2015,,22.95,27.90,
2026-10-09,Occidente,Guanajuato,León,,SERVICIO DELTA SA DE CV,PL/10000/EXP/ES/2015,,22.95,27.90,26.99
2026-10-09,Occidente,Guanajuato,León,,MEGA GASOLINERAS SA DE CV,CNE/PL/442/EXP/ES/2025,,23.99,29.99,27.00
2026-10-09,Occidente,Guanajuato,León,,AMY SKY LINE SA DE CV,CNE/PL/18/EXP/ES/2025,,23.99,27.99,26.99
2026-10-10,Occidente,Guanajuato,León,,SERVICIO LAS TORRES SUR SA DE CV,PL/9999/EXP/ES/2015,,22.95,27.90,
2026-10-10,Occidente,Guanajuato,León,,ESTACION DE SERVICIO LEON S DE RL DE CV,PL/996/EXP/ES/2015,,23.99,29.99,27.00
2026-10-10,Occidente,Guanajuato,León,,BRISCAN SA DE CV,PL/9692/EXP/ES/2015,,23.39,28.79,
2026-10-10,Occidente,Guanajuato,León,,HIDROCARBUROS Y GASOLINAS DE LEON SA DE CV,PL/9676/EXP/ES/2015,,23.75,29.99,27.00
2026-10-10,Occidente,Guanajuato,León,,SERVICIOS GASOLINEROS DE MEXICO SA DE CV,PL/9499/EXP/ES/2015,,23.99,29.99,27.00
2026-10-10,Occidente,Guanajuato,León,,ESTACION DE SERVICIO LEON S DE RL DE CV,PL/938/EXP/ES/2015,,23.99,29.99,27.00
2026-10-10,Occidente,Guanajuato,León,,SERVICIO LAS HILAMAS SA DE CV,PL/9347/EXP/ES/2015,,23.99,29.99,27.00
2026-10-10,Occidente,Guanajuato,León,,ESTACION DE SERVICIO LEON S DE RL DE CV,PL/933/EXP/ES/2015,,23.99,29.99,27.00
2026-10-10,Occidente,Guanajuato,León,,SERVICIOS GASOLINEROS DE MEXICO SA DE CV,PL/9302/EXP/ES/2015,,23.99,29.99,27.00
2026-10-10,Occidente,Guanajuato,León,,SERVICIOS GASOLINEROS DE MEXICO SA DE CV,PL/9110/EXP/ES/2015,,23.99,29.99,27.00
2026-10-10,Occidente,Guanajuato,León,,SERVICIOS GASOLINEROS DE MEXICO SA DE CV,PL/9109/EXP/ES/2015,,23.99,29.99,27.00
2026-10-10,Occidente,Guanajuato,León,,SERVICIOS GASOLINEROS DE MEXICO SA DE CV,PL/9107/EXP/ES/2015,,23.99,29.99,27.00
2026-10-10,Occidente,Guanajuato,León,,COMERCIALIZADORA DE HIDROCARBUROS DE LEON SA DE CV,PL/8874/EXP/ES/2015,,23.75,29.99,27.00
2026-10-10,Occidente,Guanajuato,León,,ESTACION DE SERVICIO LEON S DE RL DE CV,PL/878/EXP/ES/2015,,23.99,29.99,27.00
2026-10-10,Occidente,Guanajuato,León,,ESTACION DE SERVICIO LEON S DE RL DE CV,PL/877/EXP/ES/2015,,23.99,29.99,27.00
2026-10-10,Occidente,Guanajuato,León,,ESTACION DE SERVICIO LEON S DE RL DE CV,PL/859/EXP/ES/2015,,23.99,29.99,27.00
2026-10-10,Occidente,Guanajuato,León,,ESTACION DE SERVICIO LEON S DE RL DE CV,PL/841/EXP/ES/2015,,23.59,29.99,
2026-10-10,Occidente,Guanajuato,León,,ESTACION DE SERVICIO LEON S DE RL DE CV,PL/829/EXP/ES/2015,,23.99,29.99,27.00
2026-10-10,Occidente,Guanajuato,León,,HIDROSINA PLUS S A P I DE CV,PL/8239/EXP/ES/2015,,22.99,27.99,
2026-10-10,Occidente,Guanajuato,León,,SERVICIOS GASOLINEROS DE MEXICO SA DE CV,PL/8158/EXP/ES/2015,,23.99,29.99,
2026-10-10,Occidente,Guanajuato,León,,SERVICIOS GASOLINEROS DE MEXICO SA DE CV,PL/8157/EXP/ES/2015,,23.99,29.99,27.00
2026-10-10,Occidente,Guanajuato,León,,SERVICIO SAN JOSE DEL ALTO SA DE CV,PL/7730/EXP/ES/2015,,22.85,27.94,
2026-10-10,Occidente,Guanajuato,León,,SERVICIOS GASOLINEROS DE MEXICO SA DE CV,PL/7602/EXP/ES/2015,,23.99,29.99,
2026-10-10,Occidente,Guanajuato,León,,SERVICIOS GASOLINEROS DE MEXICO SA DE CV,PL/7599/EXP/ES/2015,,23.99,29.99,
2026-10-10,Occidente,Guanajuato,León,,SERVICIOS GASOLINEROS DE MEXICO SA DE CV,PL/7592/EXP/ES/2015,,23.99,29.99,27.00
2026-10-10,Occidente,Guanajuato,León,,SERVICIOS GASOLINEROS DE MEXICO SA DE CV,PL/7587/EXP/ES/2015,,23.99,29.99,
2026-10-10,Occidente,Guanajuato,León,,SERVICIOS GASOLINEROS DE MEXICO SA DE CV,PL/7585/EXP/ES/2015,,23.99,29.99,
2026-10-10,Occidente,Guanajuato,León,,SERVICIOS GASOLINEROS DE MEXICO SA DE CV,PL/7574/EXP/ES/2015,,23.99,29.99,
2026-10-10,Occidente,Guanajuato,León,,SERVICIOS GASOLINEROS DE MEXICO SA DE CV,PL/7571/EXP/ES/2015,,23.99,29.99,27.00
2026-10-10,Occidente,Guanajuato,León,,SERVICIOS GASOLINEROS DE MEXICO SA DE CV,PL/7566/EXP/ES/2015,,23.99,29.99,27.00
2026-10-10,Occidente,Guanajuato,León,,SERVICIOS GASOLINEROS DE MEXICO SA DE CV,PL/7559/EXP/ES/2015,,23.99,29.99,27.00
2026-10-10,Occidente,Guanajuato,León,,SERVICIOS GASOLINEROS DE MEXICO SA DE CV,PL/7554/EXP/ES/2015,,23.99,29.99,27.00
2026-10-10,Occidente,Guanajuato,León,,SERVICIOS GASOLINEROS DE MEXICO SA DE CV,PL/7482/EXP/ES/2015,,23.99,25.60,
2026-10-10,Occidente,Guanajuato,León,,SERVICIOS GASOLINEROS DE MEXICO SA DE CV,PL/7455/EXP/ES/2015,,23.99,25.60,
2026-10-10,Occidente,Guanajuato,León,,SERVICIOS GASOLINEROS DE MEXICO SA DE CV,PL/7445/EXP/ES/2015,,23.99,29.99,
2026-10-10,Occidente,Guanajuato,León,,SERVICIOS GASOLINEROS DE MEXICO SA DE CV,PL/7439/EXP/ES/2015,,23.99,27.69,
2026-10-10,Occidente,Guanajuato,León,,SERVICIOS GASOLINEROS DE MEXICO SA DE CV,PL/7437/EXP/ES/2015,,23.99,27.69,
2026-10-10,Occidente,Guanajuato,León,,SERVICIOS GASOLINEROS DE MEXICO SA DE CV,PL/7430/EXP/ES/2015,,23.99,29.99,27.00
2026-10-10,Occidente,Guanajuato,León,,SERVICIOS GASOLINEROS DE MEXICO SA DE CV,PL/7421/EXP/ES/2015,,23.99,29.99,
2026-10-10,Occidente,Guanajuato,León,,SERVICIOS GASOLINEROS DE MEXICO SA DE CV,PL/7415/EXP/ES/2015,,23.99,29.99,27.00
2026-10-10,Occidente,Guanajuato,León,,SERVICIO SIGLO XXI S DE RL DE CV,PL/7022/EXP/ES/2015,,23.99,29.69,26.99
2026-10-10,Occidente,Guanajuato,León,,SERVICIO SIGLO XXI S DE RL DE CV,PL/7021/EXP/ES/2015,,23.99,,27.00
2026-10-10,Occidente,Guanajuato,León,,KOPLA S DE RL DE CV,PL/6793/EXP/ES/2015,,23.99,29.87,26.99
2026-10-10,Occidente,Guanajuato,León,,ESTACION DE SERVICIO LEON S DE RL DE CV,PL/6584/EXP/ES/2015,,23.99,29.99,27.00
2026-10-10,Occidente,Guanajuato,León,,ESTACION DE SERVICIO LEON S DE RL DE CV,PL/6583/EXP/ES/2015,,23.59,29.99,
2026-10-10,Occidente,Guanajuato,León,,MAURICIO DEL SAGRADO CORAZON ENRIQUEZ MOREN,PL/6581/EXP/ES/2015,,22.85,27.94,26.76
2026-10-10,Occidente,Guanajuato,León,,SERVICIO DE GASOLINAS Y LUBRICANTES SA DE CV,PL/6575/EXP/ES/2015,,22.56,27.84,
2026-10-10,Occidente,Guanajuato,León,,SERVICIO MIRADOR CAMPESTRE SA DE CV,PL/6573/EXP/ES/2015,,22.56,27.84,
2026-10-10,Occidente,Guanajuato,León,,SERVICIO NIÑO DON BOSCO SA DE CV,PL/6570/EXP/ES/2015,,22.85,27.94,
2026-10-10,Occidente,Guanajuato,León,,SERVICIO NIÑO DON BOSCO SA DE CV,PL/6567/EXP/ES/2015,,22.72,27.94,
2026-10-10,Occidente,Guanajuato,León,,SERVICIO FRANCISCO VILLA SA DE CV,PL/6471/EXP/ES/2015,,23.60,28.50,27.00
2026-10-10,Occidente,Guanajuato,León,,SUMINISTROS BASICOS DE COMBUSTIBLES Y ENERGETICOS SA DE CV,PL/6453/EXP/ES/2015,,23.99,27.49,
2026-10-10,Occidente,Guanajuato,León,,SUMINISTROS BASICOS DE COMBUSTIBLES Y ENERGETICOS SA DE CV,PL/6451/EXP/ES/2015,,22.99,27.49,26.99
2026-10-10,Occidente,Guanajuato,León,,SUMINISTROS BASICOS DE COMBUSTIBLES Y ENERGETICOS SA DE CV,PL/6449/EXP/ES/2015,,23.99,27.49,
2026-10-10,Occidente,Guanajuato,León,,SERVICIO PEDREGAL DEL CARMEN SA DE CV,PL/6189/EXP/ES/2015,,23.99,29.99,27.00
2026-10-10,Occidente,Guanajuato,León,,SERVICIO HERMANOS ALDAMA SA DE CV,PL/6176/EXP/ES/2015,,23.99,29.99,27.00
2026-10-10,Occidente,Guanajuato,León,,OPERADORA LA HERRADURA SA DE CV,PL/4391/EXP/ES/2015,,23.89,29.79,26.99
2026-10-10,Occidente,Guanajuato,León,,COMBUSTIBLES DE LEON SA DE CV,PL/4390/EXP/ES/2015,,23.89,29.79,26.99
2026-10-10,Occidente,Guanajuato,León,,SERVICENTRO DE LEON SA DE CV,PL/4387/EXP/ES/2015,,23.79,29.79,26.99
2026-10-10,Occidente,Guanajuato,León,,ESTACION DE SERVICIO PUERTA GRANDE S DE RL DE CV,PL/4297/EXP/ES/2015,,23.99,29.99,27.00
2026-10-10,Occidente,Guanajuato,León,,SERVICIO DEL EJE DE LEON SA DE CV,PL/4213/EXP/ES/2015,,23.52,28.60,27.00
2026-10-10,Occidente,Guanajuato,León,,ESTACION DE SERVICIO HIDALGO SA DE CV,PL/3952/EXP/ES/2015,,23.99,29.89,
2026-10-10,Occidente,Guanajuato,León,,SERVICIO AZTECA DE LEON SA DE CV,PL/3768/EXP/ES/2015,,22.93,28.68,26.96
2026-10-10,Occidente,Guanajuato,León,,GUILLERMO ENRIQUEZ MORENO,PL/3720/EXP/ES/2015,,,28.95,
2026-10-10,Occidente,Guanajuato,León,,SERVICIO ESPECIALIZADO INTEGRAL DE LEON SA DE CV,PL/3671/EXP/ES/2015,,23.99,29.39,27.00
2026-10-10,Occidente,Guanajuato,León,,SERVICIOS GASOLINEROS DE MEXICO SA DE CV,PL/3617/EXP/ES/2015,,23.99,29.99,
2026-10-10,Occidente,Guanajuato,León,,SERVICIO LIBRAMIENTO NORTE SA DE CV,PL/3439/EXP/ES/2015,,23.99,29.99,27.00
2026-10-10,Occidente,Guanajuato,León,,MEGA GASOLINERAS SA DE CV,PL/3425/EXP/ES/2015,,23.99,29.99,27.00
2026-10-10,Occidente,Guanajuato,León,,SERVICIO LIBRAMIENTO NORTE SA DE CV,PL/3333/EXP/ES/2015,,23.99,29.99,27.00
2026-10-10,Occidente,Guanajuato,León,,GASOLINERA LOGO SA,PL/3296/EXP/ES/2015,,23.99,29.99,27.00
2026-10-10,Occidente,Guanajuato,León,,GRUPO SECA GASOLINERAS SA DE CV,PL/3213/EXP/ES/2015,,23.99,29.99,27.00
2026-10-10,Occidente,Guanajuato,León,,GASO SHOP SA DE CV,PL/3130/EXP/ES/2015,,23.29,27.90,
2026-10-10,Occidente,Guanajuato,León,,GASOLINERA FRANCISCO VILLA NORTE SA DE CV,PL/2890/EXP/ES/2015,,23.99,29.89,27.00
2026-10-10,Occidente,Guanajuato,León,,SERVICIOS GONRI SA DE CV,PL/2866/EXP/ES/2015,,23.99,29.19,27.41
2026-10-10,Occidente,Guanajuato,León,,COMERCIALIZADORA DE COMBUSTIBLE POMPA SOCIEDAD ANONIMA DE CAPITAL VARIABLE,PL/2677/EXP/ES/2015,,23.99,29.89,27.00
2026-10-10,Occidente,Guanajuato,León,,GRUPO SECA GASOLINERAS SA DE CV,PL/26183/EXP/ES/2025,,23.99,29.99,27.00
2026-10-10,Occidente,Guanajuato,León,,CENTAURO MOTOR SA DE CV,PL/2556/EXP/ES/2015,,23.99,29.99,27.00
2026-10-10,Occidente,Guanajuato,León,,GASOLINERA UNION SA DE CV,PL/2544/EXP/ES/2015,,23.98,29.94,26.95
2026-10-10,Occidente,Guanajuato,León,,ENERGETICOS DEL ALTIPLANO SA DE CV,PL/25255/EXP/ES/2023,,23.99,28.79,27.00
2026-10-10,Occidente,Guanajuato,León,,MEGA GASOLINERAS SA DE CV,PL/25116/EXP/ES/2023,,23.99,29.99,27.00
2026-10-10,Occidente,Guanajuato,León,,ENERGETICOS DEL ALTIPLANO SA DE CV,PL/24993/EXP/ES/2023,,23.99,29.09,27.00
2026-10-10,Occidente,Guanajuato,León,,ENERRED S DE RL DE CV,PL/24942/EXP/ES/2023,,23.99,29.99,27.00
2026-10-10,Occidente,Guanajuato,León,,MEGA GASOLINERAS SA DE CV,PL/24911/EXP/ES/2023,,23.99,29.99,27.00
2026-10-10,Occidente,Guanajuato,León,,MEGA GASOLINERAS SA DE CV,PL/24893/EXP/ES/2023,,23.99,29.99,27.00
2026-10-10,Occidente,Guanajuato,León,,ENERGETICOS DEL ALTIPLANO SA DE CV,PL/24824/EXP/ES/2023,,23.99,28.89,27.00
2026-10-10,Occidente,Guanajuato,León,,GRUPO LEOGAL S DE RL DE CV,PL/24792/EXP/ES/2022,,23.99,29.59,27.00
2026-10-10,Occidente,Guanajuato,León,,LOS ANGELES SERVICIO SA DE CV,PL/2477/EXP/ES/2015,,23.99,29.98,
2026-10-10,Occidente,Guanajuato,León,,"ASESORIA ESPECIALIZADA EN EL SECTOR HIDROCARBUROS CENTRO-OCCIDENTE, S.C.",PL/24681/EXP/ES/2022,,23.29,27.90,26.79
2026-10-10,Occidente,Guanajuato,León,,MEGA GASOLINERAS SA DE CV,PL/24605/EXP/ES/2022,,23.99,29.99,27.00
2026-10-10,Occidente,Guanajuato,León,,SERVICIOS GASOLINEROS DE MEXICO SA DE CV,PL/24386/EXP/ES/2022,,23.99,29.99,27.00
2026-10-10,Occidente,Guanajuato,León,,MAYOMEX ARELI PETROLEUM S DE RL DE CV,PL/2372/EXP/ES/2015,,23.99,29.99,26.99
2026-10-10,Occidente,Guanajuato,León,,MEGA GASOLINERAS SA DE CV,PL/23512/EXP/ES/2020,,23.99,29.99,27.00
2026-10-10,Occidente,Guanajuato,León,,MEGA GASOLINERAS SA DE CV,PL/23246/EXP/ES/2020,,23.99,29.99,27.00
2026-10-10,Occidente,Guanajuato,León,,MEGA GASOLINERAS SA DE CV,PL/23244/EXP/ES/2020,,23.99,29.99,27.00
2026-10-10,Occidente,Guanajuato,León,,MEGA GASOLINERAS SA DE CV,PL/23242/EXP/ES/2020,,23.99,29.99,
2026-10-10,Occidente,Guanajuato,León,,COSTCO GAS SA DE CV,PL/23213/EXP/ES/2020,,22.99,28.39,
2026-10-10,Occidente,Guanajuato,León,,SERVICIOS GASOLINEROS DE MEXICO SA DE CV,PL/22890/EXP/ES/2019,,23.99,29.99,27.00
2026-10-10,Occidente,Guanajuato,León,,ESTACION DE SERVICIO PUERTA GRANDE S DE RL DE CV,PL/2266/EXP/ES/2015,,23.99,29.99,27.00
2026-10-10,Occidente,Guanajuato,León,,MULTISERVICIOS CRESGRA SA DE CV,PL/22628/EXP/ES/2019,,22.99,27.59,
2026-10-10,Occidente,Guanajuato,León,,MEGA GASOLINERAS SA DE CV,PL/22627/EXP/ES/2019,,23.99,29.99,27.00
2026-10-10,Occidente,Guanajuato,León,,MEGA GASOLINERAS SA DE CV,PL/22621/EXP/ES/2019,,23.99,29.99,27.00
2026-10-10,Occidente,Guanajuato,León,,MEGA GASOLINERAS SA DE CV,PL/22620/EXP/ES/2019,,23.99,29.99,27.00
2026-10-10,Occidente,Guanajuato,León,,MEGA GASOLINERAS SA DE CV,PL/22618/EXP/ES/2019,,23.99,29.99,27.00
2026-10-10,Occidente,Guanajuato,León,,MEGA GASOLINERAS SA DE CV,PL/22617/EXP/ES/2019,,23.99,29.99,27.00
2026-10-10,Occidente,Guanajuato,León,,COSTCO GAS SA DE CV,PL/22362/EXP/ES/2019,,23.79,28.99,
2026-10-10,Occidente,Guanajuato,Silao,,OPERADORA LA HERRADURA SA DE CV,PL/22064/EXP/ES/2019,,23.89,29.79,26.99
2026-10-10,Occidente,Guanajuato,León,,SERVICIO AGIL DE GASOLINAS SA DE CV,PL/2171/EXP/ES/2015,,23.99,29.69,
2026-10-10,Occidente,Guanajuato,León,,ESTACION DE SERVICIO PUERTA GRANDE S DE RL DE CV,PL/21173/EXP/ES/2018,,23.99,29.99,27.00
2026-10-10,Occidente,Guanajuato,León,,SERVICIO CHOPA SA DE CV,PL/21129/EXP/ES/2018,,23.79,27.79,28.89
2026-10-10,Occidente,Guanajuato,León,,SERVICIOS GASOLINEROS DE MEXICO SA DE CV,PL/20494/EXP/ES/2017,,23.99,29.99,27.00
2026-10-10,Occidente,Guanajuato,León,,ESTACION DE SERVICIO PUERTA GRANDE S DE RL DE CV,PL/20492/EXP/ES/2017,,23.99,29.99,27.00
2026-10-10,Occidente,Guanajuato,León,,COMBUSTIBLES Y LUBRICANTES DEL CRESPO SA DE CV,PL/20397/EXP/ES/2017,,23.69,28.99,27.00
2026-10-10,Occidente,Guanajuato,León,,SERVICIOS GASOLINEROS DE MEXICO SA DE CV,PL/19563/EXP/ES/2016,,23.99,29.99,27.00
2026-10-10,Occidente,Guanajuato,León,,ESTACION DE SERVICIO PUERTA GRANDE S DE RL DE CV,PL/19485/EXP/ES/2016,,23.99,29.99,27.00
2026-10-10,Occidente,Guanajuato,León,,SERVICIOS GASOLINEROS DE MEXICO SA DE CV,PL/19229/EXP/ES/2016,,23.99,29.99,27.00
2026-10-10,Occidente,Guanajuato,León,,SERVICIOS GASOLINEROS DE MEXICO SA DE CV,PL/19148/EXP/ES/2016,,24.99,29.99,27.00
2026-10-10,Occidente,Guanajuato,León,,ESTACION DE SERVICIO PUERTA GRANDE S DE RL DE CV,PL/18911/EXP/ES/2016,,23.99,29.99,27.00
2026-10-10,Occidente,Guanajuato,León,,SERVICIOS GASOLINEROS DE MEXICO SA DE CV,PL/18904/EXP/ES/2016,,23.99,29.99,27.00
2026-10-10,Occidente,Guanajuato,León,,GRUPO GOCALVI SA DE CV,PL/18790/EXP/ES/2016,,23.29,28.29,26.99
2026-10-10,Occidente,Guanajuato,León,,PETRO LEO SA DE CV,PL/1815/EXP/ES/2015,,23.99,29.99,
2026-10-10,Occidente,Guanajuato,León,,ROCAGAS SA DE CV,PL/1814/EXP/ES/2015,,23.99,29.99,27.00
2026-10-10,Occidente,Guanajuato,León,,GRUPO SECA GASOLINERAS SA DE CV,PL/1810/EXP/ES/2015,,23.99,29.99,27.00
2026-10-10,Occidente,Guanajuato,León,,MAGAÑA SERVICIOS GASOLINEROS SA DE CV,PL/1776/EXP/ES/2015,,23.74,28.99,26.84
2026-10-10,Occidente,Guanajuato,León,,SERVICIOS GASOLINEROS DE MEXICO SA DE CV,PL/1695/EXP/ES/2015,,24.99,29.99,
2026-10-10,Occidente,Guanajuato,León,,SERVICIOS GASOLINEROS DE MEXICO SA DE CV,PL/1694/EXP/ES/2015,,23.99,29.99,27.00
2026-10-10,Occidente,Guanajuato,León,,SERVICIO AZTECA DE LEON SA DE CV,PL/1643/EXP/ES/2015,,22.93,28.68,
2026-10-10,Occidente,Guanajuato,León,,SERVICIO BULLE ANDRADE SA DE CV,PL/1623/EXP/ES/2015,,23.95,29.95,
2026-10-10,Occidente,Guanajuato,León,,SERVICIOS GASOLINEROS DE MEXICO SA DE CV,PL/1612/EXP/ES/2015,,23.99,29.99,27.00
2026-10-10,Occidente,Guanajuato,León,,JOSE DE JESUS MUÑOZ MARQUEZ,PL/1599/EXP/ES/2015,,23.98,28.98,27.00
2026-10-10,Occidente,Guanajuato,León,,HOTELES MOTELES Y SERVICIOS TURISTICOS SAN IGNACIO SA DE CV,PL/1582/EXP/ES/2015,,23.46,28.48,26.96
2026-10-10,Occidente,Guanajuato,León,,BOSCOGAS SA DE CV,PL/1469/EXP/ES/2015,,23.99,28.99,26.79
2026-10-10,Occidente,Guanajuato,León,,JULIO CESAR GAMA RAMSDEN,PL/1338/EXP/ES/2015,,23.99,29.99,27.00
2026-10-10,Occidente,Guanajuato,León,,ES GAS SA DE CV,PL/13104/EXP/ES/2016,,22.88,28.88,26.98
2026-10-10,Occidente,Guanajuato,León,,ES GAS SA DE CV,PL/12862/EXP/ES/2015,,23.89,28.88,
2026-10-10,Occidente,Guanajuato,León,,GASYDISEL DE LEON SA DE CV,PL/12587/EXP/ES/2015,,23.99,29.99,27.00
2026-10-10,Occidente,Guanajuato,León,,ESTACION DE SERVICIO PUERTA GRANDE S DE RL DE CV,PL/1215/EXP/ES/2015,,23.99,29.99,27.00
2026-10-10,Occidente,Guanajuato,León,,ESTACION DE SERVICIO PUERTA GRANDE S DE RL DE CV,PL/1214/EXP/ES/2015,,23.99,29.99,
2026-10-10,Occidente,Guanajuato,León,,ESTACION DE SERVICIO PUERTA GRANDE S DE RL DE CV,PL/1213/EXP/ES/2015,,23.99,29.99,
2026-10-10,Occidente,Guanajuato,León,,SERVICIOS SAN JERONIMO SA DE CV,PL/1208/EXP/ES/2015,,23.79,28.99,27.00
2026-10-10,Occidente,Guanajuato,León,,MEGA GASOLINERAS SA DE CV,PL/1207/EXP/ES/2015,,23.99,29.99,
2026-10-10,Occidente,Guanajuato,León,,RODOLFO ENRIQUEZ MORENO,PL/11993/EXP/ES/2015,,23.90,27.75,
2026-10-10,Occidente,Guanajuato,León,,OLEUM SERVICE SA DE CV,PL/1197/EXP/ES/2015,,23.89,28.65,27.00
2026-10-10,Occidente,Guanajuato,León,,SERVICIO FORRES SA DE CV,PL/1195/EXP/ES/2015,,23.97,29.55,
2026-10-10,Occidente,Guanajuato,León,,MEGA GASOLINERAS SA DE CV,PL/1191/EXP/ES/2015,,23.99,29.99,27.00
2026-10-10,Occidente,Guanajuato,León,,MEGA GASOLINERAS SA DE CV,PL/1184/EXP/ES/2015,,23.99,29.99,27.00
2026-10-10,Occidente,Guanajuato,León,,MEGA GASOLINERAS SA DE CV,PL/1183/EXP/ES/2015,,23.99,29.99,27.00
2026-10-10,Occidente,Guanajuato,León,,BP ESTACIONES Y SERVICIOS ENERGETICOS SA DE CV,PL/1178/EXP/ES/2015,,23.99,29.99,
2026-10-10,Occidente,Guanajuato,León,,MEGA GASOLINERAS SA DE CV,PL/1163/EXP/ES/2015,,23.99,29.99,27.00
2026-10-10,Occidente,Guanajuato,León,,SERVICIO PASAMA SA DE CV,PL/1160/EXP/ES/2015,,23.99,29.98,27.00
2026-10-10,Occidente,Guanajuato,León,,SERVICIOS GASOLINEROS DE MEXICO SA DE CV,PL/11442/EXP/ES/2015,,23.99,29.99,
2026-10-10,Occidente,Guanajuato,León,,GASOLINERIA VILLAS JEMI SA DE CV,PL/1123/EXP/ES/2015,,23.99,29.80,27.00
2026-10-10,Occidente,Guanajuato,León,,SERVICIO GASTUR SA DE CV,PL/10942/EXP/ES/2015,,23.59,28.59,27.00
2026-10-10,Occidente,Guanajuato,León,,SERVICIO MENORES SA DE CV,PL/1090/EXP/ES/2015,,23.99,29.99,27.00
2026-10-10,Occidente,Guanajuato,León,,SERVICIO CASFER SA DE CV,PL/1079/EXP/ES/2015,,23.99,29.97,27.00
2026-10-10,Occidente,Guanajuato,León,,GASOLINERA CASEN SA DE CV,PL/1076/EXP/ES/2015,,23.48,28.91,26.88
2026-10-10,Occidente,Guanajuato,León,,COMBUSTIBLES PREMIER SA DE CV,PL/10616/EXP/ES/2015,,23.49,27.97,
2026-10-10,Occidente,Guanajuato,León,,COMBUSTIBLES BONANZA SA DE CV,PL/10615/EXP/ES/2015,,23.49,28.84,26.69
2026-10-10,Occidente,Guanajuato,León,,SERVICIO JARAMILLO SA DE CV,PL/10614/EXP/ES/2015,,23.49,28.84,26.65
2026-10-10,Occidente,Guanajuato,León,,ESTACION DE SERVICIO LAS HUERTAS SA DE CV,PL/10613/EXP/ES/2015,,23.49,28.84,26.69
2026-10-10,Occidente,Guanajuato,León,,SERVICIO LEON-SILAO SA DE CV,PL/10612/EXP/ES/2015,,23.99,29.95,27.00
2026-10-10,Occidente,Guanajuato,León,,SERVICIO MALECON ORIENTE SA DE CV,PL/10610/EXP/ES/2015,,23.99,29.99,27.00
2026-10-10,Occidente,Guanajuato,León,,SUPER SERVICIO BOULEVARD AUSTRI SA DE CV,PL/10609/EXP/ES/2015,,23.29,27.99,
2026-10-10,Occidente,Guanajuato,León,,SERVICIO BOULEVARD AEROPUERTO SA DE CV,PL/10607/EXP/ES/2015,,23.49,28.84,26.69
2026-10-10,Occidente,Guanajuato,León,,SERVICIO ALJUNCAR SA DE CV,PL/10605/EXP/ES/2015,,23.49,28.84,26.89
2026-10-10,Occidente,Guanajuato,León,,HECTOR JAVIER JUDAS ENRIQUEZ MORENO,PL/10603/EXP/ES/2015,,22.99,27.99,
2026-10-10,Occidente,Guanajuato,León,,MEGA GASOLINERAS SA DE CV,PL/1057/EXP/ES/2015,,23.99,29.99,
2026-10-10,Occidente,Guanajuato,León,,ESTACION DE SERVICIO LEON S DE RL DE CV,PL/1027/EXP/ES/2015,,23.99,29.99,
2026-10-10,Occidente,Guanajuato,León,,ESTACION DE SERVICIO LEON S DE RL DE CV,PL/1026/EXP/ES/2015,,23.99,29.99,27.00
2026-10-10,Occidente,Guanajuato,León,,OPERADORA JOSFA SA DE CV,PL/10004/EXP/ES/2015,,22.95,27.90,
2026-10-10,Occidente,Guanajuato,León,,SERVICIO LAS TORRES NORTE SA DE CV,PL/10001/EXP/ES/2015,,22.95,27.90,
2026-10-10,Occidente,Guanajuato,León,,SERVICIO DELTA SA DE CV,PL/10000/EXP/ES/2015,,22.95,27.90,26.99
2026-10-10,Occidente,Guanajuato,León,,MEGA GASOLINERAS SA DE CV,CNE/PL/442/EXP/ES/2025,,23.99,29.99,27.00
2026-10-10,Occidente,Guanajuato,León,,AMY SKY LINE SA DE CV,CNE/PL/18/EXP/ES/2025,,23.99,27.99,26.99
